unit,cycle,rul,label,reconstruction_error,predicted_label,rul_range
88.0,87.0,125.0,0,0.0041623446,0,120+
56.0,132.0,125.0,0,0.004574994,0,120+
17.0,142.0,125.0,0,0.0045806845,0,120+
95.0,87.0,125.0,0,0.0117995115,0,120+
2.0,143.0,125.0,0,0.009995141,0,120+
10.0,43.0,125.0,0,0.01364688,1,120+
72.0,59.0,125.0,0,0.0060612997,0,120+
9.0,70.0,125.0,0,0.0076448084,0,120+
10.0,83.0,125.0,0,0.011498241,0,120+
46.0,135.0,121.0,0,0.0044307085,0,120+
85.0,43.0,125.0,0,0.0034958462,0,120+
69.0,68.0,125.0,0,0.0044762073,0,120+
61.0,56.0,125.0,0,0.012421985,0,120+
84.0,97.0,125.0,0,0.0038694455,0,120+
94.0,30.0,125.0,0,0.0038754903,0,120+
21.0,54.0,125.0,0,0.0046147816,0,120+
85.0,54.0,125.0,0,0.003838556,0,120+
95.0,131.0,125.0,0,0.0080118645,0,120+
2.0,119.0,125.0,0,0.007966051,0,120+
10.0,55.0,125.0,0,0.012176296,0,120+
32.0,43.0,125.0,0,0.00447402,0,120+
30.0,39.0,125.0,0,0.014821212,1,120+
16.0,50.0,125.0,0,0.003980286,0,120+
72.0,53.0,125.0,0,0.0037332075,0,120+
82.0,54.0,125.0,0,0.010066597,0,120+
54.0,47.0,125.0,0,0.0061166445,0,120+
6.0,52.0,125.0,0,0.0040930123,0,120+
53.0,38.0,125.0,0,0.0055953753,0,120+
35.0,30.0,125.0,0,0.0038990742,0,120+
96.0,192.0,125.0,0,0.006231849,0,120+
86.0,67.0,125.0,0,0.0037979654,0,120+
95.0,68.0,125.0,0,0.014922918,1,120+
69.0,231.0,125.0,0,0.0042997003,0,120+
92.0,125.0,125.0,0,0.00436937,0,120+
4.0,58.0,125.0,0,0.006463827,0,120+
76.0,31.0,125.0,0,0.0041932897,0,120+
78.0,50.0,125.0,0,0.013532537,1,120+
81.0,76.0,125.0,0,0.0041478607,0,120+
15.0,35.0,125.0,0,0.014402984,1,120+
47.0,82.0,125.0,0,0.010729346,0,120+
10.0,81.0,125.0,0,0.011461362,0,120+
76.0,37.0,125.0,0,0.004134667,0,120+
20.0,56.0,125.0,0,0.004193752,0,120+
99.0,61.0,124.0,0,0.006070947,0,120+
69.0,52.0,125.0,0,0.004740288,0,120+
31.0,72.0,125.0,0,0.012069143,0,120+
59.0,104.0,125.0,0,0.011392279,0,120+
5.0,103.0,125.0,0,0.010317855,0,120+
54.0,78.0,125.0,0,0.006290036,0,120+
35.0,57.0,124.0,0,0.004321781,0,120+
92.0,59.0,125.0,0,0.00442718,0,120+
32.0,56.0,125.0,0,0.0038832668,0,120+
76.0,53.0,125.0,0,0.0038981899,0,120+
56.0,51.0,125.0,0,0.004322918,0,120+
43.0,45.0,125.0,0,0.011980638,0,120+
14.0,45.0,125.0,0,0.0044348864,0,120+
79.0,45.0,125.0,0,0.0064594103,0,120+
51.0,36.0,125.0,0,0.0038195504,0,120+
47.0,35.0,125.0,0,0.010870058,0,120+
88.0,49.0,125.0,0,0.0059873955,0,120+
4.0,52.0,125.0,0,0.006757186,0,120+
69.0,227.0,125.0,0,0.0044650217,0,120+
100.0,30.0,125.0,0,0.00649794,0,120+
9.0,47.0,125.0,0,0.008217473,0,120+
55.0,60.0,125.0,0,0.00410952,0,120+
14.0,41.0,125.0,0,0.004565632,0,120+
92.0,193.0,125.0,0,0.00434703,0,120+
6.0,67.0,121.0,0,0.003678367,0,120+
96.0,46.0,125.0,0,0.0037961937,0,120+
17.0,148.0,125.0,0,0.006493416,0,120+
64.0,75.0,125.0,0,0.0041077915,0,120+
17.0,156.0,120.0,0,0.0062005324,0,90-120
7.0,121.0,125.0,0,0.0048059756,0,120+
42.0,38.0,125.0,0,0.00791335,0,120+
88.0,33.0,125.0,0,0.0044802814,0,120+
86.0,65.0,125.0,0,0.0039587785,0,120+
26.0,50.0,125.0,0,0.0045969943,0,120+
38.0,47.0,125.0,0,0.003958818,0,120+
85.0,53.0,125.0,0,0.0036303983,0,120+
35.0,60.0,121.0,0,0.004652067,0,120+
2.0,155.0,125.0,0,0.011676115,0,120+
69.0,141.0,125.0,0,0.0058949706,0,120+
99.0,54.0,125.0,0,0.0061785816,0,120+
89.0,68.0,125.0,0,0.004012258,0,120+
94.0,105.0,125.0,0,0.0040067937,0,120+
92.0,150.0,125.0,0,0.0041262,0,120+
96.0,69.0,125.0,0,0.006545263,0,120+
100.0,77.0,123.0,0,0.006089072,0,120+
20.0,103.0,125.0,0,0.0042056437,0,120+
2.0,88.0,125.0,0,0.013567681,1,120+
69.0,32.0,125.0,0,0.0041359016,0,120+
61.0,36.0,125.0,0,0.01213066,0,120+
59.0,84.0,125.0,0,0.012068791,0,120+
88.0,85.0,125.0,0,0.00428453,0,120+
43.0,56.0,125.0,0,0.008619044,0,120+
15.0,37.0,125.0,0,0.014499086,1,120+
47.0,64.0,125.0,0,0.00977056,0,120+
2.0,164.0,123.0,0,0.006215375,0,120+
92.0,151.0,125.0,0,0.004132165,0,120+
51.0,35.0,125.0,0,0.0041695875,0,120+
20.0,71.0,125.0,0,0.004174877,0,120+
72.0,55.0,125.0,0,0.0037179461,0,120+
72.0,63.0,125.0,0,0.005816244,0,120+
64.0,31.0,125.0,0,0.006478526,0,120+
92.0,112.0,125.0,0,0.006209329,0,120+
2.0,144.0,125.0,0,0.009942752,0,120+
16.0,65.0,125.0,0,0.0041682967,0,120+
9.0,39.0,125.0,0,0.006133049,0,120+
38.0,32.0,125.0,0,0.0045769117,0,120+
59.0,91.0,125.0,0,0.011814684,0,120+
78.0,39.0,125.0,0,0.014712084,1,120+
31.0,106.0,125.0,0,0.0098814275,0,120+
95.0,71.0,125.0,0,0.014716554,1,120+
2.0,67.0,125.0,0,0.009764252,0,120+
46.0,48.0,125.0,0,0.0098595135,0,120+
34.0,62.0,125.0,0,0.0063704713,0,120+
66.0,31.0,125.0,0,0.0044036494,0,120+
44.0,52.0,125.0,0,0.00625225,0,120+
47.0,38.0,125.0,0,0.01029302,0,120+
30.0,60.0,125.0,0,0.010415532,0,120+
10.0,68.0,125.0,0,0.013682465,1,120+
75.0,38.0,125.0,0,0.004120838,0,120+
40.0,40.0,125.0,0,0.004232006,0,120+
31.0,69.0,125.0,0,0.015017432,1,120+
67.0,31.0,125.0,0,0.004851889,0,120+
40.0,49.0,125.0,0,0.004152933,0,120+
54.0,89.0,125.0,0,0.008905118,0,120+
83.0,111.0,125.0,0,0.011967346,0,120+
28.0,42.0,123.0,0,0.006944058,0,120+
92.0,195.0,125.0,0,0.004556976,0,120+
47.0,46.0,125.0,0,0.008272711,0,120+
50.0,34.0,125.0,0,0.0037615628,0,120+
23.0,45.0,123.0,0,0.004535409,0,120+
96.0,158.0,125.0,0,0.004522549,0,120+
35.0,43.0,125.0,0,0.00413762,0,120+
6.0,32.0,125.0,0,0.0041410886,0,120+
52.0,76.0,125.0,0,0.0039545903,0,120+
95.0,148.0,125.0,0,0.0059069917,0,120+
18.0,66.0,125.0,0,0.006103788,0,120+
56.0,121.0,125.0,0,0.0042561777,0,120+
95.0,58.0,125.0,0,0.013367372,1,120+
84.0,36.0,125.0,0,0.0040164907,0,120+
46.0,59.0,125.0,0,0.005904901,0,120+
62.0,51.0,125.0,0,0.0040114224,0,120+
78.0,103.0,125.0,0,0.0106103765,0,120+
87.0,39.0,125.0,0,0.0043049497,0,120+
94.0,110.0,125.0,0,0.004089846,0,120+
81.0,68.0,125.0,0,0.004405634,0,120+
26.0,53.0,125.0,0,0.0045908066,0,120+
79.0,49.0,125.0,0,0.0064355996,0,120+
69.0,126.0,125.0,0,0.008049797,0,120+
1.0,44.0,125.0,0,0.0038759937,0,120+
81.0,70.0,125.0,0,0.0043850658,0,120+
96.0,127.0,125.0,0,0.0039987927,0,120+
100.0,40.0,125.0,0,0.0037763019,0,120+
3.0,48.0,125.0,0,0.006042645,0,120+
69.0,226.0,125.0,0,0.0043710433,0,120+
67.0,172.0,125.0,0,0.00449897,0,120+
68.0,31.0,125.0,0,0.0039228504,0,120+
83.0,41.0,125.0,0,0.013463063,1,120+
92.0,86.0,125.0,0,0.0041804276,0,120+
4.0,40.0,125.0,0,0.004196727,0,120+
81.0,37.0,125.0,0,0.0041779713,0,120+
31.0,111.0,123.0,0,0.010127076,0,120+
96.0,150.0,125.0,0,0.004712697,0,120+
63.0,45.0,125.0,0,0.0049038357,0,120+
79.0,78.0,121.0,0,0.0066110846,0,120+
96.0,190.0,125.0,0,0.0063922326,0,120+
31.0,91.0,125.0,0,0.008192521,0,120+
2.0,154.0,125.0,0,0.011741967,0,120+
5.0,98.0,125.0,0,0.010154814,0,120+
2.0,52.0,125.0,0,0.006216059,0,120+
69.0,33.0,125.0,0,0.004156148,0,120+
47.0,73.0,125.0,0,0.010309885,0,120+
82.0,37.0,125.0,0,0.010344842,0,120+
2.0,66.0,125.0,0,0.009682524,0,120+
67.0,134.0,125.0,0,0.0034348785,0,120+
82.0,92.0,122.0,0,0.008032817,0,120+
84.0,104.0,125.0,0,0.0039664656,0,120+
53.0,75.0,120.0,0,0.008246697,0,90-120
99.0,65.0,120.0,0,0.0064153867,0,90-120
17.0,61.0,125.0,0,0.007866438,0,120+
53.0,67.0,125.0,0,0.008658676,0,120+
92.0,31.0,125.0,0,0.004385631,0,120+
22.0,38.0,125.0,0,0.0035792675,0,120+
50.0,78.0,120.0,0,0.004506009,0,90-120
38.0,43.0,125.0,0,0.004061191,0,120+
25.0,94.0,125.0,0,0.0042132423,0,120+
49.0,77.0,125.0,0,0.0040632086,0,120+
96.0,70.0,125.0,0,0.006662171,0,120+
64.0,60.0,125.0,0,0.0038555965,0,120+
95.0,112.0,125.0,0,0.008657864,0,120+
36.0,34.0,124.0,0,0.0040965187,0,120+
67.0,101.0,125.0,0,0.0062869857,0,120+
52.0,84.0,125.0,0,0.0041891322,0,120+
67.0,185.0,125.0,0,0.004697263,0,120+
52.0,59.0,125.0,0,0.0036304516,0,120+
84.0,113.0,125.0,0,0.004051048,0,120+
47.0,39.0,125.0,0,0.010303929,0,120+
42.0,52.0,125.0,0,0.009736877,0,120+
69.0,106.0,125.0,0,0.005797318,0,120+
72.0,49.0,125.0,0,0.0037653365,0,120+
64.0,108.0,125.0,0,0.003936659,0,120+
3.0,30.0,125.0,0,0.003901114,0,120+
64.0,119.0,125.0,0,0.004193919,0,120+
54.0,134.0,123.0,0,0.00599672,0,120+
63.0,30.0,125.0,0,0.004346657,0,120+
82.0,47.0,125.0,0,0.0116446875,0,120+
59.0,106.0,125.0,0,0.011493119,0,120+
64.0,63.0,125.0,0,0.003936674,0,120+
67.0,190.0,123.0,0,0.0046465453,0,120+
25.0,74.0,125.0,0,0.0042647803,0,120+
95.0,156.0,125.0,0,0.006370089,0,120+
69.0,102.0,125.0,0,0.005823749,0,120+
17.0,87.0,125.0,0,0.0034942443,0,120+
69.0,161.0,125.0,0,0.0041676103,0,120+
85.0,41.0,125.0,0,0.0034541942,0,120+
20.0,113.0,121.0,0,0.0040207603,0,120+
1.0,53.0,125.0,0,0.0038873204,0,120+
17.0,153.0,123.0,0,0.0062649716,0,120+
86.0,142.0,125.0,0,0.0035647594,0,120+
41.0,60.0,125.0,0,0.008490137,0,120+
9.0,53.0,125.0,0,0.009978369,0,120+
5.0,38.0,125.0,0,0.015816543,1,120+
46.0,70.0,125.0,0,0.0044296496,0,120+
96.0,94.0,125.0,0,0.0067078527,0,120+
11.0,39.0,125.0,0,0.014124993,1,120+
92.0,98.0,125.0,0,0.006022526,0,120+
54.0,97.0,125.0,0,0.008375834,0,120+
69.0,222.0,125.0,0,0.0043566613,0,120+
69.0,156.0,125.0,0,0.004109414,0,120+
73.0,79.0,125.0,0,0.0042442232,0,120+
83.0,80.0,125.0,0,0.008296352,0,120+
82.0,51.0,125.0,0,0.010024507,0,120+
14.0,58.0,122.0,0,0.004317893,0,120+
32.0,69.0,122.0,0,0.0037976124,0,120+
80.0,63.0,122.0,0,0.0040856563,0,120+
69.0,144.0,125.0,0,0.0059476243,0,120+
25.0,107.0,123.0,0,0.00407319,0,120+
55.0,65.0,125.0,0,0.004300922,0,120+
12.0,40.0,125.0,0,0.0041901055,0,120+
22.0,77.0,125.0,0,0.0046781874,0,120+
10.0,79.0,125.0,0,0.011511234,0,120+
97.0,50.0,125.0,0,0.006055961,0,120+
81.0,44.0,125.0,0,0.004095815,0,120+
84.0,47.0,125.0,0,0.0040324302,0,120+
67.0,83.0,125.0,0,0.0041435924,0,120+
51.0,71.0,125.0,0,0.013754382,1,120+
93.0,32.0,123.0,0,0.006563033,0,120+
1.0,45.0,125.0,0,0.0039081187,0,120+
5.0,125.0,125.0,0,0.006788541,0,120+
41.0,33.0,125.0,0,0.0115136765,0,120+
5.0,104.0,125.0,0,0.010202369,0,120+
44.0,63.0,125.0,0,0.008280249,0,120+
92.0,50.0,125.0,0,0.0044174977,0,120+
95.0,109.0,125.0,0,0.01033852,0,120+
13.0,36.0,125.0,0,0.003760666,0,120+
84.0,123.0,125.0,0,0.0044440203,0,120+
73.0,55.0,125.0,0,0.004157425,0,120+
25.0,46.0,125.0,0,0.0046028066,0,120+
53.0,42.0,125.0,0,0.005561459,0,120+
69.0,197.0,125.0,0,0.0040554483,0,120+
71.0,77.0,125.0,0,0.0034893,0,120+
67.0,145.0,125.0,0,0.0037765212,0,120+
96.0,34.0,125.0,0,0.005738411,0,120+
69.0,216.0,125.0,0,0.004449431,0,120+
55.0,71.0,122.0,0,0.004092673,0,120+
68.0,79.0,120.0,0,0.004126262,0,90-120
81.0,35.0,125.0,0,0.0043655187,0,120+
64.0,145.0,125.0,0,0.003862346,0,120+
95.0,160.0,123.0,0,0.004531416,0,120+
30.0,41.0,125.0,0,0.013452998,1,120+
75.0,65.0,125.0,0,0.00403281,0,120+
85.0,37.0,125.0,0,0.0057671145,0,120+
11.0,38.0,125.0,0,0.014036505,1,120+
56.0,103.0,125.0,0,0.0035699024,0,120+
1.0,38.0,125.0,0,0.0041909027,0,120+
68.0,78.0,121.0,0,0.004040163,0,120+
30.0,44.0,125.0,0,0.010270768,0,120+
47.0,94.0,120.0,0,0.010667183,0,90-120
30.0,63.0,125.0,0,0.012198059,0,120+
96.0,36.0,125.0,0,0.0057498617,0,120+
4.0,49.0,125.0,0,0.00679389,0,120+
26.0,64.0,125.0,0,0.004849445,0,120+
63.0,33.0,125.0,0,0.0043028095,0,120+
7.0,85.0,125.0,0,0.010255478,0,120+
20.0,110.0,124.0,0,0.0043015806,0,120+
1.0,63.0,125.0,0,0.0040321564,0,120+
59.0,36.0,125.0,0,0.011595983,0,120+
41.0,34.0,125.0,0,0.011550104,0,120+
40.0,39.0,125.0,0,0.0041841324,0,120+
81.0,62.0,125.0,0,0.004590649,0,120+
69.0,185.0,125.0,0,0.0040207324,0,120+
67.0,176.0,125.0,0,0.004694302,0,120+
53.0,31.0,125.0,0,0.005604656,0,120+
54.0,30.0,125.0,0,0.0082284305,0,120+
71.0,81.0,125.0,0,0.0035381957,0,120+
83.0,119.0,125.0,0,0.011845436,0,120+
30.0,65.0,125.0,0,0.012052382,0,120+
71.0,45.0,125.0,0,0.004140499,0,120+
16.0,76.0,125.0,0,0.0043386226,0,120+
26.0,63.0,125.0,0,0.004972288,0,120+
37.0,32.0,125.0,0,0.0039637433,0,120+
69.0,56.0,125.0,0,0.0044713966,0,120+
11.0,60.0,125.0,0,0.01010799,0,120+
97.0,82.0,120.0,0,0.0040165023,0,90-120
92.0,209.0,125.0,0,0.0047378317,0,120+
81.0,47.0,125.0,0,0.00410344,0,120+
50.0,36.0,125.0,0,0.0038749196,0,120+
84.0,37.0,125.0,0,0.0039679892,0,120+
48.0,43.0,125.0,0,0.014874665,1,120+
6.0,60.0,125.0,0,0.0037387297,0,120+
62.0,53.0,125.0,0,0.003935689,0,120+
69.0,172.0,125.0,0,0.004564885,0,120+
11.0,96.0,125.0,0,0.0038964811,0,120+
79.0,60.0,125.0,0,0.0064596348,0,120+
84.0,31.0,125.0,0,0.0038619656,0,120+
67.0,110.0,125.0,0,0.0061731543,0,120+
7.0,46.0,125.0,0,0.008087575,0,120+
22.0,31.0,125.0,0,0.0038518538,0,120+
73.0,43.0,125.0,0,0.0039010006,0,120+
69.0,93.0,125.0,0,0.0058074067,0,120+
78.0,100.0,125.0,0,0.012347192,0,120+
35.0,31.0,125.0,0,0.0039173206,0,120+
41.0,78.0,125.0,0,0.0043138284,0,120+
31.0,97.0,125.0,0,0.0063954205,0,120+
80.0,37.0,125.0,0,0.004639999,0,120+
71.0,52.0,125.0,0,0.0039276406,0,120+
7.0,126.0,125.0,0,0.0048599434,0,120+
69.0,64.0,125.0,0,0.0045354897,0,120+
88.0,92.0,121.0,0,0.004065316,0,120+
30.0,61.0,125.0,0,0.010360997,0,120+
78.0,57.0,125.0,0,0.015301553,1,120+
92.0,132.0,125.0,0,0.0045373198,0,120+
67.0,68.0,125.0,0,0.0046057077,0,120+
61.0,34.0,125.0,0,0.011944683,0,120+
54.0,88.0,125.0,0,0.008720312,0,120+
92.0,51.0,125.0,0,0.0044432906,0,120+
95.0,121.0,125.0,0,0.008576746,0,120+
64.0,96.0,125.0,0,0.0037076734,0,120+
76.0,45.0,125.0,0,0.0038991817,0,120+
48.0,68.0,125.0,0,0.011608281,0,120+
75.0,109.0,120.0,0,0.0041581653,0,90-120
72.0,86.0,125.0,0,0.0066293203,0,120+
83.0,170.0,123.0,0,0.008174727,0,120+
31.0,50.0,125.0,0,0.015294328,1,120+
94.0,49.0,125.0,0,0.0039816173,0,120+
94.0,119.0,125.0,0,0.0039721495,0,120+
9.0,62.0,125.0,0,0.009703901,0,120+
73.0,59.0,125.0,0,0.004339117,0,120+
88.0,64.0,125.0,0,0.0059480066,0,120+
4.0,59.0,125.0,0,0.0067917434,0,120+
16.0,80.0,125.0,0,0.0043575275,0,120+
48.0,82.0,125.0,0,0.009798531,0,120+
21.0,39.0,125.0,0,0.003996609,0,120+
5.0,76.0,125.0,0,0.013604733,1,120+
53.0,58.0,125.0,0,0.010209253,0,120+
64.0,156.0,125.0,0,0.0042026895,0,120+
78.0,111.0,120.0,0,0.010165411,0,90-120
84.0,108.0,125.0,0,0.004097716,0,120+
53.0,60.0,125.0,0,0.010313896,0,120+
97.0,52.0,125.0,0,0.0060054963,0,120+
12.0,39.0,125.0,0,0.004114623,0,120+
2.0,71.0,125.0,0,0.010018226,0,120+
18.0,57.0,125.0,0,0.0060442397,0,120+
41.0,67.0,125.0,0,0.006283156,0,120+
17.0,41.0,125.0,0,0.013257686,0,120+
81.0,55.0,125.0,0,0.004466398,0,120+
16.0,46.0,125.0,0,0.0039516464,0,120+
22.0,49.0,125.0,0,0.0031312653,0,120+
18.0,72.0,123.0,0,0.0039725946,0,120+
5.0,112.0,125.0,0,0.010029839,0,120+
56.0,67.0,125.0,0,0.004543226,0,120+
86.0,81.0,125.0,0,0.0038136875,0,120+
31.0,47.0,125.0,0,0.013863297,1,120+
15.0,39.0,125.0,0,0.013100557,0,120+
20.0,102.0,125.0,0,0.0043415404,0,120+
73.0,70.0,125.0,0,0.004158307,0,120+
71.0,86.0,122.0,0,0.003717558,0,120+
82.0,73.0,125.0,0,0.0063515324,0,120+
7.0,30.0,125.0,0,0.007823303,0,120+
4.0,66.0,123.0,0,0.006901495,0,120+
94.0,122.0,125.0,0,0.003933757,0,120+
54.0,106.0,125.0,0,0.006675217,0,120+
38.0,62.0,125.0,0,0.0042011845,0,120+
33.0,31.0,125.0,0,0.018386617,1,120+
48.0,58.0,125.0,0,0.011942263,0,120+
6.0,30.0,125.0,0,0.0041443594,0,120+
83.0,124.0,125.0,0,0.008409863,0,120+
26.0,55.0,125.0,0,0.004677901,0,120+
25.0,47.0,125.0,0,0.004639152,0,120+
56.0,95.0,125.0,0,0.0038869155,0,120+
46.0,31.0,125.0,0,0.011987679,0,120+
94.0,93.0,125.0,0,0.004263522,0,120+
83.0,90.0,125.0,0,0.007931332,0,120+
100.0,37.0,125.0,0,0.0036480636,0,120+
49.0,52.0,125.0,0,0.004016019,0,120+
95.0,52.0,125.0,0,0.013195882,0,120+
44.0,72.0,120.0,0,0.010137993,0,90-120
40.0,50.0,125.0,0,0.0040985723,0,120+
56.0,138.0,125.0,0,0.0047215675,0,120+
86.0,138.0,125.0,0,0.0034605958,0,120+
48.0,36.0,125.0,0,0.0118394075,0,120+
26.0,76.0,123.0,0,0.0044352342,0,120+
5.0,94.0,125.0,0,0.012154607,0,120+
96.0,95.0,125.0,0,0.0066742883,0,120+
83.0,160.0,125.0,0,0.007783151,0,120+
67.0,150.0,125.0,0,0.0041057244,0,120+
92.0,54.0,125.0,0,0.0046535516,0,120+
73.0,91.0,122.0,0,0.00402379,0,120+
51.0,51.0,125.0,0,0.009948679,0,120+
2.0,136.0,125.0,0,0.010106284,0,120+
83.0,132.0,125.0,0,0.0061994577,0,120+
100.0,68.0,125.0,0,0.006382689,0,120+
5.0,69.0,125.0,0,0.013450235,1,120+
79.0,73.0,125.0,0,0.0063741007,0,120+
36.0,32.0,125.0,0,0.004021374,0,120+
92.0,69.0,125.0,0,0.0044333087,0,120+
5.0,75.0,125.0,0,0.013620961,1,120+
84.0,83.0,125.0,0,0.003900668,0,120+
89.0,80.0,125.0,0,0.008200911,0,120+
67.0,70.0,125.0,0,0.0046487525,0,120+
49.0,40.0,125.0,0,0.0045343866,0,120+
20.0,95.0,125.0,0,0.0045206696,0,120+
83.0,52.0,125.0,0,0.008515466,0,120+
41.0,92.0,124.0,0,0.0071902233,0,120+
86.0,87.0,125.0,0,0.0038708728,0,120+
56.0,147.0,125.0,0,0.0041207457,0,120+
59.0,48.0,125.0,0,0.012097236,0,120+
48.0,48.0,125.0,0,0.013470157,1,120+
89.0,63.0,125.0,0,0.004202097,0,120+
17.0,134.0,125.0,0,0.008548734,0,120+
32.0,58.0,125.0,0,0.0037174565,0,120+
86.0,101.0,125.0,0,0.003992662,0,120+
92.0,157.0,125.0,0,0.0038845355,0,120+
21.0,73.0,122.0,0,0.0045869653,0,120+
54.0,96.0,125.0,0,0.008366462,0,120+
12.0,44.0,125.0,0,0.0039669336,0,120+
25.0,69.0,125.0,0,0.0043235323,0,120+
69.0,218.0,125.0,0,0.004498715,0,120+
69.0,35.0,125.0,0,0.004198332,0,120+
81.0,85.0,125.0,0,0.006443988,0,120+
92.0,135.0,125.0,0,0.0046073743,0,120+
94.0,132.0,125.0,0,0.0038036618,0,120+
88.0,55.0,125.0,0,0.005942104,0,120+
72.0,52.0,125.0,0,0.0037521888,0,120+
50.0,33.0,125.0,0,0.0036968559,0,120+
7.0,59.0,125.0,0,0.010018507,0,120+
9.0,43.0,125.0,0,0.00802817,0,120+
49.0,75.0,125.0,0,0.0041115317,0,120+
49.0,43.0,125.0,0,0.004176476,0,120+
67.0,121.0,125.0,0,0.003604691,0,120+
6.0,40.0,125.0,0,0.0038728917,0,120+
87.0,58.0,120.0,0,0.004251502,0,90-120
71.0,30.0,125.0,0,0.0044530137,0,120+
22.0,64.0,125.0,0,0.0038543781,0,120+
7.0,42.0,125.0,0,0.008106656,0,120+
60.0,37.0,125.0,0,0.004136931,0,120+
72.0,48.0,125.0,0,0.0038576603,0,120+
17.0,86.0,125.0,0,0.003434681,0,120+
72.0,31.0,125.0,0,0.0061154165,0,120+
59.0,68.0,125.0,0,0.0061910227,0,120+
54.0,124.0,125.0,0,0.006030375,0,120+
34.0,74.0,121.0,0,0.006294075,0,120+
31.0,56.0,125.0,0,0.015225171,1,120+
42.0,39.0,125.0,0,0.007920336,0,120+
49.0,67.0,125.0,0,0.0035662546,0,120+
2.0,111.0,125.0,0,0.011656422,0,120+
2.0,89.0,125.0,0,0.0135594625,1,120+
71.0,83.0,125.0,0,0.0035793749,0,120+
44.0,62.0,125.0,0,0.008149339,0,120+
17.0,105.0,125.0,0,0.0059145014,0,120+
25.0,68.0,125.0,0,0.0044199806,0,120+
15.0,38.0,125.0,0,0.014525229,1,120+
2.0,31.0,125.0,0,0.011455604,0,120+
12.0,48.0,122.0,0,0.0038366683,0,120+
44.0,60.0,125.0,0,0.0082219085,0,120+
13.0,35.0,125.0,0,0.0037320289,0,120+
89.0,40.0,125.0,0,0.004027166,0,120+
5.0,58.0,125.0,0,0.013349919,1,120+
2.0,122.0,125.0,0,0.006065266,0,120+
26.0,40.0,125.0,0,0.004123668,0,120+
56.0,90.0,125.0,0,0.0042409357,0,120+
75.0,92.0,125.0,0,0.0040092296,0,120+
22.0,57.0,125.0,0,0.0033304992,0,120+
10.0,41.0,125.0,0,0.01337919,1,120+
5.0,130.0,125.0,0,0.0048999893,0,120+
84.0,96.0,125.0,0,0.00396233,0,120+
86.0,80.0,125.0,0,0.0036607343,0,120+
31.0,110.0,124.0,0,0.010099876,0,120+
61.0,35.0,125.0,0,0.01204155,0,120+
69.0,49.0,125.0,0,0.0045358744,0,120+
67.0,175.0,125.0,0,0.0047214623,0,120+
29.0,37.0,125.0,0,0.0039494233,0,120+
46.0,74.0,125.0,0,0.0046784137,0,120+
68.0,37.0,125.0,0,0.004079401,0,120+
73.0,84.0,125.0,0,0.003913029,0,120+
42.0,31.0,125.0,0,0.008171901,0,120+
16.0,62.0,125.0,0,0.0040806644,0,120+
74.0,32.0,125.0,0,0.010099394,0,120+
16.0,48.0,125.0,0,0.003893892,0,120+
44.0,36.0,125.0,0,0.006174885,0,120+
46.0,71.0,125.0,0,0.004422708,0,120+
40.0,59.0,125.0,0,0.0039126435,0,120+
84.0,33.0,125.0,0,0.0038718055,0,120+
7.0,73.0,125.0,0,0.011817201,0,120+
25.0,43.0,125.0,0,0.0047878083,0,120+
67.0,119.0,125.0,0,0.0035565875,0,120+
79.0,30.0,125.0,0,0.009891777,0,120+
21.0,66.0,125.0,0,0.0045291064,0,120+
87.0,42.0,125.0,0,0.004406046,0,120+
60.0,52.0,120.0,0,0.0041662124,0,90-120
95.0,75.0,125.0,0,0.014708106,1,120+
40.0,68.0,120.0,0,0.0040581925,0,90-120
95.0,117.0,125.0,0,0.008500268,0,120+
6.0,39.0,125.0,0,0.0039088493,0,120+
56.0,127.0,125.0,0,0.004630137,0,120+
95.0,77.0,125.0,0,0.013437515,1,120+
82.0,41.0,125.0,0,0.010253964,0,120+
2.0,108.0,125.0,0,0.011926241,0,120+
55.0,68.0,125.0,0,0.004139731,0,120+
92.0,118.0,125.0,0,0.0062331944,0,120+
7.0,38.0,125.0,0,0.008042932,0,120+
46.0,80.0,125.0,0,0.0086133275,0,120+
47.0,61.0,125.0,0,0.00816258,0,120+
54.0,76.0,125.0,0,0.006382369,0,120+
12.0,41.0,125.0,0,0.00403323,0,120+
68.0,63.0,125.0,0,0.0063107153,0,120+
86.0,56.0,125.0,0,0.0040477444,0,120+
61.0,30.0,125.0,0,0.010274778,0,120+
4.0,67.0,122.0,0,0.006877314,0,120+
15.0,32.0,125.0,0,0.014392033,1,120+
96.0,186.0,125.0,0,0.0065325866,0,120+
7.0,67.0,125.0,0,0.010160051,0,120+
64.0,99.0,125.0,0,0.0035632977,0,120+
18.0,37.0,125.0,0,0.005846691,0,120+
80.0,58.0,125.0,0,0.0042632488,0,120+
46.0,52.0,125.0,0,0.007865323,0,120+
69.0,165.0,125.0,0,0.004380475,0,120+
32.0,37.0,125.0,0,0.00455065,0,120+
11.0,80.0,125.0,0,0.0037410501,0,120+
17.0,73.0,125.0,0,0.006035556,0,120+
25.0,52.0,125.0,0,0.005223841,0,120+
7.0,34.0,125.0,0,0.007741766,0,120+
11.0,65.0,125.0,0,0.008253198,0,120+
95.0,56.0,125.0,0,0.013187068,0,120+
10.0,33.0,125.0,0,0.012968871,0,120+
51.0,74.0,125.0,0,0.010437864,0,120+
34.0,33.0,125.0,0,0.0047469875,0,120+
69.0,51.0,125.0,0,0.004580344,0,120+
30.0,33.0,125.0,0,0.013343226,1,120+
72.0,46.0,125.0,0,0.003723363,0,120+
22.0,68.0,125.0,0,0.0039944057,0,120+
69.0,57.0,125.0,0,0.0046146647,0,120+
64.0,102.0,125.0,0,0.0035852338,0,120+
84.0,73.0,125.0,0,0.0036682845,0,120+
78.0,31.0,125.0,0,0.016015207,1,120+
32.0,38.0,125.0,0,0.0045767943,0,120+
74.0,33.0,125.0,0,0.010120061,0,120+
3.0,57.0,122.0,0,0.005978278,0,120+
64.0,158.0,125.0,0,0.0040506236,0,120+
69.0,122.0,125.0,0,0.009943266,0,120+
7.0,45.0,125.0,0,0.008088748,0,120+
48.0,87.0,125.0,0,0.00952743,0,120+
41.0,86.0,125.0,0,0.004819807,0,120+
92.0,102.0,125.0,0,0.0060057775,0,120+
100.0,79.0,121.0,0,0.0059299036,0,120+
10.0,56.0,125.0,0,0.010469335,0,120+
45.0,33.0,125.0,0,0.011837264,0,120+
17.0,155.0,121.0,0,0.0061386502,0,120+
17.0,151.0,125.0,0,0.0064234543,0,120+
95.0,50.0,125.0,0,0.013220971,0,120+
11.0,67.0,125.0,0,0.008355995,0,120+
78.0,105.0,125.0,0,0.010621152,0,120+
95.0,78.0,125.0,0,0.013417713,1,120+
7.0,57.0,125.0,0,0.008067982,0,120+
83.0,150.0,125.0,0,0.008217696,0,120+
2.0,94.0,125.0,0,0.014914117,1,120+
1.0,59.0,125.0,0,0.003949637,0,120+
64.0,146.0,125.0,0,0.0038407883,0,120+
25.0,45.0,125.0,0,0.004708039,0,120+
54.0,52.0,125.0,0,0.0060442723,0,120+
18.0,56.0,125.0,0,0.0061299545,0,120+
78.0,44.0,125.0,0,0.0134935025,1,120+
10.0,46.0,125.0,0,0.011999866,0,120+
47.0,55.0,125.0,0,0.006102169,0,120+
64.0,67.0,125.0,0,0.004088898,0,120+
64.0,48.0,125.0,0,0.003754834,0,120+
69.0,74.0,125.0,0,0.006579747,0,120+
33.0,53.0,125.0,0,0.013428375,1,120+
100.0,65.0,125.0,0,0.006295546,0,120+
96.0,87.0,125.0,0,0.008712641,0,120+
19.0,31.0,125.0,0,0.0039370507,0,120+
84.0,60.0,125.0,0,0.003804416,0,120+
18.0,68.0,125.0,0,0.003947968,0,120+
78.0,82.0,125.0,0,0.011995774,0,120+
96.0,47.0,125.0,0,0.00379376,0,120+
20.0,30.0,125.0,0,0.004347907,0,120+
26.0,62.0,125.0,0,0.0049678623,0,120+
56.0,81.0,125.0,0,0.0044206255,0,120+
83.0,129.0,125.0,0,0.0064550233,0,120+
95.0,118.0,125.0,0,0.008523477,0,120+
2.0,77.0,125.0,0,0.013290442,0,120+
84.0,112.0,125.0,0,0.004078884,0,120+
51.0,34.0,125.0,0,0.0041102367,0,120+
37.0,35.0,125.0,0,0.0039090184,0,120+
17.0,35.0,125.0,0,0.013393239,1,120+
2.0,56.0,125.0,0,0.008041999,0,120+
88.0,90.0,123.0,0,0.004138967,0,120+
19.0,30.0,125.0,0,0.003962698,0,120+
84.0,144.0,123.0,0,0.0046844613,0,120+
66.0,76.0,125.0,0,0.0063600405,0,120+
5.0,72.0,125.0,0,0.013270199,0,120+
33.0,78.0,122.0,0,0.01190495,0,120+
17.0,111.0,125.0,0,0.008027525,0,120+
7.0,88.0,125.0,0,0.010312195,0,120+
40.0,56.0,125.0,0,0.0039644274,0,120+
75.0,50.0,125.0,0,0.0038182684,0,120+
84.0,126.0,125.0,0,0.00448398,0,120+
10.0,34.0,125.0,0,0.012890338,0,120+
96.0,206.0,125.0,0,0.0063121226,0,120+
4.0,64.0,125.0,0,0.006763503,0,120+
42.0,57.0,125.0,0,0.010163388,0,120+
5.0,146.0,123.0,0,0.0048151007,0,120+
69.0,192.0,125.0,0,0.004037794,0,120+
49.0,80.0,125.0,0,0.0040195086,0,120+
54.0,51.0,125.0,0,0.0060936417,0,120+
78.0,97.0,125.0,0,0.012356877,0,120+
48.0,75.0,125.0,0,0.00966684,0,120+
97.0,33.0,125.0,0,0.0042405734,0,120+
78.0,52.0,125.0,0,0.013723054,1,120+
46.0,130.0,125.0,0,0.004567011,0,120+
48.0,57.0,125.0,0,0.011971905,0,120+
9.0,64.0,125.0,0,0.007925149,0,120+
20.0,99.0,125.0,0,0.004466645,0,120+
92.0,92.0,125.0,0,0.0040143384,0,120+
48.0,93.0,125.0,0,0.0077751307,0,120+
64.0,116.0,125.0,0,0.0042079915,0,120+
64.0,152.0,125.0,0,0.0039181923,0,120+
59.0,56.0,125.0,0,0.010104665,0,120+
83.0,134.0,125.0,0,0.0061429027,0,120+
20.0,100.0,125.0,0,0.0045080874,0,120+
95.0,96.0,125.0,0,0.010250193,0,120+
2.0,138.0,125.0,0,0.009977694,0,120+
64.0,47.0,125.0,0,0.0037886412,0,120+
66.0,56.0,125.0,0,0.0039537037,0,120+
47.0,87.0,125.0,0,0.010680798,0,120+
41.0,83.0,125.0,0,0.004644463,0,120+
92.0,72.0,125.0,0,0.004314852,0,120+
88.0,34.0,125.0,0,0.004421377,0,120+
67.0,142.0,125.0,0,0.0037120543,0,120+
82.0,66.0,125.0,0,0.00811367,0,120+
66.0,46.0,125.0,0,0.0039400235,0,120+
92.0,126.0,125.0,0,0.004397438,0,120+
19.0,37.0,121.0,0,0.003989893,0,120+
96.0,35.0,125.0,0,0.005819771,0,120+
64.0,42.0,125.0,0,0.0040551596,0,120+
49.0,32.0,125.0,0,0.004426443,0,120+
75.0,33.0,125.0,0,0.0040180613,0,120+
76.0,44.0,125.0,0,0.0038280252,0,120+
54.0,57.0,125.0,0,0.0039831945,0,120+
33.0,56.0,125.0,0,0.014740351,1,120+
25.0,54.0,125.0,0,0.005091647,0,120+
7.0,111.0,125.0,0,0.0067775357,0,120+
50.0,47.0,125.0,0,0.006163593,0,120+
7.0,91.0,125.0,0,0.01036678,0,120+
56.0,114.0,125.0,0,0.003916428,0,120+
46.0,81.0,125.0,0,0.008657291,0,120+
94.0,82.0,125.0,0,0.0042654043,0,120+
52.0,34.0,125.0,0,0.0065312563,0,120+
83.0,93.0,125.0,0,0.009862413,0,120+
5.0,30.0,125.0,0,0.015992122,1,120+
3.0,34.0,125.0,0,0.003829653,0,120+
44.0,41.0,125.0,0,0.006351048,0,120+
48.0,109.0,122.0,0,0.0039004905,0,120+
86.0,130.0,125.0,0,0.00356238,0,120+
4.0,46.0,125.0,0,0.0067363232,0,120+
51.0,32.0,125.0,0,0.006403013,0,120+
21.0,36.0,125.0,0,0.003947646,0,120+
17.0,103.0,125.0,0,0.0036576204,0,120+
26.0,49.0,125.0,0,0.004579584,0,120+
56.0,65.0,125.0,0,0.0044683367,0,120+
14.0,52.0,125.0,0,0.004224549,0,120+
94.0,83.0,125.0,0,0.004094329,0,120+
68.0,76.0,123.0,0,0.0041148746,0,120+
27.0,31.0,125.0,0,0.003865645,0,120+
95.0,102.0,125.0,0,0.008589471,0,120+
94.0,65.0,125.0,0,0.004204682,0,120+
85.0,62.0,125.0,0,0.0038073862,0,120+
11.0,89.0,125.0,0,0.003931668,0,120+
5.0,71.0,125.0,0,0.013398092,1,120+
46.0,62.0,125.0,0,0.003983853,0,120+
9.0,58.0,125.0,0,0.009727325,0,120+
78.0,30.0,125.0,0,0.01616385,1,120+
64.0,32.0,125.0,0,0.006376014,0,120+
26.0,43.0,125.0,0,0.0043558795,0,120+
72.0,30.0,125.0,0,0.0062510027,0,120+
21.0,35.0,125.0,0,0.0039692754,0,120+
23.0,30.0,125.0,0,0.0045661405,0,120+
92.0,217.0,124.0,0,0.0043733725,0,120+
28.0,34.0,125.0,0,0.006593337,0,120+
35.0,42.0,125.0,0,0.0041988143,0,120+
66.0,81.0,121.0,0,0.0064162402,0,120+
96.0,161.0,125.0,0,0.0046106926,0,120+
55.0,53.0,125.0,0,0.004180119,0,120+
26.0,79.0,120.0,0,0.0043910197,0,90-120
98.0,36.0,120.0,0,0.006127438,0,90-120
84.0,88.0,125.0,0,0.003715216,0,120+
20.0,44.0,125.0,0,0.0046262047,0,120+
83.0,107.0,125.0,0,0.011899234,0,120+
84.0,57.0,125.0,0,0.004000112,0,120+
10.0,70.0,125.0,0,0.013466804,1,120+
86.0,68.0,125.0,0,0.0037741116,0,120+
16.0,34.0,125.0,0,0.004306592,0,120+
59.0,51.0,125.0,0,0.010355355,0,120+
52.0,33.0,125.0,0,0.0067588054,0,120+
54.0,115.0,125.0,0,0.006494301,0,120+
7.0,125.0,125.0,0,0.004932039,0,120+
96.0,173.0,125.0,0,0.0044090673,0,120+
46.0,132.0,124.0,0,0.004542714,0,120+
97.0,43.0,125.0,0,0.006236975,0,120+
19.0,33.0,125.0,0,0.0039160093,0,120+
56.0,87.0,125.0,0,0.0043286453,0,120+
25.0,86.0,125.0,0,0.00409561,0,120+
67.0,168.0,125.0,0,0.0046100076,0,120+
69.0,61.0,125.0,0,0.0044506365,0,120+
73.0,45.0,125.0,0,0.0038557327,0,120+
2.0,93.0,125.0,0,0.0149910785,1,120+
87.0,50.0,125.0,0,0.004255588,0,120+
75.0,101.0,125.0,0,0.0041979775,0,120+
83.0,31.0,125.0,0,0.013493606,1,120+
67.0,92.0,125.0,0,0.006391801,0,120+
96.0,38.0,125.0,0,0.0057896585,0,120+
76.0,70.0,125.0,0,0.0048574405,0,120+
51.0,91.0,122.0,0,0.009102097,0,120+
92.0,45.0,125.0,0,0.004361329,0,120+
54.0,80.0,125.0,0,0.0063642515,0,120+
67.0,149.0,125.0,0,0.0041483585,0,120+
20.0,90.0,125.0,0,0.0043331548,0,120+
83.0,84.0,125.0,0,0.006081031,0,120+
37.0,34.0,125.0,0,0.0038946033,0,120+
84.0,82.0,125.0,0,0.0039540026,0,120+
31.0,37.0,125.0,0,0.00864651,0,120+
67.0,188.0,125.0,0,0.0046221903,0,120+
50.0,61.0,125.0,0,0.0065567247,0,120+
84.0,42.0,125.0,0,0.0040793326,0,120+
7.0,36.0,125.0,0,0.007977351,0,120+
11.0,75.0,125.0,0,0.003993369,0,120+
87.0,30.0,125.0,0,0.003928006,0,120+
26.0,68.0,125.0,0,0.004654306,0,120+
9.0,73.0,125.0,0,0.007946851,0,120+
7.0,98.0,125.0,0,0.008253706,0,120+
49.0,62.0,125.0,0,0.0036683942,0,120+
41.0,48.0,125.0,0,0.010166062,0,120+
2.0,166.0,121.0,0,0.0061632744,0,120+
64.0,34.0,125.0,0,0.006523182,0,120+
2.0,129.0,125.0,0,0.009771305,0,120+
17.0,147.0,125.0,0,0.0066423495,0,120+
100.0,73.0,125.0,0,0.0061565996,0,120+
80.0,36.0,125.0,0,0.0045718704,0,120+
67.0,103.0,125.0,0,0.006248737,0,120+
95.0,150.0,125.0,0,0.0059564905,0,120+
10.0,62.0,125.0,0,0.013653974,1,120+
23.0,38.0,125.0,0,0.004614991,0,120+
96.0,154.0,125.0,0,0.0044730357,0,120+
2.0,80.0,125.0,0,0.013411656,1,120+
89.0,35.0,125.0,0,0.0041592577,0,120+
41.0,75.0,125.0,0,0.004357912,0,120+
7.0,117.0,125.0,0,0.004946445,0,120+
62.0,31.0,125.0,0,0.004044287,0,120+
79.0,58.0,125.0,0,0.006376578,0,120+
54.0,81.0,125.0,0,0.006551504,0,120+
95.0,49.0,125.0,0,0.013178029,0,120+
11.0,105.0,125.0,0,0.0038631274,0,120+
59.0,107.0,124.0,0,0.0112403035,0,120+
88.0,80.0,125.0,0,0.0042291945,0,120+
56.0,119.0,125.0,0,0.00408078,0,120+
34.0,63.0,125.0,0,0.0064496975,0,120+
7.0,92.0,125.0,0,0.010313638,0,120+
72.0,93.0,120.0,0,0.00438607,0,90-120
67.0,116.0,125.0,0,0.0056275306,0,120+
53.0,35.0,125.0,0,0.0055305143,0,120+
67.0,183.0,125.0,0,0.0043577314,0,120+
64.0,58.0,125.0,0,0.0039817537,0,120+
2.0,97.0,125.0,0,0.013667446,1,120+
7.0,93.0,125.0,0,0.008391949,0,120+
88.0,61.0,125.0,0,0.0059130285,0,120+
52.0,58.0,125.0,0,0.003653648,0,120+
17.0,141.0,125.0,0,0.004666535,0,120+
96.0,83.0,125.0,0,0.006455171,0,120+
40.0,51.0,125.0,0,0.0040647793,0,120+
94.0,47.0,125.0,0,0.0039074053,0,120+
46.0,108.0,125.0,0,0.011253465,0,120+
84.0,128.0,125.0,0,0.0045458125,0,120+
73.0,75.0,125.0,0,0.004362494,0,120+
5.0,51.0,125.0,0,0.014967179,1,120+
81.0,111.0,125.0,0,0.006974479,0,120+
5.0,115.0,125.0,0,0.010076131,0,120+
92.0,87.0,125.0,0,0.004074781,0,120+
33.0,68.0,125.0,0,0.011894753,0,120+
33.0,36.0,125.0,0,0.018399302,1,120+
10.0,82.0,125.0,0,0.011477706,0,120+
30.0,43.0,125.0,0,0.011951827,0,120+
97.0,30.0,125.0,0,0.0040908726,0,120+
66.0,58.0,125.0,0,0.0038181625,0,120+
20.0,88.0,125.0,0,0.004346402,0,120+
21.0,61.0,125.0,0,0.004954929,0,120+
54.0,132.0,125.0,0,0.0062162685,0,120+
7.0,106.0,125.0,0,0.0063284943,0,120+
38.0,38.0,125.0,0,0.004501307,0,120+
66.0,77.0,125.0,0,0.0066045304,0,120+
11.0,108.0,125.0,0,0.0039428384,0,120+
13.0,37.0,125.0,0,0.0038995827,0,120+
5.0,65.0,125.0,0,0.011687453,0,120+
86.0,64.0,125.0,0,0.003933403,0,120+
53.0,53.0,125.0,0,0.009760031,0,120+
75.0,71.0,125.0,0,0.0039460375,0,120+
96.0,110.0,125.0,0,0.0066385153,0,120+
5.0,33.0,125.0,0,0.015992576,1,120+
46.0,112.0,125.0,0,0.009866522,0,120+
99.0,49.0,125.0,0,0.0059225783,0,120+
92.0,117.0,125.0,0,0.006222548,0,120+
97.0,34.0,125.0,0,0.0041463226,0,120+
94.0,59.0,125.0,0,0.004184309,0,120+
96.0,59.0,125.0,0,0.004147358,0,120+
30.0,36.0,125.0,0,0.013404989,1,120+
79.0,69.0,125.0,0,0.0061921207,0,120+
78.0,92.0,125.0,0,0.010455613,0,120+
88.0,82.0,125.0,0,0.0043944116,0,120+
92.0,169.0,125.0,0,0.0035142964,0,120+
75.0,83.0,125.0,0,0.004206339,0,120+
64.0,92.0,125.0,0,0.003726035,0,120+
18.0,55.0,125.0,0,0.0061081247,0,120+
71.0,76.0,125.0,0,0.0035692926,0,120+
11.0,95.0,125.0,0,0.0039094365,0,120+
80.0,49.0,125.0,0,0.004448818,0,120+
95.0,106.0,125.0,0,0.010502487,0,120+
86.0,144.0,125.0,0,0.0036593417,0,120+
48.0,84.0,125.0,0,0.009553173,0,120+
12.0,30.0,125.0,0,0.004033279,0,120+
59.0,44.0,125.0,0,0.013604774,1,120+
69.0,120.0,125.0,0,0.009910476,0,120+
47.0,69.0,125.0,0,0.009993352,0,120+
64.0,110.0,125.0,0,0.0038108854,0,120+
81.0,99.0,125.0,0,0.0068613724,0,120+
88.0,63.0,125.0,0,0.005899931,0,120+
53.0,47.0,125.0,0,0.005754976,0,120+
21.0,51.0,125.0,0,0.0043944037,0,120+
95.0,82.0,125.0,0,0.011749594,0,120+
84.0,138.0,125.0,0,0.004709126,0,120+
95.0,159.0,124.0,0,0.0065144785,0,120+
86.0,97.0,125.0,0,0.004024815,0,120+
86.0,131.0,125.0,0,0.0036365907,0,120+
60.0,38.0,125.0,0,0.0042557907,0,120+
16.0,58.0,125.0,0,0.0039981636,0,120+
49.0,83.0,125.0,0,0.004143864,0,120+
2.0,58.0,125.0,0,0.008134142,0,120+
54.0,129.0,125.0,0,0.0061196047,0,120+
67.0,133.0,125.0,0,0.003380284,0,120+
38.0,42.0,125.0,0,0.0040793745,0,120+
49.0,36.0,125.0,0,0.0046049277,0,120+
86.0,69.0,125.0,0,0.0036614821,0,120+
20.0,108.0,125.0,0,0.0041662697,0,120+
48.0,44.0,125.0,0,0.014871533,1,120+
64.0,106.0,125.0,0,0.0038192724,0,120+
47.0,78.0,125.0,0,0.01063546,0,120+
4.0,47.0,125.0,0,0.0068178643,0,120+
72.0,44.0,125.0,0,0.0036344547,0,120+
69.0,164.0,125.0,0,0.004430364,0,120+
76.0,81.0,125.0,0,0.005108967,0,120+
92.0,111.0,125.0,0,0.006198387,0,120+
75.0,34.0,125.0,0,0.004044141,0,120+
82.0,76.0,125.0,0,0.0041819145,0,120+
69.0,176.0,125.0,0,0.0046068407,0,120+
67.0,112.0,125.0,0,0.0059833555,0,120+
34.0,36.0,125.0,0,0.004883135,0,120+
1.0,47.0,125.0,0,0.0038273581,0,120+
2.0,34.0,125.0,0,0.009755341,0,120+
51.0,70.0,125.0,0,0.013737178,1,120+
90.0,31.0,123.0,0,0.008312833,0,120+
98.0,34.0,122.0,0,0.004169516,0,120+
7.0,63.0,125.0,0,0.0102487365,0,120+
69.0,180.0,125.0,0,0.0040201014,0,120+
1.0,67.0,125.0,0,0.0039108694,0,120+
51.0,73.0,125.0,0,0.01208139,0,120+
21.0,41.0,125.0,0,0.003999935,0,120+
56.0,130.0,125.0,0,0.004623077,0,120+
67.0,177.0,125.0,0,0.0047780103,0,120+
73.0,35.0,125.0,0,0.0039290884,0,120+
81.0,80.0,125.0,0,0.0041618543,0,120+
46.0,36.0,125.0,0,0.01013945,0,120+
11.0,114.0,125.0,0,0.006260443,0,120+
42.0,45.0,125.0,0,0.007600329,0,120+
95.0,41.0,125.0,0,0.010368492,0,120+
69.0,233.0,125.0,0,0.0042921845,0,120+
78.0,94.0,125.0,0,0.012382513,0,120+
52.0,43.0,125.0,0,0.0038186098,0,120+
15.0,75.0,125.0,0,0.008420275,0,120+
96.0,210.0,125.0,0,0.006209876,0,120+
69.0,221.0,125.0,0,0.004351165,0,120+
97.0,49.0,125.0,0,0.006066455,0,120+
83.0,157.0,125.0,0,0.007901377,0,120+
41.0,32.0,125.0,0,0.01152192,0,120+
16.0,84.0,125.0,0,0.004548487,0,120+
59.0,81.0,125.0,0,0.0085429605,0,120+
83.0,101.0,125.0,0,0.011828657,0,120+
78.0,56.0,125.0,0,0.015209241,1,120+
38.0,56.0,125.0,0,0.0037890007,0,120+
2.0,75.0,125.0,0,0.01324529,0,120+
49.0,65.0,125.0,0,0.003565847,0,120+
59.0,76.0,125.0,0,0.0038623377,0,120+
14.0,34.0,125.0,0,0.0045324196,0,120+
96.0,52.0,125.0,0,0.0040139616,0,120+
3.0,32.0,125.0,0,0.0039472813,0,120+
51.0,84.0,125.0,0,0.007019573,0,120+
72.0,38.0,125.0,0,0.005883123,0,120+
68.0,38.0,125.0,0,0.0061840774,0,120+
17.0,129.0,125.0,0,0.008387292,0,120+
56.0,116.0,125.0,0,0.0038662022,0,120+
11.0,118.0,122.0,0,0.006258986,0,120+
88.0,91.0,122.0,0,0.0039839465,0,120+
35.0,34.0,125.0,0,0.0039305314,0,120+
2.0,131.0,125.0,0,0.0097099785,0,120+
54.0,36.0,125.0,0,0.0062314267,0,120+
7.0,65.0,125.0,0,0.0101808105,0,120+
21.0,65.0,125.0,0,0.0046556485,0,120+
46.0,61.0,125.0,0,0.0040380317,0,120+
5.0,133.0,125.0,0,0.0047662165,0,120+
20.0,36.0,125.0,0,0.0043068146,0,120+
68.0,73.0,125.0,0,0.0039675604,0,120+
97.0,71.0,125.0,0,0.0061011,0,120+
97.0,57.0,125.0,0,0.006181308,0,120+
31.0,80.0,125.0,0,0.008020922,0,120+
7.0,105.0,125.0,0,0.0062262085,0,120+
17.0,78.0,125.0,0,0.0060325265,0,120+
7.0,72.0,125.0,0,0.0118998,0,120+
84.0,130.0,125.0,0,0.004701229,0,120+
34.0,65.0,125.0,0,0.0064792433,0,120+
75.0,80.0,125.0,0,0.00410245,0,120+
96.0,81.0,125.0,0,0.006356727,0,120+
96.0,169.0,125.0,0,0.0044780415,0,120+
1.0,60.0,125.0,0,0.0038633978,0,120+
75.0,45.0,125.0,0,0.0038882336,0,120+
43.0,84.0,123.0,0,0.004095104,0,120+
92.0,71.0,125.0,0,0.0044287853,0,120+
83.0,57.0,125.0,0,0.008688931,0,120+
78.0,88.0,125.0,0,0.008375979,0,120+
92.0,159.0,125.0,0,0.0040121335,0,120+
43.0,35.0,125.0,0,0.00972836,0,120+
50.0,59.0,125.0,0,0.006661917,0,120+
69.0,45.0,125.0,0,0.0044608256,0,120+
17.0,131.0,125.0,0,0.008354911,0,120+
46.0,32.0,125.0,0,0.011909429,0,120+
43.0,51.0,125.0,0,0.010331701,0,120+
82.0,70.0,125.0,0,0.006369219,0,120+
2.0,87.0,125.0,0,0.012024245,0,120+
69.0,188.0,125.0,0,0.004036266,0,120+
50.0,68.0,125.0,0,0.0046960046,0,120+
59.0,38.0,125.0,0,0.011686507,0,120+
83.0,116.0,125.0,0,0.0117063485,0,120+
96.0,136.0,125.0,0,0.0044037527,0,120+
18.0,69.0,125.0,0,0.0038577728,0,120+
30.0,69.0,125.0,0,0.01054015,0,120+
21.0,30.0,125.0,0,0.004187774,0,120+
63.0,50.0,124.0,0,0.0045539467,0,120+
32.0,44.0,125.0,0,0.0044948496,0,120+
76.0,73.0,125.0,0,0.0050499686,0,120+
75.0,69.0,125.0,0,0.003930682,0,120+
16.0,72.0,125.0,0,0.0043509486,0,120+
89.0,90.0,125.0,0,0.008076739,0,120+
2.0,96.0,125.0,0,0.0137952,1,120+
52.0,60.0,125.0,0,0.0036033618,0,120+
67.0,34.0,125.0,0,0.004618831,0,120+
75.0,79.0,125.0,0,0.004038325,0,120+
95.0,54.0,125.0,0,0.013183911,0,120+
87.0,37.0,125.0,0,0.0040400443,0,120+
66.0,72.0,125.0,0,0.0061021647,0,120+
52.0,55.0,125.0,0,0.0037771584,0,120+
15.0,34.0,125.0,0,0.015729051,1,120+
25.0,75.0,125.0,0,0.0042853286,0,120+
18.0,31.0,125.0,0,0.0064774575,0,120+
40.0,54.0,125.0,0,0.003969571,0,120+
87.0,34.0,125.0,0,0.004024728,0,120+
21.0,57.0,125.0,0,0.004496255,0,120+
66.0,40.0,125.0,0,0.0043171574,0,120+
97.0,40.0,125.0,0,0.0039548604,0,120+
68.0,33.0,125.0,0,0.0038931912,0,120+
87.0,54.0,124.0,0,0.004307445,0,120+
34.0,61.0,125.0,0,0.006498459,0,120+
54.0,73.0,125.0,0,0.0042061396,0,120+
33.0,46.0,125.0,0,0.016134886,1,120+
83.0,120.0,125.0,0,0.011863005,0,120+
80.0,47.0,125.0,0,0.0043792804,0,120+
30.0,55.0,125.0,0,0.008470844,0,120+
95.0,149.0,125.0,0,0.0059691356,0,120+
69.0,111.0,125.0,0,0.0077584223,0,120+
47.0,81.0,125.0,0,0.010716394,0,120+
81.0,42.0,125.0,0,0.004160245,0,120+
33.0,34.0,125.0,0,0.018294886,1,120+
92.0,201.0,125.0,0,0.0049045356,0,120+
51.0,83.0,125.0,0,0.0068642055,0,120+
83.0,112.0,125.0,0,0.011914538,0,120+
96.0,91.0,125.0,0,0.006531251,0,120+
71.0,88.0,120.0,0,0.0034626045,0,90-120
15.0,36.0,125.0,0,0.014538602,1,120+
2.0,50.0,125.0,0,0.0040521235,0,120+
80.0,38.0,125.0,0,0.0045869257,0,120+
92.0,196.0,125.0,0,0.0047402275,0,120+
51.0,67.0,125.0,0,0.013435074,1,120+
99.0,48.0,125.0,0,0.005923483,0,120+
5.0,87.0,125.0,0,0.01372476,1,120+
12.0,35.0,125.0,0,0.0041114474,0,120+
98.0,31.0,125.0,0,0.0043741832,0,120+
75.0,96.0,125.0,0,0.003941246,0,120+
82.0,56.0,125.0,0,0.009943022,0,120+
69.0,191.0,125.0,0,0.004102604,0,120+
83.0,38.0,125.0,0,0.014986388,1,120+
96.0,30.0,125.0,0,0.005748074,0,120+
18.0,39.0,125.0,0,0.006191788,0,120+
5.0,42.0,125.0,0,0.01477934,1,120+
96.0,164.0,125.0,0,0.0045374366,0,120+
49.0,50.0,125.0,0,0.003920615,0,120+
51.0,57.0,125.0,0,0.01173161,0,120+
64.0,41.0,125.0,0,0.0040944736,0,120+
64.0,120.0,125.0,0,0.0041890624,0,120+
30.0,70.0,124.0,0,0.010515878,0,120+
84.0,70.0,125.0,0,0.0036407544,0,120+
55.0,55.0,125.0,0,0.0041343123,0,120+
50.0,77.0,121.0,0,0.0045097643,0,120+
95.0,139.0,125.0,0,0.006096928,0,120+
94.0,41.0,125.0,0,0.004077043,0,120+
46.0,99.0,125.0,0,0.013311385,1,120+
38.0,69.0,125.0,0,0.0043530655,0,120+
100.0,47.0,125.0,0,0.0039915037,0,120+
47.0,85.0,125.0,0,0.010592381,0,120+
15.0,56.0,125.0,0,0.010108695,0,120+
78.0,58.0,125.0,0,0.015558082,1,120+
7.0,58.0,125.0,0,0.009977998,0,120+
40.0,52.0,125.0,0,0.0040310496,0,120+
20.0,85.0,125.0,0,0.004343162,0,120+
96.0,178.0,125.0,0,0.0042892317,0,120+
17.0,34.0,125.0,0,0.013336732,1,120+
56.0,31.0,125.0,0,0.0039380426,0,120+
30.0,54.0,125.0,0,0.008359587,0,120+
54.0,37.0,125.0,0,0.0062712664,0,120+
47.0,74.0,125.0,0,0.0103692785,0,120+
69.0,124.0,125.0,0,0.008039218,0,120+
28.0,40.0,125.0,0,0.0068263276,0,120+
17.0,53.0,125.0,0,0.00790528,0,120+
84.0,67.0,125.0,0,0.0038150388,0,120+
55.0,47.0,125.0,0,0.0042161173,0,120+
1.0,42.0,125.0,0,0.0040876283,0,120+
79.0,56.0,125.0,0,0.006539295,0,120+
10.0,99.0,123.0,0,0.007946752,0,120+
36.0,37.0,121.0,0,0.004158943,0,120+
22.0,40.0,125.0,0,0.0035101196,0,120+
53.0,37.0,125.0,0,0.0055652414,0,120+
47.0,37.0,125.0,0,0.012190407,0,120+
84.0,129.0,125.0,0,0.0046864944,0,120+
83.0,46.0,125.0,0,0.0063928086,0,120+
11.0,37.0,125.0,0,0.014082942,1,120+
7.0,49.0,125.0,0,0.008109541,0,120+
96.0,40.0,125.0,0,0.005644916,0,120+
67.0,181.0,125.0,0,0.0044938936,0,120+
78.0,45.0,125.0,0,0.015116892,1,120+
56.0,135.0,125.0,0,0.0046049594,0,120+
69.0,154.0,125.0,0,0.0042504254,0,120+
23.0,40.0,125.0,0,0.004752956,0,120+
15.0,65.0,125.0,0,0.008234808,0,120+
88.0,48.0,125.0,0,0.005982833,0,120+
78.0,85.0,125.0,0,0.010244838,0,120+
92.0,218.0,123.0,0,0.004489733,0,120+
73.0,73.0,125.0,0,0.0042459113,0,120+
15.0,83.0,124.0,0,0.0043827607,0,120+
52.0,86.0,125.0,0,0.0041746567,0,120+
62.0,35.0,125.0,0,0.0039996007,0,120+
46.0,90.0,125.0,0,0.010128903,0,120+
25.0,98.0,125.0,0,0.0040905783,0,120+
33.0,50.0,125.0,0,0.011838888,0,120+
11.0,77.0,125.0,0,0.0040827515,0,120+
50.0,74.0,124.0,0,0.0046843286,0,120+
67.0,69.0,125.0,0,0.004709227,0,120+
5.0,66.0,125.0,0,0.011594819,0,120+
69.0,67.0,125.0,0,0.004495027,0,120+
88.0,65.0,125.0,0,0.0059027993,0,120+
89.0,96.0,121.0,0,0.008089642,0,120+
92.0,60.0,125.0,0,0.004429959,0,120+
46.0,87.0,125.0,0,0.010413482,0,120+
83.0,89.0,125.0,0,0.00590222,0,120+
67.0,163.0,125.0,0,0.0046237875,0,120+
67.0,73.0,125.0,0,0.0047203116,0,120+
55.0,37.0,125.0,0,0.0043364284,0,120+
3.0,59.0,120.0,0,0.0059312237,0,90-120
21.0,62.0,125.0,0,0.0049510095,0,120+
83.0,44.0,125.0,0,0.010072859,0,120+
20.0,55.0,125.0,0,0.004208286,0,120+
67.0,122.0,125.0,0,0.0035800305,0,120+
72.0,41.0,125.0,0,0.0036286064,0,120+
41.0,59.0,125.0,0,0.008422915,0,120+
56.0,77.0,125.0,0,0.004702245,0,120+
56.0,117.0,125.0,0,0.003965108,0,120+
38.0,57.0,125.0,0,0.0039092,0,120+
28.0,37.0,125.0,0,0.0065958723,0,120+
90.0,33.0,121.0,0,0.008317226,0,120+
44.0,49.0,125.0,0,0.0064416546,0,120+
100.0,38.0,125.0,0,0.0036315909,0,120+
97.0,45.0,125.0,0,0.0062479847,0,120+
66.0,78.0,124.0,0,0.00662129,0,120+
92.0,107.0,125.0,0,0.006035996,0,120+
96.0,71.0,125.0,0,0.0066336896,0,120+
41.0,53.0,125.0,0,0.008323806,0,120+
32.0,35.0,125.0,0,0.004343526,0,120+
94.0,80.0,125.0,0,0.004310277,0,120+
20.0,48.0,125.0,0,0.004433045,0,120+
86.0,123.0,125.0,0,0.0037484278,0,120+
96.0,177.0,125.0,0,0.004293809,0,120+
96.0,80.0,125.0,0,0.006318645,0,120+
76.0,71.0,125.0,0,0.0049305516,0,120+
31.0,73.0,125.0,0,0.0119785,0,120+
79.0,32.0,125.0,0,0.0102170175,0,120+
89.0,83.0,125.0,0,0.008366509,0,120+
69.0,158.0,125.0,0,0.004027843,0,120+
66.0,49.0,125.0,0,0.0038054201,0,120+
5.0,31.0,125.0,0,0.016050553,1,120+
5.0,129.0,125.0,0,0.0069643124,0,120+
94.0,75.0,125.0,0,0.00445778,0,120+
92.0,47.0,125.0,0,0.0043800566,0,120+
7.0,77.0,125.0,0,0.011886179,0,120+
59.0,59.0,125.0,0,0.009821058,0,120+
7.0,99.0,125.0,0,0.006328709,0,120+
96.0,123.0,125.0,0,0.0043574777,0,120+
14.0,56.0,124.0,0,0.004289816,0,120+
86.0,37.0,125.0,0,0.0044987774,0,120+
30.0,57.0,125.0,0,0.008416506,0,120+
1.0,56.0,125.0,0,0.0037989467,0,120+
56.0,80.0,125.0,0,0.004410017,0,120+
25.0,59.0,125.0,0,0.0046757013,0,120+
83.0,77.0,125.0,0,0.008768854,0,120+
89.0,36.0,125.0,0,0.0041088494,0,120+
49.0,95.0,120.0,0,0.0041824467,0,90-120
36.0,35.0,123.0,0,0.0040344903,0,120+
56.0,43.0,125.0,0,0.0040287976,0,120+
67.0,44.0,125.0,0,0.0042397743,0,120+
92.0,85.0,125.0,0,0.004325592,0,120+
85.0,31.0,125.0,0,0.005833952,0,120+
40.0,42.0,125.0,0,0.004251882,0,120+
86.0,132.0,125.0,0,0.0037159151,0,120+
86.0,70.0,125.0,0,0.0036765025,0,120+
10.0,64.0,125.0,0,0.013607329,1,120+
41.0,82.0,125.0,0,0.0045577306,0,120+
82.0,77.0,125.0,0,0.0042789346,0,120+
64.0,65.0,125.0,0,0.0039450456,0,120+
31.0,54.0,125.0,0,0.015314971,1,120+
56.0,69.0,125.0,0,0.00445967,0,120+
85.0,30.0,125.0,0,0.0058456995,0,120+
97.0,70.0,125.0,0,0.0060924557,0,120+
100.0,75.0,125.0,0,0.006070365,0,120+
3.0,52.0,125.0,0,0.0060195606,0,120+
5.0,118.0,125.0,0,0.0064079505,0,120+
1.0,162.0,30.0,1,0.0050631673,0,20-30
1.0,163.0,29.0,1,0.0053005666,0,20-30
1.0,164.0,28.0,1,0.0053703343,0,20-30
1.0,165.0,27.0,1,0.005294503,0,20-30
1.0,166.0,26.0,1,0.005347327,0,20-30
1.0,167.0,25.0,1,0.0051805517,0,20-30
1.0,168.0,24.0,1,0.0049666786,0,20-30
1.0,169.0,23.0,1,0.004924149,0,20-30
1.0,170.0,22.0,1,0.004890353,0,20-30
1.0,171.0,21.0,1,0.004855867,0,20-30
1.0,172.0,20.0,1,0.004931742,0,10-20
1.0,173.0,19.0,1,0.005079506,0,10-20
1.0,174.0,18.0,1,0.0053449413,0,10-20
1.0,175.0,17.0,1,0.0055699456,0,10-20
1.0,176.0,16.0,1,0.0055577005,0,10-20
1.0,177.0,15.0,1,0.005843195,0,10-20
1.0,178.0,14.0,1,0.0061255815,0,10-20
1.0,179.0,13.0,1,0.0063387523,0,10-20
1.0,180.0,12.0,1,0.006657146,0,10-20
1.0,181.0,11.0,1,0.007086836,0,10-20
1.0,182.0,10.0,1,0.0077656694,0,0-10
1.0,183.0,9.0,1,0.008051661,0,0-10
1.0,184.0,8.0,1,0.009121817,0,0-10
1.0,185.0,7.0,1,0.009757411,0,0-10
1.0,186.0,6.0,1,0.010007494,0,0-10
1.0,187.0,5.0,1,0.010562732,0,0-10
1.0,188.0,4.0,1,0.01126096,0,0-10
1.0,189.0,3.0,1,0.012148166,0,0-10
1.0,190.0,2.0,1,0.012843763,0,0-10
1.0,191.0,1.0,1,0.013714226,1,0-10
1.0,192.0,0.0,1,0.014495542,1,0-10
2.0,257.0,30.0,1,0.0059467,0,20-30
2.0,258.0,29.0,1,0.0061589656,0,20-30
2.0,259.0,28.0,1,0.0064088735,0,20-30
2.0,260.0,27.0,1,0.0067289034,0,20-30
2.0,261.0,26.0,1,0.007010851,0,20-30
2.0,262.0,25.0,1,0.0071434192,0,20-30
2.0,263.0,24.0,1,0.007042247,0,20-30
2.0,264.0,23.0,1,0.007597291,0,20-30
2.0,265.0,22.0,1,0.007748036,0,20-30
2.0,266.0,21.0,1,0.007995528,0,20-30
2.0,267.0,20.0,1,0.008265702,0,10-20
2.0,268.0,19.0,1,0.0084154,0,10-20
2.0,269.0,18.0,1,0.008878789,0,10-20
2.0,270.0,17.0,1,0.0091851195,0,10-20
2.0,271.0,16.0,1,0.010005198,0,10-20
2.0,272.0,15.0,1,0.01004722,0,10-20
2.0,273.0,14.0,1,0.010392149,0,10-20
2.0,274.0,13.0,1,0.011076519,0,10-20
2.0,275.0,12.0,1,0.011399762,0,10-20
2.0,276.0,11.0,1,0.012170195,0,10-20
2.0,277.0,10.0,1,0.012715437,0,0-10
2.0,278.0,9.0,1,0.0131449085,0,0-10
2.0,279.0,8.0,1,0.013553149,1,0-10
2.0,280.0,7.0,1,0.013935388,1,0-10
2.0,281.0,6.0,1,0.014712864,1,0-10
2.0,282.0,5.0,1,0.015372338,1,0-10
2.0,283.0,4.0,1,0.0164296,1,0-10
2.0,284.0,3.0,1,0.017337821,1,0-10
2.0,285.0,2.0,1,0.018212387,1,0-10
2.0,286.0,1.0,1,0.0190588,1,0-10
2.0,287.0,0.0,1,0.020130787,1,0-10
3.0,149.0,30.0,1,0.0052298517,0,20-30
3.0,150.0,29.0,1,0.005354058,0,20-30
3.0,151.0,28.0,1,0.0054959063,0,20-30
3.0,152.0,27.0,1,0.005726339,0,20-30
3.0,153.0,26.0,1,0.0058705956,0,20-30
3.0,154.0,25.0,1,0.0059468555,0,20-30
3.0,155.0,24.0,1,0.005963402,0,20-30
3.0,156.0,23.0,1,0.006293633,0,20-30
3.0,157.0,22.0,1,0.0067145377,0,20-30
3.0,158.0,21.0,1,0.0070878305,0,20-30
3.0,159.0,20.0,1,0.0072288113,0,10-20
3.0,160.0,19.0,1,0.0074741323,0,10-20
3.0,161.0,18.0,1,0.008005741,0,10-20
3.0,162.0,17.0,1,0.00847618,0,10-20
3.0,163.0,16.0,1,0.008936874,0,10-20
3.0,164.0,15.0,1,0.009535256,0,10-20
3.0,165.0,14.0,1,0.010203612,0,10-20
3.0,166.0,13.0,1,0.010897333,0,10-20
3.0,167.0,12.0,1,0.011868407,0,10-20
3.0,168.0,11.0,1,0.012581297,0,10-20
3.0,169.0,10.0,1,0.01370146,1,0-10
3.0,170.0,9.0,1,0.01491887,1,0-10
3.0,171.0,8.0,1,0.016037112,1,0-10
3.0,172.0,7.0,1,0.016987316,1,0-10
3.0,173.0,6.0,1,0.01828401,1,0-10
3.0,174.0,5.0,1,0.019761313,1,0-10
3.0,175.0,4.0,1,0.021370718,1,0-10
3.0,176.0,3.0,1,0.023053624,1,0-10
3.0,177.0,2.0,1,0.024912702,1,0-10
3.0,178.0,1.0,1,0.027450578,1,0-10
3.0,179.0,0.0,1,0.030046662,1,0-10
4.0,159.0,30.0,1,0.0049296296,0,20-30
4.0,160.0,29.0,1,0.0049592317,0,20-30
4.0,161.0,28.0,1,0.0051883254,0,20-30
4.0,162.0,27.0,1,0.005486891,0,20-30
4.0,163.0,26.0,1,0.0059454176,0,20-30
4.0,164.0,25.0,1,0.0062757414,0,20-30
4.0,165.0,24.0,1,0.0065004406,0,20-30
4.0,166.0,23.0,1,0.0068150945,0,20-30
4.0,167.0,22.0,1,0.007077536,0,20-30
4.0,168.0,21.0,1,0.0072865584,0,20-30
4.0,169.0,20.0,1,0.00779018,0,10-20
4.0,170.0,19.0,1,0.008284419,0,10-20
4.0,171.0,18.0,1,0.008833894,0,10-20
4.0,172.0,17.0,1,0.009344038,0,10-20
4.0,173.0,16.0,1,0.009854614,0,10-20
4.0,174.0,15.0,1,0.010452229,0,10-20
4.0,175.0,14.0,1,0.011107298,0,10-20
4.0,176.0,13.0,1,0.011733723,0,10-20
4.0,177.0,12.0,1,0.012710913,0,10-20
4.0,178.0,11.0,1,0.013961137,1,10-20
4.0,179.0,10.0,1,0.015224331,1,0-10
4.0,180.0,9.0,1,0.016835874,1,0-10
4.0,181.0,8.0,1,0.017797578,1,0-10
4.0,182.0,7.0,1,0.019278815,1,0-10
4.0,183.0,6.0,1,0.021471638,1,0-10
4.0,184.0,5.0,1,0.023145773,1,0-10
4.0,185.0,4.0,1,0.024928309,1,0-10
4.0,186.0,3.0,1,0.026621697,1,0-10
4.0,187.0,2.0,1,0.028666353,1,0-10
4.0,188.0,1.0,1,0.030767482,1,0-10
4.0,189.0,0.0,1,0.03381856,1,0-10
5.0,239.0,30.0,1,0.008167057,0,20-30
5.0,240.0,29.0,1,0.008272259,0,20-30
5.0,241.0,28.0,1,0.008539076,0,20-30
5.0,242.0,27.0,1,0.00893579,0,20-30
5.0,243.0,26.0,1,0.009348181,0,20-30
5.0,244.0,25.0,1,0.00974041,0,20-30
5.0,245.0,24.0,1,0.009899116,0,20-30
5.0,246.0,23.0,1,0.010260058,0,20-30
5.0,247.0,22.0,1,0.010769344,0,20-30
5.0,248.0,21.0,1,0.011001644,0,20-30
5.0,249.0,20.0,1,0.011620882,0,10-20
5.0,250.0,19.0,1,0.012189397,0,10-20
5.0,251.0,18.0,1,0.0126889255,0,10-20
5.0,252.0,17.0,1,0.013168104,0,10-20
5.0,253.0,16.0,1,0.013865455,1,10-20
5.0,254.0,15.0,1,0.014594882,1,10-20
5.0,255.0,14.0,1,0.015161391,1,10-20
5.0,256.0,13.0,1,0.016135551,1,10-20
5.0,257.0,12.0,1,0.016980201,1,10-20
5.0,258.0,11.0,1,0.017678563,1,10-20
5.0,259.0,10.0,1,0.019107478,1,0-10
5.0,260.0,9.0,1,0.019725567,1,0-10
5.0,261.0,8.0,1,0.020257052,1,0-10
5.0,262.0,7.0,1,0.020870823,1,0-10
5.0,263.0,6.0,1,0.021972809,1,0-10
5.0,264.0,5.0,1,0.023240712,1,0-10
5.0,265.0,4.0,1,0.024589738,1,0-10
5.0,266.0,3.0,1,0.026085028,1,0-10
5.0,267.0,2.0,1,0.027370755,1,0-10
5.0,268.0,1.0,1,0.028745336,1,0-10
5.0,269.0,0.0,1,0.030044552,1,0-10
6.0,158.0,30.0,1,0.006027202,0,20-30
6.0,159.0,29.0,1,0.0060651684,0,20-30
6.0,160.0,28.0,1,0.0063950154,0,20-30
6.0,161.0,27.0,1,0.0065697692,0,20-30
6.0,162.0,26.0,1,0.0067252372,0,20-30
6.0,163.0,25.0,1,0.0070911366,0,20-30
6.0,164.0,24.0,1,0.0073573543,0,20-30
6.0,165.0,23.0,1,0.007902014,0,20-30
6.0,166.0,22.0,1,0.008449142,0,20-30
6.0,167.0,21.0,1,0.008728301,0,20-30
6.0,168.0,20.0,1,0.0089868,0,10-20
6.0,169.0,19.0,1,0.00944685,0,10-20
6.0,170.0,18.0,1,0.009871106,0,10-20
6.0,171.0,17.0,1,0.010452908,0,10-20
6.0,172.0,16.0,1,0.010782996,0,10-20
6.0,173.0,15.0,1,0.011075166,0,10-20
6.0,174.0,14.0,1,0.011221602,0,10-20
6.0,175.0,13.0,1,0.011941955,0,10-20
6.0,176.0,12.0,1,0.012483389,0,10-20
6.0,177.0,11.0,1,0.012769359,0,10-20
6.0,178.0,10.0,1,0.013423095,1,0-10
6.0,179.0,9.0,1,0.014090038,1,0-10
6.0,180.0,8.0,1,0.0146788135,1,0-10
6.0,181.0,7.0,1,0.015332548,1,0-10
6.0,182.0,6.0,1,0.016017571,1,0-10
6.0,183.0,5.0,1,0.01710181,1,0-10
6.0,184.0,4.0,1,0.017724406,1,0-10
6.0,185.0,3.0,1,0.018739723,1,0-10
6.0,186.0,2.0,1,0.019916793,1,0-10
6.0,187.0,1.0,1,0.020865979,1,0-10
6.0,188.0,0.0,1,0.02204149,1,0-10
7.0,229.0,30.0,1,0.006276652,0,20-30
7.0,230.0,29.0,1,0.006433769,0,20-30
7.0,231.0,28.0,1,0.0062729423,0,20-30
7.0,232.0,27.0,1,0.0064039957,0,20-30
7.0,233.0,26.0,1,0.0066996906,0,20-30
7.0,234.0,25.0,1,0.0068336474,0,20-30
7.0,235.0,24.0,1,0.0068130842,0,20-30
7.0,236.0,23.0,1,0.0066299364,0,20-30
7.0,237.0,22.0,1,0.0069442275,0,20-30
7.0,238.0,21.0,1,0.0070045493,0,20-30
7.0,239.0,20.0,1,0.007196064,0,10-20
7.0,240.0,19.0,1,0.0075604175,0,10-20
7.0,241.0,18.0,1,0.008027045,0,10-20
7.0,242.0,17.0,1,0.008175212,0,10-20
7.0,243.0,16.0,1,0.00876728,0,10-20
7.0,244.0,15.0,1,0.00912454,0,10-20
7.0,245.0,14.0,1,0.009450494,0,10-20
7.0,246.0,13.0,1,0.0098808035,0,10-20
7.0,247.0,12.0,1,0.010158609,0,10-20
7.0,248.0,11.0,1,0.010632226,0,10-20
7.0,249.0,10.0,1,0.010942475,0,0-10
7.0,250.0,9.0,1,0.011557883,0,0-10
7.0,251.0,8.0,1,0.011988998,0,0-10
7.0,252.0,7.0,1,0.013024568,0,0-10
7.0,253.0,6.0,1,0.01345186,1,0-10
7.0,254.0,5.0,1,0.014123431,1,0-10
7.0,255.0,4.0,1,0.014613573,1,0-10
7.0,256.0,3.0,1,0.015009099,1,0-10
7.0,257.0,2.0,1,0.01597858,1,0-10
7.0,258.0,1.0,1,0.016758665,1,0-10
7.0,259.0,0.0,1,0.017584626,1,0-10
8.0,120.0,30.0,1,0.004714582,0,20-30
8.0,121.0,29.0,1,0.0047478084,0,20-30
8.0,122.0,28.0,1,0.004953541,0,20-30
8.0,123.0,27.0,1,0.0051819505,0,20-30
8.0,124.0,26.0,1,0.005472131,0,20-30
8.0,125.0,25.0,1,0.0056616827,0,20-30
8.0,126.0,24.0,1,0.005800597,0,20-30
8.0,127.0,23.0,1,0.0057924055,0,20-30
8.0,128.0,22.0,1,0.0060711787,0,20-30
8.0,129.0,21.0,1,0.0062046256,0,20-30
8.0,130.0,20.0,1,0.0063505475,0,10-20
8.0,131.0,19.0,1,0.0065929526,0,10-20
8.0,132.0,18.0,1,0.006896213,0,10-20
8.0,133.0,17.0,1,0.007198812,0,10-20
8.0,134.0,16.0,1,0.0075636813,0,10-20
8.0,135.0,15.0,1,0.00773297,0,10-20
8.0,136.0,14.0,1,0.007996376,0,10-20
8.0,137.0,13.0,1,0.00865707,0,10-20
8.0,138.0,12.0,1,0.009083309,0,10-20
8.0,139.0,11.0,1,0.0093211625,0,10-20
8.0,140.0,10.0,1,0.009503316,0,0-10
8.0,141.0,9.0,1,0.00998523,0,0-10
8.0,142.0,8.0,1,0.010434523,0,0-10
8.0,143.0,7.0,1,0.011268912,0,0-10
8.0,144.0,6.0,1,0.012006521,0,0-10
8.0,145.0,5.0,1,0.012542897,0,0-10
8.0,146.0,4.0,1,0.013230207,0,0-10
8.0,147.0,3.0,1,0.0137643395,1,0-10
8.0,148.0,2.0,1,0.014332851,1,0-10
8.0,149.0,1.0,1,0.015483514,1,0-10
8.0,150.0,0.0,1,0.016698087,1,0-10
9.0,171.0,30.0,1,0.008862664,0,20-30
9.0,172.0,29.0,1,0.009043209,0,20-30
9.0,173.0,28.0,1,0.009125922,0,20-30
9.0,174.0,27.0,1,0.009419308,0,20-30
9.0,175.0,26.0,1,0.009553683,0,20-30
9.0,176.0,25.0,1,0.009800263,0,20-30
9.0,177.0,24.0,1,0.010100079,0,20-30
9.0,178.0,23.0,1,0.010387857,0,20-30
9.0,179.0,22.0,1,0.010720964,0,20-30
9.0,180.0,21.0,1,0.011408374,0,20-30
9.0,181.0,20.0,1,0.01184788,0,10-20
9.0,182.0,19.0,1,0.01215891,0,10-20
9.0,183.0,18.0,1,0.012637179,0,10-20
9.0,184.0,17.0,1,0.013506611,1,10-20
9.0,185.0,16.0,1,0.014419023,1,10-20
9.0,186.0,15.0,1,0.015045709,1,10-20
9.0,187.0,14.0,1,0.016265579,1,10-20
9.0,188.0,13.0,1,0.014999818,1,10-20
9.0,189.0,12.0,1,0.015872804,1,10-20
9.0,190.0,11.0,1,0.016843664,1,10-20
9.0,191.0,10.0,1,0.0180223,1,0-10
9.0,192.0,9.0,1,0.019304475,1,0-10
9.0,193.0,8.0,1,0.0210175,1,0-10
9.0,194.0,7.0,1,0.022448676,1,0-10
9.0,195.0,6.0,1,0.024202606,1,0-10
9.0,196.0,5.0,1,0.025730805,1,0-10
9.0,197.0,4.0,1,0.02711891,1,0-10
9.0,198.0,3.0,1,0.029307803,1,0-10
9.0,199.0,2.0,1,0.03163699,1,0-10
9.0,200.0,1.0,1,0.035226684,1,0-10
9.0,201.0,0.0,1,0.03978872,1,0-10
10.0,192.0,30.0,1,0.0057244184,0,20-30
10.0,193.0,29.0,1,0.0061712973,0,20-30
10.0,194.0,28.0,1,0.0065671178,0,20-30
10.0,195.0,27.0,1,0.006363236,0,20-30
10.0,196.0,26.0,1,0.0065070484,0,20-30
10.0,197.0,25.0,1,0.0065814992,0,20-30
10.0,198.0,24.0,1,0.006681007,0,20-30
10.0,199.0,23.0,1,0.0066405754,0,20-30
10.0,200.0,22.0,1,0.006947622,0,20-30
10.0,201.0,21.0,1,0.006744017,0,20-30
10.0,202.0,20.0,1,0.006974956,0,10-20
10.0,203.0,19.0,1,0.007199312,0,10-20
10.0,204.0,18.0,1,0.0075438647,0,10-20
10.0,205.0,17.0,1,0.0077104364,0,10-20
10.0,206.0,16.0,1,0.007932417,0,10-20
10.0,207.0,15.0,1,0.007994683,0,10-20
10.0,208.0,14.0,1,0.008160651,0,10-20
10.0,209.0,13.0,1,0.008395924,0,10-20
10.0,210.0,12.0,1,0.008796789,0,10-20
10.0,211.0,11.0,1,0.009090208,0,10-20
10.0,212.0,10.0,1,0.009356789,0,0-10
10.0,213.0,9.0,1,0.010412191,0,0-10
10.0,214.0,8.0,1,0.011070812,0,0-10
10.0,215.0,7.0,1,0.011490067,0,0-10
10.0,216.0,6.0,1,0.011930384,0,0-10
10.0,217.0,5.0,1,0.012796233,0,0-10
10.0,218.0,4.0,1,0.013400262,1,0-10
10.0,219.0,3.0,1,0.013988865,1,0-10
10.0,220.0,2.0,1,0.014531825,1,0-10
10.0,221.0,1.0,1,0.015940228,1,0-10
10.0,222.0,0.0,1,0.016729673,1,0-10
11.0,210.0,30.0,1,0.006319678,0,20-30
11.0,211.0,29.0,1,0.006583215,0,20-30
11.0,212.0,28.0,1,0.006758978,0,20-30
11.0,213.0,27.0,1,0.007092835,0,20-30
11.0,214.0,26.0,1,0.0073169083,0,20-30
11.0,215.0,25.0,1,0.0074781156,0,20-30
11.0,216.0,24.0,1,0.0077031506,0,20-30
11.0,217.0,23.0,1,0.0077713877,0,20-30
11.0,218.0,22.0,1,0.007947205,0,20-30
11.0,219.0,21.0,1,0.008412953,0,20-30
11.0,220.0,20.0,1,0.008694917,0,10-20
11.0,221.0,19.0,1,0.0090583265,0,10-20
11.0,222.0,18.0,1,0.009275948,0,10-20
11.0,223.0,17.0,1,0.009647198,0,10-20
11.0,224.0,16.0,1,0.010077554,0,10-20
11.0,225.0,15.0,1,0.010621336,0,10-20
11.0,226.0,14.0,1,0.011242129,0,10-20
11.0,227.0,13.0,1,0.01203332,0,10-20
11.0,228.0,12.0,1,0.012819232,0,10-20
11.0,229.0,11.0,1,0.013349338,1,10-20
11.0,230.0,10.0,1,0.014194902,1,0-10
11.0,231.0,9.0,1,0.015141523,1,0-10
11.0,232.0,8.0,1,0.01620617,1,0-10
11.0,233.0,7.0,1,0.016902613,1,0-10
11.0,234.0,6.0,1,0.017638758,1,0-10
11.0,235.0,5.0,1,0.018389571,1,0-10
11.0,236.0,4.0,1,0.019820178,1,0-10
11.0,237.0,3.0,1,0.020765726,1,0-10
11.0,238.0,2.0,1,0.022211628,1,0-10
11.0,239.0,1.0,1,0.02351336,1,0-10
11.0,240.0,0.0,1,0.024658874,1,0-10
12.0,140.0,30.0,1,0.005689384,0,20-30
12.0,141.0,29.0,1,0.0059561403,0,20-30
12.0,142.0,28.0,1,0.006154621,0,20-30
12.0,143.0,27.0,1,0.006371531,0,20-30
12.0,144.0,26.0,1,0.006478438,0,20-30
12.0,145.0,25.0,1,0.006896709,0,20-30
12.0,146.0,24.0,1,0.00694216,0,20-30
12.0,147.0,23.0,1,0.0071358657,0,20-30
12.0,148.0,22.0,1,0.0071440265,0,20-30
12.0,149.0,21.0,1,0.007376249,0,20-30
12.0,150.0,20.0,1,0.0074673137,0,10-20
12.0,151.0,19.0,1,0.0078030895,0,10-20
12.0,152.0,18.0,1,0.008076965,0,10-20
12.0,153.0,17.0,1,0.008282029,0,10-20
12.0,154.0,16.0,1,0.008351127,0,10-20
12.0,155.0,15.0,1,0.008561991,0,10-20
12.0,156.0,14.0,1,0.008944098,0,10-20
12.0,157.0,13.0,1,0.0092007555,0,10-20
12.0,158.0,12.0,1,0.009706196,0,10-20
12.0,159.0,11.0,1,0.009918301,0,10-20
12.0,160.0,10.0,1,0.01054366,0,0-10
12.0,161.0,9.0,1,0.010896925,0,0-10
12.0,162.0,8.0,1,0.011471015,0,0-10
12.0,163.0,7.0,1,0.012445686,0,0-10
12.0,164.0,6.0,1,0.012995115,0,0-10
12.0,165.0,5.0,1,0.013226819,0,0-10
12.0,166.0,4.0,1,0.014117175,1,0-10
12.0,167.0,3.0,1,0.014714518,1,0-10
12.0,168.0,2.0,1,0.015399143,1,0-10
12.0,169.0,1.0,1,0.015881315,1,0-10
12.0,170.0,0.0,1,0.016857147,1,0-10
13.0,133.0,30.0,1,0.00512153,0,20-30
13.0,134.0,29.0,1,0.005168729,0,20-30
13.0,135.0,28.0,1,0.005343781,0,20-30
13.0,136.0,27.0,1,0.005589345,0,20-30
13.0,137.0,26.0,1,0.005724717,0,20-30
13.0,138.0,25.0,1,0.0058106575,0,20-30
13.0,139.0,24.0,1,0.005889506,0,20-30
13.0,140.0,23.0,1,0.0062666642,0,20-30
13.0,141.0,22.0,1,0.006535279,0,20-30
13.0,142.0,21.0,1,0.0067659304,0,20-30
13.0,143.0,20.0,1,0.007285524,0,10-20
13.0,144.0,19.0,1,0.0075483653,0,10-20
13.0,145.0,18.0,1,0.0077842628,0,10-20
13.0,146.0,17.0,1,0.008340512,0,10-20
13.0,147.0,16.0,1,0.008637511,0,10-20
13.0,148.0,15.0,1,0.00900058,0,10-20
13.0,149.0,14.0,1,0.009611909,0,10-20
13.0,150.0,13.0,1,0.009957325,0,10-20
13.0,151.0,12.0,1,0.01083812,0,10-20
13.0,152.0,11.0,1,0.011278043,0,10-20
13.0,153.0,10.0,1,0.01213554,0,0-10
13.0,154.0,9.0,1,0.012627733,0,0-10
13.0,155.0,8.0,1,0.013387964,1,0-10
13.0,156.0,7.0,1,0.013958751,1,0-10
13.0,157.0,6.0,1,0.015048685,1,0-10
13.0,158.0,5.0,1,0.015957601,1,0-10
13.0,159.0,4.0,1,0.017720316,1,0-10
13.0,160.0,3.0,1,0.0186261,1,0-10
13.0,161.0,2.0,1,0.019835634,1,0-10
13.0,162.0,1.0,1,0.021457741,1,0-10
13.0,163.0,0.0,1,0.023506789,1,0-10
14.0,150.0,30.0,1,0.0058033187,0,20-30
14.0,151.0,29.0,1,0.005958247,0,20-30
14.0,152.0,28.0,1,0.006475804,0,20-30
14.0,153.0,27.0,1,0.006537782,0,20-30
14.0,154.0,26.0,1,0.0067602815,0,20-30
14.0,155.0,25.0,1,0.007167045,0,20-30
14.0,156.0,24.0,1,0.0073858434,0,20-30
14.0,157.0,23.0,1,0.007613457,0,20-30
14.0,158.0,22.0,1,0.007658199,0,20-30
14.0,159.0,21.0,1,0.007945381,0,20-30
14.0,160.0,20.0,1,0.008248652,0,10-20
14.0,161.0,19.0,1,0.008684201,0,10-20
14.0,162.0,18.0,1,0.009121883,0,10-20
14.0,163.0,17.0,1,0.00931832,0,10-20
14.0,164.0,16.0,1,0.009925888,0,10-20
14.0,165.0,15.0,1,0.010175957,0,10-20
14.0,166.0,14.0,1,0.010560934,0,10-20
14.0,167.0,13.0,1,0.011178433,0,10-20
14.0,168.0,12.0,1,0.011872704,0,10-20
14.0,169.0,11.0,1,0.012362313,0,10-20
14.0,170.0,10.0,1,0.01306842,0,0-10
14.0,171.0,9.0,1,0.014226806,1,0-10
14.0,172.0,8.0,1,0.01483891,1,0-10
14.0,173.0,7.0,1,0.015369804,1,0-10
14.0,174.0,6.0,1,0.016403995,1,0-10
14.0,175.0,5.0,1,0.017368995,1,0-10
14.0,176.0,4.0,1,0.018126417,1,0-10
14.0,177.0,3.0,1,0.019071987,1,0-10
14.0,178.0,2.0,1,0.020167895,1,0-10
14.0,179.0,1.0,1,0.021656342,1,0-10
14.0,180.0,0.0,1,0.022742763,1,0-10
15.0,177.0,30.0,1,0.005047369,0,20-30
15.0,178.0,29.0,1,0.0051173717,0,20-30
15.0,179.0,28.0,1,0.005042536,0,20-30
15.0,180.0,27.0,1,0.0051774173,0,20-30
15.0,181.0,26.0,1,0.0051293853,0,20-30
15.0,182.0,25.0,1,0.0050781383,0,20-30
15.0,183.0,24.0,1,0.0052333362,0,20-30
15.0,184.0,23.0,1,0.0052355025,0,20-30
15.0,185.0,22.0,1,0.0053991233,0,20-30
15.0,186.0,21.0,1,0.0053584073,0,20-30
15.0,187.0,20.0,1,0.005338279,0,10-20
15.0,188.0,19.0,1,0.0054361545,0,10-20
15.0,189.0,18.0,1,0.0056421557,0,10-20
15.0,190.0,17.0,1,0.0057406016,0,10-20
15.0,191.0,16.0,1,0.0059797405,0,10-20
15.0,192.0,15.0,1,0.0061149746,0,10-20
15.0,193.0,14.0,1,0.0065518506,0,10-20
15.0,194.0,13.0,1,0.0069531444,0,10-20
15.0,195.0,12.0,1,0.0070909224,0,10-20
15.0,196.0,11.0,1,0.0075837043,0,10-20
15.0,197.0,10.0,1,0.007823173,0,0-10
15.0,198.0,9.0,1,0.008004424,0,0-10
15.0,199.0,8.0,1,0.008445391,0,0-10
15.0,200.0,7.0,1,0.008552651,0,0-10
15.0,201.0,6.0,1,0.008781994,0,0-10
15.0,202.0,5.0,1,0.009578572,0,0-10
15.0,203.0,4.0,1,0.010442935,0,0-10
15.0,204.0,3.0,1,0.010907053,0,0-10
15.0,205.0,2.0,1,0.011497957,0,0-10
15.0,206.0,1.0,1,0.01271222,0,0-10
15.0,207.0,0.0,1,0.013657439,1,0-10
16.0,179.0,30.0,1,0.007294595,0,20-30
16.0,180.0,29.0,1,0.0074027777,0,20-30
16.0,181.0,28.0,1,0.007497953,0,20-30
16.0,182.0,27.0,1,0.007581849,0,20-30
16.0,183.0,26.0,1,0.00800369,0,20-30
16.0,184.0,25.0,1,0.008038937,0,20-30
16.0,185.0,24.0,1,0.008450028,0,20-30
16.0,186.0,23.0,1,0.0089187,0,20-30
16.0,187.0,22.0,1,0.009140393,0,20-30
16.0,188.0,21.0,1,0.009471237,0,20-30
16.0,189.0,20.0,1,0.009790142,0,10-20
16.0,190.0,19.0,1,0.010203847,0,10-20
16.0,191.0,18.0,1,0.010254295,0,10-20
16.0,192.0,17.0,1,0.010900529,0,10-20
16.0,193.0,16.0,1,0.011147306,0,10-20
16.0,194.0,15.0,1,0.01182264,0,10-20
16.0,195.0,14.0,1,0.012487549,0,10-20
16.0,196.0,13.0,1,0.012529127,0,10-20
16.0,197.0,12.0,1,0.013160928,0,10-20
16.0,198.0,11.0,1,0.014008124,1,10-20
16.0,199.0,10.0,1,0.014491702,1,0-10
16.0,200.0,9.0,1,0.015180711,1,0-10
16.0,201.0,8.0,1,0.015471538,1,0-10
16.0,202.0,7.0,1,0.016116634,1,0-10
16.0,203.0,6.0,1,0.017182473,1,0-10
16.0,204.0,5.0,1,0.017601555,1,0-10
16.0,205.0,4.0,1,0.018449042,1,0-10
16.0,206.0,3.0,1,0.018954046,1,0-10
16.0,207.0,2.0,1,0.0202259,1,0-10
16.0,208.0,1.0,1,0.021544265,1,0-10
16.0,209.0,0.0,1,0.022252873,1,0-10
17.0,246.0,30.0,1,0.008135277,0,20-30
17.0,247.0,29.0,1,0.0084114205,0,20-30
17.0,248.0,28.0,1,0.008640757,0,20-30
17.0,249.0,27.0,1,0.009019186,0,20-30
17.0,250.0,26.0,1,0.009396342,0,20-30
17.0,251.0,25.0,1,0.009881856,0,20-30
17.0,252.0,24.0,1,0.009981385,0,20-30
17.0,253.0,23.0,1,0.010332621,0,20-30
17.0,254.0,22.0,1,0.010786168,0,20-30
17.0,255.0,21.0,1,0.010999595,0,20-30
17.0,256.0,20.0,1,0.011683274,0,10-20
17.0,257.0,19.0,1,0.012428551,0,10-20
17.0,258.0,18.0,1,0.013117583,0,10-20
17.0,259.0,17.0,1,0.014005388,1,10-20
17.0,260.0,16.0,1,0.014768412,1,10-20
17.0,261.0,15.0,1,0.01569844,1,10-20
17.0,262.0,14.0,1,0.016610904,1,10-20
17.0,263.0,13.0,1,0.017439283,1,10-20
17.0,264.0,12.0,1,0.018237403,1,10-20
17.0,265.0,11.0,1,0.019021166,1,10-20
17.0,266.0,10.0,1,0.020107346,1,0-10
17.0,267.0,9.0,1,0.0212125,1,0-10
17.0,268.0,8.0,1,0.022727136,1,0-10
17.0,269.0,7.0,1,0.023891851,1,0-10
17.0,270.0,6.0,1,0.024946379,1,0-10
17.0,271.0,5.0,1,0.026460936,1,0-10
17.0,272.0,4.0,1,0.027881783,1,0-10
17.0,273.0,3.0,1,0.029291866,1,0-10
17.0,274.0,2.0,1,0.030494172,1,0-10
17.0,275.0,1.0,1,0.032194503,1,0-10
17.0,276.0,0.0,1,0.033719853,1,0-10
18.0,165.0,30.0,1,0.0056797303,0,20-30
18.0,166.0,29.0,1,0.0059038326,0,20-30
18.0,167.0,28.0,1,0.0062166583,0,20-30
18.0,168.0,27.0,1,0.0063127,0,20-30
18.0,169.0,26.0,1,0.0066158613,0,20-30
18.0,170.0,25.0,1,0.006786985,0,20-30
18.0,171.0,24.0,1,0.007050936,0,20-30
18.0,172.0,23.0,1,0.0075702313,0,20-30
18.0,173.0,22.0,1,0.0077654426,0,20-30
18.0,174.0,21.0,1,0.008283253,0,20-30
18.0,175.0,20.0,1,0.008773382,0,10-20
18.0,176.0,19.0,1,0.009109133,0,10-20
18.0,177.0,18.0,1,0.0097076,0,10-20
18.0,178.0,17.0,1,0.010413623,0,10-20
18.0,179.0,16.0,1,0.011100591,0,10-20
18.0,180.0,15.0,1,0.011903354,0,10-20
18.0,181.0,14.0,1,0.0131099345,0,10-20
18.0,182.0,13.0,1,0.014149869,1,10-20
18.0,183.0,12.0,1,0.015248651,1,10-20
18.0,184.0,11.0,1,0.016569441,1,10-20
18.0,185.0,10.0,1,0.017475095,1,0-10
18.0,186.0,9.0,1,0.0189839,1,0-10
18.0,187.0,8.0,1,0.020571763,1,0-10
18.0,188.0,7.0,1,0.021760724,1,0-10
18.0,189.0,6.0,1,0.02327377,1,0-10
18.0,190.0,5.0,1,0.025370559,1,0-10
18.0,191.0,4.0,1,0.02723923,1,0-10
18.0,192.0,3.0,1,0.02970424,1,0-10
18.0,193.0,2.0,1,0.032195635,1,0-10
18.0,194.0,1.0,1,0.034985583,1,0-10
18.0,195.0,0.0,1,0.038774304,1,0-10
19.0,128.0,30.0,1,0.006041691,0,20-30
19.0,129.0,29.0,1,0.0061407015,0,20-30
19.0,130.0,28.0,1,0.0062036994,0,20-30
19.0,131.0,27.0,1,0.0061953473,0,20-30
19.0,132.0,26.0,1,0.006419573,0,20-30
19.0,133.0,25.0,1,0.006417792,0,20-30
19.0,134.0,24.0,1,0.006735389,0,20-30
19.0,135.0,23.0,1,0.006973103,0,20-30
19.0,136.0,22.0,1,0.007160829,0,20-30
19.0,137.0,21.0,1,0.0074847024,0,20-30
19.0,138.0,20.0,1,0.007760969,0,10-20
19.0,139.0,19.0,1,0.008440976,0,10-20
19.0,140.0,18.0,1,0.008682827,0,10-20
19.0,141.0,17.0,1,0.008892741,0,10-20
19.0,142.0,16.0,1,0.008907183,0,10-20
19.0,143.0,15.0,1,0.009213143,0,10-20
19.0,144.0,14.0,1,0.009370828,0,10-20
19.0,145.0,13.0,1,0.009744617,0,10-20
19.0,146.0,12.0,1,0.010498746,0,10-20
19.0,147.0,11.0,1,0.010981658,0,10-20
19.0,148.0,10.0,1,0.011573556,0,0-10
19.0,149.0,9.0,1,0.012279728,0,0-10
19.0,150.0,8.0,1,0.012837983,0,0-10
19.0,151.0,7.0,1,0.013542854,1,0-10
19.0,152.0,6.0,1,0.013870824,1,0-10
19.0,153.0,5.0,1,0.014252667,1,0-10
19.0,154.0,4.0,1,0.0149074495,1,0-10
19.0,155.0,3.0,1,0.015809625,1,0-10
19.0,156.0,2.0,1,0.016579352,1,0-10
19.0,157.0,1.0,1,0.017472066,1,0-10
19.0,158.0,0.0,1,0.018647473,1,0-10
20.0,204.0,30.0,1,0.006879407,0,20-30
20.0,205.0,29.0,1,0.007011893,0,20-30
20.0,206.0,28.0,1,0.0070812567,0,20-30
20.0,207.0,27.0,1,0.007286069,0,20-30
20.0,208.0,26.0,1,0.0074942186,0,20-30
20.0,209.0,25.0,1,0.0075166067,0,20-30
20.0,210.0,24.0,1,0.0077789533,0,20-30
20.0,211.0,23.0,1,0.0080915205,0,20-30
20.0,212.0,22.0,1,0.008180287,0,20-30
20.0,213.0,21.0,1,0.0084266085,0,20-30
20.0,214.0,20.0,1,0.008894671,0,10-20
20.0,215.0,19.0,1,0.009278417,0,10-20
20.0,216.0,18.0,1,0.009618842,0,10-20
20.0,217.0,17.0,1,0.010056349,0,10-20
20.0,218.0,16.0,1,0.010393988,0,10-20
20.0,219.0,15.0,1,0.010777233,0,10-20
20.0,220.0,14.0,1,0.01103305,0,10-20
20.0,221.0,13.0,1,0.011508775,0,10-20
20.0,222.0,12.0,1,0.011799297,0,10-20
20.0,223.0,11.0,1,0.012203545,0,10-20
20.0,224.0,10.0,1,0.012425012,0,0-10
20.0,225.0,9.0,1,0.013042332,0,0-10
20.0,226.0,8.0,1,0.013155222,0,0-10
20.0,227.0,7.0,1,0.013698589,1,0-10
20.0,228.0,6.0,1,0.0141300205,1,0-10
20.0,229.0,5.0,1,0.014552842,1,0-10
20.0,230.0,4.0,1,0.015092698,1,0-10
20.0,231.0,3.0,1,0.015950073,1,0-10
20.0,232.0,2.0,1,0.017296607,1,0-10
20.0,233.0,1.0,1,0.018050455,1,0-10
20.0,234.0,0.0,1,0.018289004,1,0-10
21.0,165.0,30.0,1,0.0057626325,0,20-30
21.0,166.0,29.0,1,0.005943797,0,20-30
21.0,167.0,28.0,1,0.006070067,0,20-30
21.0,168.0,27.0,1,0.0063206153,0,20-30
21.0,169.0,26.0,1,0.0064590536,0,20-30
21.0,170.0,25.0,1,0.006649406,0,20-30
21.0,171.0,24.0,1,0.0067345076,0,20-30
21.0,172.0,23.0,1,0.0070167026,0,20-30
21.0,173.0,22.0,1,0.0071432083,0,20-30
21.0,174.0,21.0,1,0.007365845,0,20-30
21.0,175.0,20.0,1,0.007874062,0,10-20
21.0,176.0,19.0,1,0.008099382,0,10-20
21.0,177.0,18.0,1,0.008302026,0,10-20
21.0,178.0,17.0,1,0.008659451,0,10-20
21.0,179.0,16.0,1,0.008891718,0,10-20
21.0,180.0,15.0,1,0.009284493,0,10-20
21.0,181.0,14.0,1,0.00984544,0,10-20
21.0,182.0,13.0,1,0.010820415,0,10-20
21.0,183.0,12.0,1,0.011217133,0,10-20
21.0,184.0,11.0,1,0.012018938,0,10-20
21.0,185.0,10.0,1,0.01250797,0,0-10
21.0,186.0,9.0,1,0.012998657,0,0-10
21.0,187.0,8.0,1,0.014078248,1,0-10
21.0,188.0,7.0,1,0.014931755,1,0-10
21.0,189.0,6.0,1,0.015668541,1,0-10
21.0,190.0,5.0,1,0.01678771,1,0-10
21.0,191.0,4.0,1,0.017748745,1,0-10
21.0,192.0,3.0,1,0.018958244,1,0-10
21.0,193.0,2.0,1,0.020449562,1,0-10
21.0,194.0,1.0,1,0.022293719,1,0-10
21.0,195.0,0.0,1,0.02415561,1,0-10
22.0,172.0,30.0,1,0.0075112,0,20-30
22.0,173.0,29.0,1,0.0074866656,0,20-30
22.0,174.0,28.0,1,0.007733743,0,20-30
22.0,175.0,27.0,1,0.007950374,0,20-30
22.0,176.0,26.0,1,0.008033788,0,20-30
22.0,177.0,25.0,1,0.008071873,0,20-30
22.0,178.0,24.0,1,0.008697199,0,20-30
22.0,179.0,23.0,1,0.008966685,0,20-30
22.0,180.0,22.0,1,0.009246548,0,20-30
22.0,181.0,21.0,1,0.009494397,0,20-30
22.0,182.0,20.0,1,0.009569354,0,10-20
22.0,183.0,19.0,1,0.010030119,0,10-20
22.0,184.0,18.0,1,0.01018546,0,10-20
22.0,185.0,17.0,1,0.010348178,0,10-20
22.0,186.0,16.0,1,0.010450198,0,10-20
22.0,187.0,15.0,1,0.011025472,0,10-20
22.0,188.0,14.0,1,0.0114884125,0,10-20
22.0,189.0,13.0,1,0.012038041,0,10-20
22.0,190.0,12.0,1,0.012235716,0,10-20
22.0,191.0,11.0,1,0.012786332,0,10-20
22.0,192.0,10.0,1,0.013223449,0,0-10
22.0,193.0,9.0,1,0.013968763,1,0-10
22.0,194.0,8.0,1,0.014342672,1,0-10
22.0,195.0,7.0,1,0.015338552,1,0-10
22.0,196.0,6.0,1,0.015689665,1,0-10
22.0,197.0,5.0,1,0.016479507,1,0-10
22.0,198.0,4.0,1,0.016890056,1,0-10
22.0,199.0,3.0,1,0.01755113,1,0-10
22.0,200.0,2.0,1,0.018009475,1,0-10
22.0,201.0,1.0,1,0.018419053,1,0-10
22.0,202.0,0.0,1,0.019607006,1,0-10
23.0,138.0,30.0,1,0.0049186815,0,20-30
23.0,139.0,29.0,1,0.005028344,0,20-30
23.0,140.0,28.0,1,0.0051388503,0,20-30
23.0,141.0,27.0,1,0.00534627,0,20-30
23.0,142.0,26.0,1,0.0055088704,0,20-30
23.0,143.0,25.0,1,0.005600901,0,20-30
23.0,144.0,24.0,1,0.005544645,0,20-30
23.0,145.0,23.0,1,0.005545105,0,20-30
23.0,146.0,22.0,1,0.0057161306,0,20-30
23.0,147.0,21.0,1,0.0057927137,0,20-30
23.0,148.0,20.0,1,0.005894041,0,10-20
23.0,149.0,19.0,1,0.0061048954,0,10-20
23.0,150.0,18.0,1,0.0063201752,0,10-20
23.0,151.0,17.0,1,0.006619157,0,10-20
23.0,152.0,16.0,1,0.0067375395,0,10-20
23.0,153.0,15.0,1,0.0071873153,0,10-20
23.0,154.0,14.0,1,0.0074790786,0,10-20
23.0,155.0,13.0,1,0.0075543066,0,10-20
23.0,156.0,12.0,1,0.0077927453,0,10-20
23.0,157.0,11.0,1,0.008356653,0,10-20
23.0,158.0,10.0,1,0.008818208,0,0-10
23.0,159.0,9.0,1,0.009486373,0,0-10
23.0,160.0,8.0,1,0.009936676,0,0-10
23.0,161.0,7.0,1,0.010514517,0,0-10
23.0,162.0,6.0,1,0.011115923,0,0-10
23.0,163.0,5.0,1,0.011447597,0,0-10
23.0,164.0,4.0,1,0.01240703,0,0-10
23.0,165.0,3.0,1,0.012988582,0,0-10
23.0,166.0,2.0,1,0.013743326,1,0-10
23.0,167.0,1.0,1,0.014663038,1,0-10
23.0,168.0,0.0,1,0.015679771,1,0-10
24.0,117.0,30.0,1,0.004875904,0,20-30
24.0,118.0,29.0,1,0.004888352,0,20-30
24.0,119.0,28.0,1,0.0046179323,0,20-30
24.0,120.0,27.0,1,0.0046572243,0,20-30
24.0,121.0,26.0,1,0.0048793033,0,20-30
24.0,122.0,25.0,1,0.0049773916,0,20-30
24.0,123.0,24.0,1,0.0050204936,0,20-30
24.0,124.0,23.0,1,0.0048970585,0,20-30
24.0,125.0,22.0,1,0.0049123657,0,20-30
24.0,126.0,21.0,1,0.0049751904,0,20-30
24.0,127.0,20.0,1,0.0051404713,0,10-20
24.0,128.0,19.0,1,0.005229281,0,10-20
24.0,129.0,18.0,1,0.0052588955,0,10-20
24.0,130.0,17.0,1,0.0053223316,0,10-20
24.0,131.0,16.0,1,0.005384939,0,10-20
24.0,132.0,15.0,1,0.0053364444,0,10-20
24.0,133.0,14.0,1,0.0058346386,0,10-20
24.0,134.0,13.0,1,0.00623025,0,10-20
24.0,135.0,12.0,1,0.0064405664,0,10-20
24.0,136.0,11.0,1,0.006870819,0,10-20
24.0,137.0,10.0,1,0.0071208514,0,0-10
24.0,138.0,9.0,1,0.00707255,0,0-10
24.0,139.0,8.0,1,0.007494297,0,0-10
24.0,140.0,7.0,1,0.0079449965,0,0-10
24.0,141.0,6.0,1,0.008379203,0,0-10
24.0,142.0,5.0,1,0.009221778,0,0-10
24.0,143.0,4.0,1,0.010022656,0,0-10
24.0,144.0,3.0,1,0.010862213,0,0-10
24.0,145.0,2.0,1,0.011605818,0,0-10
24.0,146.0,1.0,1,0.01265697,0,0-10
24.0,147.0,0.0,1,0.013598001,1,0-10
25.0,200.0,30.0,1,0.0069886292,0,20-30
25.0,201.0,29.0,1,0.0073818304,0,20-30
25.0,202.0,28.0,1,0.007585335,0,20-30
25.0,203.0,27.0,1,0.0077117323,0,20-30
25.0,204.0,26.0,1,0.008009377,0,20-30
25.0,205.0,25.0,1,0.0081956005,0,20-30
25.0,206.0,24.0,1,0.008532032,0,20-30
25.0,207.0,23.0,1,0.008830711,0,20-30
25.0,208.0,22.0,1,0.009473254,0,20-30
25.0,209.0,21.0,1,0.009755657,0,20-30
25.0,210.0,20.0,1,0.010204947,0,10-20
25.0,211.0,19.0,1,0.010509277,0,10-20
25.0,212.0,18.0,1,0.0110685555,0,10-20
25.0,213.0,17.0,1,0.011643183,0,10-20
25.0,214.0,16.0,1,0.012137685,0,10-20
25.0,215.0,15.0,1,0.012457501,0,10-20
25.0,216.0,14.0,1,0.0131109245,0,10-20
25.0,217.0,13.0,1,0.0138533395,1,10-20
25.0,218.0,12.0,1,0.01461852,1,10-20
25.0,219.0,11.0,1,0.015293387,1,10-20
25.0,220.0,10.0,1,0.016139278,1,0-10
25.0,221.0,9.0,1,0.01683128,1,0-10
25.0,222.0,8.0,1,0.017625013,1,0-10
25.0,223.0,7.0,1,0.018603625,1,0-10
25.0,224.0,6.0,1,0.019837884,1,0-10
25.0,225.0,5.0,1,0.020844212,1,0-10
25.0,226.0,4.0,1,0.021467006,1,0-10
25.0,227.0,3.0,1,0.022825776,1,0-10
25.0,228.0,2.0,1,0.024167713,1,0-10
25.0,229.0,1.0,1,0.025423927,1,0-10
25.0,230.0,0.0,1,0.02680632,1,0-10
26.0,169.0,30.0,1,0.00671177,0,20-30
26.0,170.0,29.0,1,0.0069706426,0,20-30
26.0,171.0,28.0,1,0.0071696783,0,20-30
26.0,172.0,27.0,1,0.0073566576,0,20-30
26.0,173.0,26.0,1,0.007639841,0,20-30
26.0,174.0,25.0,1,0.0077810106,0,20-30
26.0,175.0,24.0,1,0.008018557,0,20-30
26.0,176.0,23.0,1,0.008279549,0,20-30
26.0,177.0,22.0,1,0.008711059,0,20-30
26.0,178.0,21.0,1,0.009007182,0,20-30
26.0,179.0,20.0,1,0.009370048,0,10-20
26.0,180.0,19.0,1,0.009512871,0,10-20
26.0,181.0,18.0,1,0.0099356985,0,10-20
26.0,182.0,17.0,1,0.010337953,0,10-20
26.0,183.0,16.0,1,0.01092365,0,10-20
26.0,184.0,15.0,1,0.011248924,0,10-20
26.0,185.0,14.0,1,0.011838212,0,10-20
26.0,186.0,13.0,1,0.012562543,0,10-20
26.0,187.0,12.0,1,0.013382779,1,10-20
26.0,188.0,11.0,1,0.014299952,1,10-20
26.0,189.0,10.0,1,0.014793411,1,0-10
26.0,190.0,9.0,1,0.015377936,1,0-10
26.0,191.0,8.0,1,0.01637005,1,0-10
26.0,192.0,7.0,1,0.017072747,1,0-10
26.0,193.0,6.0,1,0.017853098,1,0-10
26.0,194.0,5.0,1,0.018824883,1,0-10
26.0,195.0,4.0,1,0.019807827,1,0-10
26.0,196.0,3.0,1,0.020907465,1,0-10
26.0,197.0,2.0,1,0.022213673,1,0-10
26.0,198.0,1.0,1,0.023178503,1,0-10
26.0,199.0,0.0,1,0.025177231,1,0-10
27.0,126.0,30.0,1,0.005686385,0,20-30
27.0,127.0,29.0,1,0.0056528538,0,20-30
27.0,128.0,28.0,1,0.0057497425,0,20-30
27.0,129.0,27.0,1,0.005600303,0,20-30
27.0,130.0,26.0,1,0.005637669,0,20-30
27.0,131.0,25.0,1,0.0059373346,0,20-30
27.0,132.0,24.0,1,0.006020438,0,20-30
27.0,133.0,23.0,1,0.006167918,0,20-30
27.0,134.0,22.0,1,0.0064099818,0,20-30
27.0,135.0,21.0,1,0.0065362556,0,20-30
27.0,136.0,20.0,1,0.0066930875,0,10-20
27.0,137.0,19.0,1,0.007063303,0,10-20
27.0,138.0,18.0,1,0.0077114245,0,10-20
27.0,139.0,17.0,1,0.008029807,0,10-20
27.0,140.0,16.0,1,0.008295195,0,10-20
27.0,141.0,15.0,1,0.008676619,0,10-20
27.0,142.0,14.0,1,0.008895273,0,10-20
27.0,143.0,13.0,1,0.009217844,0,10-20
27.0,144.0,12.0,1,0.009757261,0,10-20
27.0,145.0,11.0,1,0.010386734,0,10-20
27.0,146.0,10.0,1,0.011308919,0,0-10
27.0,147.0,9.0,1,0.01199869,0,0-10
27.0,148.0,8.0,1,0.012637252,0,0-10
27.0,149.0,7.0,1,0.013138329,0,0-10
27.0,150.0,6.0,1,0.014014443,1,0-10
27.0,151.0,5.0,1,0.014904304,1,0-10
27.0,152.0,4.0,1,0.015755847,1,0-10
27.0,153.0,3.0,1,0.01664481,1,0-10
27.0,154.0,2.0,1,0.017924331,1,0-10
27.0,155.0,1.0,1,0.019111808,1,0-10
27.0,156.0,0.0,1,0.020383349,1,0-10
28.0,135.0,30.0,1,0.006604645,0,20-30
28.0,136.0,29.0,1,0.0067723966,0,20-30
28.0,137.0,28.0,1,0.0069901,0,20-30
28.0,138.0,27.0,1,0.0052871313,0,20-30
28.0,139.0,26.0,1,0.0054644374,0,20-30
28.0,140.0,25.0,1,0.0054900353,0,20-30
28.0,141.0,24.0,1,0.005469028,0,20-30
28.0,142.0,23.0,1,0.00594809,0,20-30
28.0,143.0,22.0,1,0.005971238,0,20-30
28.0,144.0,21.0,1,0.0058775395,0,20-30
28.0,145.0,20.0,1,0.006123139,0,10-20
28.0,146.0,19.0,1,0.0060991677,0,10-20
28.0,147.0,18.0,1,0.0060974285,0,10-20
28.0,148.0,17.0,1,0.006575457,0,10-20
28.0,149.0,16.0,1,0.006673349,0,10-20
28.0,150.0,15.0,1,0.0068160538,0,10-20
28.0,151.0,14.0,1,0.0070241676,0,10-20
28.0,152.0,13.0,1,0.006959406,0,10-20
28.0,153.0,12.0,1,0.007062915,0,10-20
28.0,154.0,11.0,1,0.0070287413,0,10-20
28.0,155.0,10.0,1,0.0071686697,0,0-10
28.0,156.0,9.0,1,0.007198655,0,0-10
28.0,157.0,8.0,1,0.0073894006,0,0-10
28.0,158.0,7.0,1,0.0076988107,0,0-10
28.0,159.0,6.0,1,0.008411742,0,0-10
28.0,160.0,5.0,1,0.008868643,0,0-10
28.0,161.0,4.0,1,0.00932537,0,0-10
28.0,162.0,3.0,1,0.010287247,0,0-10
28.0,163.0,2.0,1,0.010868056,0,0-10
28.0,164.0,1.0,1,0.011562133,0,0-10
28.0,165.0,0.0,1,0.012471092,0,0-10
29.0,133.0,30.0,1,0.0048395125,0,20-30
29.0,134.0,29.0,1,0.0048131393,0,20-30
29.0,135.0,28.0,1,0.0048524486,0,20-30
29.0,136.0,27.0,1,0.004806101,0,20-30
29.0,137.0,26.0,1,0.004712742,0,20-30
29.0,138.0,25.0,1,0.0048691207,0,20-30
29.0,139.0,24.0,1,0.0049726036,0,20-30
29.0,140.0,23.0,1,0.004804125,0,20-30
29.0,141.0,22.0,1,0.004924665,0,20-30
29.0,142.0,21.0,1,0.005092321,0,20-30
29.0,143.0,20.0,1,0.0051073106,0,10-20
29.0,144.0,19.0,1,0.005257358,0,10-20
29.0,145.0,18.0,1,0.00555204,0,10-20
29.0,146.0,17.0,1,0.005528465,0,10-20
29.0,147.0,16.0,1,0.0056822705,0,10-20
29.0,148.0,15.0,1,0.0058101094,0,10-20
29.0,149.0,14.0,1,0.0062071513,0,10-20
29.0,150.0,13.0,1,0.00701182,0,10-20
29.0,151.0,12.0,1,0.0072245207,0,10-20
29.0,152.0,11.0,1,0.0075978935,0,10-20
29.0,153.0,10.0,1,0.007921818,0,0-10
29.0,154.0,9.0,1,0.008560439,0,0-10
29.0,155.0,8.0,1,0.009108645,0,0-10
29.0,156.0,7.0,1,0.009565388,0,0-10
29.0,157.0,6.0,1,0.009997356,0,0-10
29.0,158.0,5.0,1,0.010805025,0,0-10
29.0,159.0,4.0,1,0.011806402,0,0-10
29.0,160.0,3.0,1,0.012751544,0,0-10
29.0,161.0,2.0,1,0.01345594,1,0-10
29.0,162.0,1.0,1,0.014283755,1,0-10
29.0,163.0,0.0,1,0.015456492,1,0-10
30.0,164.0,30.0,1,0.005138906,0,20-30
30.0,165.0,29.0,1,0.0049944636,0,20-30
30.0,166.0,28.0,1,0.0049645286,0,20-30
30.0,167.0,27.0,1,0.0047929813,0,20-30
30.0,168.0,26.0,1,0.0049609696,0,20-30
30.0,169.0,25.0,1,0.005151932,0,20-30
30.0,170.0,24.0,1,0.0051165763,0,20-30
30.0,171.0,23.0,1,0.005095801,0,20-30
30.0,172.0,22.0,1,0.0050489088,0,20-30
30.0,173.0,21.0,1,0.005097514,0,20-30
30.0,174.0,20.0,1,0.005307209,0,10-20
30.0,175.0,19.0,1,0.0055083637,0,10-20
30.0,176.0,18.0,1,0.0057175905,0,10-20
30.0,177.0,17.0,1,0.0057108956,0,10-20
30.0,178.0,16.0,1,0.005794705,0,10-20
30.0,179.0,15.0,1,0.005684697,0,10-20
30.0,180.0,14.0,1,0.0059459866,0,10-20
30.0,181.0,13.0,1,0.006105951,0,10-20
30.0,182.0,12.0,1,0.006513297,0,10-20
30.0,183.0,11.0,1,0.006884866,0,10-20
30.0,184.0,10.0,1,0.0073093153,0,0-10
30.0,185.0,9.0,1,0.007406306,0,0-10
30.0,186.0,8.0,1,0.007457875,0,0-10
30.0,187.0,7.0,1,0.007986974,0,0-10
30.0,188.0,6.0,1,0.008437914,0,0-10
30.0,189.0,5.0,1,0.009085238,0,0-10
30.0,190.0,4.0,1,0.009436885,0,0-10
30.0,191.0,3.0,1,0.010070025,0,0-10
30.0,192.0,2.0,1,0.010564656,0,0-10
30.0,193.0,1.0,1,0.011314882,0,0-10
30.0,194.0,0.0,1,0.012715102,0,0-10
31.0,204.0,30.0,1,0.005214309,0,20-30
31.0,205.0,29.0,1,0.005446842,0,20-30
31.0,206.0,28.0,1,0.005449405,0,20-30
31.0,207.0,27.0,1,0.0054742093,0,20-30
31.0,208.0,26.0,1,0.0055928878,0,20-30
31.0,209.0,25.0,1,0.0055335197,0,20-30
31.0,210.0,24.0,1,0.005553118,0,20-30
31.0,211.0,23.0,1,0.0059965234,0,20-30
31.0,212.0,22.0,1,0.0060604257,0,20-30
31.0,213.0,21.0,1,0.0060530403,0,20-30
31.0,214.0,20.0,1,0.0061778803,0,10-20
31.0,215.0,19.0,1,0.0064970674,0,10-20
31.0,216.0,18.0,1,0.0064434293,0,10-20
31.0,217.0,17.0,1,0.006432279,0,10-20
31.0,218.0,16.0,1,0.0066385735,0,10-20
31.0,219.0,15.0,1,0.0068464912,0,10-20
31.0,220.0,14.0,1,0.007141344,0,10-20
31.0,221.0,13.0,1,0.0076802988,0,10-20
31.0,222.0,12.0,1,0.007698328,0,10-20
31.0,223.0,11.0,1,0.008343982,0,10-20
31.0,224.0,10.0,1,0.008825611,0,0-10
31.0,225.0,9.0,1,0.009071687,0,0-10
31.0,226.0,8.0,1,0.009564464,0,0-10
31.0,227.0,7.0,1,0.010147949,0,0-10
31.0,228.0,6.0,1,0.010513103,0,0-10
31.0,229.0,5.0,1,0.011556065,0,0-10
31.0,230.0,4.0,1,0.012178877,0,0-10
31.0,231.0,3.0,1,0.013027467,0,0-10
31.0,232.0,2.0,1,0.013899649,1,0-10
31.0,233.0,1.0,1,0.014413662,1,0-10
31.0,234.0,0.0,1,0.015234175,1,0-10
32.0,161.0,30.0,1,0.006405679,0,20-30
32.0,162.0,29.0,1,0.006629252,0,20-30
32.0,163.0,28.0,1,0.006891219,0,20-30
32.0,164.0,27.0,1,0.00693446,0,20-30
32.0,165.0,26.0,1,0.007034035,0,20-30
32.0,166.0,25.0,1,0.0072043375,0,20-30
32.0,167.0,24.0,1,0.0076311617,0,20-30
32.0,168.0,23.0,1,0.007815986,0,20-30
32.0,169.0,22.0,1,0.008312703,0,20-30
32.0,170.0,21.0,1,0.008491259,0,20-30
32.0,171.0,20.0,1,0.00868605,0,10-20
32.0,172.0,19.0,1,0.008951277,0,10-20
32.0,173.0,18.0,1,0.009360729,0,10-20
32.0,174.0,17.0,1,0.009820631,0,10-20
32.0,175.0,16.0,1,0.009902567,0,10-20
32.0,176.0,15.0,1,0.010166618,0,10-20
32.0,177.0,14.0,1,0.01070882,0,10-20
32.0,178.0,13.0,1,0.01137777,0,10-20
32.0,179.0,12.0,1,0.012051388,0,10-20
32.0,180.0,11.0,1,0.012539234,0,10-20
32.0,181.0,10.0,1,0.013424742,1,0-10
32.0,182.0,9.0,1,0.013791097,1,0-10
32.0,183.0,8.0,1,0.014051944,1,0-10
32.0,184.0,7.0,1,0.014504828,1,0-10
32.0,185.0,6.0,1,0.015164906,1,0-10
32.0,186.0,5.0,1,0.015811013,1,0-10
32.0,187.0,4.0,1,0.016520923,1,0-10
32.0,188.0,3.0,1,0.017043483,1,0-10
32.0,189.0,2.0,1,0.017256262,1,0-10
32.0,190.0,1.0,1,0.018390566,1,0-10
32.0,191.0,0.0,1,0.019288389,1,0-10
33.0,170.0,30.0,1,0.007655344,0,20-30
33.0,171.0,29.0,1,0.0074615786,0,20-30
33.0,172.0,28.0,1,0.0072432593,0,20-30
33.0,173.0,27.0,1,0.0070594293,0,20-30
33.0,174.0,26.0,1,0.0050560148,0,20-30
33.0,175.0,25.0,1,0.005175637,0,20-30
33.0,176.0,24.0,1,0.0053425874,0,20-30
33.0,177.0,23.0,1,0.005545627,0,20-30
33.0,178.0,22.0,1,0.005571779,0,20-30
33.0,179.0,21.0,1,0.0055098324,0,20-30
33.0,180.0,20.0,1,0.0054586083,0,10-20
33.0,181.0,19.0,1,0.0056759133,0,10-20
33.0,182.0,18.0,1,0.0056388346,0,10-20
33.0,183.0,17.0,1,0.0057868822,0,10-20
33.0,184.0,16.0,1,0.005816993,0,10-20
33.0,185.0,15.0,1,0.005956717,0,10-20
33.0,186.0,14.0,1,0.0060470966,0,10-20
33.0,187.0,13.0,1,0.006188885,0,10-20
33.0,188.0,12.0,1,0.0062315864,0,10-20
33.0,189.0,11.0,1,0.0064744214,0,10-20
33.0,190.0,10.0,1,0.007013281,0,0-10
33.0,191.0,9.0,1,0.00718274,0,0-10
33.0,192.0,8.0,1,0.007486158,0,0-10
33.0,193.0,7.0,1,0.0077063804,0,0-10
33.0,194.0,6.0,1,0.008520053,0,0-10
33.0,195.0,5.0,1,0.0090298,0,0-10
33.0,196.0,4.0,1,0.009801506,0,0-10
33.0,197.0,3.0,1,0.010537554,0,0-10
33.0,198.0,2.0,1,0.0113283945,0,0-10
33.0,199.0,1.0,1,0.012435382,0,0-10
33.0,200.0,0.0,1,0.013525423,1,0-10
34.0,165.0,30.0,1,0.0070225834,0,20-30
34.0,166.0,29.0,1,0.0071190866,0,20-30
34.0,167.0,28.0,1,0.0073278854,0,20-30
34.0,168.0,27.0,1,0.007517764,0,20-30
34.0,169.0,26.0,1,0.0076356065,0,20-30
34.0,170.0,25.0,1,0.007674726,0,20-30
34.0,171.0,24.0,1,0.007658345,0,20-30
34.0,172.0,23.0,1,0.007971241,0,20-30
34.0,173.0,22.0,1,0.008455666,0,20-30
34.0,174.0,21.0,1,0.0087049855,0,20-30
34.0,175.0,20.0,1,0.009103144,0,10-20
34.0,176.0,19.0,1,0.00935775,0,10-20
34.0,177.0,18.0,1,0.009662478,0,10-20
34.0,178.0,17.0,1,0.010197317,0,10-20
34.0,179.0,16.0,1,0.010596865,0,10-20
34.0,180.0,15.0,1,0.0109465,0,10-20
34.0,181.0,14.0,1,0.011327402,0,10-20
34.0,182.0,13.0,1,0.012003988,0,10-20
34.0,183.0,12.0,1,0.012654331,0,10-20
34.0,184.0,11.0,1,0.013178944,0,10-20
34.0,185.0,10.0,1,0.013955799,1,0-10
34.0,186.0,9.0,1,0.015008987,1,0-10
34.0,187.0,8.0,1,0.016028551,1,0-10
34.0,188.0,7.0,1,0.016896268,1,0-10
34.0,189.0,6.0,1,0.017857753,1,0-10
34.0,190.0,5.0,1,0.01917311,1,0-10
34.0,191.0,4.0,1,0.020413827,1,0-10
34.0,192.0,3.0,1,0.021932531,1,0-10
34.0,193.0,2.0,1,0.02307825,1,0-10
34.0,194.0,1.0,1,0.024143675,1,0-10
34.0,195.0,0.0,1,0.025734903,1,0-10
35.0,151.0,30.0,1,0.0051107584,0,20-30
35.0,152.0,29.0,1,0.005446395,0,20-30
35.0,153.0,28.0,1,0.0054218937,0,20-30
35.0,154.0,27.0,1,0.0054418636,0,20-30
35.0,155.0,26.0,1,0.0058015026,0,20-30
35.0,156.0,25.0,1,0.00588115,0,20-30
35.0,157.0,24.0,1,0.0060216337,0,20-30
35.0,158.0,23.0,1,0.0063336203,0,20-30
35.0,159.0,22.0,1,0.0065409555,0,20-30
35.0,160.0,21.0,1,0.0065704077,0,20-30
35.0,161.0,20.0,1,0.006767481,0,10-20
35.0,162.0,19.0,1,0.006835996,0,10-20
35.0,163.0,18.0,1,0.0069176066,0,10-20
35.0,164.0,17.0,1,0.007243285,0,10-20
35.0,165.0,16.0,1,0.007642369,0,10-20
35.0,166.0,15.0,1,0.007922653,0,10-20
35.0,167.0,14.0,1,0.008284081,0,10-20
35.0,168.0,13.0,1,0.008497396,0,10-20
35.0,169.0,12.0,1,0.008671565,0,10-20
35.0,170.0,11.0,1,0.009062312,0,10-20
35.0,171.0,10.0,1,0.009530788,0,0-10
35.0,172.0,9.0,1,0.010244722,0,0-10
35.0,173.0,8.0,1,0.010564996,0,0-10
35.0,174.0,7.0,1,0.0112931235,0,0-10
35.0,175.0,6.0,1,0.011670863,0,0-10
35.0,176.0,5.0,1,0.012586185,0,0-10
35.0,177.0,4.0,1,0.013197643,0,0-10
35.0,178.0,3.0,1,0.0138911465,1,0-10
35.0,179.0,2.0,1,0.014733713,1,0-10
35.0,180.0,1.0,1,0.015363591,1,0-10
35.0,181.0,0.0,1,0.016281905,1,0-10
36.0,128.0,30.0,1,0.0051506893,0,20-30
36.0,129.0,29.0,1,0.0051296744,0,20-30
36.0,130.0,28.0,1,0.005121073,0,20-30
36.0,131.0,27.0,1,0.0053300383,0,20-30
36.0,132.0,26.0,1,0.0053979023,0,20-30
36.0,133.0,25.0,1,0.005502797,0,20-30
36.0,134.0,24.0,1,0.005897616,0,20-30
36.0,135.0,23.0,1,0.0062991097,0,20-30
36.0,136.0,22.0,1,0.006402339,0,20-30
36.0,137.0,21.0,1,0.006454517,0,20-30
36.0,138.0,20.0,1,0.0068027754,0,10-20
36.0,139.0,19.0,1,0.006747352,0,10-20
36.0,140.0,18.0,1,0.007283068,0,10-20
36.0,141.0,17.0,1,0.007460873,0,10-20
36.0,142.0,16.0,1,0.0073681683,0,10-20
36.0,143.0,15.0,1,0.0074103274,0,10-20
36.0,144.0,14.0,1,0.00777635,0,10-20
36.0,145.0,13.0,1,0.008101172,0,10-20
36.0,146.0,12.0,1,0.00848292,0,10-20
36.0,147.0,11.0,1,0.008998291,0,10-20
36.0,148.0,10.0,1,0.009251364,0,0-10
36.0,149.0,9.0,1,0.009684636,0,0-10
36.0,150.0,8.0,1,0.009984307,0,0-10
36.0,151.0,7.0,1,0.010294733,0,0-10
36.0,152.0,6.0,1,0.010918515,0,0-10
36.0,153.0,5.0,1,0.011104399,0,0-10
36.0,154.0,4.0,1,0.011750511,0,0-10
36.0,155.0,3.0,1,0.012518812,0,0-10
36.0,156.0,2.0,1,0.013315209,1,0-10
36.0,157.0,1.0,1,0.013925055,1,0-10
36.0,158.0,0.0,1,0.015067592,1,0-10
37.0,140.0,30.0,1,0.0049596233,0,20-30
37.0,141.0,29.0,1,0.005052052,0,20-30
37.0,142.0,28.0,1,0.005186243,0,20-30
37.0,143.0,27.0,1,0.005437247,0,20-30
37.0,144.0,26.0,1,0.0054412354,0,20-30
37.0,145.0,25.0,1,0.0055730706,0,20-30
37.0,146.0,24.0,1,0.0058527035,0,20-30
37.0,147.0,23.0,1,0.0058597554,0,20-30
37.0,148.0,22.0,1,0.0058990642,0,20-30
37.0,149.0,21.0,1,0.006093759,0,20-30
37.0,150.0,20.0,1,0.006391827,0,10-20
37.0,151.0,19.0,1,0.0064602774,0,10-20
37.0,152.0,18.0,1,0.00683434,0,10-20
37.0,153.0,17.0,1,0.0071349633,0,10-20
37.0,154.0,16.0,1,0.0072248927,0,10-20
37.0,155.0,15.0,1,0.00776944,0,10-20
37.0,156.0,14.0,1,0.007907181,0,10-20
37.0,157.0,13.0,1,0.00825062,0,10-20
37.0,158.0,12.0,1,0.008432935,0,10-20
37.0,159.0,11.0,1,0.008651944,0,10-20
37.0,160.0,10.0,1,0.0089012915,0,0-10
37.0,161.0,9.0,1,0.009442283,0,0-10
37.0,162.0,8.0,1,0.009937502,0,0-10
37.0,163.0,7.0,1,0.010508364,0,0-10
37.0,164.0,6.0,1,0.011545247,0,0-10
37.0,165.0,5.0,1,0.012037629,0,0-10
37.0,166.0,4.0,1,0.012700245,0,0-10
37.0,167.0,3.0,1,0.013769129,1,0-10
37.0,168.0,2.0,1,0.014510661,1,0-10
37.0,169.0,1.0,1,0.015116868,1,0-10
37.0,170.0,0.0,1,0.016313212,1,0-10
38.0,164.0,30.0,1,0.007119517,0,20-30
38.0,165.0,29.0,1,0.0072124447,0,20-30
38.0,166.0,28.0,1,0.0074635646,0,20-30
38.0,167.0,27.0,1,0.0076272045,0,20-30
38.0,168.0,26.0,1,0.007798164,0,20-30
38.0,169.0,25.0,1,0.008210502,0,20-30
38.0,170.0,24.0,1,0.00860628,0,20-30
38.0,171.0,23.0,1,0.008733219,0,20-30
38.0,172.0,22.0,1,0.009081225,0,20-30
38.0,173.0,21.0,1,0.009102003,0,20-30
38.0,174.0,20.0,1,0.009674245,0,10-20
38.0,175.0,19.0,1,0.009856031,0,10-20
38.0,176.0,18.0,1,0.010228702,0,10-20
38.0,177.0,17.0,1,0.010416682,0,10-20
38.0,178.0,16.0,1,0.011059084,0,10-20
38.0,179.0,15.0,1,0.011611922,0,10-20
38.0,180.0,14.0,1,0.01201706,0,10-20
38.0,181.0,13.0,1,0.0124142105,0,10-20
38.0,182.0,12.0,1,0.013059065,0,10-20
38.0,183.0,11.0,1,0.0134575125,1,10-20
38.0,184.0,10.0,1,0.014145243,1,0-10
38.0,185.0,9.0,1,0.014981196,1,0-10
38.0,186.0,8.0,1,0.015309629,1,0-10
38.0,187.0,7.0,1,0.016400047,1,0-10
38.0,188.0,6.0,1,0.017137863,1,0-10
38.0,189.0,5.0,1,0.01820519,1,0-10
38.0,190.0,4.0,1,0.01979549,1,0-10
38.0,191.0,3.0,1,0.021034615,1,0-10
38.0,192.0,2.0,1,0.022632597,1,0-10
38.0,193.0,1.0,1,0.024160538,1,0-10
38.0,194.0,0.0,1,0.026394818,1,0-10
39.0,98.0,30.0,1,0.004640855,0,20-30
39.0,99.0,29.0,1,0.0045109023,0,20-30
39.0,100.0,28.0,1,0.0046027726,0,20-30
39.0,101.0,27.0,1,0.0046133194,0,20-30
39.0,102.0,26.0,1,0.0048195417,0,20-30
39.0,103.0,25.0,1,0.0048710643,0,20-30
39.0,104.0,24.0,1,0.0048362985,0,20-30
39.0,105.0,23.0,1,0.0048658117,0,20-30
39.0,106.0,22.0,1,0.0053355554,0,20-30
39.0,107.0,21.0,1,0.0053714556,0,20-30
39.0,108.0,20.0,1,0.0051588104,0,10-20
39.0,109.0,19.0,1,0.0053934203,0,10-20
39.0,110.0,18.0,1,0.005780354,0,10-20
39.0,111.0,17.0,1,0.0060593183,0,10-20
39.0,112.0,16.0,1,0.006408618,0,10-20
39.0,113.0,15.0,1,0.006652027,0,10-20
39.0,114.0,14.0,1,0.0070597087,0,10-20
39.0,115.0,13.0,1,0.0076501044,0,10-20
39.0,116.0,12.0,1,0.008288959,0,10-20
39.0,117.0,11.0,1,0.008712975,0,10-20
39.0,118.0,10.0,1,0.009470015,0,0-10
39.0,119.0,9.0,1,0.0101484135,0,0-10
39.0,120.0,8.0,1,0.010792954,0,0-10
39.0,121.0,7.0,1,0.011450364,0,0-10
39.0,122.0,6.0,1,0.011956107,0,0-10
39.0,123.0,5.0,1,0.012592039,0,0-10
39.0,124.0,4.0,1,0.013027624,0,0-10
39.0,125.0,3.0,1,0.014483465,1,0-10
39.0,126.0,2.0,1,0.015293211,1,0-10
39.0,127.0,1.0,1,0.0166871,1,0-10
39.0,128.0,0.0,1,0.017965732,1,0-10
40.0,158.0,30.0,1,0.007911914,0,20-30
40.0,159.0,29.0,1,0.008121366,0,20-30
40.0,160.0,28.0,1,0.0083043575,0,20-30
40.0,161.0,27.0,1,0.008309275,0,20-30
40.0,162.0,26.0,1,0.008811828,0,20-30
40.0,163.0,25.0,1,0.008775723,0,20-30
40.0,164.0,24.0,1,0.009177291,0,20-30
40.0,165.0,23.0,1,0.009344747,0,20-30
40.0,166.0,22.0,1,0.00975742,0,20-30
40.0,167.0,21.0,1,0.010043164,0,20-30
40.0,168.0,20.0,1,0.010556058,0,10-20
40.0,169.0,19.0,1,0.011114939,0,10-20
40.0,170.0,18.0,1,0.011349085,0,10-20
40.0,171.0,17.0,1,0.01164859,0,10-20
40.0,172.0,16.0,1,0.012071177,0,10-20
40.0,173.0,15.0,1,0.012655994,0,10-20
40.0,174.0,14.0,1,0.013328057,1,10-20
40.0,175.0,13.0,1,0.013560201,1,10-20
40.0,176.0,12.0,1,0.014449257,1,10-20
40.0,177.0,11.0,1,0.015278898,1,10-20
40.0,178.0,10.0,1,0.01616074,1,0-10
40.0,179.0,9.0,1,0.01670249,1,0-10
40.0,180.0,8.0,1,0.017770395,1,0-10
40.0,181.0,7.0,1,0.018655455,1,0-10
40.0,182.0,6.0,1,0.019898953,1,0-10
40.0,183.0,5.0,1,0.020913139,1,0-10
40.0,184.0,4.0,1,0.021642316,1,0-10
40.0,185.0,3.0,1,0.022661507,1,0-10
40.0,186.0,2.0,1,0.023951223,1,0-10
40.0,187.0,1.0,1,0.025215806,1,0-10
40.0,188.0,0.0,1,0.026786963,1,0-10
41.0,186.0,30.0,1,0.0059517804,0,20-30
41.0,187.0,29.0,1,0.006112774,0,20-30
41.0,188.0,28.0,1,0.006586024,0,20-30
41.0,189.0,27.0,1,0.007012924,0,20-30
41.0,190.0,26.0,1,0.007107012,0,20-30
41.0,191.0,25.0,1,0.0073994263,0,20-30
41.0,192.0,24.0,1,0.007669627,0,20-30
41.0,193.0,23.0,1,0.007737327,0,20-30
41.0,194.0,22.0,1,0.007972699,0,20-30
41.0,195.0,21.0,1,0.008499699,0,20-30
41.0,196.0,20.0,1,0.0086837495,0,10-20
41.0,197.0,19.0,1,0.009030609,0,10-20
41.0,198.0,18.0,1,0.009302075,0,10-20
41.0,199.0,17.0,1,0.009654398,0,10-20
41.0,200.0,16.0,1,0.009894467,0,10-20
41.0,201.0,15.0,1,0.010291091,0,10-20
41.0,202.0,14.0,1,0.010764326,0,10-20
41.0,203.0,13.0,1,0.011134925,0,10-20
41.0,204.0,12.0,1,0.011536184,0,10-20
41.0,205.0,11.0,1,0.012090879,0,10-20
41.0,206.0,10.0,1,0.0126952045,0,0-10
41.0,207.0,9.0,1,0.013358528,1,0-10
41.0,208.0,8.0,1,0.014235935,1,0-10
41.0,209.0,7.0,1,0.015135765,1,0-10
41.0,210.0,6.0,1,0.016331905,1,0-10
41.0,211.0,5.0,1,0.017490767,1,0-10
41.0,212.0,4.0,1,0.018817717,1,0-10
41.0,213.0,3.0,1,0.020603055,1,0-10
41.0,214.0,2.0,1,0.022315932,1,0-10
41.0,215.0,1.0,1,0.023997584,1,0-10
41.0,216.0,0.0,1,0.025707101,1,0-10
42.0,166.0,30.0,1,0.0053256396,0,20-30
42.0,167.0,29.0,1,0.005269123,0,20-30
42.0,168.0,28.0,1,0.0055400417,0,20-30
42.0,169.0,27.0,1,0.0056882626,0,20-30
42.0,170.0,26.0,1,0.005792106,0,20-30
42.0,171.0,25.0,1,0.0059127016,0,20-30
42.0,172.0,24.0,1,0.00585252,0,20-30
42.0,173.0,23.0,1,0.0060295486,0,20-30
42.0,174.0,22.0,1,0.0060944646,0,20-30
42.0,175.0,21.0,1,0.006215214,0,20-30
42.0,176.0,20.0,1,0.0061108987,0,10-20
42.0,177.0,19.0,1,0.0062169726,0,10-20
42.0,178.0,18.0,1,0.006520352,0,10-20
42.0,179.0,17.0,1,0.006770948,0,10-20
42.0,180.0,16.0,1,0.006878676,0,10-20
42.0,181.0,15.0,1,0.007552129,0,10-20
42.0,182.0,14.0,1,0.007627805,0,10-20
42.0,183.0,13.0,1,0.0077580484,0,10-20
42.0,184.0,12.0,1,0.0077628624,0,10-20
42.0,185.0,11.0,1,0.007854462,0,10-20
42.0,186.0,10.0,1,0.00813495,0,0-10
42.0,187.0,9.0,1,0.008192164,0,0-10
42.0,188.0,8.0,1,0.008536793,0,0-10
42.0,189.0,7.0,1,0.00896369,0,0-10
42.0,190.0,6.0,1,0.009368592,0,0-10
42.0,191.0,5.0,1,0.010020593,0,0-10
42.0,192.0,4.0,1,0.010154912,0,0-10
42.0,193.0,3.0,1,0.011206585,0,0-10
42.0,194.0,2.0,1,0.011878831,0,0-10
42.0,195.0,1.0,1,0.012484611,0,0-10
42.0,196.0,0.0,1,0.013073373,0,0-10
43.0,177.0,30.0,1,0.005761458,0,20-30
43.0,178.0,29.0,1,0.0055893473,0,20-30
43.0,179.0,28.0,1,0.0055044354,0,20-30
43.0,180.0,27.0,1,0.0053840047,0,20-30
43.0,181.0,26.0,1,0.0055283667,0,20-30
43.0,182.0,25.0,1,0.0055991337,0,20-30
43.0,183.0,24.0,1,0.0056302412,0,20-30
43.0,184.0,23.0,1,0.005700795,0,20-30
43.0,185.0,22.0,1,0.005914114,0,20-30
43.0,186.0,21.0,1,0.0061019617,0,20-30
43.0,187.0,20.0,1,0.0060491874,0,10-20
43.0,188.0,19.0,1,0.00615441,0,10-20
43.0,189.0,18.0,1,0.006409921,0,10-20
43.0,190.0,17.0,1,0.00647287,0,10-20
43.0,191.0,16.0,1,0.0070206807,0,10-20
43.0,192.0,15.0,1,0.0069734454,0,10-20
43.0,193.0,14.0,1,0.00730512,0,10-20
43.0,194.0,13.0,1,0.007612137,0,10-20
43.0,195.0,12.0,1,0.007784681,0,10-20
43.0,196.0,11.0,1,0.007814895,0,10-20
43.0,197.0,10.0,1,0.00826347,0,0-10
43.0,198.0,9.0,1,0.008801296,0,0-10
43.0,199.0,8.0,1,0.009432453,0,0-10
43.0,200.0,7.0,1,0.009668034,0,0-10
43.0,201.0,6.0,1,0.010333914,0,0-10
43.0,202.0,5.0,1,0.010909215,0,0-10
43.0,203.0,4.0,1,0.01189932,0,0-10
43.0,204.0,3.0,1,0.012488594,0,0-10
43.0,205.0,2.0,1,0.013394973,1,0-10
43.0,206.0,1.0,1,0.0142362155,1,0-10
43.0,207.0,0.0,1,0.015273709,1,0-10
44.0,162.0,30.0,1,0.0048202844,0,20-30
44.0,163.0,29.0,1,0.004969664,0,20-30
44.0,164.0,28.0,1,0.00507949,0,20-30
44.0,165.0,27.0,1,0.005314395,0,20-30
44.0,166.0,26.0,1,0.0053811753,0,20-30
44.0,167.0,25.0,1,0.005559498,0,20-30
44.0,168.0,24.0,1,0.005649863,0,20-30
44.0,169.0,23.0,1,0.005896666,0,20-30
44.0,170.0,22.0,1,0.006069583,0,20-30
44.0,171.0,21.0,1,0.006140714,0,20-30
44.0,172.0,20.0,1,0.006423545,0,10-20
44.0,173.0,19.0,1,0.0065432307,0,10-20
44.0,174.0,18.0,1,0.0064888922,0,10-20
44.0,175.0,17.0,1,0.0065630856,0,10-20
44.0,176.0,16.0,1,0.006809201,0,10-20
44.0,177.0,15.0,1,0.006791167,0,10-20
44.0,178.0,14.0,1,0.0069865203,0,10-20
44.0,179.0,13.0,1,0.0073224124,0,10-20
44.0,180.0,12.0,1,0.007842946,0,10-20
44.0,181.0,11.0,1,0.008118026,0,10-20
44.0,182.0,10.0,1,0.008666626,0,0-10
44.0,183.0,9.0,1,0.0086031165,0,0-10
44.0,184.0,8.0,1,0.009045308,0,0-10
44.0,185.0,7.0,1,0.00964069,0,0-10
44.0,186.0,6.0,1,0.009834409,0,0-10
44.0,187.0,5.0,1,0.010469068,0,0-10
44.0,188.0,4.0,1,0.011121907,0,0-10
44.0,189.0,3.0,1,0.011585565,0,0-10
44.0,190.0,2.0,1,0.012474619,0,0-10
44.0,191.0,1.0,1,0.013168914,0,0-10
44.0,192.0,0.0,1,0.0145037705,1,0-10
45.0,128.0,30.0,1,0.005350038,0,20-30
45.0,129.0,29.0,1,0.005677553,0,20-30
45.0,130.0,28.0,1,0.0057343245,0,20-30
45.0,131.0,27.0,1,0.0059244917,0,20-30
45.0,132.0,26.0,1,0.006082211,0,20-30
45.0,133.0,25.0,1,0.0058945413,0,20-30
45.0,134.0,24.0,1,0.0058751157,0,20-30
45.0,135.0,23.0,1,0.006064665,0,20-30
45.0,136.0,22.0,1,0.0061994744,0,20-30
45.0,137.0,21.0,1,0.006360854,0,20-30
45.0,138.0,20.0,1,0.006478839,0,10-20
45.0,139.0,19.0,1,0.0068739024,0,10-20
45.0,140.0,18.0,1,0.0071011023,0,10-20
45.0,141.0,17.0,1,0.0073248213,0,10-20
45.0,142.0,16.0,1,0.0077171996,0,10-20
45.0,143.0,15.0,1,0.007511315,0,10-20
45.0,144.0,14.0,1,0.0075575723,0,10-20
45.0,145.0,13.0,1,0.00803365,0,10-20
45.0,146.0,12.0,1,0.008122305,0,10-20
45.0,147.0,11.0,1,0.00832228,0,10-20
45.0,148.0,10.0,1,0.008720792,0,0-10
45.0,149.0,9.0,1,0.009170452,0,0-10
45.0,150.0,8.0,1,0.009768677,0,0-10
45.0,151.0,7.0,1,0.009938289,0,0-10
45.0,152.0,6.0,1,0.010314045,0,0-10
45.0,153.0,5.0,1,0.010849919,0,0-10
45.0,154.0,4.0,1,0.011152829,0,0-10
45.0,155.0,3.0,1,0.012037401,0,0-10
45.0,156.0,2.0,1,0.012784224,0,0-10
45.0,157.0,1.0,1,0.013816725,1,0-10
45.0,158.0,0.0,1,0.014957441,1,0-10
46.0,226.0,30.0,1,0.0048596375,0,20-30
46.0,227.0,29.0,1,0.0050427206,0,20-30
46.0,228.0,28.0,1,0.005119914,0,20-30
46.0,229.0,27.0,1,0.005229394,0,20-30
46.0,230.0,26.0,1,0.005470539,0,20-30
46.0,231.0,25.0,1,0.005577817,0,20-30
46.0,232.0,24.0,1,0.005545376,0,20-30
46.0,233.0,23.0,1,0.0055884398,0,20-30
46.0,234.0,22.0,1,0.005714678,0,20-30
46.0,235.0,21.0,1,0.005906517,0,20-30
46.0,236.0,20.0,1,0.0060678856,0,10-20
46.0,237.0,19.0,1,0.006157192,0,10-20
46.0,238.0,18.0,1,0.0062429346,0,10-20
46.0,239.0,17.0,1,0.006377976,0,10-20
46.0,240.0,16.0,1,0.0066509354,0,10-20
46.0,241.0,15.0,1,0.0066711106,0,10-20
46.0,242.0,14.0,1,0.0070111277,0,10-20
46.0,243.0,13.0,1,0.0073978077,0,10-20
46.0,244.0,12.0,1,0.007680875,0,10-20
46.0,245.0,11.0,1,0.00808857,0,10-20
46.0,246.0,10.0,1,0.00861264,0,0-10
46.0,247.0,9.0,1,0.008966429,0,0-10
46.0,248.0,8.0,1,0.00938869,0,0-10
46.0,249.0,7.0,1,0.009945005,0,0-10
46.0,250.0,6.0,1,0.010630196,0,0-10
46.0,251.0,5.0,1,0.011324025,0,0-10
46.0,252.0,4.0,1,0.012160874,0,0-10
46.0,253.0,3.0,1,0.01342175,1,0-10
46.0,254.0,2.0,1,0.014241029,1,0-10
46.0,255.0,1.0,1,0.015003488,1,0-10
46.0,256.0,0.0,1,0.01646066,1,0-10
47.0,184.0,30.0,1,0.0051644593,0,20-30
47.0,185.0,29.0,1,0.0052961702,0,20-30
47.0,186.0,28.0,1,0.005393945,0,20-30
47.0,187.0,27.0,1,0.005391881,0,20-30
47.0,188.0,26.0,1,0.005501365,0,20-30
47.0,189.0,25.0,1,0.0056339796,0,20-30
47.0,190.0,24.0,1,0.005637127,0,20-30
47.0,191.0,23.0,1,0.0056745913,0,20-30
47.0,192.0,22.0,1,0.005755022,0,20-30
47.0,193.0,21.0,1,0.0061258934,0,20-30
47.0,194.0,20.0,1,0.006569961,0,10-20
47.0,195.0,19.0,1,0.006769736,0,10-20
47.0,196.0,18.0,1,0.0070836614,0,10-20
47.0,197.0,17.0,1,0.007520142,0,10-20
47.0,198.0,16.0,1,0.0075590583,0,10-20
47.0,199.0,15.0,1,0.007866025,0,10-20
47.0,200.0,14.0,1,0.008466331,0,10-20
47.0,201.0,13.0,1,0.008601434,0,10-20
47.0,202.0,12.0,1,0.009039908,0,10-20
47.0,203.0,11.0,1,0.009429748,0,10-20
47.0,204.0,10.0,1,0.0100358175,0,0-10
47.0,205.0,9.0,1,0.010616509,0,0-10
47.0,206.0,8.0,1,0.010885398,0,0-10
47.0,207.0,7.0,1,0.011849031,0,0-10
47.0,208.0,6.0,1,0.012591926,0,0-10
47.0,209.0,5.0,1,0.013167636,0,0-10
47.0,210.0,4.0,1,0.013969954,1,0-10
47.0,211.0,3.0,1,0.014905289,1,0-10
47.0,212.0,2.0,1,0.015201096,1,0-10
47.0,213.0,1.0,1,0.016134618,1,0-10
47.0,214.0,0.0,1,0.017005019,1,0-10
48.0,201.0,30.0,1,0.010025461,0,20-30
48.0,202.0,29.0,1,0.010093941,0,20-30
48.0,203.0,28.0,1,0.010527449,0,20-30
48.0,204.0,27.0,1,0.010990524,0,20-30
48.0,205.0,26.0,1,0.011393142,0,20-30
48.0,206.0,25.0,1,0.0118568465,0,20-30
48.0,207.0,24.0,1,0.0124043,0,20-30
48.0,208.0,23.0,1,0.012758732,0,20-30
48.0,209.0,22.0,1,0.013600454,1,20-30
48.0,210.0,21.0,1,0.0140978135,1,20-30
48.0,211.0,20.0,1,0.014904542,1,10-20
48.0,212.0,19.0,1,0.015489119,1,10-20
48.0,213.0,18.0,1,0.016182475,1,10-20
48.0,214.0,17.0,1,0.014616286,1,10-20
48.0,215.0,16.0,1,0.01573445,1,10-20
48.0,216.0,15.0,1,0.016634725,1,10-20
48.0,217.0,14.0,1,0.017610112,1,10-20
48.0,218.0,13.0,1,0.01842883,1,10-20
48.0,219.0,12.0,1,0.01976156,1,10-20
48.0,220.0,11.0,1,0.020754153,1,10-20
48.0,221.0,10.0,1,0.021940453,1,0-10
48.0,222.0,9.0,1,0.023246987,1,0-10
48.0,223.0,8.0,1,0.024861056,1,0-10
48.0,224.0,7.0,1,0.026401542,1,0-10
48.0,225.0,6.0,1,0.028151184,1,0-10
48.0,226.0,5.0,1,0.029839076,1,0-10
48.0,227.0,4.0,1,0.031811897,1,0-10
48.0,228.0,3.0,1,0.03374391,1,0-10
48.0,229.0,2.0,1,0.035826933,1,0-10
48.0,230.0,1.0,1,0.03811438,1,0-10
48.0,231.0,0.0,1,0.04307802,1,0-10
49.0,185.0,30.0,1,0.0061215986,0,20-30
49.0,186.0,29.0,1,0.00621918,0,20-30
49.0,187.0,28.0,1,0.0063853445,0,20-30
49.0,188.0,27.0,1,0.006588136,0,20-30
49.0,189.0,26.0,1,0.0066145496,0,20-30
49.0,190.0,25.0,1,0.0067282873,0,20-30
49.0,191.0,24.0,1,0.006882482,0,20-30
49.0,192.0,23.0,1,0.0069798343,0,20-30
49.0,193.0,22.0,1,0.0070667337,0,20-30
49.0,194.0,21.0,1,0.0073516476,0,20-30
49.0,195.0,20.0,1,0.007986507,0,10-20
49.0,196.0,19.0,1,0.008209698,0,10-20
49.0,197.0,18.0,1,0.008765892,0,10-20
49.0,198.0,17.0,1,0.00892583,0,10-20
49.0,199.0,16.0,1,0.009265936,0,10-20
49.0,200.0,15.0,1,0.009658333,0,10-20
49.0,201.0,14.0,1,0.009971394,0,10-20
49.0,202.0,13.0,1,0.01036832,0,10-20
49.0,203.0,12.0,1,0.010825016,0,10-20
49.0,204.0,11.0,1,0.01145196,0,10-20
49.0,205.0,10.0,1,0.0118954675,0,0-10
49.0,206.0,9.0,1,0.012618603,0,0-10
49.0,207.0,8.0,1,0.013198538,0,0-10
49.0,208.0,7.0,1,0.0134979095,1,0-10
49.0,209.0,6.0,1,0.014122622,1,0-10
49.0,210.0,5.0,1,0.014678861,1,0-10
49.0,211.0,4.0,1,0.015769696,1,0-10
49.0,212.0,3.0,1,0.015849618,1,0-10
49.0,213.0,2.0,1,0.016568914,1,0-10
49.0,214.0,1.0,1,0.017374424,1,0-10
49.0,215.0,0.0,1,0.018431805,1,0-10
50.0,168.0,30.0,1,0.0067469385,0,20-30
50.0,169.0,29.0,1,0.0068792016,0,20-30
50.0,170.0,28.0,1,0.0070492607,0,20-30
50.0,171.0,27.0,1,0.007153615,0,20-30
50.0,172.0,26.0,1,0.0072102346,0,20-30
50.0,173.0,25.0,1,0.007355492,0,20-30
50.0,174.0,24.0,1,0.0075654318,0,20-30
50.0,175.0,23.0,1,0.007705549,0,20-30
50.0,176.0,22.0,1,0.008066936,0,20-30
50.0,177.0,21.0,1,0.008112996,0,20-30
50.0,178.0,20.0,1,0.008026807,0,10-20
50.0,179.0,19.0,1,0.008612359,0,10-20
50.0,180.0,18.0,1,0.009137484,0,10-20
50.0,181.0,17.0,1,0.009566257,0,10-20
50.0,182.0,16.0,1,0.010002113,0,10-20
50.0,183.0,15.0,1,0.010639183,0,10-20
50.0,184.0,14.0,1,0.0111685395,0,10-20
50.0,185.0,13.0,1,0.011753354,0,10-20
50.0,186.0,12.0,1,0.01215163,0,10-20
50.0,187.0,11.0,1,0.012760483,0,10-20
50.0,188.0,10.0,1,0.013276846,0,0-10
50.0,189.0,9.0,1,0.014304959,1,0-10
50.0,190.0,8.0,1,0.015270771,1,0-10
50.0,191.0,7.0,1,0.016104238,1,0-10
50.0,192.0,6.0,1,0.016608482,1,0-10
50.0,193.0,5.0,1,0.017697148,1,0-10
50.0,194.0,4.0,1,0.018790333,1,0-10
50.0,195.0,3.0,1,0.020154364,1,0-10
50.0,196.0,2.0,1,0.02106423,1,0-10
50.0,197.0,1.0,1,0.022241639,1,0-10
50.0,198.0,0.0,1,0.023176163,1,0-10
51.0,183.0,30.0,1,0.0062717916,0,20-30
51.0,184.0,29.0,1,0.0065769902,0,20-30
51.0,185.0,28.0,1,0.0069199605,0,20-30
51.0,186.0,27.0,1,0.0072486782,0,20-30
51.0,187.0,26.0,1,0.0075867716,0,20-30
51.0,188.0,25.0,1,0.007899313,0,20-30
51.0,189.0,24.0,1,0.008187631,0,20-30
51.0,190.0,23.0,1,0.008801904,0,20-30
51.0,191.0,22.0,1,0.009293567,0,20-30
51.0,192.0,21.0,1,0.009905644,0,20-30
51.0,193.0,20.0,1,0.010276854,0,10-20
51.0,194.0,19.0,1,0.010957377,0,10-20
51.0,195.0,18.0,1,0.011845278,0,10-20
51.0,196.0,17.0,1,0.012312235,0,10-20
51.0,197.0,16.0,1,0.013033108,0,10-20
51.0,198.0,15.0,1,0.013948053,1,10-20
51.0,199.0,14.0,1,0.014492635,1,10-20
51.0,200.0,13.0,1,0.015131523,1,10-20
51.0,201.0,12.0,1,0.01636208,1,10-20
51.0,202.0,11.0,1,0.017458493,1,10-20
51.0,203.0,10.0,1,0.018717118,1,0-10
51.0,204.0,9.0,1,0.020089278,1,0-10
51.0,205.0,8.0,1,0.021293677,1,0-10
51.0,206.0,7.0,1,0.02291611,1,0-10
51.0,207.0,6.0,1,0.024426507,1,0-10
51.0,208.0,5.0,1,0.026434306,1,0-10
51.0,209.0,4.0,1,0.028309869,1,0-10
51.0,210.0,3.0,1,0.030677775,1,0-10
51.0,211.0,2.0,1,0.033964,1,0-10
51.0,212.0,1.0,1,0.037876092,1,0-10
51.0,213.0,0.0,1,0.04316364,1,0-10
52.0,183.0,30.0,1,0.0066908514,0,20-30
52.0,184.0,29.0,1,0.00677424,0,20-30
52.0,185.0,28.0,1,0.0068173995,0,20-30
52.0,186.0,27.0,1,0.007074921,0,20-30
52.0,187.0,26.0,1,0.007261751,0,20-30
52.0,188.0,25.0,1,0.0076371534,0,20-30
52.0,189.0,24.0,1,0.007993818,0,20-30
52.0,190.0,23.0,1,0.008167056,0,20-30
52.0,191.0,22.0,1,0.008125705,0,20-30
52.0,192.0,21.0,1,0.008504531,0,20-30
52.0,193.0,20.0,1,0.009165375,0,10-20
52.0,194.0,19.0,1,0.009470018,0,10-20
52.0,195.0,18.0,1,0.009666982,0,10-20
52.0,196.0,17.0,1,0.010123703,0,10-20
52.0,197.0,16.0,1,0.010485629,0,10-20
52.0,198.0,15.0,1,0.011017488,0,10-20
52.0,199.0,14.0,1,0.011239319,0,10-20
52.0,200.0,13.0,1,0.011570329,0,10-20
52.0,201.0,12.0,1,0.012008741,0,10-20
52.0,202.0,11.0,1,0.012509995,0,10-20
52.0,203.0,10.0,1,0.013365962,1,0-10
52.0,204.0,9.0,1,0.0138045335,1,0-10
52.0,205.0,8.0,1,0.014249721,1,0-10
52.0,206.0,7.0,1,0.01518817,1,0-10
52.0,207.0,6.0,1,0.01615642,1,0-10
52.0,208.0,5.0,1,0.016785908,1,0-10
52.0,209.0,4.0,1,0.0180311,1,0-10
52.0,210.0,3.0,1,0.018997956,1,0-10
52.0,211.0,2.0,1,0.020243375,1,0-10
52.0,212.0,1.0,1,0.021136526,1,0-10
52.0,213.0,0.0,1,0.02237701,1,0-10
53.0,165.0,30.0,1,0.0062947315,0,20-30
53.0,166.0,29.0,1,0.00641401,0,20-30
53.0,167.0,28.0,1,0.006667135,0,20-30
53.0,168.0,27.0,1,0.006869437,0,20-30
53.0,169.0,26.0,1,0.0073477547,0,20-30
53.0,170.0,25.0,1,0.0076487795,0,20-30
53.0,171.0,24.0,1,0.007856838,0,20-30
53.0,172.0,23.0,1,0.008089209,0,20-30
53.0,173.0,22.0,1,0.008389123,0,20-30
53.0,174.0,21.0,1,0.008748278,0,20-30
53.0,175.0,20.0,1,0.009042386,0,10-20
53.0,176.0,19.0,1,0.009304848,0,10-20
53.0,177.0,18.0,1,0.00959507,0,10-20
53.0,178.0,17.0,1,0.009930092,0,10-20
53.0,179.0,16.0,1,0.010132795,0,10-20
53.0,180.0,15.0,1,0.010608196,0,10-20
53.0,181.0,14.0,1,0.011190399,0,10-20
53.0,182.0,13.0,1,0.0116941575,0,10-20
53.0,183.0,12.0,1,0.012371521,0,10-20
53.0,184.0,11.0,1,0.013315212,1,10-20
53.0,185.0,10.0,1,0.013868808,1,0-10
53.0,186.0,9.0,1,0.014849998,1,0-10
53.0,187.0,8.0,1,0.015452654,1,0-10
53.0,188.0,7.0,1,0.016546711,1,0-10
53.0,189.0,6.0,1,0.018216217,1,0-10
53.0,190.0,5.0,1,0.019452354,1,0-10
53.0,191.0,4.0,1,0.021088313,1,0-10
53.0,192.0,3.0,1,0.022673877,1,0-10
53.0,193.0,2.0,1,0.024553116,1,0-10
53.0,194.0,1.0,1,0.026095442,1,0-10
53.0,195.0,0.0,1,0.028321447,1,0-10
54.0,227.0,30.0,1,0.008020461,0,20-30
54.0,228.0,29.0,1,0.008140134,0,20-30
54.0,229.0,28.0,1,0.008232969,0,20-30
54.0,230.0,27.0,1,0.0083548,0,20-30
54.0,231.0,26.0,1,0.008549394,0,20-30
54.0,232.0,25.0,1,0.008890996,0,20-30
54.0,233.0,24.0,1,0.009266343,0,20-30
54.0,234.0,23.0,1,0.009708671,0,20-30
54.0,235.0,22.0,1,0.0097725345,0,20-30
54.0,236.0,21.0,1,0.009855859,0,20-30
54.0,237.0,20.0,1,0.010254003,0,10-20
54.0,238.0,19.0,1,0.0109292045,0,10-20
54.0,239.0,18.0,1,0.0113314325,0,10-20
54.0,240.0,17.0,1,0.011851525,0,10-20
54.0,241.0,16.0,1,0.01206989,0,10-20
54.0,242.0,15.0,1,0.012535168,0,10-20
54.0,243.0,14.0,1,0.012832717,0,10-20
54.0,244.0,13.0,1,0.013954847,1,10-20
54.0,245.0,12.0,1,0.014665729,1,10-20
54.0,246.0,11.0,1,0.01500134,1,10-20
54.0,247.0,10.0,1,0.015541726,1,0-10
54.0,248.0,9.0,1,0.016207827,1,0-10
54.0,249.0,8.0,1,0.017284492,1,0-10
54.0,250.0,7.0,1,0.017890431,1,0-10
54.0,251.0,6.0,1,0.018650342,1,0-10
54.0,252.0,5.0,1,0.02004078,1,0-10
54.0,253.0,4.0,1,0.02091125,1,0-10
54.0,254.0,3.0,1,0.02216299,1,0-10
54.0,255.0,2.0,1,0.023726223,1,0-10
54.0,256.0,1.0,1,0.024659075,1,0-10
54.0,257.0,0.0,1,0.026213363,1,0-10
55.0,163.0,30.0,1,0.0065226336,0,20-30
55.0,164.0,29.0,1,0.0065785376,0,20-30
55.0,165.0,28.0,1,0.0067603453,0,20-30
55.0,166.0,27.0,1,0.0070787794,0,20-30
55.0,167.0,26.0,1,0.007033725,0,20-30
55.0,168.0,25.0,1,0.0073297694,0,20-30
55.0,169.0,24.0,1,0.007526189,0,20-30
55.0,170.0,23.0,1,0.007812581,0,20-30
55.0,171.0,22.0,1,0.0082538845,0,20-30
55.0,172.0,21.0,1,0.008550919,0,20-30
55.0,173.0,20.0,1,0.009207623,0,10-20
55.0,174.0,19.0,1,0.009651553,0,10-20
55.0,175.0,18.0,1,0.009996707,0,10-20
55.0,176.0,17.0,1,0.010439004,0,10-20
55.0,177.0,16.0,1,0.01110319,0,10-20
55.0,178.0,15.0,1,0.011543049,0,10-20
55.0,179.0,14.0,1,0.0124997385,0,10-20
55.0,180.0,13.0,1,0.013691521,1,10-20
55.0,181.0,12.0,1,0.014828366,1,10-20
55.0,182.0,11.0,1,0.015734883,1,10-20
55.0,183.0,10.0,1,0.01684344,1,0-10
55.0,184.0,9.0,1,0.017869713,1,0-10
55.0,185.0,8.0,1,0.018869461,1,0-10
55.0,186.0,7.0,1,0.02036847,1,0-10
55.0,187.0,6.0,1,0.021700718,1,0-10
55.0,188.0,5.0,1,0.023041643,1,0-10
55.0,189.0,4.0,1,0.02469142,1,0-10
55.0,190.0,3.0,1,0.027089534,1,0-10
55.0,191.0,2.0,1,0.02857516,1,0-10
55.0,192.0,1.0,1,0.030702652,1,0-10
55.0,193.0,0.0,1,0.03285059,1,0-10
56.0,245.0,30.0,1,0.011472959,0,20-30
56.0,246.0,29.0,1,0.011744491,0,20-30
56.0,247.0,28.0,1,0.01199906,0,20-30
56.0,248.0,27.0,1,0.012394428,0,20-30
56.0,249.0,26.0,1,0.012529293,0,20-30
56.0,250.0,25.0,1,0.013285134,0,20-30
56.0,251.0,24.0,1,0.013827659,1,20-30
56.0,252.0,23.0,1,0.014093001,1,20-30
56.0,253.0,22.0,1,0.014344166,1,20-30
56.0,254.0,21.0,1,0.015007548,1,20-30
56.0,255.0,20.0,1,0.015551913,1,10-20
56.0,256.0,19.0,1,0.016169865,1,10-20
56.0,257.0,18.0,1,0.016834052,1,10-20
56.0,258.0,17.0,1,0.017387275,1,10-20
56.0,259.0,16.0,1,0.01790321,1,10-20
56.0,260.0,15.0,1,0.018553078,1,10-20
56.0,261.0,14.0,1,0.019347716,1,10-20
56.0,262.0,13.0,1,0.020091638,1,10-20
56.0,263.0,12.0,1,0.020928489,1,10-20
56.0,264.0,11.0,1,0.021477059,1,10-20
56.0,265.0,10.0,1,0.022137448,1,0-10
56.0,266.0,9.0,1,0.02295608,1,0-10
56.0,267.0,8.0,1,0.02369893,1,0-10
56.0,268.0,7.0,1,0.024503965,1,0-10
56.0,269.0,6.0,1,0.025411716,1,0-10
56.0,270.0,5.0,1,0.026210453,1,0-10
56.0,271.0,4.0,1,0.027217831,1,0-10
56.0,272.0,3.0,1,0.028122727,1,0-10
56.0,273.0,2.0,1,0.028961118,1,0-10
56.0,274.0,1.0,1,0.029840568,1,0-10
56.0,275.0,0.0,1,0.03124246,1,0-10
57.0,107.0,30.0,1,0.0049111703,0,20-30
57.0,108.0,29.0,1,0.0050744694,0,20-30
57.0,109.0,28.0,1,0.005364578,0,20-30
57.0,110.0,27.0,1,0.0054045953,0,20-30
57.0,111.0,26.0,1,0.0055403467,0,20-30
57.0,112.0,25.0,1,0.005542732,0,20-30
57.0,113.0,24.0,1,0.0054092025,0,20-30
57.0,114.0,23.0,1,0.0052877003,0,20-30
57.0,115.0,22.0,1,0.005342493,0,20-30
57.0,116.0,21.0,1,0.0053862208,0,20-30
57.0,117.0,20.0,1,0.005345533,0,10-20
57.0,118.0,19.0,1,0.005485422,0,10-20
57.0,119.0,18.0,1,0.0055306074,0,10-20
57.0,120.0,17.0,1,0.0057223653,0,10-20
57.0,121.0,16.0,1,0.0059585394,0,10-20
57.0,122.0,15.0,1,0.0063374564,0,10-20
57.0,123.0,14.0,1,0.006798608,0,10-20
57.0,124.0,13.0,1,0.006889105,0,10-20
57.0,125.0,12.0,1,0.0069457535,0,10-20
57.0,126.0,11.0,1,0.0070517035,0,10-20
57.0,127.0,10.0,1,0.0073532886,0,0-10
57.0,128.0,9.0,1,0.0075868624,0,0-10
57.0,129.0,8.0,1,0.0076344833,0,0-10
57.0,130.0,7.0,1,0.008093672,0,0-10
57.0,131.0,6.0,1,0.008600132,0,0-10
57.0,132.0,5.0,1,0.009294708,0,0-10
57.0,133.0,4.0,1,0.009982504,0,0-10
57.0,134.0,3.0,1,0.010824664,0,0-10
57.0,135.0,2.0,1,0.0118006775,0,0-10
57.0,136.0,1.0,1,0.013177018,0,0-10
57.0,137.0,0.0,1,0.014744277,1,0-10
58.0,117.0,30.0,1,0.004809066,0,20-30
58.0,118.0,29.0,1,0.004929929,0,20-30
58.0,119.0,28.0,1,0.004846127,0,20-30
58.0,120.0,27.0,1,0.005012147,0,20-30
58.0,121.0,26.0,1,0.0050104843,0,20-30
58.0,122.0,25.0,1,0.004993869,0,20-30
58.0,123.0,24.0,1,0.004949101,0,20-30
58.0,124.0,23.0,1,0.0050206683,0,20-30
58.0,125.0,22.0,1,0.0051049767,0,20-30
58.0,126.0,21.0,1,0.0050960183,0,20-30
58.0,127.0,20.0,1,0.0050391187,0,10-20
58.0,128.0,19.0,1,0.005040517,0,10-20
58.0,129.0,18.0,1,0.0050249067,0,10-20
58.0,130.0,17.0,1,0.0051238057,0,10-20
58.0,131.0,16.0,1,0.0051789614,0,10-20
58.0,132.0,15.0,1,0.0054429206,0,10-20
58.0,133.0,14.0,1,0.005508389,0,10-20
58.0,134.0,13.0,1,0.005376803,0,10-20
58.0,135.0,12.0,1,0.005507716,0,10-20
58.0,136.0,11.0,1,0.0060084937,0,10-20
58.0,137.0,10.0,1,0.0063903886,0,0-10
58.0,138.0,9.0,1,0.0065821423,0,0-10
58.0,139.0,8.0,1,0.0069964156,0,0-10
58.0,140.0,7.0,1,0.0075679664,0,0-10
58.0,141.0,6.0,1,0.00786667,0,0-10
58.0,142.0,5.0,1,0.008482915,0,0-10
58.0,143.0,4.0,1,0.009008591,0,0-10
58.0,144.0,3.0,1,0.009991398,0,0-10
58.0,145.0,2.0,1,0.011264264,0,0-10
58.0,146.0,1.0,1,0.011936031,0,0-10
58.0,147.0,0.0,1,0.01300621,0,0-10
59.0,201.0,30.0,1,0.005313189,0,20-30
59.0,202.0,29.0,1,0.0055138026,0,20-30
59.0,203.0,28.0,1,0.005527702,0,20-30
59.0,204.0,27.0,1,0.005619324,0,20-30
59.0,205.0,26.0,1,0.005626076,0,20-30
59.0,206.0,25.0,1,0.005588228,0,20-30
59.0,207.0,24.0,1,0.005723094,0,20-30
59.0,208.0,23.0,1,0.0059501617,0,20-30
59.0,209.0,22.0,1,0.005840265,0,20-30
59.0,210.0,21.0,1,0.0059584402,0,20-30
59.0,211.0,20.0,1,0.0060964683,0,10-20
59.0,212.0,19.0,1,0.0061356304,0,10-20
59.0,213.0,18.0,1,0.006084601,0,10-20
59.0,214.0,17.0,1,0.006238111,0,10-20
59.0,215.0,16.0,1,0.006513124,0,10-20
59.0,216.0,15.0,1,0.006722212,0,10-20
59.0,217.0,14.0,1,0.006862595,0,10-20
59.0,218.0,13.0,1,0.007309865,0,10-20
59.0,219.0,12.0,1,0.007511775,0,10-20
59.0,220.0,11.0,1,0.00797105,0,10-20
59.0,221.0,10.0,1,0.0081231175,0,0-10
59.0,222.0,9.0,1,0.008509153,0,0-10
59.0,223.0,8.0,1,0.0089670075,0,0-10
59.0,224.0,7.0,1,0.009251701,0,0-10
59.0,225.0,6.0,1,0.009815313,0,0-10
59.0,226.0,5.0,1,0.010109632,0,0-10
59.0,227.0,4.0,1,0.01076828,0,0-10
59.0,228.0,3.0,1,0.011449976,0,0-10
59.0,229.0,2.0,1,0.012412375,0,0-10
59.0,230.0,1.0,1,0.013240815,0,0-10
59.0,231.0,0.0,1,0.014018611,1,0-10
60.0,142.0,30.0,1,0.0050401688,0,20-30
60.0,143.0,29.0,1,0.0050606593,0,20-30
60.0,144.0,28.0,1,0.005171704,0,20-30
60.0,145.0,27.0,1,0.005246424,0,20-30
60.0,146.0,26.0,1,0.005534431,0,20-30
60.0,147.0,25.0,1,0.0057472712,0,20-30
60.0,148.0,24.0,1,0.005810815,0,20-30
60.0,149.0,23.0,1,0.0059654964,0,20-30
60.0,150.0,22.0,1,0.00620907,0,20-30
60.0,151.0,21.0,1,0.0065356945,0,20-30
60.0,152.0,20.0,1,0.00684892,0,10-20
60.0,153.0,19.0,1,0.007080219,0,10-20
60.0,154.0,18.0,1,0.0073231393,0,10-20
60.0,155.0,17.0,1,0.007536765,0,10-20
60.0,156.0,16.0,1,0.007916867,0,10-20
60.0,157.0,15.0,1,0.008701296,0,10-20
60.0,158.0,14.0,1,0.009155436,0,10-20
60.0,159.0,13.0,1,0.009840751,0,10-20
60.0,160.0,12.0,1,0.010452483,0,10-20
60.0,161.0,11.0,1,0.011233112,0,10-20
60.0,162.0,10.0,1,0.011703644,0,0-10
60.0,163.0,9.0,1,0.012474616,0,0-10
60.0,164.0,8.0,1,0.013251854,0,0-10
60.0,165.0,7.0,1,0.01387179,1,0-10
60.0,166.0,6.0,1,0.014693729,1,0-10
60.0,167.0,5.0,1,0.015647903,1,0-10
60.0,168.0,4.0,1,0.016623652,1,0-10
60.0,169.0,3.0,1,0.017608898,1,0-10
60.0,170.0,2.0,1,0.018559838,1,0-10
60.0,171.0,1.0,1,0.019876199,1,0-10
60.0,172.0,0.0,1,0.021537872,1,0-10
61.0,155.0,30.0,1,0.005422086,0,20-30
61.0,156.0,29.0,1,0.0057161185,0,20-30
61.0,157.0,28.0,1,0.0060692485,0,20-30
61.0,158.0,27.0,1,0.005930371,0,20-30
61.0,159.0,26.0,1,0.00621163,0,20-30
61.0,160.0,25.0,1,0.006183075,0,20-30
61.0,161.0,24.0,1,0.006257156,0,20-30
61.0,162.0,23.0,1,0.0060375067,0,20-30
61.0,163.0,22.0,1,0.0058019385,0,20-30
61.0,164.0,21.0,1,0.00578366,0,20-30
61.0,165.0,20.0,1,0.00610221,0,10-20
61.0,166.0,19.0,1,0.0062445686,0,10-20
61.0,167.0,18.0,1,0.0063297995,0,10-20
61.0,168.0,17.0,1,0.006556536,0,10-20
61.0,169.0,16.0,1,0.0068354956,0,10-20
61.0,170.0,15.0,1,0.0070955097,0,10-20
61.0,171.0,14.0,1,0.0074338405,0,10-20
61.0,172.0,13.0,1,0.0074272505,0,10-20
61.0,173.0,12.0,1,0.007594833,0,10-20
61.0,174.0,11.0,1,0.007845042,0,10-20
61.0,175.0,10.0,1,0.007994848,0,0-10
61.0,176.0,9.0,1,0.008528656,0,0-10
61.0,177.0,8.0,1,0.008534629,0,0-10
61.0,178.0,7.0,1,0.008742629,0,0-10
61.0,179.0,6.0,1,0.009137838,0,0-10
61.0,180.0,5.0,1,0.0099383155,0,0-10
61.0,181.0,4.0,1,0.010307066,0,0-10
61.0,182.0,3.0,1,0.011496513,0,0-10
61.0,183.0,2.0,1,0.012109472,0,0-10
61.0,184.0,1.0,1,0.012600219,0,0-10
61.0,185.0,0.0,1,0.013575291,1,0-10
62.0,150.0,30.0,1,0.006190757,0,20-30
62.0,151.0,29.0,1,0.006421177,0,20-30
62.0,152.0,28.0,1,0.006556034,0,20-30
62.0,153.0,27.0,1,0.0067473585,0,20-30
62.0,154.0,26.0,1,0.0068833996,0,20-30
62.0,155.0,25.0,1,0.0070280456,0,20-30
62.0,156.0,24.0,1,0.007006851,0,20-30
62.0,157.0,23.0,1,0.0071269916,0,20-30
62.0,158.0,22.0,1,0.0072294534,0,20-30
62.0,159.0,21.0,1,0.0073987506,0,20-30
62.0,160.0,20.0,1,0.0076784636,0,10-20
62.0,161.0,19.0,1,0.007850762,0,10-20
62.0,162.0,18.0,1,0.0080896905,0,10-20
62.0,163.0,17.0,1,0.008414283,0,10-20
62.0,164.0,16.0,1,0.00893844,0,10-20
62.0,165.0,15.0,1,0.009077575,0,10-20
62.0,166.0,14.0,1,0.009468438,0,10-20
62.0,167.0,13.0,1,0.00984468,0,10-20
62.0,168.0,12.0,1,0.010262098,0,10-20
62.0,169.0,11.0,1,0.010767281,0,10-20
62.0,170.0,10.0,1,0.011498969,0,0-10
62.0,171.0,9.0,1,0.01201493,0,0-10
62.0,172.0,8.0,1,0.012700671,0,0-10
62.0,173.0,7.0,1,0.012885637,0,0-10
62.0,174.0,6.0,1,0.013508238,1,0-10
62.0,175.0,5.0,1,0.014350876,1,0-10
62.0,176.0,4.0,1,0.014954075,1,0-10
62.0,177.0,3.0,1,0.015145645,1,0-10
62.0,178.0,2.0,1,0.015430292,1,0-10
62.0,179.0,1.0,1,0.016347583,1,0-10
62.0,180.0,0.0,1,0.017118368,1,0-10
63.0,144.0,30.0,1,0.0058882004,0,20-30
63.0,145.0,29.0,1,0.0060114367,0,20-30
63.0,146.0,28.0,1,0.0061642905,0,20-30
63.0,147.0,27.0,1,0.00636642,0,20-30
63.0,148.0,26.0,1,0.0064740377,0,20-30
63.0,149.0,25.0,1,0.0067055034,0,20-30
63.0,150.0,24.0,1,0.006894205,0,20-30
63.0,151.0,23.0,1,0.007368129,0,20-30
63.0,152.0,22.0,1,0.007899512,0,20-30
63.0,153.0,21.0,1,0.008101363,0,20-30
63.0,154.0,20.0,1,0.008387393,0,10-20
63.0,155.0,19.0,1,0.008711041,0,10-20
63.0,156.0,18.0,1,0.009292262,0,10-20
63.0,157.0,17.0,1,0.009785944,0,10-20
63.0,158.0,16.0,1,0.010316446,0,10-20
63.0,159.0,15.0,1,0.010732434,0,10-20
63.0,160.0,14.0,1,0.011102645,0,10-20
63.0,161.0,13.0,1,0.011484442,0,10-20
63.0,162.0,12.0,1,0.012185809,0,10-20
63.0,163.0,11.0,1,0.013103114,0,10-20
63.0,164.0,10.0,1,0.013870224,1,0-10
63.0,165.0,9.0,1,0.014964825,1,0-10
63.0,166.0,8.0,1,0.016080737,1,0-10
63.0,167.0,7.0,1,0.017276,1,0-10
63.0,168.0,6.0,1,0.018584473,1,0-10
63.0,169.0,5.0,1,0.019789841,1,0-10
63.0,170.0,4.0,1,0.021528283,1,0-10
63.0,171.0,3.0,1,0.022959802,1,0-10
63.0,172.0,2.0,1,0.024577303,1,0-10
63.0,173.0,1.0,1,0.02671893,1,0-10
63.0,174.0,0.0,1,0.028167862,1,0-10
64.0,253.0,30.0,1,0.0090141725,0,20-30
64.0,254.0,29.0,1,0.009441238,0,20-30
64.0,255.0,28.0,1,0.009732797,0,20-30
64.0,256.0,27.0,1,0.009764086,0,20-30
64.0,257.0,26.0,1,0.010169433,0,20-30
64.0,258.0,25.0,1,0.010357162,0,20-30
64.0,259.0,24.0,1,0.010810697,0,20-30
64.0,260.0,23.0,1,0.0111956475,0,20-30
64.0,261.0,22.0,1,0.011595583,0,20-30
64.0,262.0,21.0,1,0.012093921,0,20-30
64.0,263.0,20.0,1,0.012196303,0,10-20
64.0,264.0,19.0,1,0.012588029,0,10-20
64.0,265.0,18.0,1,0.012789678,0,10-20
64.0,266.0,17.0,1,0.013436605,1,10-20
64.0,267.0,16.0,1,0.013755691,1,10-20
64.0,268.0,15.0,1,0.014201111,1,10-20
64.0,269.0,14.0,1,0.0148193985,1,10-20
64.0,270.0,13.0,1,0.01516046,1,10-20
64.0,271.0,12.0,1,0.015902998,1,10-20
64.0,272.0,11.0,1,0.016398314,1,10-20
64.0,273.0,10.0,1,0.017341726,1,0-10
64.0,274.0,9.0,1,0.018113906,1,0-10
64.0,275.0,8.0,1,0.018575232,1,0-10
64.0,276.0,7.0,1,0.018956177,1,0-10
64.0,277.0,6.0,1,0.01992963,1,0-10
64.0,278.0,5.0,1,0.020856617,1,0-10
64.0,279.0,4.0,1,0.021981696,1,0-10
64.0,280.0,3.0,1,0.022957558,1,0-10
64.0,281.0,2.0,1,0.023922002,1,0-10
64.0,282.0,1.0,1,0.0245179,1,0-10
64.0,283.0,0.0,1,0.025607377,1,0-10
65.0,123.0,30.0,1,0.005397254,0,20-30
65.0,124.0,29.0,1,0.0054709003,0,20-30
65.0,125.0,28.0,1,0.0055096154,0,20-30
65.0,126.0,27.0,1,0.0054508173,0,20-30
65.0,127.0,26.0,1,0.0057531632,0,20-30
65.0,128.0,25.0,1,0.0056869932,0,20-30
65.0,129.0,24.0,1,0.005731056,0,20-30
65.0,130.0,23.0,1,0.005901656,0,20-30
65.0,131.0,22.0,1,0.0059692957,0,20-30
65.0,132.0,21.0,1,0.0061041536,0,20-30
65.0,133.0,20.0,1,0.005956723,0,10-20
65.0,134.0,19.0,1,0.006302981,0,10-20
65.0,135.0,18.0,1,0.0065382137,0,10-20
65.0,136.0,17.0,1,0.006613924,0,10-20
65.0,137.0,16.0,1,0.0068050674,0,10-20
65.0,138.0,15.0,1,0.007059229,0,10-20
65.0,139.0,14.0,1,0.00749122,0,10-20
65.0,140.0,13.0,1,0.0077223377,0,10-20
65.0,141.0,12.0,1,0.007732645,0,10-20
65.0,142.0,11.0,1,0.007855629,0,10-20
65.0,143.0,10.0,1,0.008216394,0,0-10
65.0,144.0,9.0,1,0.008541727,0,0-10
65.0,145.0,8.0,1,0.008940977,0,0-10
65.0,146.0,7.0,1,0.009265621,0,0-10
65.0,147.0,6.0,1,0.009603947,0,0-10
65.0,148.0,5.0,1,0.00999991,0,0-10
65.0,149.0,4.0,1,0.010791925,0,0-10
65.0,150.0,3.0,1,0.011203015,0,0-10
65.0,151.0,2.0,1,0.011992188,0,0-10
65.0,152.0,1.0,1,0.012597472,0,0-10
65.0,153.0,0.0,1,0.013369809,1,0-10
66.0,172.0,30.0,1,0.007446794,0,20-30
66.0,173.0,29.0,1,0.0076462934,0,20-30
66.0,174.0,28.0,1,0.007629751,0,20-30
66.0,175.0,27.0,1,0.007997186,0,20-30
66.0,176.0,26.0,1,0.007799538,0,20-30
66.0,177.0,25.0,1,0.008033834,0,20-30
66.0,178.0,24.0,1,0.008168131,0,20-30
66.0,179.0,23.0,1,0.008494834,0,20-30
66.0,180.0,22.0,1,0.008676223,0,20-30
66.0,181.0,21.0,1,0.009032228,0,20-30
66.0,182.0,20.0,1,0.009353328,0,10-20
66.0,183.0,19.0,1,0.0098084025,0,10-20
66.0,184.0,18.0,1,0.010240845,0,10-20
66.0,185.0,17.0,1,0.0105902385,0,10-20
66.0,186.0,16.0,1,0.010755873,0,10-20
66.0,187.0,15.0,1,0.011125361,0,10-20
66.0,188.0,14.0,1,0.011372843,0,10-20
66.0,189.0,13.0,1,0.011902221,0,10-20
66.0,190.0,12.0,1,0.012318901,0,10-20
66.0,191.0,11.0,1,0.012697289,0,10-20
66.0,192.0,10.0,1,0.013192293,0,0-10
66.0,193.0,9.0,1,0.0137490975,1,0-10
66.0,194.0,8.0,1,0.014337704,1,0-10
66.0,195.0,7.0,1,0.014835417,1,0-10
66.0,196.0,6.0,1,0.015467469,1,0-10
66.0,197.0,5.0,1,0.015985519,1,0-10
66.0,198.0,4.0,1,0.01647184,1,0-10
66.0,199.0,3.0,1,0.017054683,1,0-10
66.0,200.0,2.0,1,0.017593993,1,0-10
66.0,201.0,1.0,1,0.018394386,1,0-10
66.0,202.0,0.0,1,0.019238595,1,0-10
67.0,283.0,30.0,1,0.00792143,0,20-30
67.0,284.0,29.0,1,0.008258057,0,20-30
67.0,285.0,28.0,1,0.008375185,0,20-30
67.0,286.0,27.0,1,0.008626192,0,20-30
67.0,287.0,26.0,1,0.009014689,0,20-30
67.0,288.0,25.0,1,0.009192183,0,20-30
67.0,289.0,24.0,1,0.009350377,0,20-30
67.0,290.0,23.0,1,0.009425394,0,20-30
67.0,291.0,22.0,1,0.009648509,0,20-30
67.0,292.0,21.0,1,0.009941084,0,20-30
67.0,293.0,20.0,1,0.010196029,0,10-20
67.0,294.0,19.0,1,0.010571552,0,10-20
67.0,295.0,18.0,1,0.010826694,0,10-20
67.0,296.0,17.0,1,0.011615387,0,10-20
67.0,297.0,16.0,1,0.012261245,0,10-20
67.0,298.0,15.0,1,0.012504069,0,10-20
67.0,299.0,14.0,1,0.012906916,0,10-20
67.0,300.0,13.0,1,0.013560716,1,10-20
67.0,301.0,12.0,1,0.014135618,1,10-20
67.0,302.0,11.0,1,0.014547412,1,10-20
67.0,303.0,10.0,1,0.015019445,1,0-10
67.0,304.0,9.0,1,0.015638098,1,0-10
67.0,305.0,8.0,1,0.016155576,1,0-10
67.0,306.0,7.0,1,0.016359972,1,0-10
67.0,307.0,6.0,1,0.01688214,1,0-10
67.0,308.0,5.0,1,0.017366897,1,0-10
67.0,309.0,4.0,1,0.017935056,1,0-10
67.0,310.0,3.0,1,0.018373087,1,0-10
67.0,311.0,2.0,1,0.019001385,1,0-10
67.0,312.0,1.0,1,0.01956961,1,0-10
67.0,313.0,0.0,1,0.01996044,1,0-10
68.0,169.0,30.0,1,0.008258828,0,20-30
68.0,170.0,29.0,1,0.008247638,0,20-30
68.0,171.0,28.0,1,0.008460264,0,20-30
68.0,172.0,27.0,1,0.0086575905,0,20-30
68.0,173.0,26.0,1,0.0087722335,0,20-30
68.0,174.0,25.0,1,0.0091779325,0,20-30
68.0,175.0,24.0,1,0.009667095,0,20-30
68.0,176.0,23.0,1,0.009857636,0,20-30
68.0,177.0,22.0,1,0.010034998,0,20-30
68.0,178.0,21.0,1,0.010421954,0,20-30
68.0,179.0,20.0,1,0.010924135,0,10-20
68.0,180.0,19.0,1,0.0110617,0,10-20
68.0,181.0,18.0,1,0.011601499,0,10-20
68.0,182.0,17.0,1,0.0120326225,0,10-20
68.0,183.0,16.0,1,0.012607536,0,10-20
68.0,184.0,15.0,1,0.013153042,0,10-20
68.0,185.0,14.0,1,0.013661796,1,10-20
68.0,186.0,13.0,1,0.014159445,1,10-20
68.0,187.0,12.0,1,0.015146843,1,10-20
68.0,188.0,11.0,1,0.016162885,1,10-20
68.0,189.0,10.0,1,0.017335039,1,0-10
68.0,190.0,9.0,1,0.01787713,1,0-10
68.0,191.0,8.0,1,0.018891858,1,0-10
68.0,192.0,7.0,1,0.019575771,1,0-10
68.0,193.0,6.0,1,0.020150939,1,0-10
68.0,194.0,5.0,1,0.021238297,1,0-10
68.0,195.0,4.0,1,0.022562027,1,0-10
68.0,196.0,3.0,1,0.023942867,1,0-10
68.0,197.0,2.0,1,0.025214255,1,0-10
68.0,198.0,1.0,1,0.027065339,1,0-10
68.0,199.0,0.0,1,0.02857496,1,0-10
69.0,332.0,30.0,1,0.007874784,0,20-30
69.0,333.0,29.0,1,0.007926149,0,20-30
69.0,334.0,28.0,1,0.008477273,0,20-30
69.0,335.0,27.0,1,0.0085543925,0,20-30
69.0,336.0,26.0,1,0.009067744,0,20-30
69.0,337.0,25.0,1,0.009428256,0,20-30
69.0,338.0,24.0,1,0.009846762,0,20-30
69.0,339.0,23.0,1,0.010108052,0,20-30
69.0,340.0,22.0,1,0.010620578,0,20-30
69.0,341.0,21.0,1,0.011086718,0,20-30
69.0,342.0,20.0,1,0.011321666,0,10-20
69.0,343.0,19.0,1,0.011579002,0,10-20
69.0,344.0,18.0,1,0.011924205,0,10-20
69.0,345.0,17.0,1,0.012581605,0,10-20
69.0,346.0,16.0,1,0.01310232,0,10-20
69.0,347.0,15.0,1,0.013638953,1,10-20
69.0,348.0,14.0,1,0.014184621,1,10-20
69.0,349.0,13.0,1,0.014528542,1,10-20
69.0,350.0,12.0,1,0.014991168,1,10-20
69.0,351.0,11.0,1,0.015539708,1,10-20
69.0,352.0,10.0,1,0.015854953,1,0-10
69.0,353.0,9.0,1,0.01623834,1,0-10
69.0,354.0,8.0,1,0.017132998,1,0-10
69.0,355.0,7.0,1,0.017615752,1,0-10
69.0,356.0,6.0,1,0.018031519,1,0-10
69.0,357.0,5.0,1,0.018965568,1,0-10
69.0,358.0,4.0,1,0.019864205,1,0-10
69.0,359.0,3.0,1,0.020500515,1,0-10
69.0,360.0,2.0,1,0.021180645,1,0-10
69.0,361.0,1.0,1,0.021886865,1,0-10
69.0,362.0,0.0,1,0.022407478,1,0-10
70.0,107.0,30.0,1,0.0054359976,0,20-30
70.0,108.0,29.0,1,0.0055679907,0,20-30
70.0,109.0,28.0,1,0.0054865605,0,20-30
70.0,110.0,27.0,1,0.0054872925,0,20-30
70.0,111.0,26.0,1,0.0054641226,0,20-30
70.0,112.0,25.0,1,0.0055101174,0,20-30
70.0,113.0,24.0,1,0.0056386287,0,20-30
70.0,114.0,23.0,1,0.00568562,0,20-30
70.0,115.0,22.0,1,0.005793934,0,20-30
70.0,116.0,21.0,1,0.005747947,0,20-30
70.0,117.0,20.0,1,0.005871699,0,10-20
70.0,118.0,19.0,1,0.005853868,0,10-20
70.0,119.0,18.0,1,0.005938206,0,10-20
70.0,120.0,17.0,1,0.0061683687,0,10-20
70.0,121.0,16.0,1,0.006423041,0,10-20
70.0,122.0,15.0,1,0.006514521,0,10-20
70.0,123.0,14.0,1,0.0067246617,0,10-20
70.0,124.0,13.0,1,0.006947836,0,10-20
70.0,125.0,12.0,1,0.0074358266,0,10-20
70.0,126.0,11.0,1,0.007607264,0,10-20
70.0,127.0,10.0,1,0.008019324,0,0-10
70.0,128.0,9.0,1,0.008467948,0,0-10
70.0,129.0,8.0,1,0.008889374,0,0-10
70.0,130.0,7.0,1,0.009486771,0,0-10
70.0,131.0,6.0,1,0.010030342,0,0-10
70.0,132.0,5.0,1,0.010742577,0,0-10
70.0,133.0,4.0,1,0.011606509,0,0-10
70.0,134.0,3.0,1,0.0128263105,0,0-10
70.0,135.0,2.0,1,0.013364657,1,0-10
70.0,136.0,1.0,1,0.014653452,1,0-10
70.0,137.0,0.0,1,0.015563141,1,0-10
71.0,178.0,30.0,1,0.0062264795,0,20-30
71.0,179.0,29.0,1,0.00650688,0,20-30
71.0,180.0,28.0,1,0.0069952565,0,20-30
71.0,181.0,27.0,1,0.0070435954,0,20-30
71.0,182.0,26.0,1,0.0074795764,0,20-30
71.0,183.0,25.0,1,0.007836049,0,20-30
71.0,184.0,24.0,1,0.007994094,0,20-30
71.0,185.0,23.0,1,0.008183742,0,20-30
71.0,186.0,22.0,1,0.0082587395,0,20-30
71.0,187.0,21.0,1,0.008653072,0,20-30
71.0,188.0,20.0,1,0.0091370875,0,10-20
71.0,189.0,19.0,1,0.009435482,0,10-20
71.0,190.0,18.0,1,0.009634722,0,10-20
71.0,191.0,17.0,1,0.010568102,0,10-20
71.0,192.0,16.0,1,0.011059273,0,10-20
71.0,193.0,15.0,1,0.011370148,0,10-20
71.0,194.0,14.0,1,0.011793241,0,10-20
71.0,195.0,13.0,1,0.01213719,0,10-20
71.0,196.0,12.0,1,0.013073695,0,10-20
71.0,197.0,11.0,1,0.0137792425,1,10-20
71.0,198.0,10.0,1,0.014355616,1,0-10
71.0,199.0,9.0,1,0.015077335,1,0-10
71.0,200.0,8.0,1,0.015964268,1,0-10
71.0,201.0,7.0,1,0.017026927,1,0-10
71.0,202.0,6.0,1,0.018008573,1,0-10
71.0,203.0,5.0,1,0.018965939,1,0-10
71.0,204.0,4.0,1,0.020031929,1,0-10
71.0,205.0,3.0,1,0.021011097,1,0-10
71.0,206.0,2.0,1,0.02249383,1,0-10
71.0,207.0,1.0,1,0.023801401,1,0-10
71.0,208.0,0.0,1,0.025574205,1,0-10
72.0,183.0,30.0,1,0.0056024175,0,20-30
72.0,184.0,29.0,1,0.0056465724,0,20-30
72.0,185.0,28.0,1,0.005695855,0,20-30
72.0,186.0,27.0,1,0.0056684683,0,20-30
72.0,187.0,26.0,1,0.005841742,0,20-30
72.0,188.0,25.0,1,0.005964612,0,20-30
72.0,189.0,24.0,1,0.0061810086,0,20-30
72.0,190.0,23.0,1,0.0062961155,0,20-30
72.0,191.0,22.0,1,0.0066196825,0,20-30
72.0,192.0,21.0,1,0.006688368,0,20-30
72.0,193.0,20.0,1,0.00679924,0,10-20
72.0,194.0,19.0,1,0.0069113644,0,10-20
72.0,195.0,18.0,1,0.007156347,0,10-20
72.0,196.0,17.0,1,0.0077721323,0,10-20
72.0,197.0,16.0,1,0.007891814,0,10-20
72.0,198.0,15.0,1,0.008085651,0,10-20
72.0,199.0,14.0,1,0.008557485,0,10-20
72.0,200.0,13.0,1,0.0089432495,0,10-20
72.0,201.0,12.0,1,0.009224404,0,10-20
72.0,202.0,11.0,1,0.009665167,0,10-20
72.0,203.0,10.0,1,0.010239896,0,0-10
72.0,204.0,9.0,1,0.010812427,0,0-10
72.0,205.0,8.0,1,0.011183001,0,0-10
72.0,206.0,7.0,1,0.011826757,0,0-10
72.0,207.0,6.0,1,0.01310723,0,0-10
72.0,208.0,5.0,1,0.013211773,0,0-10
72.0,209.0,4.0,1,0.01430554,1,0-10
72.0,210.0,3.0,1,0.015020521,1,0-10
72.0,211.0,2.0,1,0.015901176,1,0-10
72.0,212.0,1.0,1,0.016886435,1,0-10
72.0,213.0,0.0,1,0.017826417,1,0-10
73.0,183.0,30.0,1,0.008301146,0,20-30
73.0,184.0,29.0,1,0.008698885,0,20-30
73.0,185.0,28.0,1,0.0087885605,0,20-30
73.0,186.0,27.0,1,0.009097795,0,20-30
73.0,187.0,26.0,1,0.009406685,0,20-30
73.0,188.0,25.0,1,0.009447964,0,20-30
73.0,189.0,24.0,1,0.009788004,0,20-30
73.0,190.0,23.0,1,0.010148061,0,20-30
73.0,191.0,22.0,1,0.010330114,0,20-30
73.0,192.0,21.0,1,0.01056024,0,20-30
73.0,193.0,20.0,1,0.01088533,0,10-20
73.0,194.0,19.0,1,0.011279818,0,10-20
73.0,195.0,18.0,1,0.011621253,0,10-20
73.0,196.0,17.0,1,0.012197752,0,10-20
73.0,197.0,16.0,1,0.01254522,0,10-20
73.0,198.0,15.0,1,0.013016269,0,10-20
73.0,199.0,14.0,1,0.013035941,0,10-20
73.0,200.0,13.0,1,0.013776136,1,10-20
73.0,201.0,12.0,1,0.0140590845,1,10-20
73.0,202.0,11.0,1,0.014353924,1,10-20
73.0,203.0,10.0,1,0.014937221,1,0-10
73.0,204.0,9.0,1,0.015629906,1,0-10
73.0,205.0,8.0,1,0.016008347,1,0-10
73.0,206.0,7.0,1,0.016604802,1,0-10
73.0,207.0,6.0,1,0.01737889,1,0-10
73.0,208.0,5.0,1,0.018250734,1,0-10
73.0,209.0,4.0,1,0.018684011,1,0-10
73.0,210.0,3.0,1,0.019221641,1,0-10
73.0,211.0,2.0,1,0.020216519,1,0-10
73.0,212.0,1.0,1,0.020940937,1,0-10
73.0,213.0,0.0,1,0.021547742,1,0-10
74.0,136.0,30.0,1,0.004899928,0,20-30
74.0,137.0,29.0,1,0.0049216845,0,20-30
74.0,138.0,28.0,1,0.004860072,0,20-30
74.0,139.0,27.0,1,0.004937512,0,20-30
74.0,140.0,26.0,1,0.0050236466,0,20-30
74.0,141.0,25.0,1,0.005468753,0,20-30
74.0,142.0,24.0,1,0.00547847,0,20-30
74.0,143.0,23.0,1,0.005679085,0,20-30
74.0,144.0,22.0,1,0.0055565676,0,20-30
74.0,145.0,21.0,1,0.005591318,0,20-30
74.0,146.0,20.0,1,0.0058021117,0,10-20
74.0,147.0,19.0,1,0.0058382344,0,10-20
74.0,148.0,18.0,1,0.0059421198,0,10-20
74.0,149.0,17.0,1,0.006229279,0,10-20
74.0,150.0,16.0,1,0.006633109,0,10-20
74.0,151.0,15.0,1,0.00676125,0,10-20
74.0,152.0,14.0,1,0.0066565024,0,10-20
74.0,153.0,13.0,1,0.006971265,0,10-20
74.0,154.0,12.0,1,0.0069600497,0,10-20
74.0,155.0,11.0,1,0.0071291807,0,10-20
74.0,156.0,10.0,1,0.007542001,0,0-10
74.0,157.0,9.0,1,0.00774825,0,0-10
74.0,158.0,8.0,1,0.008063272,0,0-10
74.0,159.0,7.0,1,0.008357086,0,0-10
74.0,160.0,6.0,1,0.0087188035,0,0-10
74.0,161.0,5.0,1,0.009202204,0,0-10
74.0,162.0,4.0,1,0.00974979,0,0-10
74.0,163.0,3.0,1,0.010641971,0,0-10
74.0,164.0,2.0,1,0.011529066,0,0-10
74.0,165.0,1.0,1,0.012267019,0,0-10
74.0,166.0,0.0,1,0.013344867,1,0-10
75.0,199.0,30.0,1,0.007840265,0,20-30
75.0,200.0,29.0,1,0.0082378145,0,20-30
75.0,201.0,28.0,1,0.008268552,0,20-30
75.0,202.0,27.0,1,0.008309649,0,20-30
75.0,203.0,26.0,1,0.008481837,0,20-30
75.0,204.0,25.0,1,0.008967112,0,20-30
75.0,205.0,24.0,1,0.009369681,0,20-30
75.0,206.0,23.0,1,0.009847399,0,20-30
75.0,207.0,22.0,1,0.009987499,0,20-30
75.0,208.0,21.0,1,0.010471078,0,20-30
75.0,209.0,20.0,1,0.0110438205,0,10-20
75.0,210.0,19.0,1,0.011263297,0,10-20
75.0,211.0,18.0,1,0.011832911,0,10-20
75.0,212.0,17.0,1,0.011812023,0,10-20
75.0,213.0,16.0,1,0.012143543,0,10-20
75.0,214.0,15.0,1,0.012742348,0,10-20
75.0,215.0,14.0,1,0.012965822,0,10-20
75.0,216.0,13.0,1,0.013155913,0,10-20
75.0,217.0,12.0,1,0.013623371,1,10-20
75.0,218.0,11.0,1,0.014110843,1,10-20
75.0,219.0,10.0,1,0.014488061,1,0-10
75.0,220.0,9.0,1,0.015198864,1,0-10
75.0,221.0,8.0,1,0.015780468,1,0-10
75.0,222.0,7.0,1,0.016471501,1,0-10
75.0,223.0,6.0,1,0.016919252,1,0-10
75.0,224.0,5.0,1,0.01766324,1,0-10
75.0,225.0,4.0,1,0.018656623,1,0-10
75.0,226.0,3.0,1,0.019261727,1,0-10
75.0,227.0,2.0,1,0.019936103,1,0-10
75.0,228.0,1.0,1,0.020732258,1,0-10
75.0,229.0,0.0,1,0.021647355,1,0-10
76.0,180.0,30.0,1,0.0064412225,0,20-30
76.0,181.0,29.0,1,0.006600399,0,20-30
76.0,182.0,28.0,1,0.006850634,0,20-30
76.0,183.0,27.0,1,0.006871911,0,20-30
76.0,184.0,26.0,1,0.0068731364,0,20-30
76.0,185.0,25.0,1,0.0071091144,0,20-30
76.0,186.0,24.0,1,0.0074592507,0,20-30
76.0,187.0,23.0,1,0.0078084557,0,20-30
76.0,188.0,22.0,1,0.008245962,0,20-30
76.0,189.0,21.0,1,0.008503049,0,20-30
76.0,190.0,20.0,1,0.008629584,0,10-20
76.0,191.0,19.0,1,0.0088648135,0,10-20
76.0,192.0,18.0,1,0.009275851,0,10-20
76.0,193.0,17.0,1,0.009401269,0,10-20
76.0,194.0,16.0,1,0.009587515,0,10-20
76.0,195.0,15.0,1,0.010121145,0,10-20
76.0,196.0,14.0,1,0.010499976,0,10-20
76.0,197.0,13.0,1,0.010787637,0,10-20
76.0,198.0,12.0,1,0.011004906,0,10-20
76.0,199.0,11.0,1,0.011744421,0,10-20
76.0,200.0,10.0,1,0.012119346,0,0-10
76.0,201.0,9.0,1,0.012623436,0,0-10
76.0,202.0,8.0,1,0.013207004,0,0-10
76.0,203.0,7.0,1,0.013745641,1,0-10
76.0,204.0,6.0,1,0.0144920265,1,0-10
76.0,205.0,5.0,1,0.015168802,1,0-10
76.0,206.0,4.0,1,0.01585662,1,0-10
76.0,207.0,3.0,1,0.01635222,1,0-10
76.0,208.0,2.0,1,0.017126702,1,0-10
76.0,209.0,1.0,1,0.017753301,1,0-10
76.0,210.0,0.0,1,0.018469295,1,0-10
77.0,124.0,30.0,1,0.004784903,0,20-30
77.0,125.0,29.0,1,0.004811556,0,20-30
77.0,126.0,28.0,1,0.004667188,0,20-30
77.0,127.0,27.0,1,0.0048202164,0,20-30
77.0,128.0,26.0,1,0.0049079135,0,20-30
77.0,129.0,25.0,1,0.004991769,0,20-30
77.0,130.0,24.0,1,0.0049471473,0,20-30
77.0,131.0,23.0,1,0.004999075,0,20-30
77.0,132.0,22.0,1,0.0052495482,0,20-30
77.0,133.0,21.0,1,0.0053091547,0,20-30
77.0,134.0,20.0,1,0.0052896175,0,10-20
77.0,135.0,19.0,1,0.005306386,0,10-20
77.0,136.0,18.0,1,0.0056798942,0,10-20
77.0,137.0,17.0,1,0.005882209,0,10-20
77.0,138.0,16.0,1,0.0061700065,0,10-20
77.0,139.0,15.0,1,0.0063634207,0,10-20
77.0,140.0,14.0,1,0.006678896,0,10-20
77.0,141.0,13.0,1,0.006907393,0,10-20
77.0,142.0,12.0,1,0.007028511,0,10-20
77.0,143.0,11.0,1,0.007224509,0,10-20
77.0,144.0,10.0,1,0.007539371,0,0-10
77.0,145.0,9.0,1,0.007893009,0,0-10
77.0,146.0,8.0,1,0.0083518345,0,0-10
77.0,147.0,7.0,1,0.008737471,0,0-10
77.0,148.0,6.0,1,0.009088112,0,0-10
77.0,149.0,5.0,1,0.010156586,0,0-10
77.0,150.0,4.0,1,0.01107121,0,0-10
77.0,151.0,3.0,1,0.011555378,0,0-10
77.0,152.0,2.0,1,0.012229705,0,0-10
77.0,153.0,1.0,1,0.013427887,1,0-10
77.0,154.0,0.0,1,0.014452176,1,0-10
78.0,201.0,30.0,1,0.0050218706,0,20-30
78.0,202.0,29.0,1,0.0049221897,0,20-30
78.0,203.0,28.0,1,0.0050130147,0,20-30
78.0,204.0,27.0,1,0.005017964,0,20-30
78.0,205.0,26.0,1,0.0052308147,0,20-30
78.0,206.0,25.0,1,0.0050429096,0,20-30
78.0,207.0,24.0,1,0.005200215,0,20-30
78.0,208.0,23.0,1,0.0051941024,0,20-30
78.0,209.0,22.0,1,0.0053588785,0,20-30
78.0,210.0,21.0,1,0.0056562405,0,20-30
78.0,211.0,20.0,1,0.0058682864,0,10-20
78.0,212.0,19.0,1,0.006099628,0,10-20
78.0,213.0,18.0,1,0.0062636393,0,10-20
78.0,214.0,17.0,1,0.0064159385,0,10-20
78.0,215.0,16.0,1,0.0064761904,0,10-20
78.0,216.0,15.0,1,0.0068986057,0,10-20
78.0,217.0,14.0,1,0.007256365,0,10-20
78.0,218.0,13.0,1,0.007850452,0,10-20
78.0,219.0,12.0,1,0.008352002,0,10-20
78.0,220.0,11.0,1,0.008349155,0,10-20
78.0,221.0,10.0,1,0.008672676,0,0-10
78.0,222.0,9.0,1,0.009326332,0,0-10
78.0,223.0,8.0,1,0.009969754,0,0-10
78.0,224.0,7.0,1,0.010429482,0,0-10
78.0,225.0,6.0,1,0.011350233,0,0-10
78.0,226.0,5.0,1,0.012074189,0,0-10
78.0,227.0,4.0,1,0.012981915,0,0-10
78.0,228.0,3.0,1,0.0135461865,1,0-10
78.0,229.0,2.0,1,0.014096057,1,0-10
78.0,230.0,1.0,1,0.015058732,1,0-10
78.0,231.0,0.0,1,0.015969148,1,0-10
79.0,169.0,30.0,1,0.0053579607,0,20-30
79.0,170.0,29.0,1,0.0054236962,0,20-30
79.0,171.0,28.0,1,0.0056170127,0,20-30
79.0,172.0,27.0,1,0.0056679226,0,20-30
79.0,173.0,26.0,1,0.0059412927,0,20-30
79.0,174.0,25.0,1,0.0057975994,0,20-30
79.0,175.0,24.0,1,0.005935756,0,20-30
79.0,176.0,23.0,1,0.00573422,0,20-30
79.0,177.0,22.0,1,0.0059176735,0,20-30
79.0,178.0,21.0,1,0.006114627,0,20-30
79.0,179.0,20.0,1,0.0060333665,0,10-20
79.0,180.0,19.0,1,0.0061381003,0,10-20
79.0,181.0,18.0,1,0.006257732,0,10-20
79.0,182.0,17.0,1,0.0066214083,0,10-20
79.0,183.0,16.0,1,0.007044729,0,10-20
79.0,184.0,15.0,1,0.0071502826,0,10-20
79.0,185.0,14.0,1,0.0076873917,0,10-20
79.0,186.0,13.0,1,0.00816413,0,10-20
79.0,187.0,12.0,1,0.008415651,0,10-20
79.0,188.0,11.0,1,0.008705232,0,10-20
79.0,189.0,10.0,1,0.009082536,0,0-10
79.0,190.0,9.0,1,0.009425388,0,0-10
79.0,191.0,8.0,1,0.009860344,0,0-10
79.0,192.0,7.0,1,0.01026241,0,0-10
79.0,193.0,6.0,1,0.010822826,0,0-10
79.0,194.0,5.0,1,0.011405405,0,0-10
79.0,195.0,4.0,1,0.011923898,0,0-10
79.0,196.0,3.0,1,0.012962224,0,0-10
79.0,197.0,2.0,1,0.013678625,1,0-10
79.0,198.0,1.0,1,0.014659686,1,0-10
79.0,199.0,0.0,1,0.015602594,1,0-10
80.0,155.0,30.0,1,0.0063685738,0,20-30
80.0,156.0,29.0,1,0.0064806617,0,20-30
80.0,157.0,28.0,1,0.0067396313,0,20-30
80.0,158.0,27.0,1,0.006911303,0,20-30
80.0,159.0,26.0,1,0.0070596547,0,20-30
80.0,160.0,25.0,1,0.0074230153,0,20-30
80.0,161.0,24.0,1,0.007981183,0,20-30
80.0,162.0,23.0,1,0.008409193,0,20-30
80.0,163.0,22.0,1,0.0085340785,0,20-30
80.0,164.0,21.0,1,0.009007836,0,20-30
80.0,165.0,20.0,1,0.009472799,0,10-20
80.0,166.0,19.0,1,0.009797434,0,10-20
80.0,167.0,18.0,1,0.010316421,0,10-20
80.0,168.0,17.0,1,0.010614519,0,10-20
80.0,169.0,16.0,1,0.010952358,0,10-20
80.0,170.0,15.0,1,0.011749898,0,10-20
80.0,171.0,14.0,1,0.0124316225,0,10-20
80.0,172.0,13.0,1,0.012977596,0,10-20
80.0,173.0,12.0,1,0.013768214,1,10-20
80.0,174.0,11.0,1,0.01434942,1,10-20
80.0,175.0,10.0,1,0.015066173,1,0-10
80.0,176.0,9.0,1,0.015588606,1,0-10
80.0,177.0,8.0,1,0.016601117,1,0-10
80.0,178.0,7.0,1,0.017476737,1,0-10
80.0,179.0,6.0,1,0.018759202,1,0-10
80.0,180.0,5.0,1,0.019985998,1,0-10
80.0,181.0,4.0,1,0.021261724,1,0-10
80.0,182.0,3.0,1,0.02294179,1,0-10
80.0,183.0,2.0,1,0.024738587,1,0-10
80.0,184.0,1.0,1,0.025997566,1,0-10
80.0,185.0,0.0,1,0.02775385,1,0-10
81.0,210.0,30.0,1,0.0060108737,0,20-30
81.0,211.0,29.0,1,0.006301789,0,20-30
81.0,212.0,28.0,1,0.006322679,0,20-30
81.0,213.0,27.0,1,0.0066108103,0,20-30
81.0,214.0,26.0,1,0.0069346246,0,20-30
81.0,215.0,25.0,1,0.0070877913,0,20-30
81.0,216.0,24.0,1,0.007461075,0,20-30
81.0,217.0,23.0,1,0.007878113,0,20-30
81.0,218.0,22.0,1,0.00815568,0,20-30
81.0,219.0,21.0,1,0.008589012,0,20-30
81.0,220.0,20.0,1,0.008759059,0,10-20
81.0,221.0,19.0,1,0.008865899,0,10-20
81.0,222.0,18.0,1,0.008937236,0,10-20
81.0,223.0,17.0,1,0.009347278,0,10-20
81.0,224.0,16.0,1,0.009595032,0,10-20
81.0,225.0,15.0,1,0.009764734,0,10-20
81.0,226.0,14.0,1,0.010171782,0,10-20
81.0,227.0,13.0,1,0.010478504,0,10-20
81.0,228.0,12.0,1,0.010799768,0,10-20
81.0,229.0,11.0,1,0.0110944,0,10-20
81.0,230.0,10.0,1,0.011392587,0,0-10
81.0,231.0,9.0,1,0.011810662,0,0-10
81.0,232.0,8.0,1,0.012650715,0,0-10
81.0,233.0,7.0,1,0.012855111,0,0-10
81.0,234.0,6.0,1,0.0131455185,0,0-10
81.0,235.0,5.0,1,0.013943728,1,0-10
81.0,236.0,4.0,1,0.014751957,1,0-10
81.0,237.0,3.0,1,0.015586756,1,0-10
81.0,238.0,2.0,1,0.016176227,1,0-10
81.0,239.0,1.0,1,0.017304452,1,0-10
81.0,240.0,0.0,1,0.018110866,1,0-10
82.0,184.0,30.0,1,0.0063411733,0,20-30
82.0,185.0,29.0,1,0.0066218125,0,20-30
82.0,186.0,28.0,1,0.0068500047,0,20-30
82.0,187.0,27.0,1,0.007195086,0,20-30
82.0,188.0,26.0,1,0.0075121135,0,20-30
82.0,189.0,25.0,1,0.0075777406,0,20-30
82.0,190.0,24.0,1,0.007978704,0,20-30
82.0,191.0,23.0,1,0.008279612,0,20-30
82.0,192.0,22.0,1,0.008838612,0,20-30
82.0,193.0,21.0,1,0.00909621,0,20-30
82.0,194.0,20.0,1,0.00957779,0,10-20
82.0,195.0,19.0,1,0.010616576,0,10-20
82.0,196.0,18.0,1,0.01117049,0,10-20
82.0,197.0,17.0,1,0.011809288,0,10-20
82.0,198.0,16.0,1,0.012802119,0,10-20
82.0,199.0,15.0,1,0.013415482,1,10-20
82.0,200.0,14.0,1,0.014191051,1,10-20
82.0,201.0,13.0,1,0.015215228,1,10-20
82.0,202.0,12.0,1,0.016341006,1,10-20
82.0,203.0,11.0,1,0.017378831,1,10-20
82.0,204.0,10.0,1,0.017940708,1,0-10
82.0,205.0,9.0,1,0.019164426,1,0-10
82.0,206.0,8.0,1,0.020378834,1,0-10
82.0,207.0,7.0,1,0.021847514,1,0-10
82.0,208.0,6.0,1,0.02382212,1,0-10
82.0,209.0,5.0,1,0.025709603,1,0-10
82.0,210.0,4.0,1,0.02789472,1,0-10
82.0,211.0,3.0,1,0.029800886,1,0-10
82.0,212.0,2.0,1,0.031456813,1,0-10
82.0,213.0,1.0,1,0.033411093,1,0-10
82.0,214.0,0.0,1,0.0360193,1,0-10
83.0,263.0,30.0,1,0.0056170276,0,20-30
83.0,264.0,29.0,1,0.0056141983,0,20-30
83.0,265.0,28.0,1,0.0058040866,0,20-30
83.0,266.0,27.0,1,0.005811087,0,20-30
83.0,267.0,26.0,1,0.0060026776,0,20-30
83.0,268.0,25.0,1,0.0061057727,0,20-30
83.0,269.0,24.0,1,0.006535732,0,20-30
83.0,270.0,23.0,1,0.006664882,0,20-30
83.0,271.0,22.0,1,0.006828144,0,20-30
83.0,272.0,21.0,1,0.0070044603,0,20-30
83.0,273.0,20.0,1,0.0071374746,0,10-20
83.0,274.0,19.0,1,0.007465881,0,10-20
83.0,275.0,18.0,1,0.0074804057,0,10-20
83.0,276.0,17.0,1,0.0075125718,0,10-20
83.0,277.0,16.0,1,0.007515899,0,10-20
83.0,278.0,15.0,1,0.008147248,0,10-20
83.0,279.0,14.0,1,0.008567917,0,10-20
83.0,280.0,13.0,1,0.008770159,0,10-20
83.0,281.0,12.0,1,0.009283295,0,10-20
83.0,282.0,11.0,1,0.009686176,0,10-20
83.0,283.0,10.0,1,0.010062848,0,0-10
83.0,284.0,9.0,1,0.010813591,0,0-10
83.0,285.0,8.0,1,0.011068048,0,0-10
83.0,286.0,7.0,1,0.011597301,0,0-10
83.0,287.0,6.0,1,0.012339715,0,0-10
83.0,288.0,5.0,1,0.012635515,0,0-10
83.0,289.0,4.0,1,0.01325497,0,0-10
83.0,290.0,3.0,1,0.014082109,1,0-10
83.0,291.0,2.0,1,0.015128003,1,0-10
83.0,292.0,1.0,1,0.015512503,1,0-10
83.0,293.0,0.0,1,0.016358005,1,0-10
84.0,237.0,30.0,1,0.0071677547,0,20-30
84.0,238.0,29.0,1,0.00774526,0,20-30
84.0,239.0,28.0,1,0.007730989,0,20-30
84.0,240.0,27.0,1,0.007681962,0,20-30
84.0,241.0,26.0,1,0.008233268,0,20-30
84.0,242.0,25.0,1,0.00844771,0,20-30
84.0,243.0,24.0,1,0.0089190835,0,20-30
84.0,244.0,23.0,1,0.009078049,0,20-30
84.0,245.0,22.0,1,0.009284189,0,20-30
84.0,246.0,21.0,1,0.009287156,0,20-30
84.0,247.0,20.0,1,0.009921456,0,10-20
84.0,248.0,19.0,1,0.010101511,0,10-20
84.0,249.0,18.0,1,0.010576137,0,10-20
84.0,250.0,17.0,1,0.011091878,0,10-20
84.0,251.0,16.0,1,0.011240622,0,10-20
84.0,252.0,15.0,1,0.011412934,0,10-20
84.0,253.0,14.0,1,0.0120223025,0,10-20
84.0,254.0,13.0,1,0.012156981,0,10-20
84.0,255.0,12.0,1,0.012519153,0,10-20
84.0,256.0,11.0,1,0.0127831865,0,10-20
84.0,257.0,10.0,1,0.013186873,0,0-10
84.0,258.0,9.0,1,0.013932292,1,0-10
84.0,259.0,8.0,1,0.014705008,1,0-10
84.0,260.0,7.0,1,0.015319954,1,0-10
84.0,261.0,6.0,1,0.015739834,1,0-10
84.0,262.0,5.0,1,0.016585138,1,0-10
84.0,263.0,4.0,1,0.0172494,1,0-10
84.0,264.0,3.0,1,0.017743444,1,0-10
84.0,265.0,2.0,1,0.018427512,1,0-10
84.0,266.0,1.0,1,0.01906402,1,0-10
84.0,267.0,0.0,1,0.019771216,1,0-10
85.0,158.0,30.0,1,0.0042566126,0,20-30
85.0,159.0,29.0,1,0.004231818,0,20-30
85.0,160.0,28.0,1,0.004493966,0,20-30
85.0,161.0,27.0,1,0.004689938,0,20-30
85.0,162.0,26.0,1,0.0047128643,0,20-30
85.0,163.0,25.0,1,0.0049569164,0,20-30
85.0,164.0,24.0,1,0.0049110213,0,20-30
85.0,165.0,23.0,1,0.005105893,0,20-30
85.0,166.0,22.0,1,0.0051398915,0,20-30
85.0,167.0,21.0,1,0.0052436357,0,20-30
85.0,168.0,20.0,1,0.0054761,0,10-20
85.0,169.0,19.0,1,0.0056555173,0,10-20
85.0,170.0,18.0,1,0.0060259206,0,10-20
85.0,171.0,17.0,1,0.0060049463,0,10-20
85.0,172.0,16.0,1,0.0063406965,0,10-20
85.0,173.0,15.0,1,0.006496137,0,10-20
85.0,174.0,14.0,1,0.006874263,0,10-20
85.0,175.0,13.0,1,0.007463284,0,10-20
85.0,176.0,12.0,1,0.00775093,0,10-20
85.0,177.0,11.0,1,0.0081422655,0,10-20
85.0,178.0,10.0,1,0.008407826,0,0-10
85.0,179.0,9.0,1,0.008901786,0,0-10
85.0,180.0,8.0,1,0.009099641,0,0-10
85.0,181.0,7.0,1,0.009563876,0,0-10
85.0,182.0,6.0,1,0.009993362,0,0-10
85.0,183.0,5.0,1,0.010337487,0,0-10
85.0,184.0,4.0,1,0.010872668,0,0-10
85.0,185.0,3.0,1,0.011177328,0,0-10
85.0,186.0,2.0,1,0.012040302,0,0-10
85.0,187.0,1.0,1,0.013486063,1,0-10
85.0,188.0,0.0,1,0.014255445,1,0-10
86.0,248.0,30.0,1,0.0077442415,0,20-30
86.0,249.0,29.0,1,0.008065096,0,20-30
86.0,250.0,28.0,1,0.00820922,0,20-30
86.0,251.0,27.0,1,0.008339982,0,20-30
86.0,252.0,26.0,1,0.008537419,0,20-30
86.0,253.0,25.0,1,0.008358521,0,20-30
86.0,254.0,24.0,1,0.008632541,0,20-30
86.0,255.0,23.0,1,0.008890678,0,20-30
86.0,256.0,22.0,1,0.009198235,0,20-30
86.0,257.0,21.0,1,0.009573715,0,20-30
86.0,258.0,20.0,1,0.009708779,0,10-20
86.0,259.0,19.0,1,0.010144132,0,10-20
86.0,260.0,18.0,1,0.010590296,0,10-20
86.0,261.0,17.0,1,0.01093956,0,10-20
86.0,262.0,16.0,1,0.011351088,0,10-20
86.0,263.0,15.0,1,0.011926536,0,10-20
86.0,264.0,14.0,1,0.012560502,0,10-20
86.0,265.0,13.0,1,0.012807101,0,10-20
86.0,266.0,12.0,1,0.013700734,1,10-20
86.0,267.0,11.0,1,0.013880853,1,10-20
86.0,268.0,10.0,1,0.014552203,1,0-10
86.0,269.0,9.0,1,0.014882656,1,0-10
86.0,270.0,8.0,1,0.0152692925,1,0-10
86.0,271.0,7.0,1,0.015722062,1,0-10
86.0,272.0,6.0,1,0.016136892,1,0-10
86.0,273.0,5.0,1,0.016753685,1,0-10
86.0,274.0,4.0,1,0.01704271,1,0-10
86.0,275.0,3.0,1,0.017529553,1,0-10
86.0,276.0,2.0,1,0.01785293,1,0-10
86.0,277.0,1.0,1,0.018563153,1,0-10
86.0,278.0,0.0,1,0.01887144,1,0-10
87.0,148.0,30.0,1,0.0044317325,0,20-30
87.0,149.0,29.0,1,0.004761614,0,20-30
87.0,150.0,28.0,1,0.0047928933,0,20-30
87.0,151.0,27.0,1,0.004778403,0,20-30
87.0,152.0,26.0,1,0.0048442455,0,20-30
87.0,153.0,25.0,1,0.0048305397,0,20-30
87.0,154.0,24.0,1,0.0050815567,0,20-30
87.0,155.0,23.0,1,0.005097877,0,20-30
87.0,156.0,22.0,1,0.0050769392,0,20-30
87.0,157.0,21.0,1,0.005435621,0,20-30
87.0,158.0,20.0,1,0.005772165,0,10-20
87.0,159.0,19.0,1,0.006195072,0,10-20
87.0,160.0,18.0,1,0.006408576,0,10-20
87.0,161.0,17.0,1,0.0066886744,0,10-20
87.0,162.0,16.0,1,0.0068220785,0,10-20
87.0,163.0,15.0,1,0.0071852272,0,10-20
87.0,164.0,14.0,1,0.007558064,0,10-20
87.0,165.0,13.0,1,0.007893165,0,10-20
87.0,166.0,12.0,1,0.008202445,0,10-20
87.0,167.0,11.0,1,0.0086052315,0,10-20
87.0,168.0,10.0,1,0.008967713,0,0-10
87.0,169.0,9.0,1,0.00914082,0,0-10
87.0,170.0,8.0,1,0.009717484,0,0-10
87.0,171.0,7.0,1,0.010406661,0,0-10
87.0,172.0,6.0,1,0.011049519,0,0-10
87.0,173.0,5.0,1,0.011349253,0,0-10
87.0,174.0,4.0,1,0.012259236,0,0-10
87.0,175.0,3.0,1,0.013070352,0,0-10
87.0,176.0,2.0,1,0.013757034,1,0-10
87.0,177.0,1.0,1,0.014688068,1,0-10
87.0,178.0,0.0,1,0.015397679,1,0-10
88.0,183.0,30.0,1,0.00600013,0,20-30
88.0,184.0,29.0,1,0.006172071,0,20-30
88.0,185.0,28.0,1,0.006437988,0,20-30
88.0,186.0,27.0,1,0.0066737994,0,20-30
88.0,187.0,26.0,1,0.0072507807,0,20-30
88.0,188.0,25.0,1,0.0073767463,0,20-30
88.0,189.0,24.0,1,0.0076069874,0,20-30
88.0,190.0,23.0,1,0.00791684,0,20-30
88.0,191.0,22.0,1,0.008235369,0,20-30
88.0,192.0,21.0,1,0.008624223,0,20-30
88.0,193.0,20.0,1,0.00895131,0,10-20
88.0,194.0,19.0,1,0.009315486,0,10-20
88.0,195.0,18.0,1,0.0102206515,0,10-20
88.0,196.0,17.0,1,0.01089,0,10-20
88.0,197.0,16.0,1,0.011510847,0,10-20
88.0,198.0,15.0,1,0.012066276,0,10-20
88.0,199.0,14.0,1,0.012792391,0,10-20
88.0,200.0,13.0,1,0.013480528,1,10-20
88.0,201.0,12.0,1,0.014166082,1,10-20
88.0,202.0,11.0,1,0.014723067,1,10-20
88.0,203.0,10.0,1,0.01553719,1,0-10
88.0,204.0,9.0,1,0.01639344,1,0-10
88.0,205.0,8.0,1,0.01706736,1,0-10
88.0,206.0,7.0,1,0.017908048,1,0-10
88.0,207.0,6.0,1,0.018914474,1,0-10
88.0,208.0,5.0,1,0.019713597,1,0-10
88.0,209.0,4.0,1,0.020731596,1,0-10
88.0,210.0,3.0,1,0.021724036,1,0-10
88.0,211.0,2.0,1,0.022823917,1,0-10
88.0,212.0,1.0,1,0.024025101,1,0-10
88.0,213.0,0.0,1,0.025578571,1,0-10
89.0,187.0,30.0,1,0.0045821713,0,20-30
89.0,188.0,29.0,1,0.0047128974,0,20-30
89.0,189.0,28.0,1,0.0047301073,0,20-30
89.0,190.0,27.0,1,0.0048303204,0,20-30
89.0,191.0,26.0,1,0.004880969,0,20-30
89.0,192.0,25.0,1,0.0048490376,0,20-30
89.0,193.0,24.0,1,0.0046091774,0,20-30
89.0,194.0,23.0,1,0.004732543,0,20-30
89.0,195.0,22.0,1,0.0049422923,0,20-30
89.0,196.0,21.0,1,0.0051389523,0,20-30
89.0,197.0,20.0,1,0.005320953,0,10-20
89.0,198.0,19.0,1,0.0056577185,0,10-20
89.0,199.0,18.0,1,0.0060632452,0,10-20
89.0,200.0,17.0,1,0.006374723,0,10-20
89.0,201.0,16.0,1,0.0064990595,0,10-20
89.0,202.0,15.0,1,0.0071720686,0,10-20
89.0,203.0,14.0,1,0.007831017,0,10-20
89.0,204.0,13.0,1,0.008327902,0,10-20
89.0,205.0,12.0,1,0.00849439,0,10-20
89.0,206.0,11.0,1,0.008945674,0,10-20
89.0,207.0,10.0,1,0.009710774,0,0-10
89.0,208.0,9.0,1,0.009964742,0,0-10
89.0,209.0,8.0,1,0.010711604,0,0-10
89.0,210.0,7.0,1,0.01113479,0,0-10
89.0,211.0,6.0,1,0.01157039,0,0-10
89.0,212.0,5.0,1,0.012246898,0,0-10
89.0,213.0,4.0,1,0.013331004,1,0-10
89.0,214.0,3.0,1,0.013764604,1,0-10
89.0,215.0,2.0,1,0.014788818,1,0-10
89.0,216.0,1.0,1,0.015589381,1,0-10
89.0,217.0,0.0,1,0.016708195,1,0-10
90.0,124.0,30.0,1,0.0047103427,0,20-30
90.0,125.0,29.0,1,0.004728254,0,20-30
90.0,126.0,28.0,1,0.0048554465,0,20-30
90.0,127.0,27.0,1,0.004707563,0,20-30
90.0,128.0,26.0,1,0.0047363373,0,20-30
90.0,129.0,25.0,1,0.0047855675,0,20-30
90.0,130.0,24.0,1,0.004881369,0,20-30
90.0,131.0,23.0,1,0.0050246315,0,20-30
90.0,132.0,22.0,1,0.005236645,0,20-30
90.0,133.0,21.0,1,0.0052882377,0,20-30
90.0,134.0,20.0,1,0.005555133,0,10-20
90.0,135.0,19.0,1,0.005594857,0,10-20
90.0,136.0,18.0,1,0.005706964,0,10-20
90.0,137.0,17.0,1,0.0057316395,0,10-20
90.0,138.0,16.0,1,0.005750278,0,10-20
90.0,139.0,15.0,1,0.0059807547,0,10-20
90.0,140.0,14.0,1,0.006018045,0,10-20
90.0,141.0,13.0,1,0.006085897,0,10-20
90.0,142.0,12.0,1,0.006466059,0,10-20
90.0,143.0,11.0,1,0.0066686994,0,10-20
90.0,144.0,10.0,1,0.0067488435,0,0-10
90.0,145.0,9.0,1,0.006929612,0,0-10
90.0,146.0,8.0,1,0.007165724,0,0-10
90.0,147.0,7.0,1,0.0072965464,0,0-10
90.0,148.0,6.0,1,0.0073456177,0,0-10
90.0,149.0,5.0,1,0.0077443905,0,0-10
90.0,150.0,4.0,1,0.00811677,0,0-10
90.0,151.0,3.0,1,0.008500861,0,0-10
90.0,152.0,2.0,1,0.009236069,0,0-10
90.0,153.0,1.0,1,0.010640599,0,0-10
90.0,154.0,0.0,1,0.011965518,0,0-10
91.0,105.0,30.0,1,0.005281536,0,20-30
91.0,106.0,29.0,1,0.0053793746,0,20-30
91.0,107.0,28.0,1,0.0053600133,0,20-30
91.0,108.0,27.0,1,0.0053722025,0,20-30
91.0,109.0,26.0,1,0.0058504795,0,20-30
91.0,110.0,25.0,1,0.005900881,0,20-30
91.0,111.0,24.0,1,0.006157804,0,20-30
91.0,112.0,23.0,1,0.0062835435,0,20-30
91.0,113.0,22.0,1,0.0065333154,0,20-30
91.0,114.0,21.0,1,0.0068259854,0,20-30
91.0,115.0,20.0,1,0.0066645485,0,10-20
91.0,116.0,19.0,1,0.006782111,0,10-20
91.0,117.0,18.0,1,0.006808194,0,10-20
91.0,118.0,17.0,1,0.0072525716,0,10-20
91.0,119.0,16.0,1,0.007654951,0,10-20
91.0,120.0,15.0,1,0.00786126,0,10-20
91.0,121.0,14.0,1,0.0082671475,0,10-20
91.0,122.0,13.0,1,0.008483568,0,10-20
91.0,123.0,12.0,1,0.008814488,0,10-20
91.0,124.0,11.0,1,0.009317572,0,10-20
91.0,125.0,10.0,1,0.0095971385,0,0-10
91.0,126.0,9.0,1,0.010569556,0,0-10
91.0,127.0,8.0,1,0.011404064,0,0-10
91.0,128.0,7.0,1,0.011949329,0,0-10
91.0,129.0,6.0,1,0.012591724,0,0-10
91.0,130.0,5.0,1,0.01293406,0,0-10
91.0,131.0,4.0,1,0.013382604,1,0-10
91.0,132.0,3.0,1,0.014270683,1,0-10
91.0,133.0,2.0,1,0.015429987,1,0-10
91.0,134.0,1.0,1,0.016625058,1,0-10
91.0,135.0,0.0,1,0.017826673,1,0-10
92.0,311.0,30.0,1,0.01061035,0,20-30
92.0,312.0,29.0,1,0.011080148,0,20-30
92.0,313.0,28.0,1,0.011277632,0,20-30
92.0,314.0,27.0,1,0.011554674,0,20-30
92.0,315.0,26.0,1,0.011635238,0,20-30
92.0,316.0,25.0,1,0.012161821,0,20-30
92.0,317.0,24.0,1,0.0125596095,0,20-30
92.0,318.0,23.0,1,0.012730788,0,20-30
92.0,319.0,22.0,1,0.013194916,0,20-30
92.0,320.0,21.0,1,0.013812483,1,20-30
92.0,321.0,20.0,1,0.01470686,1,10-20
92.0,322.0,19.0,1,0.015011951,1,10-20
92.0,323.0,18.0,1,0.0155042885,1,10-20
92.0,324.0,17.0,1,0.01594576,1,10-20
92.0,325.0,16.0,1,0.016509287,1,10-20
92.0,326.0,15.0,1,0.016938949,1,10-20
92.0,327.0,14.0,1,0.01726113,1,10-20
92.0,328.0,13.0,1,0.018204316,1,10-20
92.0,329.0,12.0,1,0.018546782,1,10-20
92.0,330.0,11.0,1,0.018948171,1,10-20
92.0,331.0,10.0,1,0.01941648,1,0-10
92.0,332.0,9.0,1,0.020171937,1,0-10
92.0,333.0,8.0,1,0.020716704,1,0-10
92.0,334.0,7.0,1,0.021590434,1,0-10
92.0,335.0,6.0,1,0.02256175,1,0-10
92.0,336.0,5.0,1,0.023337958,1,0-10
92.0,337.0,4.0,1,0.02358068,1,0-10
92.0,338.0,3.0,1,0.024723211,1,0-10
92.0,339.0,2.0,1,0.025720712,1,0-10
92.0,340.0,1.0,1,0.026623962,1,0-10
92.0,341.0,0.0,1,0.027945884,1,0-10
93.0,125.0,30.0,1,0.005804815,0,20-30
93.0,126.0,29.0,1,0.00579754,0,20-30
93.0,127.0,28.0,1,0.005588769,0,20-30
93.0,128.0,27.0,1,0.0055435784,0,20-30
93.0,129.0,26.0,1,0.0054267724,0,20-30
93.0,130.0,25.0,1,0.0054599806,0,20-30
93.0,131.0,24.0,1,0.005565383,0,20-30
93.0,132.0,23.0,1,0.0058491225,0,20-30
93.0,133.0,22.0,1,0.0060406537,0,20-30
93.0,134.0,21.0,1,0.005805453,0,20-30
93.0,135.0,20.0,1,0.005894538,0,10-20
93.0,136.0,19.0,1,0.0060810177,0,10-20
93.0,137.0,18.0,1,0.0063204365,0,10-20
93.0,138.0,17.0,1,0.006506789,0,10-20
93.0,139.0,16.0,1,0.006622785,0,10-20
93.0,140.0,15.0,1,0.0069115926,0,10-20
93.0,141.0,14.0,1,0.0068879467,0,10-20
93.0,142.0,13.0,1,0.006804777,0,10-20
93.0,143.0,12.0,1,0.006901987,0,10-20
93.0,144.0,11.0,1,0.0072789374,0,10-20
93.0,145.0,10.0,1,0.007718997,0,0-10
93.0,146.0,9.0,1,0.007824295,0,0-10
93.0,147.0,8.0,1,0.008243374,0,0-10
93.0,148.0,7.0,1,0.008907518,0,0-10
93.0,149.0,6.0,1,0.009496808,0,0-10
93.0,150.0,5.0,1,0.010009412,0,0-10
93.0,151.0,4.0,1,0.010781,0,0-10
93.0,152.0,3.0,1,0.011257194,0,0-10
93.0,153.0,2.0,1,0.011795227,0,0-10
93.0,154.0,1.0,1,0.012977176,0,0-10
93.0,155.0,0.0,1,0.013676415,1,0-10
94.0,228.0,30.0,1,0.009246163,0,20-30
94.0,229.0,29.0,1,0.009563489,0,20-30
94.0,230.0,28.0,1,0.009820661,0,20-30
94.0,231.0,27.0,1,0.010209841,0,20-30
94.0,232.0,26.0,1,0.010438839,0,20-30
94.0,233.0,25.0,1,0.010810076,0,20-30
94.0,234.0,24.0,1,0.011277434,0,20-30
94.0,235.0,23.0,1,0.011627793,0,20-30
94.0,236.0,22.0,1,0.012280647,0,20-30
94.0,237.0,21.0,1,0.01291146,0,20-30
94.0,238.0,20.0,1,0.013190073,0,10-20
94.0,239.0,19.0,1,0.0136681795,1,10-20
94.0,240.0,18.0,1,0.014427973,1,10-20
94.0,241.0,17.0,1,0.014654166,1,10-20
94.0,242.0,16.0,1,0.01551615,1,10-20
94.0,243.0,15.0,1,0.015947796,1,10-20
94.0,244.0,14.0,1,0.016414959,1,10-20
94.0,245.0,13.0,1,0.016980032,1,10-20
94.0,246.0,12.0,1,0.017980823,1,10-20
94.0,247.0,11.0,1,0.018577946,1,10-20
94.0,248.0,10.0,1,0.019270556,1,0-10
94.0,249.0,9.0,1,0.020031929,1,0-10
94.0,250.0,8.0,1,0.021148449,1,0-10
94.0,251.0,7.0,1,0.022071287,1,0-10
94.0,252.0,6.0,1,0.0229174,1,0-10
94.0,253.0,5.0,1,0.024010604,1,0-10
94.0,254.0,4.0,1,0.02490523,1,0-10
94.0,255.0,3.0,1,0.026033783,1,0-10
94.0,256.0,2.0,1,0.027409837,1,0-10
94.0,257.0,1.0,1,0.02886419,1,0-10
94.0,258.0,0.0,1,0.030280232,1,0-10
95.0,253.0,30.0,1,0.0068877414,0,20-30
95.0,254.0,29.0,1,0.0071650324,0,20-30
95.0,255.0,28.0,1,0.007159056,0,20-30
95.0,256.0,27.0,1,0.007335161,0,20-30
95.0,257.0,26.0,1,0.0073855156,0,20-30
95.0,258.0,25.0,1,0.008007787,0,20-30
95.0,259.0,24.0,1,0.008132975,0,20-30
95.0,260.0,23.0,1,0.008414704,0,20-30
95.0,261.0,22.0,1,0.008556637,0,20-30
95.0,262.0,21.0,1,0.008669434,0,20-30
95.0,263.0,20.0,1,0.008783184,0,10-20
95.0,264.0,19.0,1,0.009211265,0,10-20
95.0,265.0,18.0,1,0.009502231,0,10-20
95.0,266.0,17.0,1,0.009780989,0,10-20
95.0,267.0,16.0,1,0.010164834,0,10-20
95.0,268.0,15.0,1,0.010421666,0,10-20
95.0,269.0,14.0,1,0.010691913,0,10-20
95.0,270.0,13.0,1,0.011441495,0,10-20
95.0,271.0,12.0,1,0.0121584935,0,10-20
95.0,272.0,11.0,1,0.012580602,0,10-20
95.0,273.0,10.0,1,0.013385681,1,0-10
95.0,274.0,9.0,1,0.0135955475,1,0-10
95.0,275.0,8.0,1,0.0145061305,1,0-10
95.0,276.0,7.0,1,0.015207403,1,0-10
95.0,277.0,6.0,1,0.015579714,1,0-10
95.0,278.0,5.0,1,0.016503371,1,0-10
95.0,279.0,4.0,1,0.017286085,1,0-10
95.0,280.0,3.0,1,0.018049404,1,0-10
95.0,281.0,2.0,1,0.018655144,1,0-10
95.0,282.0,1.0,1,0.019889237,1,0-10
95.0,283.0,0.0,1,0.021353794,1,0-10
96.0,306.0,30.0,1,0.008232321,0,20-30
96.0,307.0,29.0,1,0.00830834,0,20-30
96.0,308.0,28.0,1,0.008477009,0,20-30
96.0,309.0,27.0,1,0.008690015,0,20-30
96.0,310.0,26.0,1,0.008961061,0,20-30
96.0,311.0,25.0,1,0.009050422,0,20-30
96.0,312.0,24.0,1,0.009418846,0,20-30
96.0,313.0,23.0,1,0.009516994,0,20-30
96.0,314.0,22.0,1,0.009886308,0,20-30
96.0,315.0,21.0,1,0.010348939,0,20-30
96.0,316.0,20.0,1,0.010382474,0,10-20
96.0,317.0,19.0,1,0.010815449,0,10-20
96.0,318.0,18.0,1,0.010919687,0,10-20
96.0,319.0,17.0,1,0.0109778885,0,10-20
96.0,320.0,16.0,1,0.011269252,0,10-20
96.0,321.0,15.0,1,0.011199494,0,10-20
96.0,322.0,14.0,1,0.011548488,0,10-20
96.0,323.0,13.0,1,0.011884382,0,10-20
96.0,324.0,12.0,1,0.012289452,0,10-20
96.0,325.0,11.0,1,0.01314212,0,10-20
96.0,326.0,10.0,1,0.013373464,1,0-10
96.0,327.0,9.0,1,0.0139995,1,0-10
96.0,328.0,8.0,1,0.014631537,1,0-10
96.0,329.0,7.0,1,0.015092193,1,0-10
96.0,330.0,6.0,1,0.01573449,1,0-10
96.0,331.0,5.0,1,0.016149176,1,0-10
96.0,332.0,4.0,1,0.016866088,1,0-10
96.0,333.0,3.0,1,0.01765023,1,0-10
96.0,334.0,2.0,1,0.018023042,1,0-10
96.0,335.0,1.0,1,0.018882366,1,0-10
96.0,336.0,0.0,1,0.019863905,1,0-10
97.0,172.0,30.0,1,0.005287485,0,20-30
97.0,173.0,29.0,1,0.0055221235,0,20-30
97.0,174.0,28.0,1,0.0056464854,0,20-30
97.0,175.0,27.0,1,0.005841513,0,20-30
97.0,176.0,26.0,1,0.006294506,0,20-30
97.0,177.0,25.0,1,0.006474941,0,20-30
97.0,178.0,24.0,1,0.0068539893,0,20-30
97.0,179.0,23.0,1,0.0071852296,0,20-30
97.0,180.0,22.0,1,0.007869843,0,20-30
97.0,181.0,21.0,1,0.008048231,0,20-30
97.0,182.0,20.0,1,0.008345742,0,10-20
97.0,183.0,19.0,1,0.008682568,0,10-20
97.0,184.0,18.0,1,0.009414954,0,10-20
97.0,185.0,17.0,1,0.009913165,0,10-20
97.0,186.0,16.0,1,0.010579791,0,10-20
97.0,187.0,15.0,1,0.01133028,0,10-20
97.0,188.0,14.0,1,0.011934166,0,10-20
97.0,189.0,13.0,1,0.012732463,0,10-20
97.0,190.0,12.0,1,0.013446903,1,10-20
97.0,191.0,11.0,1,0.014486647,1,10-20
97.0,192.0,10.0,1,0.016072499,1,0-10
97.0,193.0,9.0,1,0.017026065,1,0-10
97.0,194.0,8.0,1,0.018288372,1,0-10
97.0,195.0,7.0,1,0.019747186,1,0-10
97.0,196.0,6.0,1,0.02092264,1,0-10
97.0,197.0,5.0,1,0.022641335,1,0-10
97.0,198.0,4.0,1,0.02504033,1,0-10
97.0,199.0,3.0,1,0.027492749,1,0-10
97.0,200.0,2.0,1,0.029670475,1,0-10
97.0,201.0,1.0,1,0.03207978,1,0-10
97.0,202.0,0.0,1,0.03482064,1,0-10
98.0,126.0,30.0,1,0.0054092947,0,20-30
98.0,127.0,29.0,1,0.0053140884,0,20-30
98.0,128.0,28.0,1,0.0051017147,0,20-30
98.0,129.0,27.0,1,0.005241705,0,20-30
98.0,130.0,26.0,1,0.005339395,0,20-30
98.0,131.0,25.0,1,0.0054933666,0,20-30
98.0,132.0,24.0,1,0.0054741637,0,20-30
98.0,133.0,23.0,1,0.005437555,0,20-30
98.0,134.0,22.0,1,0.0053502456,0,20-30
98.0,135.0,21.0,1,0.005397172,0,20-30
98.0,136.0,20.0,1,0.005549406,0,10-20
98.0,137.0,19.0,1,0.005514453,0,10-20
98.0,138.0,18.0,1,0.005548973,0,10-20
98.0,139.0,17.0,1,0.0058064684,0,10-20
98.0,140.0,16.0,1,0.005707267,0,10-20
98.0,141.0,15.0,1,0.006057731,0,10-20
98.0,142.0,14.0,1,0.0060117627,0,10-20
98.0,143.0,13.0,1,0.006074378,0,10-20
98.0,144.0,12.0,1,0.0062760734,0,10-20
98.0,145.0,11.0,1,0.0064369813,0,10-20
98.0,146.0,10.0,1,0.0063404376,0,0-10
98.0,147.0,9.0,1,0.0070914133,0,0-10
98.0,148.0,8.0,1,0.007591197,0,0-10
98.0,149.0,7.0,1,0.007710267,0,0-10
98.0,150.0,6.0,1,0.007979917,0,0-10
98.0,151.0,5.0,1,0.008547512,0,0-10
98.0,152.0,4.0,1,0.009167529,0,0-10
98.0,153.0,3.0,1,0.009607353,0,0-10
98.0,154.0,2.0,1,0.010058916,0,0-10
98.0,155.0,1.0,1,0.010887659,0,0-10
98.0,156.0,0.0,1,0.01184458,0,0-10
99.0,155.0,30.0,1,0.0045225983,0,20-30
99.0,156.0,29.0,1,0.0046401885,0,20-30
99.0,157.0,28.0,1,0.0046587065,0,20-30
99.0,158.0,27.0,1,0.004808474,0,20-30
99.0,159.0,26.0,1,0.004910964,0,20-30
99.0,160.0,25.0,1,0.0049046716,0,20-30
99.0,161.0,24.0,1,0.0050463793,0,20-30
99.0,162.0,23.0,1,0.0051041497,0,20-30
99.0,163.0,22.0,1,0.0054114037,0,20-30
99.0,164.0,21.0,1,0.0052958396,0,20-30
99.0,165.0,20.0,1,0.0053828983,0,10-20
99.0,166.0,19.0,1,0.005592534,0,10-20
99.0,167.0,18.0,1,0.00584237,0,10-20
99.0,168.0,17.0,1,0.0060606916,0,10-20
99.0,169.0,16.0,1,0.006233805,0,10-20
99.0,170.0,15.0,1,0.0063935514,0,10-20
99.0,171.0,14.0,1,0.0066695022,0,10-20
99.0,172.0,13.0,1,0.006858294,0,10-20
99.0,173.0,12.0,1,0.0071875122,0,10-20
99.0,174.0,11.0,1,0.007513626,0,10-20
99.0,175.0,10.0,1,0.007816507,0,0-10
99.0,176.0,9.0,1,0.00802656,0,0-10
99.0,177.0,8.0,1,0.008260973,0,0-10
99.0,178.0,7.0,1,0.008846213,0,0-10
99.0,179.0,6.0,1,0.009495258,0,0-10
99.0,180.0,5.0,1,0.010953358,0,0-10
99.0,181.0,4.0,1,0.011534009,0,0-10
99.0,182.0,3.0,1,0.012603856,0,0-10
99.0,183.0,2.0,1,0.013651159,1,0-10
99.0,184.0,1.0,1,0.014728345,1,0-10
99.0,185.0,0.0,1,0.01560454,1,0-10
100.0,170.0,30.0,1,0.00596985,0,20-30
100.0,171.0,29.0,1,0.006006641,0,20-30
100.0,172.0,28.0,1,0.006186697,0,20-30
100.0,173.0,27.0,1,0.0063824137,0,20-30
100.0,174.0,26.0,1,0.006516747,0,20-30
100.0,175.0,25.0,1,0.006673743,0,20-30
100.0,176.0,24.0,1,0.0068005393,0,20-30
100.0,177.0,23.0,1,0.006988556,0,20-30
100.0,178.0,22.0,1,0.007141525,0,20-30
100.0,179.0,21.0,1,0.0071829595,0,20-30
100.0,180.0,20.0,1,0.0072185625,0,10-20
100.0,181.0,19.0,1,0.007537112,0,10-20
100.0,182.0,18.0,1,0.007869309,0,10-20
100.0,183.0,17.0,1,0.008150578,0,10-20
100.0,184.0,16.0,1,0.008522185,0,10-20
100.0,185.0,15.0,1,0.008622006,0,10-20
100.0,186.0,14.0,1,0.0088348705,0,10-20
100.0,187.0,13.0,1,0.0091112675,0,10-20
100.0,188.0,12.0,1,0.009623055,0,10-20
100.0,189.0,11.0,1,0.01004371,0,10-20
100.0,190.0,10.0,1,0.010418362,0,0-10
100.0,191.0,9.0,1,0.01147138,0,0-10
100.0,192.0,8.0,1,0.011902983,0,0-10
100.0,193.0,7.0,1,0.012432247,0,0-10
100.0,194.0,6.0,1,0.012950589,0,0-10
100.0,195.0,5.0,1,0.013884282,1,0-10
100.0,196.0,4.0,1,0.014431127,1,0-10
100.0,197.0,3.0,1,0.015289913,1,0-10
100.0,198.0,2.0,1,0.016323341,1,0-10
100.0,199.0,1.0,1,0.01740688,1,0-10
100.0,200.0,0.0,1,0.01822492,1,0-10
