unit,cycle,rul,label,reconstruction_error,predicted_label,rul_range
88.0,87.0,125.0,0,0.046234142,0,120+
56.0,132.0,125.0,0,0.049166042,0,120+
17.0,142.0,125.0,0,0.04850322,0,120+
95.0,87.0,125.0,0,0.05628584,0,120+
2.0,143.0,125.0,0,0.05230525,0,120+
10.0,43.0,125.0,0,0.057925757,1,120+
72.0,59.0,125.0,0,0.0453121,0,120+
9.0,70.0,125.0,0,0.047535587,0,120+
10.0,83.0,125.0,0,0.053293154,0,120+
46.0,135.0,121.0,0,0.047214035,0,120+
85.0,43.0,125.0,0,0.04439056,0,120+
69.0,68.0,125.0,0,0.04862132,0,120+
61.0,56.0,125.0,0,0.058502797,1,120+
84.0,97.0,125.0,0,0.045799203,0,120+
94.0,30.0,125.0,0,0.043195464,0,120+
21.0,54.0,125.0,0,0.048668195,0,120+
85.0,54.0,125.0,0,0.046670534,0,120+
95.0,131.0,125.0,0,0.049854297,0,120+
2.0,119.0,125.0,0,0.049377054,0,120+
10.0,55.0,125.0,0,0.05755855,0,120+
32.0,43.0,125.0,0,0.047762357,0,120+
30.0,39.0,125.0,0,0.060607955,1,120+
16.0,50.0,125.0,0,0.046896104,0,120+
72.0,53.0,125.0,0,0.04305747,0,120+
82.0,54.0,125.0,0,0.05363537,0,120+
54.0,47.0,125.0,0,0.049513493,0,120+
6.0,52.0,125.0,0,0.045358304,0,120+
53.0,38.0,125.0,0,0.044418566,0,120+
35.0,30.0,125.0,0,0.045430228,0,120+
96.0,192.0,125.0,0,0.048513867,0,120+
86.0,67.0,125.0,0,0.045721456,0,120+
95.0,68.0,125.0,0,0.06070188,1,120+
69.0,231.0,125.0,0,0.046424158,0,120+
92.0,125.0,125.0,0,0.048403647,0,120+
4.0,58.0,125.0,0,0.048820242,0,120+
76.0,31.0,125.0,0,0.04762159,0,120+
78.0,50.0,125.0,0,0.057883117,1,120+
81.0,76.0,125.0,0,0.047571752,0,120+
15.0,35.0,125.0,0,0.057806645,1,120+
47.0,82.0,125.0,0,0.055972375,0,120+
10.0,81.0,125.0,0,0.053329654,0,120+
76.0,37.0,125.0,0,0.04652416,0,120+
20.0,56.0,125.0,0,0.04596619,0,120+
99.0,61.0,124.0,0,0.047912747,0,120+
69.0,52.0,125.0,0,0.049416233,0,120+
31.0,72.0,125.0,0,0.05654858,0,120+
59.0,104.0,125.0,0,0.052186467,0,120+
5.0,103.0,125.0,0,0.053948976,0,120+
54.0,78.0,125.0,0,0.04848972,0,120+
35.0,57.0,124.0,0,0.047476843,0,120+
92.0,59.0,125.0,0,0.047753137,0,120+
32.0,56.0,125.0,0,0.043905262,0,120+
76.0,53.0,125.0,0,0.045359008,0,120+
56.0,51.0,125.0,0,0.048330124,0,120+
43.0,45.0,125.0,0,0.056463134,0,120+
14.0,45.0,125.0,0,0.04749775,0,120+
79.0,45.0,125.0,0,0.050347786,0,120+
51.0,36.0,125.0,0,0.044427823,0,120+
47.0,35.0,125.0,0,0.056227986,0,120+
88.0,49.0,125.0,0,0.046803672,0,120+
4.0,52.0,125.0,0,0.050157227,0,120+
69.0,227.0,125.0,0,0.046897613,0,120+
100.0,30.0,125.0,0,0.049093522,0,120+
9.0,47.0,125.0,0,0.051099025,0,120+
55.0,60.0,125.0,0,0.047314845,0,120+
14.0,41.0,125.0,0,0.04778011,0,120+
92.0,193.0,125.0,0,0.046833057,0,120+
6.0,67.0,121.0,0,0.044277113,0,120+
96.0,46.0,125.0,0,0.04374466,0,120+
17.0,148.0,125.0,0,0.04988366,0,120+
64.0,75.0,125.0,0,0.04626748,0,120+
17.0,156.0,120.0,0,0.048690367,0,90-120
7.0,121.0,125.0,0,0.048483092,0,120+
42.0,38.0,125.0,0,0.050493818,0,120+
88.0,33.0,125.0,0,0.046403427,0,120+
86.0,65.0,125.0,0,0.0464685,0,120+
26.0,50.0,125.0,0,0.049647488,0,120+
38.0,47.0,125.0,0,0.044959426,0,120+
85.0,53.0,125.0,0,0.04563508,0,120+
35.0,60.0,121.0,0,0.04916284,0,120+
2.0,155.0,125.0,0,0.054409824,0,120+
69.0,141.0,125.0,0,0.04733768,0,120+
99.0,54.0,125.0,0,0.048549395,0,120+
89.0,68.0,125.0,0,0.04502823,0,120+
94.0,105.0,125.0,0,0.046782516,0,120+
92.0,150.0,125.0,0,0.047058146,0,120+
96.0,69.0,125.0,0,0.04939215,0,120+
100.0,77.0,123.0,0,0.04802269,0,120+
20.0,103.0,125.0,0,0.04607804,0,120+
2.0,88.0,125.0,0,0.059581973,1,120+
69.0,32.0,125.0,0,0.046334807,0,120+
61.0,36.0,125.0,0,0.058641482,1,120+
59.0,84.0,125.0,0,0.055835165,0,120+
88.0,85.0,125.0,0,0.047316123,0,120+
43.0,56.0,125.0,0,0.052488964,0,120+
15.0,37.0,125.0,0,0.05843188,1,120+
47.0,64.0,125.0,0,0.05026556,0,120+
2.0,164.0,123.0,0,0.04766304,0,120+
92.0,151.0,125.0,0,0.047189374,0,120+
51.0,35.0,125.0,0,0.045774996,0,120+
20.0,71.0,125.0,0,0.0450655,0,120+
72.0,55.0,125.0,0,0.043060727,0,120+
72.0,63.0,125.0,0,0.04462088,0,120+
64.0,31.0,125.0,0,0.048273467,0,120+
92.0,112.0,125.0,0,0.0477345,0,120+
2.0,144.0,125.0,0,0.052096285,0,120+
16.0,65.0,125.0,0,0.048065543,0,120+
9.0,39.0,125.0,0,0.048365805,0,120+
38.0,32.0,125.0,0,0.04953692,0,120+
59.0,91.0,125.0,0,0.055112123,0,120+
78.0,39.0,125.0,0,0.058783256,1,120+
31.0,106.0,125.0,0,0.050552048,0,120+
95.0,71.0,125.0,0,0.059722703,1,120+
2.0,67.0,125.0,0,0.051937036,0,120+
46.0,48.0,125.0,0,0.0507752,0,120+
34.0,62.0,125.0,0,0.048197396,0,120+
66.0,31.0,125.0,0,0.048184764,0,120+
44.0,52.0,125.0,0,0.049124952,0,120+
47.0,38.0,125.0,0,0.05423869,0,120+
30.0,60.0,125.0,0,0.05337293,0,120+
10.0,68.0,125.0,0,0.05938871,1,120+
75.0,38.0,125.0,0,0.04636678,0,120+
40.0,40.0,125.0,0,0.045521792,0,120+
31.0,69.0,125.0,0,0.059843447,1,120+
67.0,31.0,125.0,0,0.049969807,0,120+
40.0,49.0,125.0,0,0.04582693,0,120+
54.0,89.0,125.0,0,0.053228676,0,120+
83.0,111.0,125.0,0,0.056166925,0,120+
28.0,42.0,123.0,0,0.052400343,0,120+
92.0,195.0,125.0,0,0.04781061,0,120+
47.0,46.0,125.0,0,0.050784472,0,120+
50.0,34.0,125.0,0,0.04578042,0,120+
23.0,45.0,123.0,0,0.04906583,0,120+
96.0,158.0,125.0,0,0.049786948,0,120+
35.0,43.0,125.0,0,0.04610859,0,120+
6.0,32.0,125.0,0,0.0461862,0,120+
52.0,76.0,125.0,0,0.044722114,0,120+
95.0,148.0,125.0,0,0.046467777,0,120+
18.0,66.0,125.0,0,0.04761786,0,120+
56.0,121.0,125.0,0,0.04718328,0,120+
95.0,58.0,125.0,0,0.058324244,1,120+
84.0,36.0,125.0,0,0.045486946,0,120+
46.0,59.0,125.0,0,0.046748523,0,120+
62.0,51.0,125.0,0,0.044908036,0,120+
78.0,103.0,125.0,0,0.05408875,0,120+
87.0,39.0,125.0,0,0.047044042,0,120+
94.0,110.0,125.0,0,0.047961883,0,120+
81.0,68.0,125.0,0,0.047500256,0,120+
26.0,53.0,125.0,0,0.04916096,0,120+
79.0,49.0,125.0,0,0.050042905,0,120+
69.0,126.0,125.0,0,0.049825314,0,120+
1.0,44.0,125.0,0,0.0451742,0,120+
81.0,70.0,125.0,0,0.047962993,0,120+
96.0,127.0,125.0,0,0.045113336,0,120+
100.0,40.0,125.0,0,0.0447569,0,120+
3.0,48.0,125.0,0,0.046994485,0,120+
69.0,226.0,125.0,0,0.046480086,0,120+
67.0,172.0,125.0,0,0.047968376,0,120+
68.0,31.0,125.0,0,0.045740034,0,120+
83.0,41.0,125.0,0,0.05840211,1,120+
92.0,86.0,125.0,0,0.047569644,0,120+
4.0,40.0,125.0,0,0.046751514,0,120+
81.0,37.0,125.0,0,0.047562476,0,120+
31.0,111.0,123.0,0,0.05225592,0,120+
96.0,150.0,125.0,0,0.05063319,0,120+
63.0,45.0,125.0,0,0.04908141,0,120+
79.0,78.0,121.0,0,0.049771152,0,120+
96.0,190.0,125.0,0,0.04922177,0,120+
31.0,91.0,125.0,0,0.050065007,0,120+
2.0,154.0,125.0,0,0.05508004,0,120+
5.0,98.0,125.0,0,0.053374134,0,120+
2.0,52.0,125.0,0,0.048573073,0,120+
69.0,33.0,125.0,0,0.04655797,0,120+
47.0,73.0,125.0,0,0.053115632,0,120+
82.0,37.0,125.0,0,0.05485594,0,120+
2.0,66.0,125.0,0,0.051521514,0,120+
67.0,134.0,125.0,0,0.042451706,0,120+
82.0,92.0,122.0,0,0.05024013,0,120+
84.0,104.0,125.0,0,0.04569647,0,120+
53.0,75.0,120.0,0,0.051511932,0,90-120
99.0,65.0,120.0,0,0.049013887,0,90-120
17.0,61.0,125.0,0,0.047703028,0,120+
53.0,67.0,125.0,0,0.051697947,0,120+
92.0,31.0,125.0,0,0.048232246,0,120+
22.0,38.0,125.0,0,0.04413305,0,120+
50.0,78.0,120.0,0,0.04931079,0,90-120
38.0,43.0,125.0,0,0.0463516,0,120+
25.0,94.0,125.0,0,0.04823666,0,120+
49.0,77.0,125.0,0,0.0450577,0,120+
96.0,70.0,125.0,0,0.05006969,0,120+
64.0,60.0,125.0,0,0.045512635,0,120+
95.0,112.0,125.0,0,0.05245041,0,120+
36.0,34.0,124.0,0,0.046189897,0,120+
67.0,101.0,125.0,0,0.048881624,0,120+
52.0,84.0,125.0,0,0.046302963,0,120+
67.0,185.0,125.0,0,0.047573604,0,120+
52.0,59.0,125.0,0,0.04305008,0,120+
84.0,113.0,125.0,0,0.045523275,0,120+
47.0,39.0,125.0,0,0.054303285,0,120+
42.0,52.0,125.0,0,0.05198799,0,120+
69.0,106.0,125.0,0,0.045838133,0,120+
72.0,49.0,125.0,0,0.04283215,0,120+
64.0,108.0,125.0,0,0.045400698,0,120+
3.0,30.0,125.0,0,0.04600276,0,120+
64.0,119.0,125.0,0,0.04675515,0,120+
54.0,134.0,123.0,0,0.047538012,0,120+
63.0,30.0,125.0,0,0.04750946,0,120+
82.0,47.0,125.0,0,0.055699896,0,120+
59.0,106.0,125.0,0,0.05305255,0,120+
64.0,63.0,125.0,0,0.046487827,0,120+
67.0,190.0,123.0,0,0.04837099,0,120+
25.0,74.0,125.0,0,0.047003616,0,120+
95.0,156.0,125.0,0,0.048346598,0,120+
69.0,102.0,125.0,0,0.045349825,0,120+
17.0,87.0,125.0,0,0.042321634,0,120+
69.0,161.0,125.0,0,0.04829885,0,120+
85.0,41.0,125.0,0,0.044224463,0,120+
20.0,113.0,121.0,0,0.045615245,0,120+
1.0,53.0,125.0,0,0.04506994,0,120+
17.0,153.0,123.0,0,0.049088407,0,120+
86.0,142.0,125.0,0,0.04394024,0,120+
41.0,60.0,125.0,0,0.050688386,0,120+
9.0,53.0,125.0,0,0.05292712,0,120+
5.0,38.0,125.0,0,0.061412152,1,120+
46.0,70.0,125.0,0,0.04820132,0,120+
96.0,94.0,125.0,0,0.050389983,0,120+
11.0,39.0,125.0,0,0.060043473,1,120+
92.0,98.0,125.0,0,0.04763282,0,120+
54.0,97.0,125.0,0,0.05099874,0,120+
69.0,222.0,125.0,0,0.04681567,0,120+
69.0,156.0,125.0,0,0.046726424,0,120+
73.0,79.0,125.0,0,0.047003362,0,120+
83.0,80.0,125.0,0,0.051297788,0,120+
82.0,51.0,125.0,0,0.053297877,0,120+
14.0,58.0,122.0,0,0.047674928,0,120+
32.0,69.0,122.0,0,0.04456165,0,120+
80.0,63.0,122.0,0,0.04643156,0,120+
69.0,144.0,125.0,0,0.047730766,0,120+
25.0,107.0,123.0,0,0.04539737,0,120+
55.0,65.0,125.0,0,0.048853245,0,120+
12.0,40.0,125.0,0,0.047535725,0,120+
22.0,77.0,125.0,0,0.047884323,0,120+
10.0,79.0,125.0,0,0.053778846,0,120+
97.0,50.0,125.0,0,0.048231166,0,120+
81.0,44.0,125.0,0,0.046518605,0,120+
84.0,47.0,125.0,0,0.043863323,0,120+
67.0,83.0,125.0,0,0.047448132,0,120+
51.0,71.0,125.0,0,0.060077626,1,120+
93.0,32.0,123.0,0,0.05045518,0,120+
1.0,45.0,125.0,0,0.045242615,0,120+
5.0,125.0,125.0,0,0.051608667,0,120+
41.0,33.0,125.0,0,0.053483576,0,120+
5.0,104.0,125.0,0,0.053818874,0,120+
44.0,63.0,125.0,0,0.051171128,0,120+
92.0,50.0,125.0,0,0.04718056,0,120+
95.0,109.0,125.0,0,0.05419316,0,120+
13.0,36.0,125.0,0,0.042527612,0,120+
84.0,123.0,125.0,0,0.048007365,0,120+
73.0,55.0,125.0,0,0.04471652,0,120+
25.0,46.0,125.0,0,0.04924175,0,120+
53.0,42.0,125.0,0,0.044268847,0,120+
69.0,197.0,125.0,0,0.046513427,0,120+
71.0,77.0,125.0,0,0.041995015,0,120+
67.0,145.0,125.0,0,0.044125345,0,120+
96.0,34.0,125.0,0,0.04517006,0,120+
69.0,216.0,125.0,0,0.047012493,0,120+
55.0,71.0,122.0,0,0.048100118,0,120+
68.0,79.0,120.0,0,0.046534095,0,90-120
81.0,35.0,125.0,0,0.048202742,0,120+
64.0,145.0,125.0,0,0.04622333,0,120+
95.0,160.0,123.0,0,0.047488634,0,120+
30.0,41.0,125.0,0,0.058294717,1,120+
75.0,65.0,125.0,0,0.04654221,0,120+
85.0,37.0,125.0,0,0.047350094,0,120+
11.0,38.0,125.0,0,0.06012042,1,120+
56.0,103.0,125.0,0,0.043334488,0,120+
1.0,38.0,125.0,0,0.047617983,0,120+
68.0,78.0,121.0,0,0.046220414,0,120+
30.0,44.0,125.0,0,0.053520866,0,120+
47.0,94.0,120.0,0,0.054624908,0,90-120
30.0,63.0,125.0,0,0.055927537,0,120+
96.0,36.0,125.0,0,0.044927794,0,120+
4.0,49.0,125.0,0,0.050503936,0,120+
26.0,64.0,125.0,0,0.04968344,0,120+
63.0,33.0,125.0,0,0.04752152,0,120+
7.0,85.0,125.0,0,0.053290702,0,120+
20.0,110.0,124.0,0,0.046703096,0,120+
1.0,63.0,125.0,0,0.045461524,0,120+
59.0,36.0,125.0,0,0.055173684,0,120+
41.0,34.0,125.0,0,0.05327178,0,120+
40.0,39.0,125.0,0,0.045201197,0,120+
81.0,62.0,125.0,0,0.049043484,0,120+
69.0,185.0,125.0,0,0.047475155,0,120+
67.0,176.0,125.0,0,0.048423294,0,120+
53.0,31.0,125.0,0,0.043706313,0,120+
54.0,30.0,125.0,0,0.051295497,0,120+
71.0,81.0,125.0,0,0.04228661,0,120+
83.0,119.0,125.0,0,0.055186752,0,120+
30.0,65.0,125.0,0,0.05497085,0,120+
71.0,45.0,125.0,0,0.045714494,0,120+
16.0,76.0,125.0,0,0.04877535,0,120+
26.0,63.0,125.0,0,0.050750848,0,120+
37.0,32.0,125.0,0,0.04649412,0,120+
69.0,56.0,125.0,0,0.04852648,0,120+
11.0,60.0,125.0,0,0.050917514,0,120+
97.0,82.0,120.0,0,0.04701867,0,90-120
92.0,209.0,125.0,0,0.04797354,0,120+
81.0,47.0,125.0,0,0.046946295,0,120+
50.0,36.0,125.0,0,0.046296984,0,120+
84.0,37.0,125.0,0,0.045185417,0,120+
48.0,43.0,125.0,0,0.059842292,1,120+
6.0,60.0,125.0,0,0.044247024,0,120+
62.0,53.0,125.0,0,0.04494578,0,120+
69.0,172.0,125.0,0,0.050787807,0,120+
11.0,96.0,125.0,0,0.045716252,0,120+
79.0,60.0,125.0,0,0.04888248,0,120+
84.0,31.0,125.0,0,0.044829153,0,120+
67.0,110.0,125.0,0,0.04764319,0,120+
7.0,46.0,125.0,0,0.04993692,0,120+
22.0,31.0,125.0,0,0.04648061,0,120+
73.0,43.0,125.0,0,0.0455703,0,120+
69.0,93.0,125.0,0,0.044948068,0,120+
78.0,100.0,125.0,0,0.05731865,0,120+
35.0,31.0,125.0,0,0.04576909,0,120+
41.0,78.0,125.0,0,0.046838906,0,120+
31.0,97.0,125.0,0,0.04882383,0,120+
80.0,37.0,125.0,0,0.04952689,0,120+
71.0,52.0,125.0,0,0.044550363,0,120+
7.0,126.0,125.0,0,0.04928137,0,120+
69.0,64.0,125.0,0,0.048916295,0,120+
88.0,92.0,121.0,0,0.04617558,0,120+
30.0,61.0,125.0,0,0.053063594,0,120+
78.0,57.0,125.0,0,0.06204411,1,120+
92.0,132.0,125.0,0,0.048929393,0,120+
67.0,68.0,125.0,0,0.049812634,0,120+
61.0,34.0,125.0,0,0.058097195,1,120+
54.0,88.0,125.0,0,0.052554253,0,120+
92.0,51.0,125.0,0,0.046927594,0,120+
95.0,121.0,125.0,0,0.052547336,0,120+
64.0,96.0,125.0,0,0.04230941,0,120+
76.0,45.0,125.0,0,0.044911537,0,120+
48.0,68.0,125.0,0,0.054343622,0,120+
75.0,109.0,120.0,0,0.04712189,0,90-120
72.0,86.0,125.0,0,0.049549226,0,120+
83.0,170.0,123.0,0,0.05069405,0,120+
31.0,50.0,125.0,0,0.06157687,1,120+
94.0,49.0,125.0,0,0.046142545,0,120+
94.0,119.0,125.0,0,0.04785527,0,120+
9.0,62.0,125.0,0,0.052052714,0,120+
73.0,59.0,125.0,0,0.04626231,0,120+
88.0,64.0,125.0,0,0.046411995,0,120+
4.0,59.0,125.0,0,0.05060842,0,120+
16.0,80.0,125.0,0,0.048758876,0,120+
48.0,82.0,125.0,0,0.05072319,0,120+
21.0,39.0,125.0,0,0.045746204,0,120+
5.0,76.0,125.0,0,0.060763832,1,120+
53.0,58.0,125.0,0,0.052026905,0,120+
64.0,156.0,125.0,0,0.047585424,0,120+
78.0,111.0,120.0,0,0.05176175,0,90-120
84.0,108.0,125.0,0,0.046391085,0,120+
53.0,60.0,125.0,0,0.052096184,0,120+
97.0,52.0,125.0,0,0.04795561,0,120+
12.0,39.0,125.0,0,0.047150817,0,120+
2.0,71.0,125.0,0,0.053254988,0,120+
18.0,57.0,125.0,0,0.047013033,0,120+
41.0,67.0,125.0,0,0.047505315,0,120+
17.0,41.0,125.0,0,0.055263232,0,120+
81.0,55.0,125.0,0,0.04835657,0,120+
16.0,46.0,125.0,0,0.046110466,0,120+
22.0,49.0,125.0,0,0.040899217,0,120+
18.0,72.0,123.0,0,0.045355428,0,120+
5.0,112.0,125.0,0,0.05309125,0,120+
56.0,67.0,125.0,0,0.048835892,0,120+
86.0,81.0,125.0,0,0.046109196,0,120+
31.0,47.0,125.0,0,0.059873074,1,120+
15.0,39.0,125.0,0,0.056199454,0,120+
20.0,102.0,125.0,0,0.047327038,0,120+
73.0,70.0,125.0,0,0.04548225,0,120+
71.0,86.0,122.0,0,0.043736145,0,120+
82.0,73.0,125.0,0,0.04956103,0,120+
7.0,30.0,125.0,0,0.049074184,0,120+
4.0,66.0,123.0,0,0.051249415,0,120+
94.0,122.0,125.0,0,0.047724,0,120+
54.0,106.0,125.0,0,0.050631,0,120+
38.0,62.0,125.0,0,0.045991823,0,120+
33.0,31.0,125.0,0,0.067302786,1,120+
48.0,58.0,125.0,0,0.05680484,0,120+
6.0,30.0,125.0,0,0.046860073,0,120+
83.0,124.0,125.0,0,0.05117651,0,120+
26.0,55.0,125.0,0,0.049467612,0,120+
25.0,47.0,125.0,0,0.049365282,0,120+
56.0,95.0,125.0,0,0.045066588,0,120+
46.0,31.0,125.0,0,0.054086443,0,120+
94.0,93.0,125.0,0,0.047006432,0,120+
83.0,90.0,125.0,0,0.04987603,0,120+
100.0,37.0,125.0,0,0.043539524,0,120+
49.0,52.0,125.0,0,0.04492036,0,120+
95.0,52.0,125.0,0,0.05704779,0,120+
44.0,72.0,120.0,0,0.052971244,0,90-120
40.0,50.0,125.0,0,0.045324784,0,120+
56.0,138.0,125.0,0,0.049502343,0,120+
86.0,138.0,125.0,0,0.04268267,0,120+
48.0,36.0,125.0,0,0.05576711,0,120+
26.0,76.0,123.0,0,0.04875775,0,120+
5.0,94.0,125.0,0,0.05725355,0,120+
96.0,95.0,125.0,0,0.050458748,0,120+
83.0,160.0,125.0,0,0.048633568,0,120+
67.0,150.0,125.0,0,0.04551696,0,120+
92.0,54.0,125.0,0,0.04869589,0,120+
73.0,91.0,122.0,0,0.046373,0,120+
51.0,51.0,125.0,0,0.052363396,0,120+
2.0,136.0,125.0,0,0.052665383,0,120+
83.0,132.0,125.0,0,0.048441198,0,120+
100.0,68.0,125.0,0,0.05013867,0,120+
5.0,69.0,125.0,0,0.059151884,1,120+
79.0,73.0,125.0,0,0.049161326,0,120+
36.0,32.0,125.0,0,0.045443624,0,120+
92.0,69.0,125.0,0,0.048413817,0,120+
5.0,75.0,125.0,0,0.06065251,1,120+
84.0,83.0,125.0,0,0.046095684,0,120+
89.0,80.0,125.0,0,0.04968005,0,120+
67.0,70.0,125.0,0,0.05025752,0,120+
49.0,40.0,125.0,0,0.047153678,0,120+
20.0,95.0,125.0,0,0.047212426,0,120+
83.0,52.0,125.0,0,0.051802106,0,120+
41.0,92.0,124.0,0,0.05226326,0,120+
86.0,87.0,125.0,0,0.0459617,0,120+
56.0,147.0,125.0,0,0.046882287,0,120+
59.0,48.0,125.0,0,0.058712244,1,120+
48.0,48.0,125.0,0,0.05818011,1,120+
89.0,63.0,125.0,0,0.04533234,0,120+
17.0,134.0,125.0,0,0.05120621,0,120+
32.0,58.0,125.0,0,0.043200947,0,120+
86.0,101.0,125.0,0,0.045696553,0,120+
92.0,157.0,125.0,0,0.046113662,0,120+
21.0,73.0,122.0,0,0.048270777,0,120+
54.0,96.0,125.0,0,0.051133856,0,120+
12.0,44.0,125.0,0,0.04674251,0,120+
25.0,69.0,125.0,0,0.047484186,0,120+
69.0,218.0,125.0,0,0.047272786,0,120+
69.0,35.0,125.0,0,0.04647818,0,120+
81.0,85.0,125.0,0,0.048702817,0,120+
92.0,135.0,125.0,0,0.048480265,0,120+
94.0,132.0,125.0,0,0.046008084,0,120+
88.0,55.0,125.0,0,0.04697108,0,120+
72.0,52.0,125.0,0,0.04295837,0,120+
50.0,33.0,125.0,0,0.04503339,0,120+
7.0,59.0,125.0,0,0.053631227,0,120+
9.0,43.0,125.0,0,0.049805336,0,120+
49.0,75.0,125.0,0,0.045575928,0,120+
49.0,43.0,125.0,0,0.045571223,0,120+
67.0,121.0,125.0,0,0.043204226,0,120+
6.0,40.0,125.0,0,0.045075774,0,120+
87.0,58.0,120.0,0,0.04733909,0,90-120
71.0,30.0,125.0,0,0.047660686,0,120+
22.0,64.0,125.0,0,0.044021156,0,120+
7.0,42.0,125.0,0,0.050471283,0,120+
60.0,37.0,125.0,0,0.046620704,0,120+
72.0,48.0,125.0,0,0.043728482,0,120+
17.0,86.0,125.0,0,0.04153106,0,120+
72.0,31.0,125.0,0,0.04758195,0,120+
59.0,68.0,125.0,0,0.048727747,0,120+
54.0,124.0,125.0,0,0.04791158,0,120+
34.0,74.0,121.0,0,0.048188724,0,120+
31.0,56.0,125.0,0,0.061316706,1,120+
42.0,39.0,125.0,0,0.050348736,0,120+
49.0,67.0,125.0,0,0.042228673,0,120+
2.0,111.0,125.0,0,0.05518887,0,120+
2.0,89.0,125.0,0,0.059511814,1,120+
71.0,83.0,125.0,0,0.042617526,0,120+
44.0,62.0,125.0,0,0.050470416,0,120+
17.0,105.0,125.0,0,0.04704761,0,120+
25.0,68.0,125.0,0,0.04831282,0,120+
15.0,38.0,125.0,0,0.058671545,1,120+
2.0,31.0,125.0,0,0.05426252,0,120+
12.0,48.0,122.0,0,0.04564878,0,120+
44.0,60.0,125.0,0,0.0508364,0,120+
13.0,35.0,125.0,0,0.042257726,0,120+
89.0,40.0,125.0,0,0.044722494,0,120+
5.0,58.0,125.0,0,0.058039185,1,120+
2.0,122.0,125.0,0,0.047842383,0,120+
26.0,40.0,125.0,0,0.047069486,0,120+
56.0,90.0,125.0,0,0.046522375,0,120+
75.0,92.0,125.0,0,0.047137983,0,120+
22.0,57.0,125.0,0,0.041764066,0,120+
10.0,41.0,125.0,0,0.057003338,0,120+
5.0,130.0,125.0,0,0.05064873,0,120+
84.0,96.0,125.0,0,0.046710283,0,120+
86.0,80.0,125.0,0,0.045322895,0,120+
31.0,110.0,124.0,0,0.051822748,0,120+
61.0,35.0,125.0,0,0.058323395,1,120+
69.0,49.0,125.0,0,0.04838623,0,120+
67.0,175.0,125.0,0,0.04833642,0,120+
29.0,37.0,125.0,0,0.046306305,0,120+
46.0,74.0,125.0,0,0.049363337,0,120+
68.0,37.0,125.0,0,0.046695676,0,120+
73.0,84.0,125.0,0,0.045538966,0,120+
42.0,31.0,125.0,0,0.052494194,0,120+
16.0,62.0,125.0,0,0.047888678,0,120+
74.0,32.0,125.0,0,0.053516313,0,120+
16.0,48.0,125.0,0,0.045864336,0,120+
44.0,36.0,125.0,0,0.047854625,0,120+
46.0,71.0,125.0,0,0.048251685,0,120+
40.0,59.0,125.0,0,0.045231003,0,120+
84.0,33.0,125.0,0,0.045242768,0,120+
7.0,73.0,125.0,0,0.05623669,0,120+
25.0,43.0,125.0,0,0.05005928,0,120+
67.0,119.0,125.0,0,0.04339418,0,120+
79.0,30.0,125.0,0,0.052721247,0,120+
21.0,66.0,125.0,0,0.047573972,0,120+
87.0,42.0,125.0,0,0.047667928,0,120+
60.0,52.0,120.0,0,0.04727774,0,90-120
95.0,75.0,125.0,0,0.060273014,1,120+
40.0,68.0,120.0,0,0.046070296,0,90-120
95.0,117.0,125.0,0,0.052165877,0,120+
6.0,39.0,125.0,0,0.04518956,0,120+
56.0,127.0,125.0,0,0.049527,0,120+
95.0,77.0,125.0,0,0.058849066,1,120+
82.0,41.0,125.0,0,0.05461729,0,120+
2.0,108.0,125.0,0,0.056312498,0,120+
55.0,68.0,125.0,0,0.048317727,0,120+
92.0,118.0,125.0,0,0.048064526,0,120+
7.0,38.0,125.0,0,0.049823653,0,120+
46.0,80.0,125.0,0,0.053074248,0,120+
47.0,61.0,125.0,0,0.049114536,0,120+
54.0,76.0,125.0,0,0.049657177,0,120+
12.0,41.0,125.0,0,0.04641351,0,120+
68.0,63.0,125.0,0,0.047920067,0,120+
86.0,56.0,125.0,0,0.046384744,0,120+
61.0,30.0,125.0,0,0.055642188,0,120+
4.0,67.0,122.0,0,0.05134884,0,120+
15.0,32.0,125.0,0,0.058282472,1,120+
96.0,186.0,125.0,0,0.04969055,0,120+
7.0,67.0,125.0,0,0.05443034,0,120+
64.0,99.0,125.0,0,0.04182285,0,120+
18.0,37.0,125.0,0,0.045915145,0,120+
80.0,58.0,125.0,0,0.047239475,0,120+
46.0,52.0,125.0,0,0.04781925,0,120+
69.0,165.0,125.0,0,0.049257983,0,120+
32.0,37.0,125.0,0,0.048565682,0,120+
11.0,80.0,125.0,0,0.04394994,0,120+
17.0,73.0,125.0,0,0.046371844,0,120+
25.0,52.0,125.0,0,0.051558636,0,120+
7.0,34.0,125.0,0,0.048225187,0,120+
11.0,65.0,125.0,0,0.048832,0,120+
95.0,56.0,125.0,0,0.057425022,0,120+
10.0,33.0,125.0,0,0.05491825,0,120+
51.0,74.0,125.0,0,0.05501268,0,120+
34.0,33.0,125.0,0,0.05053027,0,120+
69.0,51.0,125.0,0,0.04870844,0,120+
30.0,33.0,125.0,0,0.05709372,0,120+
72.0,46.0,125.0,0,0.043087292,0,120+
22.0,68.0,125.0,0,0.04464315,0,120+
69.0,57.0,125.0,0,0.049266316,0,120+
64.0,102.0,125.0,0,0.042665,0,120+
84.0,73.0,125.0,0,0.043879252,0,120+
78.0,31.0,125.0,0,0.06261353,1,120+
32.0,38.0,125.0,0,0.048598547,0,120+
74.0,33.0,125.0,0,0.053576518,0,120+
3.0,57.0,122.0,0,0.04554316,0,120+
64.0,158.0,125.0,0,0.046270017,0,120+
69.0,122.0,125.0,0,0.051910724,0,120+
7.0,45.0,125.0,0,0.050133046,0,120+
48.0,87.0,125.0,0,0.04912027,0,120+
41.0,86.0,125.0,0,0.04887448,0,120+
92.0,102.0,125.0,0,0.047550738,0,120+
100.0,79.0,121.0,0,0.04760393,0,120+
10.0,56.0,125.0,0,0.055069905,0,120+
45.0,33.0,125.0,0,0.05622279,0,120+
17.0,155.0,121.0,0,0.04823449,0,120+
17.0,151.0,125.0,0,0.049638208,0,120+
95.0,50.0,125.0,0,0.057004835,0,120+
11.0,67.0,125.0,0,0.049918376,0,120+
78.0,105.0,125.0,0,0.054419015,0,120+
95.0,78.0,125.0,0,0.058699567,1,120+
7.0,57.0,125.0,0,0.05114108,0,120+
83.0,150.0,125.0,0,0.05173986,0,120+
2.0,94.0,125.0,0,0.06100917,1,120+
1.0,59.0,125.0,0,0.0443653,0,120+
64.0,146.0,125.0,0,0.04607882,0,120+
25.0,45.0,125.0,0,0.049590692,0,120+
54.0,52.0,125.0,0,0.048911788,0,120+
18.0,56.0,125.0,0,0.047522657,0,120+
78.0,44.0,125.0,0,0.057056997,0,120+
10.0,46.0,125.0,0,0.055725973,0,120+
47.0,55.0,125.0,0,0.046463627,0,120+
64.0,67.0,125.0,0,0.047166064,0,120+
64.0,48.0,125.0,0,0.04356732,0,120+
69.0,74.0,125.0,0,0.05009214,0,120+
33.0,53.0,125.0,0,0.058106314,1,120+
100.0,65.0,125.0,0,0.048575033,0,120+
96.0,87.0,125.0,0,0.052572988,0,120+
19.0,31.0,125.0,0,0.044811927,0,120+
84.0,60.0,125.0,0,0.04325071,0,120+
18.0,68.0,125.0,0,0.045330293,0,120+
78.0,82.0,125.0,0,0.05680388,0,120+
96.0,47.0,125.0,0,0.04352567,0,120+
20.0,30.0,125.0,0,0.04726844,0,120+
26.0,62.0,125.0,0,0.0508639,0,120+
56.0,81.0,125.0,0,0.047022775,0,120+
83.0,129.0,125.0,0,0.049796138,0,120+
95.0,118.0,125.0,0,0.052451964,0,120+
2.0,77.0,125.0,0,0.057507865,0,120+
84.0,112.0,125.0,0,0.04546836,0,120+
51.0,34.0,125.0,0,0.04539939,0,120+
37.0,35.0,125.0,0,0.04632058,0,120+
17.0,35.0,125.0,0,0.055590983,0,120+
2.0,56.0,125.0,0,0.049907964,0,120+
88.0,90.0,123.0,0,0.046539295,0,120+
19.0,30.0,125.0,0,0.04535273,0,120+
84.0,144.0,123.0,0,0.049837988,0,120+
66.0,76.0,125.0,0,0.04844462,0,120+
5.0,72.0,125.0,0,0.05878174,1,120+
33.0,78.0,122.0,0,0.056129795,0,120+
17.0,111.0,125.0,0,0.049257666,0,120+
7.0,88.0,125.0,0,0.05337098,0,120+
40.0,56.0,125.0,0,0.045030188,0,120+
75.0,50.0,125.0,0,0.045183454,0,120+
84.0,126.0,125.0,0,0.048032694,0,120+
10.0,34.0,125.0,0,0.054925166,0,120+
96.0,206.0,125.0,0,0.048671182,0,120+
4.0,64.0,125.0,0,0.050150853,0,120+
42.0,57.0,125.0,0,0.053358782,0,120+
5.0,146.0,123.0,0,0.048719585,0,120+
69.0,192.0,125.0,0,0.046713576,0,120+
49.0,80.0,125.0,0,0.045093115,0,120+
54.0,51.0,125.0,0,0.048960548,0,120+
78.0,97.0,125.0,0,0.058244627,1,120+
48.0,75.0,125.0,0,0.050050117,0,120+
97.0,33.0,125.0,0,0.04756792,0,120+
78.0,52.0,125.0,0,0.059646938,1,120+
46.0,130.0,125.0,0,0.047732078,0,120+
48.0,57.0,125.0,0,0.057377566,0,120+
9.0,64.0,125.0,0,0.050138645,0,120+
20.0,99.0,125.0,0,0.047545414,0,120+
92.0,92.0,125.0,0,0.046242673,0,120+
48.0,93.0,125.0,0,0.047336195,0,120+
64.0,116.0,125.0,0,0.04652572,0,120+
64.0,152.0,125.0,0,0.04618414,0,120+
59.0,56.0,125.0,0,0.054202568,0,120+
83.0,134.0,125.0,0,0.048341863,0,120+
20.0,100.0,125.0,0,0.048001464,0,120+
95.0,96.0,125.0,0,0.05379615,0,120+
2.0,138.0,125.0,0,0.05211298,0,120+
64.0,47.0,125.0,0,0.043866176,0,120+
66.0,56.0,125.0,0,0.044199973,0,120+
47.0,87.0,125.0,0,0.055762313,0,120+
41.0,83.0,125.0,0,0.048162133,0,120+
92.0,72.0,125.0,0,0.04796482,0,120+
88.0,34.0,125.0,0,0.045966204,0,120+
67.0,142.0,125.0,0,0.04375495,0,120+
82.0,66.0,125.0,0,0.05020296,0,120+
66.0,46.0,125.0,0,0.044264358,0,120+
92.0,126.0,125.0,0,0.04857149,0,120+
19.0,37.0,121.0,0,0.044831783,0,120+
96.0,35.0,125.0,0,0.04549102,0,120+
64.0,42.0,125.0,0,0.044798132,0,120+
49.0,32.0,125.0,0,0.047371823,0,120+
75.0,33.0,125.0,0,0.04568205,0,120+
76.0,44.0,125.0,0,0.04470831,0,120+
54.0,57.0,125.0,0,0.047323007,0,120+
33.0,56.0,125.0,0,0.059740815,1,120+
25.0,54.0,125.0,0,0.05128718,0,120+
7.0,111.0,125.0,0,0.050167996,0,120+
50.0,47.0,125.0,0,0.048654627,0,120+
7.0,91.0,125.0,0,0.054046687,0,120+
56.0,114.0,125.0,0,0.045006704,0,120+
46.0,81.0,125.0,0,0.053602498,0,120+
94.0,82.0,125.0,0,0.046967782,0,120+
52.0,34.0,125.0,0,0.04946985,0,120+
83.0,93.0,125.0,0,0.052636374,0,120+
5.0,30.0,125.0,0,0.062342316,1,120+
3.0,34.0,125.0,0,0.045036707,0,120+
44.0,41.0,125.0,0,0.049553853,0,120+
48.0,109.0,122.0,0,0.04523483,0,120+
86.0,130.0,125.0,0,0.04425353,0,120+
4.0,46.0,125.0,0,0.050666198,0,120+
51.0,32.0,125.0,0,0.048760977,0,120+
21.0,36.0,125.0,0,0.046445157,0,120+
17.0,103.0,125.0,0,0.043630015,0,120+
26.0,49.0,125.0,0,0.049368534,0,120+
56.0,65.0,125.0,0,0.048240718,0,120+
14.0,52.0,125.0,0,0.04653975,0,120+
94.0,83.0,125.0,0,0.046049714,0,120+
68.0,76.0,123.0,0,0.046699837,0,120+
27.0,31.0,125.0,0,0.044093452,0,120+
95.0,102.0,125.0,0,0.05283314,0,120+
94.0,65.0,125.0,0,0.047086544,0,120+
85.0,62.0,125.0,0,0.04607516,0,120+
11.0,89.0,125.0,0,0.045546457,0,120+
5.0,71.0,125.0,0,0.059371885,1,120+
46.0,62.0,125.0,0,0.045612462,0,120+
9.0,58.0,125.0,0,0.051776826,0,120+
78.0,30.0,125.0,0,0.06302291,1,120+
64.0,32.0,125.0,0,0.047606766,0,120+
26.0,43.0,125.0,0,0.04862322,0,120+
72.0,30.0,125.0,0,0.048512205,0,120+
21.0,35.0,125.0,0,0.0463674,0,120+
23.0,30.0,125.0,0,0.04869363,0,120+
92.0,217.0,124.0,0,0.046950683,0,120+
28.0,34.0,125.0,0,0.05049443,0,120+
35.0,42.0,125.0,0,0.046414457,0,120+
66.0,81.0,121.0,0,0.04951133,0,120+
96.0,161.0,125.0,0,0.050042402,0,120+
55.0,53.0,125.0,0,0.047498908,0,120+
26.0,79.0,120.0,0,0.048271112,0,90-120
98.0,36.0,120.0,0,0.04781,0,90-120
84.0,88.0,125.0,0,0.04532493,0,120+
20.0,44.0,125.0,0,0.04887345,0,120+
83.0,107.0,125.0,0,0.0556901,0,120+
84.0,57.0,125.0,0,0.044110134,0,120+
10.0,70.0,125.0,0,0.058159605,1,120+
86.0,68.0,125.0,0,0.045694005,0,120+
16.0,34.0,125.0,0,0.04878812,0,120+
59.0,51.0,125.0,0,0.055671744,0,120+
52.0,33.0,125.0,0,0.050560616,0,120+
54.0,115.0,125.0,0,0.04981356,0,120+
7.0,125.0,125.0,0,0.049444735,0,120+
96.0,173.0,125.0,0,0.047189668,0,120+
46.0,132.0,124.0,0,0.04787707,0,120+
97.0,43.0,125.0,0,0.0496279,0,120+
19.0,33.0,125.0,0,0.044702895,0,120+
56.0,87.0,125.0,0,0.046822175,0,120+
25.0,86.0,125.0,0,0.047771756,0,120+
67.0,168.0,125.0,0,0.048885737,0,120+
69.0,61.0,125.0,0,0.049067374,0,120+
73.0,45.0,125.0,0,0.045163028,0,120+
2.0,93.0,125.0,0,0.061654545,1,120+
87.0,50.0,125.0,0,0.046882767,0,120+
75.0,101.0,125.0,0,0.047815595,0,120+
83.0,31.0,125.0,0,0.058642738,1,120+
67.0,92.0,125.0,0,0.05059908,0,120+
96.0,38.0,125.0,0,0.045280382,0,120+
76.0,70.0,125.0,0,0.05002214,0,120+
51.0,91.0,122.0,0,0.055553768,0,120+
92.0,45.0,125.0,0,0.046911884,0,120+
54.0,80.0,125.0,0,0.049124766,0,120+
67.0,149.0,125.0,0,0.04580285,0,120+
20.0,90.0,125.0,0,0.045950703,0,120+
83.0,84.0,125.0,0,0.047817025,0,120+
37.0,34.0,125.0,0,0.04609199,0,120+
84.0,82.0,125.0,0,0.046326414,0,120+
31.0,37.0,125.0,0,0.05213071,0,120+
67.0,188.0,125.0,0,0.04754645,0,120+
50.0,61.0,125.0,0,0.050987795,0,120+
84.0,42.0,125.0,0,0.044335686,0,120+
7.0,36.0,125.0,0,0.049570557,0,120+
11.0,75.0,125.0,0,0.044792727,0,120+
87.0,30.0,125.0,0,0.044915926,0,120+
26.0,68.0,125.0,0,0.04890271,0,120+
9.0,73.0,125.0,0,0.049625136,0,120+
7.0,98.0,125.0,0,0.049763743,0,120+
49.0,62.0,125.0,0,0.042652242,0,120+
41.0,48.0,125.0,0,0.052645024,0,120+
2.0,166.0,121.0,0,0.047448285,0,120+
64.0,34.0,125.0,0,0.04799535,0,120+
2.0,129.0,125.0,0,0.05132549,0,120+
17.0,147.0,125.0,0,0.050456047,0,120+
100.0,73.0,125.0,0,0.048877105,0,120+
80.0,36.0,125.0,0,0.04910698,0,120+
67.0,103.0,125.0,0,0.04840588,0,120+
95.0,150.0,125.0,0,0.046799973,0,120+
10.0,62.0,125.0,0,0.058947824,1,120+
23.0,38.0,125.0,0,0.04969347,0,120+
96.0,154.0,125.0,0,0.049257956,0,120+
2.0,80.0,125.0,0,0.058693483,1,120+
89.0,35.0,125.0,0,0.046156824,0,120+
41.0,75.0,125.0,0,0.046200335,0,120+
7.0,117.0,125.0,0,0.049943738,0,120+
62.0,31.0,125.0,0,0.045860615,0,120+
79.0,58.0,125.0,0,0.04861724,0,120+
54.0,81.0,125.0,0,0.05026753,0,120+
95.0,49.0,125.0,0,0.05708675,0,120+
11.0,105.0,125.0,0,0.04596361,0,120+
59.0,107.0,124.0,0,0.052326236,0,120+
88.0,80.0,125.0,0,0.046508774,0,120+
56.0,119.0,125.0,0,0.046397943,0,120+
34.0,63.0,125.0,0,0.04827314,0,120+
7.0,92.0,125.0,0,0.053727098,0,120+
72.0,93.0,120.0,0,0.04675979,0,90-120
67.0,116.0,125.0,0,0.04484253,0,120+
53.0,35.0,125.0,0,0.044075385,0,120+
67.0,183.0,125.0,0,0.04634641,0,120+
64.0,58.0,125.0,0,0.046027903,0,120+
2.0,97.0,125.0,0,0.05933078,1,120+
7.0,93.0,125.0,0,0.05099323,0,120+
88.0,61.0,125.0,0,0.046479806,0,120+
52.0,58.0,125.0,0,0.04285137,0,120+
17.0,141.0,125.0,0,0.048600152,0,120+
96.0,83.0,125.0,0,0.048645686,0,120+
40.0,51.0,125.0,0,0.045411956,0,120+
94.0,47.0,125.0,0,0.044928886,0,120+
46.0,108.0,125.0,0,0.051386613,0,120+
84.0,128.0,125.0,0,0.048771236,0,120+
73.0,75.0,125.0,0,0.04697687,0,120+
5.0,51.0,125.0,0,0.0606766,1,120+
81.0,111.0,125.0,0,0.051678926,0,120+
5.0,115.0,125.0,0,0.053581484,0,120+
92.0,87.0,125.0,0,0.04671847,0,120+
33.0,68.0,125.0,0,0.055625364,0,120+
33.0,36.0,125.0,0,0.06690743,1,120+
10.0,82.0,125.0,0,0.05319586,0,120+
30.0,43.0,125.0,0,0.05588315,0,120+
97.0,30.0,125.0,0,0.046077814,0,120+
66.0,58.0,125.0,0,0.043341704,0,120+
20.0,88.0,125.0,0,0.04639796,0,120+
21.0,61.0,125.0,0,0.04979383,0,120+
54.0,132.0,125.0,0,0.048662797,0,120+
7.0,106.0,125.0,0,0.048224226,0,120+
38.0,38.0,125.0,0,0.04942957,0,120+
66.0,77.0,125.0,0,0.04996301,0,120+
11.0,108.0,125.0,0,0.04733542,0,120+
13.0,37.0,125.0,0,0.04316358,0,120+
5.0,65.0,125.0,0,0.055199176,0,120+
86.0,64.0,125.0,0,0.04607129,0,120+
53.0,53.0,125.0,0,0.05078642,0,120+
75.0,71.0,125.0,0,0.046612453,0,120+
96.0,110.0,125.0,0,0.04988244,0,120+
5.0,33.0,125.0,0,0.062620394,1,120+
46.0,112.0,125.0,0,0.051502492,0,120+
99.0,49.0,125.0,0,0.047293037,0,120+
92.0,117.0,125.0,0,0.048161473,0,120+
97.0,34.0,125.0,0,0.047052007,0,120+
94.0,59.0,125.0,0,0.047007326,0,120+
96.0,59.0,125.0,0,0.044750046,0,120+
30.0,36.0,125.0,0,0.057857033,1,120+
79.0,69.0,125.0,0,0.04797532,0,120+
78.0,92.0,125.0,0,0.055853568,0,120+
88.0,82.0,125.0,0,0.047362007,0,120+
92.0,169.0,125.0,0,0.044703286,0,120+
75.0,83.0,125.0,0,0.04878111,0,120+
64.0,92.0,125.0,0,0.04264311,0,120+
18.0,55.0,125.0,0,0.047466125,0,120+
71.0,76.0,125.0,0,0.04229154,0,120+
11.0,95.0,125.0,0,0.045656085,0,120+
80.0,49.0,125.0,0,0.04887029,0,120+
95.0,106.0,125.0,0,0.055191018,0,120+
86.0,144.0,125.0,0,0.04456673,0,120+
48.0,84.0,125.0,0,0.049579594,0,120+
12.0,30.0,125.0,0,0.046607736,0,120+
59.0,44.0,125.0,0,0.060314648,1,120+
69.0,120.0,125.0,0,0.0516444,0,120+
47.0,69.0,125.0,0,0.05117197,0,120+
64.0,110.0,125.0,0,0.04440709,0,120+
81.0,99.0,125.0,0,0.050866235,0,120+
88.0,63.0,125.0,0,0.046166718,0,120+
53.0,47.0,125.0,0,0.045899827,0,120+
21.0,51.0,125.0,0,0.04726538,0,120+
95.0,82.0,125.0,0,0.056051347,0,120+
84.0,138.0,125.0,0,0.04995831,0,120+
95.0,159.0,124.0,0,0.049164433,0,120+
86.0,97.0,125.0,0,0.04604278,0,120+
86.0,131.0,125.0,0,0.044815775,0,120+
60.0,38.0,125.0,0,0.04694313,0,120+
16.0,58.0,125.0,0,0.04684583,0,120+
49.0,83.0,125.0,0,0.045741037,0,120+
2.0,58.0,125.0,0,0.050236415,0,120+
54.0,129.0,125.0,0,0.048578568,0,120+
67.0,133.0,125.0,0,0.042069424,0,120+
38.0,42.0,125.0,0,0.046565764,0,120+
49.0,36.0,125.0,0,0.047899183,0,120+
86.0,69.0,125.0,0,0.045117985,0,120+
20.0,108.0,125.0,0,0.045693234,0,120+
48.0,44.0,125.0,0,0.059748467,1,120+
64.0,106.0,125.0,0,0.04428076,0,120+
47.0,78.0,125.0,0,0.05463595,0,120+
4.0,47.0,125.0,0,0.05077208,0,120+
72.0,44.0,125.0,0,0.042970505,0,120+
69.0,164.0,125.0,0,0.04980827,0,120+
76.0,81.0,125.0,0,0.05139362,0,120+
92.0,111.0,125.0,0,0.047232963,0,120+
75.0,34.0,125.0,0,0.045726012,0,120+
82.0,76.0,125.0,0,0.04682089,0,120+
69.0,176.0,125.0,0,0.050734688,0,120+
67.0,112.0,125.0,0,0.04608279,0,120+
34.0,36.0,125.0,0,0.05039054,0,120+
1.0,47.0,125.0,0,0.044755835,0,120+
2.0,34.0,125.0,0,0.051956777,0,120+
51.0,70.0,125.0,0,0.060365554,1,120+
90.0,31.0,123.0,0,0.05243677,0,120+
98.0,34.0,122.0,0,0.046692193,0,120+
7.0,63.0,125.0,0,0.054995395,0,120+
69.0,180.0,125.0,0,0.047055095,0,120+
1.0,67.0,125.0,0,0.044329047,0,120+
51.0,73.0,125.0,0,0.056594815,0,120+
21.0,41.0,125.0,0,0.045646686,0,120+
56.0,130.0,125.0,0,0.049657043,0,120+
67.0,177.0,125.0,0,0.048633177,0,120+
73.0,35.0,125.0,0,0.046637066,0,120+
81.0,80.0,125.0,0,0.04666636,0,120+
46.0,36.0,125.0,0,0.051529374,0,120+
11.0,114.0,125.0,0,0.049854856,0,120+
42.0,45.0,125.0,0,0.048329826,0,120+
95.0,41.0,125.0,0,0.05474883,0,120+
69.0,233.0,125.0,0,0.046416856,0,120+
78.0,94.0,125.0,0,0.058780037,1,120+
52.0,43.0,125.0,0,0.044583794,0,120+
15.0,75.0,125.0,0,0.049191847,0,120+
96.0,210.0,125.0,0,0.04810985,0,120+
69.0,221.0,125.0,0,0.046465423,0,120+
97.0,49.0,125.0,0,0.04799036,0,120+
83.0,157.0,125.0,0,0.05006745,0,120+
41.0,32.0,125.0,0,0.053684063,0,120+
16.0,84.0,125.0,0,0.049970187,0,120+
59.0,81.0,125.0,0,0.051824335,0,120+
83.0,101.0,125.0,0,0.055734705,0,120+
78.0,56.0,125.0,0,0.0615397,1,120+
38.0,56.0,125.0,0,0.04435763,0,120+
2.0,75.0,125.0,0,0.057897646,1,120+
49.0,65.0,125.0,0,0.04207202,0,120+
59.0,76.0,125.0,0,0.0450352,0,120+
14.0,34.0,125.0,0,0.047899187,0,120+
96.0,52.0,125.0,0,0.04458087,0,120+
3.0,32.0,125.0,0,0.04621152,0,120+
51.0,84.0,125.0,0,0.052428767,0,120+
72.0,38.0,125.0,0,0.046358075,0,120+
68.0,38.0,125.0,0,0.048253693,0,120+
17.0,129.0,125.0,0,0.050703127,0,120+
56.0,116.0,125.0,0,0.045379028,0,120+
11.0,118.0,122.0,0,0.049628627,0,120+
88.0,91.0,122.0,0,0.04572681,0,120+
35.0,34.0,125.0,0,0.044914313,0,120+
2.0,131.0,125.0,0,0.05091453,0,120+
54.0,36.0,125.0,0,0.049442217,0,120+
7.0,65.0,125.0,0,0.054357003,0,120+
21.0,65.0,125.0,0,0.047963418,0,120+
46.0,61.0,125.0,0,0.045640066,0,120+
5.0,133.0,125.0,0,0.0495479,0,120+
20.0,36.0,125.0,0,0.047545116,0,120+
68.0,73.0,125.0,0,0.0458017,0,120+
97.0,71.0,125.0,0,0.04856392,0,120+
97.0,57.0,125.0,0,0.04876331,0,120+
31.0,80.0,125.0,0,0.05026744,0,120+
7.0,105.0,125.0,0,0.047464456,0,120+
17.0,78.0,125.0,0,0.046039287,0,120+
7.0,72.0,125.0,0,0.056715176,0,120+
84.0,130.0,125.0,0,0.04935926,0,120+
34.0,65.0,125.0,0,0.049118254,0,120+
75.0,80.0,125.0,0,0.047601786,0,120+
96.0,81.0,125.0,0,0.048178576,0,120+
96.0,169.0,125.0,0,0.048466265,0,120+
1.0,60.0,125.0,0,0.043817632,0,120+
75.0,45.0,125.0,0,0.044570718,0,120+
43.0,84.0,123.0,0,0.04634643,0,120+
92.0,71.0,125.0,0,0.048393548,0,120+
83.0,57.0,125.0,0,0.052843723,0,120+
78.0,88.0,125.0,0,0.0523644,0,120+
92.0,159.0,125.0,0,0.046958704,0,120+
43.0,35.0,125.0,0,0.050944224,0,120+
50.0,59.0,125.0,0,0.05177297,0,120+
69.0,45.0,125.0,0,0.04797823,0,120+
17.0,131.0,125.0,0,0.05042244,0,120+
46.0,32.0,125.0,0,0.053866368,0,120+
43.0,51.0,125.0,0,0.053606197,0,120+
82.0,70.0,125.0,0,0.048942976,0,120+
2.0,87.0,125.0,0,0.05742987,0,120+
69.0,188.0,125.0,0,0.047159407,0,120+
50.0,68.0,125.0,0,0.05056738,0,120+
59.0,38.0,125.0,0,0.05613494,0,120+
83.0,116.0,125.0,0,0.054972053,0,120+
96.0,136.0,125.0,0,0.04752122,0,120+
18.0,69.0,125.0,0,0.044730697,0,120+
30.0,69.0,125.0,0,0.05414383,0,120+
21.0,30.0,125.0,0,0.047357652,0,120+
63.0,50.0,124.0,0,0.048368916,0,120+
32.0,44.0,125.0,0,0.04782737,0,120+
76.0,73.0,125.0,0,0.05146415,0,120+
75.0,69.0,125.0,0,0.04629841,0,120+
16.0,72.0,125.0,0,0.04882506,0,120+
89.0,90.0,125.0,0,0.049731344,0,120+
2.0,96.0,125.0,0,0.060034003,1,120+
52.0,60.0,125.0,0,0.042914655,0,120+
67.0,34.0,125.0,0,0.048546422,0,120+
75.0,79.0,125.0,0,0.04750738,0,120+
95.0,54.0,125.0,0,0.056644157,0,120+
87.0,37.0,125.0,0,0.04531802,0,120+
66.0,72.0,125.0,0,0.047021285,0,120+
52.0,55.0,125.0,0,0.043675292,0,120+
15.0,34.0,125.0,0,0.060776047,1,120+
25.0,75.0,125.0,0,0.04712528,0,120+
18.0,31.0,125.0,0,0.04862683,0,120+
40.0,54.0,125.0,0,0.045353938,0,120+
87.0,34.0,125.0,0,0.045266997,0,120+
21.0,57.0,125.0,0,0.04793763,0,120+
66.0,40.0,125.0,0,0.046776846,0,120+
97.0,40.0,125.0,0,0.046530448,0,120+
68.0,33.0,125.0,0,0.045749646,0,120+
87.0,54.0,124.0,0,0.047660075,0,120+
34.0,61.0,125.0,0,0.049087103,0,120+
54.0,73.0,125.0,0,0.047409534,0,120+
33.0,46.0,125.0,0,0.063338615,1,120+
83.0,120.0,125.0,0,0.05458898,0,120+
80.0,47.0,125.0,0,0.048357934,0,120+
30.0,55.0,125.0,0,0.051910494,0,120+
95.0,149.0,125.0,0,0.046479624,0,120+
69.0,111.0,125.0,0,0.047633827,0,120+
47.0,81.0,125.0,0,0.05594145,0,120+
81.0,42.0,125.0,0,0.04675917,0,120+
33.0,34.0,125.0,0,0.06614395,1,120+
92.0,201.0,125.0,0,0.04954673,0,120+
51.0,83.0,125.0,0,0.05177052,0,120+
83.0,112.0,125.0,0,0.056093387,0,120+
96.0,91.0,125.0,0,0.049926482,0,120+
71.0,88.0,120.0,0,0.04243679,0,90-120
15.0,36.0,125.0,0,0.058446046,1,120+
2.0,50.0,125.0,0,0.0464543,0,120+
80.0,38.0,125.0,0,0.04947795,0,120+
92.0,196.0,125.0,0,0.048508294,0,120+
51.0,67.0,125.0,0,0.058699477,1,120+
99.0,48.0,125.0,0,0.04728767,0,120+
5.0,87.0,125.0,0,0.059416834,1,120+
12.0,35.0,125.0,0,0.046908278,0,120+
98.0,31.0,125.0,0,0.047807433,0,120+
75.0,96.0,125.0,0,0.047274128,0,120+
82.0,56.0,125.0,0,0.05308399,0,120+
69.0,191.0,125.0,0,0.047443416,0,120+
83.0,38.0,125.0,0,0.061406624,1,120+
96.0,30.0,125.0,0,0.045602433,0,120+
18.0,39.0,125.0,0,0.048119005,0,120+
5.0,42.0,125.0,0,0.05950728,1,120+
96.0,164.0,125.0,0,0.049404994,0,120+
49.0,50.0,125.0,0,0.044180308,0,120+
51.0,57.0,125.0,0,0.055775672,0,120+
64.0,41.0,125.0,0,0.045226704,0,120+
64.0,120.0,125.0,0,0.047045358,0,120+
30.0,70.0,124.0,0,0.053793516,0,120+
84.0,70.0,125.0,0,0.042898405,0,120+
55.0,55.0,125.0,0,0.04752067,0,120+
50.0,77.0,121.0,0,0.049486723,0,120+
95.0,139.0,125.0,0,0.048699245,0,120+
94.0,41.0,125.0,0,0.04509624,0,120+
46.0,99.0,125.0,0,0.056090172,0,120+
38.0,69.0,125.0,0,0.0470618,0,120+
100.0,47.0,125.0,0,0.045575116,0,120+
47.0,85.0,125.0,0,0.055770967,0,120+
15.0,56.0,125.0,0,0.053067077,0,120+
78.0,58.0,125.0,0,0.06339907,1,120+
7.0,58.0,125.0,0,0.053613372,0,120+
40.0,52.0,125.0,0,0.04537006,0,120+
20.0,85.0,125.0,0,0.046230327,0,120+
96.0,178.0,125.0,0,0.046620324,0,120+
17.0,34.0,125.0,0,0.05530298,0,120+
56.0,31.0,125.0,0,0.045478635,0,120+
30.0,54.0,125.0,0,0.051392164,0,120+
54.0,37.0,125.0,0,0.049478017,0,120+
47.0,74.0,125.0,0,0.053376395,0,120+
69.0,124.0,125.0,0,0.049487825,0,120+
28.0,40.0,125.0,0,0.052247018,0,120+
17.0,53.0,125.0,0,0.047478233,0,120+
84.0,67.0,125.0,0,0.043980908,0,120+
55.0,47.0,125.0,0,0.04805915,0,120+
1.0,42.0,125.0,0,0.046446845,0,120+
79.0,56.0,125.0,0,0.049659003,0,120+
10.0,99.0,123.0,0,0.049913418,0,120+
36.0,37.0,121.0,0,0.046621732,0,120+
22.0,40.0,125.0,0,0.043994423,0,120+
53.0,37.0,125.0,0,0.04432675,0,120+
47.0,37.0,125.0,0,0.057375725,0,120+
84.0,129.0,125.0,0,0.04928985,0,120+
83.0,46.0,125.0,0,0.049388234,0,120+
11.0,37.0,125.0,0,0.06031006,1,120+
7.0,49.0,125.0,0,0.050432496,0,120+
96.0,40.0,125.0,0,0.04511681,0,120+
67.0,181.0,125.0,0,0.047234822,0,120+
78.0,45.0,125.0,0,0.060295574,1,120+
56.0,135.0,125.0,0,0.049088098,0,120+
69.0,154.0,125.0,0,0.047615405,0,120+
23.0,40.0,125.0,0,0.050317023,0,120+
15.0,65.0,125.0,0,0.050382894,0,120+
88.0,48.0,125.0,0,0.04656701,0,120+
78.0,85.0,125.0,0,0.05467644,0,120+
92.0,218.0,123.0,0,0.04761497,0,120+
73.0,73.0,125.0,0,0.045945324,0,120+
15.0,83.0,124.0,0,0.04627817,0,120+
52.0,86.0,125.0,0,0.04585018,0,120+
62.0,35.0,125.0,0,0.04515494,0,120+
46.0,90.0,125.0,0,0.05300578,0,120+
25.0,98.0,125.0,0,0.047137722,0,120+
33.0,50.0,125.0,0,0.055934254,0,120+
11.0,77.0,125.0,0,0.045125745,0,120+
50.0,74.0,124.0,0,0.050492898,0,120+
67.0,69.0,125.0,0,0.05019712,0,120+
5.0,66.0,125.0,0,0.054674275,0,120+
69.0,67.0,125.0,0,0.048606906,0,120+
88.0,65.0,125.0,0,0.046173453,0,120+
89.0,96.0,121.0,0,0.04936784,0,120+
92.0,60.0,125.0,0,0.047860824,0,120+
46.0,87.0,125.0,0,0.054879423,0,120+
83.0,89.0,125.0,0,0.047550846,0,120+
67.0,163.0,125.0,0,0.04933543,0,120+
67.0,73.0,125.0,0,0.050444506,0,120+
55.0,37.0,125.0,0,0.048444636,0,120+
3.0,59.0,120.0,0,0.045715563,0,90-120
21.0,62.0,125.0,0,0.04942967,0,120+
83.0,44.0,125.0,0,0.053697415,0,120+
20.0,55.0,125.0,0,0.046246085,0,120+
67.0,122.0,125.0,0,0.043179553,0,120+
72.0,41.0,125.0,0,0.043279767,0,120+
41.0,59.0,125.0,0,0.049961332,0,120+
56.0,77.0,125.0,0,0.049029283,0,120+
56.0,117.0,125.0,0,0.045820154,0,120+
38.0,57.0,125.0,0,0.044759374,0,120+
28.0,37.0,125.0,0,0.050385896,0,120+
90.0,33.0,121.0,0,0.052182436,0,120+
44.0,49.0,125.0,0,0.04995069,0,120+
100.0,38.0,125.0,0,0.04338485,0,120+
97.0,45.0,125.0,0,0.0493293,0,120+
66.0,78.0,124.0,0,0.049996644,0,120+
92.0,107.0,125.0,0,0.04754047,0,120+
96.0,71.0,125.0,0,0.049805827,0,120+
41.0,53.0,125.0,0,0.04937802,0,120+
32.0,35.0,125.0,0,0.047795735,0,120+
94.0,80.0,125.0,0,0.047373053,0,120+
20.0,48.0,125.0,0,0.048347447,0,120+
86.0,123.0,125.0,0,0.04532087,0,120+
96.0,177.0,125.0,0,0.046674702,0,120+
96.0,80.0,125.0,0,0.047933575,0,120+
76.0,71.0,125.0,0,0.05058175,0,120+
31.0,73.0,125.0,0,0.05606311,0,120+
79.0,32.0,125.0,0,0.054444276,0,120+
89.0,83.0,125.0,0,0.05088406,0,120+
69.0,158.0,125.0,0,0.046481706,0,120+
66.0,49.0,125.0,0,0.043339815,0,120+
5.0,31.0,125.0,0,0.06282666,1,120+
5.0,129.0,125.0,0,0.05296424,0,120+
94.0,75.0,125.0,0,0.048107896,0,120+
92.0,47.0,125.0,0,0.046954338,0,120+
7.0,77.0,125.0,0,0.056196198,0,120+
59.0,59.0,125.0,0,0.05316437,0,120+
7.0,99.0,125.0,0,0.047968715,0,120+
96.0,123.0,125.0,0,0.047359876,0,120+
14.0,56.0,124.0,0,0.047190543,0,120+
86.0,37.0,125.0,0,0.049997266,0,120+
30.0,57.0,125.0,0,0.051318336,0,120+
1.0,56.0,125.0,0,0.043996707,0,120+
56.0,80.0,125.0,0,0.047257125,0,120+
25.0,59.0,125.0,0,0.04935406,0,120+
83.0,77.0,125.0,0,0.05314044,0,120+
89.0,36.0,125.0,0,0.045472216,0,120+
49.0,95.0,120.0,0,0.04723776,0,90-120
36.0,35.0,123.0,0,0.045690093,0,120+
56.0,43.0,125.0,0,0.045733277,0,120+
67.0,44.0,125.0,0,0.046311613,0,120+
92.0,85.0,125.0,0,0.04844708,0,120+
85.0,31.0,125.0,0,0.04748151,0,120+
40.0,42.0,125.0,0,0.045707036,0,120+
86.0,132.0,125.0,0,0.044756826,0,120+
86.0,70.0,125.0,0,0.045399003,0,120+
10.0,64.0,125.0,0,0.05875378,1,120+
41.0,82.0,125.0,0,0.04764269,0,120+
82.0,77.0,125.0,0,0.047340427,0,120+
64.0,65.0,125.0,0,0.04686166,0,120+
31.0,54.0,125.0,0,0.0619834,1,120+
56.0,69.0,125.0,0,0.048234433,0,120+
85.0,30.0,125.0,0,0.047465045,0,120+
97.0,70.0,125.0,0,0.04816631,0,120+
100.0,75.0,125.0,0,0.048209976,0,120+
3.0,52.0,125.0,0,0.046020932,0,120+
5.0,118.0,125.0,0,0.049971547,0,120+
1.0,162.0,30.0,1,0.052627284,0,20-30
1.0,163.0,29.0,1,0.053742312,0,20-30
1.0,164.0,28.0,1,0.05432418,0,20-30
1.0,165.0,27.0,1,0.05421319,0,20-30
1.0,166.0,26.0,1,0.05504024,0,20-30
1.0,167.0,25.0,1,0.054599266,0,20-30
1.0,168.0,24.0,1,0.053968444,0,20-30
1.0,169.0,23.0,1,0.05447482,0,20-30
1.0,170.0,22.0,1,0.0546223,0,20-30
1.0,171.0,21.0,1,0.054996837,0,20-30
1.0,172.0,20.0,1,0.0554226,0,10-20
1.0,173.0,19.0,1,0.056886725,0,10-20
1.0,174.0,18.0,1,0.05850948,1,10-20
1.0,175.0,17.0,1,0.060111735,1,10-20
1.0,176.0,16.0,1,0.0605024,1,10-20
1.0,177.0,15.0,1,0.06289604,1,10-20
1.0,178.0,14.0,1,0.065622464,1,10-20
1.0,179.0,13.0,1,0.0668877,1,10-20
1.0,180.0,12.0,1,0.06865902,1,10-20
1.0,181.0,11.0,1,0.07129546,1,10-20
1.0,182.0,10.0,1,0.07441544,1,0-10
1.0,183.0,9.0,1,0.07680015,1,0-10
1.0,184.0,8.0,1,0.08105976,1,0-10
1.0,185.0,7.0,1,0.08533548,1,0-10
1.0,186.0,6.0,1,0.087369576,1,0-10
1.0,187.0,5.0,1,0.09076758,1,0-10
1.0,188.0,4.0,1,0.09511414,1,0-10
1.0,189.0,3.0,1,0.099053495,1,0-10
1.0,190.0,2.0,1,0.10215052,1,0-10
1.0,191.0,1.0,1,0.106310256,1,0-10
1.0,192.0,0.0,1,0.10998636,1,0-10
2.0,257.0,30.0,1,0.060560282,1,20-30
2.0,258.0,29.0,1,0.06245329,1,20-30
2.0,259.0,28.0,1,0.06451527,1,20-30
2.0,260.0,27.0,1,0.06659647,1,20-30
2.0,261.0,26.0,1,0.06841331,1,20-30
2.0,262.0,25.0,1,0.06981924,1,20-30
2.0,263.0,24.0,1,0.0706662,1,20-30
2.0,264.0,23.0,1,0.074054204,1,20-30
2.0,265.0,22.0,1,0.07579044,1,20-30
2.0,266.0,21.0,1,0.07758378,1,20-30
2.0,267.0,20.0,1,0.07926607,1,10-20
2.0,268.0,19.0,1,0.08130963,1,10-20
2.0,269.0,18.0,1,0.083924904,1,10-20
2.0,270.0,17.0,1,0.08736279,1,10-20
2.0,271.0,16.0,1,0.09093489,1,10-20
2.0,272.0,15.0,1,0.09408851,1,10-20
2.0,273.0,14.0,1,0.097128704,1,10-20
2.0,274.0,13.0,1,0.10071599,1,10-20
2.0,275.0,12.0,1,0.10387998,1,10-20
2.0,276.0,11.0,1,0.10846929,1,10-20
2.0,277.0,10.0,1,0.112299785,1,0-10
2.0,278.0,9.0,1,0.115408935,1,0-10
2.0,279.0,8.0,1,0.11839018,1,0-10
2.0,280.0,7.0,1,0.121970184,1,0-10
2.0,281.0,6.0,1,0.12609835,1,0-10
2.0,282.0,5.0,1,0.1299811,1,0-10
2.0,283.0,4.0,1,0.13515338,1,0-10
2.0,284.0,3.0,1,0.13955699,1,0-10
2.0,285.0,2.0,1,0.14405939,1,0-10
2.0,286.0,1.0,1,0.14822696,1,0-10
2.0,287.0,0.0,1,0.15322492,1,0-10
3.0,149.0,30.0,1,0.058088575,1,20-30
3.0,150.0,29.0,1,0.058917534,1,20-30
3.0,151.0,28.0,1,0.0593229,1,20-30
3.0,152.0,27.0,1,0.060446076,1,20-30
3.0,153.0,26.0,1,0.061300453,1,20-30
3.0,154.0,25.0,1,0.061709248,1,20-30
3.0,155.0,24.0,1,0.061975073,1,20-30
3.0,156.0,23.0,1,0.063676715,1,20-30
3.0,157.0,22.0,1,0.06565257,1,20-30
3.0,158.0,21.0,1,0.06722008,1,20-30
3.0,159.0,20.0,1,0.067740835,1,10-20
3.0,160.0,19.0,1,0.068868466,1,10-20
3.0,161.0,18.0,1,0.07089878,1,10-20
3.0,162.0,17.0,1,0.07259488,1,10-20
3.0,163.0,16.0,1,0.074287996,1,10-20
3.0,164.0,15.0,1,0.07654234,1,10-20
3.0,165.0,14.0,1,0.079263836,1,10-20
3.0,166.0,13.0,1,0.08193945,1,10-20
3.0,167.0,12.0,1,0.08532966,1,10-20
3.0,168.0,11.0,1,0.08826118,1,10-20
3.0,169.0,10.0,1,0.09229613,1,0-10
3.0,170.0,9.0,1,0.0960801,1,0-10
3.0,171.0,8.0,1,0.09984043,1,0-10
3.0,172.0,7.0,1,0.10307609,1,0-10
3.0,173.0,6.0,1,0.10712708,1,0-10
3.0,174.0,5.0,1,0.1121216,1,0-10
3.0,175.0,4.0,1,0.11737721,1,0-10
3.0,176.0,3.0,1,0.122338176,1,0-10
3.0,177.0,2.0,1,0.12810743,1,0-10
3.0,178.0,1.0,1,0.13550648,1,0-10
3.0,179.0,0.0,1,0.142932,1,0-10
4.0,159.0,30.0,1,0.052505028,0,20-30
4.0,160.0,29.0,1,0.05305075,0,20-30
4.0,161.0,28.0,1,0.05398313,0,20-30
4.0,162.0,27.0,1,0.055598486,0,20-30
4.0,163.0,26.0,1,0.057908487,1,20-30
4.0,164.0,25.0,1,0.06003167,1,20-30
4.0,165.0,24.0,1,0.061047092,1,20-30
4.0,166.0,23.0,1,0.06258816,1,20-30
4.0,167.0,22.0,1,0.06364789,1,20-30
4.0,168.0,21.0,1,0.0652538,1,20-30
4.0,169.0,20.0,1,0.06756072,1,10-20
4.0,170.0,19.0,1,0.07045794,1,10-20
4.0,171.0,18.0,1,0.07320946,1,10-20
4.0,172.0,17.0,1,0.076021135,1,10-20
4.0,173.0,16.0,1,0.07881487,1,10-20
4.0,174.0,15.0,1,0.08171899,1,10-20
4.0,175.0,14.0,1,0.0849357,1,10-20
4.0,176.0,13.0,1,0.08788317,1,10-20
4.0,177.0,12.0,1,0.09182943,1,10-20
4.0,178.0,11.0,1,0.096228555,1,10-20
4.0,179.0,10.0,1,0.10111974,1,0-10
4.0,180.0,9.0,1,0.106255956,1,0-10
4.0,181.0,8.0,1,0.110156946,1,0-10
4.0,182.0,7.0,1,0.115544386,1,0-10
4.0,183.0,6.0,1,0.12270216,1,0-10
4.0,184.0,5.0,1,0.12823713,1,0-10
4.0,185.0,4.0,1,0.13384834,1,0-10
4.0,186.0,3.0,1,0.13990285,1,0-10
4.0,187.0,2.0,1,0.14663504,1,0-10
4.0,188.0,1.0,1,0.15322661,1,0-10
4.0,189.0,0.0,1,0.16110817,1,0-10
5.0,239.0,30.0,1,0.071463436,1,20-30
5.0,240.0,29.0,1,0.07250427,1,20-30
5.0,241.0,28.0,1,0.073700316,1,20-30
5.0,242.0,27.0,1,0.07527017,1,20-30
5.0,243.0,26.0,1,0.077640824,1,20-30
5.0,244.0,25.0,1,0.079663746,1,20-30
5.0,245.0,24.0,1,0.08069578,1,20-30
5.0,246.0,23.0,1,0.08271739,1,20-30
5.0,247.0,22.0,1,0.08547259,1,20-30
5.0,248.0,21.0,1,0.08758603,1,20-30
5.0,249.0,20.0,1,0.09088734,1,10-20
5.0,250.0,19.0,1,0.09368608,1,10-20
5.0,251.0,18.0,1,0.09672626,1,10-20
5.0,252.0,17.0,1,0.09935416,1,10-20
5.0,253.0,16.0,1,0.10247498,1,10-20
5.0,254.0,15.0,1,0.106086165,1,10-20
5.0,255.0,14.0,1,0.10906561,1,10-20
5.0,256.0,13.0,1,0.114040114,1,10-20
5.0,257.0,12.0,1,0.11778477,1,10-20
5.0,258.0,11.0,1,0.12152727,1,10-20
5.0,259.0,10.0,1,0.1270101,1,0-10
5.0,260.0,9.0,1,0.13031192,1,0-10
5.0,261.0,8.0,1,0.13383262,1,0-10
5.0,262.0,7.0,1,0.1370791,1,0-10
5.0,263.0,6.0,1,0.1419326,1,0-10
5.0,264.0,5.0,1,0.14740255,1,0-10
5.0,265.0,4.0,1,0.152367,1,0-10
5.0,266.0,3.0,1,0.15752004,1,0-10
5.0,267.0,2.0,1,0.16245165,1,0-10
5.0,268.0,1.0,1,0.1672545,1,0-10
5.0,269.0,0.0,1,0.17222738,1,0-10
6.0,158.0,30.0,1,0.06573481,1,20-30
6.0,159.0,29.0,1,0.06664648,1,20-30
6.0,160.0,28.0,1,0.06875431,1,20-30
6.0,161.0,27.0,1,0.070153825,1,20-30
6.0,162.0,26.0,1,0.0717934,1,20-30
6.0,163.0,25.0,1,0.074289605,1,20-30
6.0,164.0,24.0,1,0.07601945,1,20-30
6.0,165.0,23.0,1,0.07910154,1,20-30
6.0,166.0,22.0,1,0.08237704,1,20-30
6.0,167.0,21.0,1,0.08434878,1,20-30
6.0,168.0,20.0,1,0.08617768,1,10-20
6.0,169.0,19.0,1,0.08899665,1,10-20
6.0,170.0,18.0,1,0.09198763,1,10-20
6.0,171.0,17.0,1,0.095654845,1,10-20
6.0,172.0,16.0,1,0.09691267,1,10-20
6.0,173.0,15.0,1,0.09896691,1,10-20
6.0,174.0,14.0,1,0.09987091,1,10-20
6.0,175.0,13.0,1,0.10352398,1,10-20
6.0,176.0,12.0,1,0.10559595,1,10-20
6.0,177.0,11.0,1,0.10759045,1,10-20
6.0,178.0,10.0,1,0.11065665,1,0-10
6.0,179.0,9.0,1,0.11316121,1,0-10
6.0,180.0,8.0,1,0.11650766,1,0-10
6.0,181.0,7.0,1,0.119541354,1,0-10
6.0,182.0,6.0,1,0.12256144,1,0-10
6.0,183.0,5.0,1,0.12718263,1,0-10
6.0,184.0,4.0,1,0.12974255,1,0-10
6.0,185.0,3.0,1,0.13363253,1,0-10
6.0,186.0,2.0,1,0.13695018,1,0-10
6.0,187.0,1.0,1,0.14069347,1,0-10
6.0,188.0,0.0,1,0.14451915,1,0-10
7.0,229.0,30.0,1,0.06663631,1,20-30
7.0,230.0,29.0,1,0.0677328,1,20-30
7.0,231.0,28.0,1,0.06841722,1,20-30
7.0,232.0,27.0,1,0.07025137,1,20-30
7.0,233.0,26.0,1,0.07215263,1,20-30
7.0,234.0,25.0,1,0.073606335,1,20-30
7.0,235.0,24.0,1,0.07554946,1,20-30
7.0,236.0,23.0,1,0.075807,1,20-30
7.0,237.0,22.0,1,0.07767655,1,20-30
7.0,238.0,21.0,1,0.07901914,1,20-30
7.0,239.0,20.0,1,0.080394134,1,10-20
7.0,240.0,19.0,1,0.08304915,1,10-20
7.0,241.0,18.0,1,0.08634123,1,10-20
7.0,242.0,17.0,1,0.08856434,1,10-20
7.0,243.0,16.0,1,0.091348186,1,10-20
7.0,244.0,15.0,1,0.09455269,1,10-20
7.0,245.0,14.0,1,0.09746938,1,10-20
7.0,246.0,13.0,1,0.099699475,1,10-20
7.0,247.0,12.0,1,0.10236977,1,10-20
7.0,248.0,11.0,1,0.10487288,1,10-20
7.0,249.0,10.0,1,0.107429445,1,0-10
7.0,250.0,9.0,1,0.11092654,1,0-10
7.0,251.0,8.0,1,0.11461838,1,0-10
7.0,252.0,7.0,1,0.11874524,1,0-10
7.0,253.0,6.0,1,0.12221993,1,0-10
7.0,254.0,5.0,1,0.12503582,1,0-10
7.0,255.0,4.0,1,0.12812692,1,0-10
7.0,256.0,3.0,1,0.13033083,1,0-10
7.0,257.0,2.0,1,0.13428901,1,0-10
7.0,258.0,1.0,1,0.13863255,1,0-10
7.0,259.0,0.0,1,0.1417251,1,0-10
8.0,120.0,30.0,1,0.053798407,0,20-30
8.0,121.0,29.0,1,0.054508593,0,20-30
8.0,122.0,28.0,1,0.055469282,0,20-30
8.0,123.0,27.0,1,0.05749332,0,20-30
8.0,124.0,26.0,1,0.059537604,1,20-30
8.0,125.0,25.0,1,0.06084226,1,20-30
8.0,126.0,24.0,1,0.062542036,1,20-30
8.0,127.0,23.0,1,0.063419,1,20-30
8.0,128.0,22.0,1,0.065698914,1,20-30
8.0,129.0,21.0,1,0.06709674,1,20-30
8.0,130.0,20.0,1,0.06816564,1,10-20
8.0,131.0,19.0,1,0.07047544,1,10-20
8.0,132.0,18.0,1,0.072660886,1,10-20
8.0,133.0,17.0,1,0.07477193,1,10-20
8.0,134.0,16.0,1,0.07696228,1,10-20
8.0,135.0,15.0,1,0.078976646,1,10-20
8.0,136.0,14.0,1,0.081285626,1,10-20
8.0,137.0,13.0,1,0.084697165,1,10-20
8.0,138.0,12.0,1,0.08785498,1,10-20
8.0,139.0,11.0,1,0.08955541,1,10-20
8.0,140.0,10.0,1,0.091689534,1,0-10
8.0,141.0,9.0,1,0.094088666,1,0-10
8.0,142.0,8.0,1,0.096737996,1,0-10
8.0,143.0,7.0,1,0.10046477,1,0-10
8.0,144.0,6.0,1,0.10481293,1,0-10
8.0,145.0,5.0,1,0.10790917,1,0-10
8.0,146.0,4.0,1,0.11182629,1,0-10
8.0,147.0,3.0,1,0.11418267,1,0-10
8.0,148.0,2.0,1,0.11738712,1,0-10
8.0,149.0,1.0,1,0.12186537,1,0-10
8.0,150.0,0.0,1,0.12627336,1,0-10
9.0,171.0,30.0,1,0.07805315,1,20-30
9.0,172.0,29.0,1,0.07896748,1,20-30
9.0,173.0,28.0,1,0.0789417,1,20-30
9.0,174.0,27.0,1,0.08028802,1,20-30
9.0,175.0,26.0,1,0.080355585,1,20-30
9.0,176.0,25.0,1,0.08075535,1,20-30
9.0,177.0,24.0,1,0.08114325,1,20-30
9.0,178.0,23.0,1,0.08222287,1,20-30
9.0,179.0,22.0,1,0.08261064,1,20-30
9.0,180.0,21.0,1,0.08436978,1,20-30
9.0,181.0,20.0,1,0.08506302,1,10-20
9.0,182.0,19.0,1,0.085860655,1,10-20
9.0,183.0,18.0,1,0.087083384,1,10-20
9.0,184.0,17.0,1,0.08942272,1,10-20
9.0,185.0,16.0,1,0.09204635,1,10-20
9.0,186.0,15.0,1,0.09325752,1,10-20
9.0,187.0,14.0,1,0.09594642,1,10-20
9.0,188.0,13.0,1,0.09581231,1,10-20
9.0,189.0,12.0,1,0.09744123,1,10-20
9.0,190.0,11.0,1,0.09951714,1,10-20
9.0,191.0,10.0,1,0.102210134,1,0-10
9.0,192.0,9.0,1,0.105366066,1,0-10
9.0,193.0,8.0,1,0.11017767,1,0-10
9.0,194.0,7.0,1,0.112588,1,0-10
9.0,195.0,6.0,1,0.116293654,1,0-10
9.0,196.0,5.0,1,0.12045866,1,0-10
9.0,197.0,4.0,1,0.1239929,1,0-10
9.0,198.0,3.0,1,0.12942289,1,0-10
9.0,199.0,2.0,1,0.13420701,1,0-10
9.0,200.0,1.0,1,0.14175838,1,0-10
9.0,201.0,0.0,1,0.15015364,1,0-10
10.0,192.0,30.0,1,0.056130532,0,20-30
10.0,193.0,29.0,1,0.05773267,1,20-30
10.0,194.0,28.0,1,0.059552826,1,20-30
10.0,195.0,27.0,1,0.05950623,1,20-30
10.0,196.0,26.0,1,0.06068082,1,20-30
10.0,197.0,25.0,1,0.061631326,1,20-30
10.0,198.0,24.0,1,0.0627706,1,20-30
10.0,199.0,23.0,1,0.06285143,1,20-30
10.0,200.0,22.0,1,0.064637825,1,20-30
10.0,201.0,21.0,1,0.06502965,1,20-30
10.0,202.0,20.0,1,0.06706755,1,10-20
10.0,203.0,19.0,1,0.0686501,1,10-20
10.0,204.0,18.0,1,0.07165616,1,10-20
10.0,205.0,17.0,1,0.07373025,1,10-20
10.0,206.0,16.0,1,0.07549732,1,10-20
10.0,207.0,15.0,1,0.076970436,1,10-20
10.0,208.0,14.0,1,0.0793391,1,10-20
10.0,209.0,13.0,1,0.081851006,1,10-20
10.0,210.0,12.0,1,0.08444545,1,10-20
10.0,211.0,11.0,1,0.08692302,1,10-20
10.0,212.0,10.0,1,0.089719065,1,0-10
10.0,213.0,9.0,1,0.094598204,1,0-10
10.0,214.0,8.0,1,0.098474674,1,0-10
10.0,215.0,7.0,1,0.101673946,1,0-10
10.0,216.0,6.0,1,0.10599753,1,0-10
10.0,217.0,5.0,1,0.10999224,1,0-10
10.0,218.0,4.0,1,0.11389164,1,0-10
10.0,219.0,3.0,1,0.117881894,1,0-10
10.0,220.0,2.0,1,0.12167102,1,0-10
10.0,221.0,1.0,1,0.12756974,1,0-10
10.0,222.0,0.0,1,0.13201801,1,0-10
11.0,210.0,30.0,1,0.061554287,1,20-30
11.0,211.0,29.0,1,0.06281622,1,20-30
11.0,212.0,28.0,1,0.063977405,1,20-30
11.0,213.0,27.0,1,0.065948375,1,20-30
11.0,214.0,26.0,1,0.067293935,1,20-30
11.0,215.0,25.0,1,0.06829293,1,20-30
11.0,216.0,24.0,1,0.0696612,1,20-30
11.0,217.0,23.0,1,0.070147045,1,20-30
11.0,218.0,22.0,1,0.071375325,1,20-30
11.0,219.0,21.0,1,0.07350624,1,20-30
11.0,220.0,20.0,1,0.07569013,1,10-20
11.0,221.0,19.0,1,0.07777075,1,10-20
11.0,222.0,18.0,1,0.0795186,1,10-20
11.0,223.0,17.0,1,0.08180978,1,10-20
11.0,224.0,16.0,1,0.083706275,1,10-20
11.0,225.0,15.0,1,0.08632693,1,10-20
11.0,226.0,14.0,1,0.0897897,1,10-20
11.0,227.0,13.0,1,0.0925759,1,10-20
11.0,228.0,12.0,1,0.09653922,1,10-20
11.0,229.0,11.0,1,0.099419154,1,10-20
11.0,230.0,10.0,1,0.1031474,1,0-10
11.0,231.0,9.0,1,0.107295945,1,0-10
11.0,232.0,8.0,1,0.11141466,1,0-10
11.0,233.0,7.0,1,0.114813894,1,0-10
11.0,234.0,6.0,1,0.117980875,1,0-10
11.0,235.0,5.0,1,0.12109431,1,0-10
11.0,236.0,4.0,1,0.12639652,1,0-10
11.0,237.0,3.0,1,0.13089882,1,0-10
11.0,238.0,2.0,1,0.13643752,1,0-10
11.0,239.0,1.0,1,0.14205028,1,0-10
11.0,240.0,0.0,1,0.1467236,1,0-10
12.0,140.0,30.0,1,0.059424255,1,20-30
12.0,141.0,29.0,1,0.060922217,1,20-30
12.0,142.0,28.0,1,0.06246066,1,20-30
12.0,143.0,27.0,1,0.06434694,1,20-30
12.0,144.0,26.0,1,0.06530146,1,20-30
12.0,145.0,25.0,1,0.067718014,1,20-30
12.0,146.0,24.0,1,0.06855346,1,20-30
12.0,147.0,23.0,1,0.070170954,1,20-30
12.0,148.0,22.0,1,0.07102576,1,20-30
12.0,149.0,21.0,1,0.072917864,1,20-30
12.0,150.0,20.0,1,0.07465095,1,10-20
12.0,151.0,19.0,1,0.07714537,1,10-20
12.0,152.0,18.0,1,0.07925471,1,10-20
12.0,153.0,17.0,1,0.08112012,1,10-20
12.0,154.0,16.0,1,0.0824278,1,10-20
12.0,155.0,15.0,1,0.08437156,1,10-20
12.0,156.0,14.0,1,0.08723297,1,10-20
12.0,157.0,13.0,1,0.08857013,1,10-20
12.0,158.0,12.0,1,0.091705054,1,10-20
12.0,159.0,11.0,1,0.09318659,1,10-20
12.0,160.0,10.0,1,0.09620823,1,0-10
12.0,161.0,9.0,1,0.09825784,1,0-10
12.0,162.0,8.0,1,0.10145873,1,0-10
12.0,163.0,7.0,1,0.10541294,1,0-10
12.0,164.0,6.0,1,0.10882326,1,0-10
12.0,165.0,5.0,1,0.11111378,1,0-10
12.0,166.0,4.0,1,0.11559528,1,0-10
12.0,167.0,3.0,1,0.119073436,1,0-10
12.0,168.0,2.0,1,0.1222895,1,0-10
12.0,169.0,1.0,1,0.124822736,1,0-10
12.0,170.0,0.0,1,0.1288472,1,0-10
13.0,133.0,30.0,1,0.056941573,0,20-30
13.0,134.0,29.0,1,0.057972383,1,20-30
13.0,135.0,28.0,1,0.0594206,1,20-30
13.0,136.0,27.0,1,0.061034594,1,20-30
13.0,137.0,26.0,1,0.061877105,1,20-30
13.0,138.0,25.0,1,0.06340218,1,20-30
13.0,139.0,24.0,1,0.06438917,1,20-30
13.0,140.0,23.0,1,0.06631701,1,20-30
13.0,141.0,22.0,1,0.06789927,1,20-30
13.0,142.0,21.0,1,0.06990698,1,20-30
13.0,143.0,20.0,1,0.072752036,1,10-20
13.0,144.0,19.0,1,0.07452613,1,10-20
13.0,145.0,18.0,1,0.076662034,1,10-20
13.0,146.0,17.0,1,0.0793032,1,10-20
13.0,147.0,16.0,1,0.08139339,1,10-20
13.0,148.0,15.0,1,0.08449009,1,10-20
13.0,149.0,14.0,1,0.0883687,1,10-20
13.0,150.0,13.0,1,0.09094819,1,10-20
13.0,151.0,12.0,1,0.09482795,1,10-20
13.0,152.0,11.0,1,0.09823398,1,10-20
13.0,153.0,10.0,1,0.10184706,1,0-10
13.0,154.0,9.0,1,0.10520023,1,0-10
13.0,155.0,8.0,1,0.10888509,1,0-10
13.0,156.0,7.0,1,0.11220315,1,0-10
13.0,157.0,6.0,1,0.11710839,1,0-10
13.0,158.0,5.0,1,0.12095502,1,0-10
13.0,159.0,4.0,1,0.12765034,1,0-10
13.0,160.0,3.0,1,0.13198149,1,0-10
13.0,161.0,2.0,1,0.13641651,1,0-10
13.0,162.0,1.0,1,0.14238542,1,0-10
13.0,163.0,0.0,1,0.14901742,1,0-10
14.0,150.0,30.0,1,0.068183035,1,20-30
14.0,151.0,29.0,1,0.06914813,1,20-30
14.0,152.0,28.0,1,0.071566105,1,20-30
14.0,153.0,27.0,1,0.0734951,1,20-30
14.0,154.0,26.0,1,0.07600324,1,20-30
14.0,155.0,25.0,1,0.07888978,1,20-30
14.0,156.0,24.0,1,0.08029632,1,20-30
14.0,157.0,23.0,1,0.08271146,1,20-30
14.0,158.0,22.0,1,0.08320942,1,20-30
14.0,159.0,21.0,1,0.08584688,1,20-30
14.0,160.0,20.0,1,0.08815019,1,10-20
14.0,161.0,19.0,1,0.0912899,1,10-20
14.0,162.0,18.0,1,0.09323378,1,10-20
14.0,163.0,17.0,1,0.09539387,1,10-20
14.0,164.0,16.0,1,0.0977949,1,10-20
14.0,165.0,15.0,1,0.09975571,1,10-20
14.0,166.0,14.0,1,0.1029349,1,10-20
14.0,167.0,13.0,1,0.10629288,1,10-20
14.0,168.0,12.0,1,0.11023331,1,10-20
14.0,169.0,11.0,1,0.11379875,1,10-20
14.0,170.0,10.0,1,0.117268555,1,0-10
14.0,171.0,9.0,1,0.12267626,1,0-10
14.0,172.0,8.0,1,0.1255645,1,0-10
14.0,173.0,7.0,1,0.1285286,1,0-10
14.0,174.0,6.0,1,0.133722,1,0-10
14.0,175.0,5.0,1,0.13837165,1,0-10
14.0,176.0,4.0,1,0.14244118,1,0-10
14.0,177.0,3.0,1,0.1468172,1,0-10
14.0,178.0,2.0,1,0.15179741,1,0-10
14.0,179.0,1.0,1,0.1573086,1,0-10
14.0,180.0,0.0,1,0.1619568,1,0-10
15.0,177.0,30.0,1,0.051702,0,20-30
15.0,178.0,29.0,1,0.05232216,0,20-30
15.0,179.0,28.0,1,0.052005515,0,20-30
15.0,180.0,27.0,1,0.052420925,0,20-30
15.0,181.0,26.0,1,0.052517686,0,20-30
15.0,182.0,25.0,1,0.052659135,0,20-30
15.0,183.0,24.0,1,0.053815596,0,20-30
15.0,184.0,23.0,1,0.054150045,0,20-30
15.0,185.0,22.0,1,0.055352684,0,20-30
15.0,186.0,21.0,1,0.055463113,0,20-30
15.0,187.0,20.0,1,0.056114517,0,10-20
15.0,188.0,19.0,1,0.057140365,0,10-20
15.0,189.0,18.0,1,0.059091423,1,10-20
15.0,190.0,17.0,1,0.06028577,1,10-20
15.0,191.0,16.0,1,0.06210385,1,10-20
15.0,192.0,15.0,1,0.06397738,1,10-20
15.0,193.0,14.0,1,0.066725634,1,10-20
15.0,194.0,13.0,1,0.06881866,1,10-20
15.0,195.0,12.0,1,0.07045839,1,10-20
15.0,196.0,11.0,1,0.07321128,1,10-20
15.0,197.0,10.0,1,0.0753653,1,0-10
15.0,198.0,9.0,1,0.07755782,1,0-10
15.0,199.0,8.0,1,0.08128127,1,0-10
15.0,200.0,7.0,1,0.083223045,1,0-10
15.0,201.0,6.0,1,0.08531149,1,0-10
15.0,202.0,5.0,1,0.0894105,1,0-10
15.0,203.0,4.0,1,0.09329272,1,0-10
15.0,204.0,3.0,1,0.09639054,1,0-10
15.0,205.0,2.0,1,0.0995938,1,0-10
15.0,206.0,1.0,1,0.105236165,1,0-10
15.0,207.0,0.0,1,0.10985808,1,0-10
16.0,179.0,30.0,1,0.08377267,1,20-30
16.0,180.0,29.0,1,0.084564075,1,20-30
16.0,181.0,28.0,1,0.085081704,1,20-30
16.0,182.0,27.0,1,0.086707085,1,20-30
16.0,183.0,26.0,1,0.089511976,1,20-30
16.0,184.0,25.0,1,0.09030843,1,20-30
16.0,185.0,24.0,1,0.09274381,1,20-30
16.0,186.0,23.0,1,0.09477843,1,20-30
16.0,187.0,22.0,1,0.096104674,1,20-30
16.0,188.0,21.0,1,0.09822222,1,20-30
16.0,189.0,20.0,1,0.10052324,1,10-20
16.0,190.0,19.0,1,0.102947645,1,10-20
16.0,191.0,18.0,1,0.103917494,1,10-20
16.0,192.0,17.0,1,0.10732162,1,10-20
16.0,193.0,16.0,1,0.109134115,1,10-20
16.0,194.0,15.0,1,0.11304861,1,10-20
16.0,195.0,14.0,1,0.11617615,1,10-20
16.0,196.0,13.0,1,0.117092304,1,10-20
16.0,197.0,12.0,1,0.11988138,1,10-20
16.0,198.0,11.0,1,0.12287888,1,10-20
16.0,199.0,10.0,1,0.12547244,1,0-10
16.0,200.0,9.0,1,0.12805681,1,0-10
16.0,201.0,8.0,1,0.13038617,1,0-10
16.0,202.0,7.0,1,0.1335292,1,0-10
16.0,203.0,6.0,1,0.13690963,1,0-10
16.0,204.0,5.0,1,0.1392254,1,0-10
16.0,205.0,4.0,1,0.14245652,1,0-10
16.0,206.0,3.0,1,0.14501974,1,0-10
16.0,207.0,2.0,1,0.1488925,1,0-10
16.0,208.0,1.0,1,0.1528554,1,0-10
16.0,209.0,0.0,1,0.1556938,1,0-10
17.0,246.0,30.0,1,0.070799045,1,20-30
17.0,247.0,29.0,1,0.072541095,1,20-30
17.0,248.0,28.0,1,0.07360433,1,20-30
17.0,249.0,27.0,1,0.07537744,1,20-30
17.0,250.0,26.0,1,0.07722221,1,20-30
17.0,251.0,25.0,1,0.07989141,1,20-30
17.0,252.0,24.0,1,0.08067876,1,20-30
17.0,253.0,23.0,1,0.08234835,1,20-30
17.0,254.0,22.0,1,0.08438745,1,20-30
17.0,255.0,21.0,1,0.0858813,1,20-30
17.0,256.0,20.0,1,0.08817146,1,10-20
17.0,257.0,19.0,1,0.09132603,1,10-20
17.0,258.0,18.0,1,0.09407702,1,10-20
17.0,259.0,17.0,1,0.09780021,1,10-20
17.0,260.0,16.0,1,0.101244256,1,10-20
17.0,261.0,15.0,1,0.10485662,1,10-20
17.0,262.0,14.0,1,0.10805076,1,10-20
17.0,263.0,13.0,1,0.11128776,1,10-20
17.0,264.0,12.0,1,0.11503683,1,10-20
17.0,265.0,11.0,1,0.11838862,1,10-20
17.0,266.0,10.0,1,0.12261251,1,0-10
17.0,267.0,9.0,1,0.12719132,1,0-10
17.0,268.0,8.0,1,0.13214277,1,0-10
17.0,269.0,7.0,1,0.1363712,1,0-10
17.0,270.0,6.0,1,0.14095174,1,0-10
17.0,271.0,5.0,1,0.14603591,1,0-10
17.0,272.0,4.0,1,0.15102401,1,0-10
17.0,273.0,3.0,1,0.15599315,1,0-10
17.0,274.0,2.0,1,0.16094059,1,0-10
17.0,275.0,1.0,1,0.16628553,1,0-10
17.0,276.0,0.0,1,0.17197068,1,0-10
18.0,165.0,30.0,1,0.06588739,1,20-30
18.0,166.0,29.0,1,0.06726684,1,20-30
18.0,167.0,28.0,1,0.06885741,1,20-30
18.0,168.0,27.0,1,0.06912089,1,20-30
18.0,169.0,26.0,1,0.07048028,1,20-30
18.0,170.0,25.0,1,0.071671635,1,20-30
18.0,171.0,24.0,1,0.07267038,1,20-30
18.0,172.0,23.0,1,0.074440256,1,20-30
18.0,173.0,22.0,1,0.07506848,1,20-30
18.0,174.0,21.0,1,0.07666164,1,20-30
18.0,175.0,20.0,1,0.078382924,1,10-20
18.0,176.0,19.0,1,0.07955854,1,10-20
18.0,177.0,18.0,1,0.081479646,1,10-20
18.0,178.0,17.0,1,0.08380546,1,10-20
18.0,179.0,16.0,1,0.085327215,1,10-20
18.0,180.0,15.0,1,0.087107986,1,10-20
18.0,181.0,14.0,1,0.091027774,1,10-20
18.0,182.0,13.0,1,0.093412325,1,10-20
18.0,183.0,12.0,1,0.09658585,1,10-20
18.0,184.0,11.0,1,0.10007329,1,10-20
18.0,185.0,10.0,1,0.10223133,1,0-10
18.0,186.0,9.0,1,0.10649123,1,0-10
18.0,187.0,8.0,1,0.11101553,1,0-10
18.0,188.0,7.0,1,0.11416667,1,0-10
18.0,189.0,6.0,1,0.11813009,1,0-10
18.0,190.0,5.0,1,0.12318878,1,0-10
18.0,191.0,4.0,1,0.1281694,1,0-10
18.0,192.0,3.0,1,0.13462101,1,0-10
18.0,193.0,2.0,1,0.14095621,1,0-10
18.0,194.0,1.0,1,0.14759305,1,0-10
18.0,195.0,0.0,1,0.15550473,1,0-10
19.0,128.0,30.0,1,0.06377925,1,20-30
19.0,129.0,29.0,1,0.06484893,1,20-30
19.0,130.0,28.0,1,0.06632178,1,20-30
19.0,131.0,27.0,1,0.06654768,1,20-30
19.0,132.0,26.0,1,0.068046965,1,20-30
19.0,133.0,25.0,1,0.06926715,1,20-30
19.0,134.0,24.0,1,0.07108852,1,20-30
19.0,135.0,23.0,1,0.072670326,1,20-30
19.0,136.0,22.0,1,0.07415471,1,20-30
19.0,137.0,21.0,1,0.076128714,1,20-30
19.0,138.0,20.0,1,0.078180864,1,10-20
19.0,139.0,19.0,1,0.0816233,1,10-20
19.0,140.0,18.0,1,0.08375178,1,10-20
19.0,141.0,17.0,1,0.084822185,1,10-20
19.0,142.0,16.0,1,0.085240684,1,10-20
19.0,143.0,15.0,1,0.086980864,1,10-20
19.0,144.0,14.0,1,0.08826537,1,10-20
19.0,145.0,13.0,1,0.089797206,1,10-20
19.0,146.0,12.0,1,0.09337499,1,10-20
19.0,147.0,11.0,1,0.09686583,1,10-20
19.0,148.0,10.0,1,0.09963613,1,0-10
19.0,149.0,9.0,1,0.103328705,1,0-10
19.0,150.0,8.0,1,0.10610023,1,0-10
19.0,151.0,7.0,1,0.10912766,1,0-10
19.0,152.0,6.0,1,0.111194864,1,0-10
19.0,153.0,5.0,1,0.11327067,1,0-10
19.0,154.0,4.0,1,0.116785906,1,0-10
19.0,155.0,3.0,1,0.119686335,1,0-10
19.0,156.0,2.0,1,0.12372981,1,0-10
19.0,157.0,1.0,1,0.12726629,1,0-10
19.0,158.0,0.0,1,0.13102862,1,0-10
20.0,204.0,30.0,1,0.0789598,1,20-30
20.0,205.0,29.0,1,0.080607675,1,20-30
20.0,206.0,28.0,1,0.08190498,1,20-30
20.0,207.0,27.0,1,0.083609976,1,20-30
20.0,208.0,26.0,1,0.08547435,1,20-30
20.0,209.0,25.0,1,0.08651755,1,20-30
20.0,210.0,24.0,1,0.088367775,1,20-30
20.0,211.0,23.0,1,0.09075596,1,20-30
20.0,212.0,22.0,1,0.092305146,1,20-30
20.0,213.0,21.0,1,0.09474803,1,20-30
20.0,214.0,20.0,1,0.09767205,1,10-20
20.0,215.0,19.0,1,0.10021027,1,10-20
20.0,216.0,18.0,1,0.10248912,1,10-20
20.0,217.0,17.0,1,0.10530859,1,10-20
20.0,218.0,16.0,1,0.10707618,1,10-20
20.0,219.0,15.0,1,0.10981172,1,10-20
20.0,220.0,14.0,1,0.111742966,1,10-20
20.0,221.0,13.0,1,0.11371891,1,10-20
20.0,222.0,12.0,1,0.11508799,1,10-20
20.0,223.0,11.0,1,0.117628224,1,10-20
20.0,224.0,10.0,1,0.11900602,1,0-10
20.0,225.0,9.0,1,0.121914886,1,0-10
20.0,226.0,8.0,1,0.123644955,1,0-10
20.0,227.0,7.0,1,0.12666629,1,0-10
20.0,228.0,6.0,1,0.12876591,1,0-10
20.0,229.0,5.0,1,0.13143489,1,0-10
20.0,230.0,4.0,1,0.1345239,1,0-10
20.0,231.0,3.0,1,0.13724498,1,0-10
20.0,232.0,2.0,1,0.14195047,1,0-10
20.0,233.0,1.0,1,0.14495362,1,0-10
20.0,234.0,0.0,1,0.1470294,1,0-10
21.0,165.0,30.0,1,0.0582341,1,20-30
21.0,166.0,29.0,1,0.05973187,1,20-30
21.0,167.0,28.0,1,0.061086584,1,20-30
21.0,168.0,27.0,1,0.06306996,1,20-30
21.0,169.0,26.0,1,0.0644104,1,20-30
21.0,170.0,25.0,1,0.06590447,1,20-30
21.0,171.0,24.0,1,0.0670771,1,20-30
21.0,172.0,23.0,1,0.069404565,1,20-30
21.0,173.0,22.0,1,0.07023669,1,20-30
21.0,174.0,21.0,1,0.07194099,1,20-30
21.0,175.0,20.0,1,0.07439425,1,10-20
21.0,176.0,19.0,1,0.07574786,1,10-20
21.0,177.0,18.0,1,0.07669544,1,10-20
21.0,178.0,17.0,1,0.07951965,1,10-20
21.0,179.0,16.0,1,0.08135388,1,10-20
21.0,180.0,15.0,1,0.08377358,1,10-20
21.0,181.0,14.0,1,0.086865045,1,10-20
21.0,182.0,13.0,1,0.091274925,1,10-20
21.0,183.0,12.0,1,0.09356492,1,10-20
21.0,184.0,11.0,1,0.09775664,1,10-20
21.0,185.0,10.0,1,0.101291746,1,0-10
21.0,186.0,9.0,1,0.10435652,1,0-10
21.0,187.0,8.0,1,0.10821886,1,0-10
21.0,188.0,7.0,1,0.11271081,1,0-10
21.0,189.0,6.0,1,0.11610427,1,0-10
21.0,190.0,5.0,1,0.1204027,1,0-10
21.0,191.0,4.0,1,0.124676175,1,0-10
21.0,192.0,3.0,1,0.12994671,1,0-10
21.0,193.0,2.0,1,0.13615726,1,0-10
21.0,194.0,1.0,1,0.1419625,1,0-10
21.0,195.0,0.0,1,0.14777434,1,0-10
22.0,172.0,30.0,1,0.07675459,1,20-30
22.0,173.0,29.0,1,0.077371456,1,20-30
22.0,174.0,28.0,1,0.07938557,1,20-30
22.0,175.0,27.0,1,0.081401,1,20-30
22.0,176.0,26.0,1,0.081804335,1,20-30
22.0,177.0,25.0,1,0.082456045,1,20-30
22.0,178.0,24.0,1,0.08508643,1,20-30
22.0,179.0,23.0,1,0.0870993,1,20-30
22.0,180.0,22.0,1,0.08938466,1,20-30
22.0,181.0,21.0,1,0.0910949,1,20-30
22.0,182.0,20.0,1,0.09231322,1,10-20
22.0,183.0,19.0,1,0.094826035,1,10-20
22.0,184.0,18.0,1,0.09629705,1,10-20
22.0,185.0,17.0,1,0.09783119,1,10-20
22.0,186.0,16.0,1,0.098727405,1,10-20
22.0,187.0,15.0,1,0.10176885,1,10-20
22.0,188.0,14.0,1,0.1049666,1,10-20
22.0,189.0,13.0,1,0.10726491,1,10-20
22.0,190.0,12.0,1,0.10897209,1,10-20
22.0,191.0,11.0,1,0.11163549,1,10-20
22.0,192.0,10.0,1,0.11453906,1,0-10
22.0,193.0,9.0,1,0.1183291,1,0-10
22.0,194.0,8.0,1,0.12138486,1,0-10
22.0,195.0,7.0,1,0.124884374,1,0-10
22.0,196.0,6.0,1,0.12692283,1,0-10
22.0,197.0,5.0,1,0.1305423,1,0-10
22.0,198.0,4.0,1,0.13261291,1,0-10
22.0,199.0,3.0,1,0.1356755,1,0-10
22.0,200.0,2.0,1,0.13746405,1,0-10
22.0,201.0,1.0,1,0.13930997,1,0-10
22.0,202.0,0.0,1,0.14367022,1,0-10
23.0,138.0,30.0,1,0.058615927,1,20-30
23.0,139.0,29.0,1,0.06011239,1,20-30
23.0,140.0,28.0,1,0.061249387,1,20-30
23.0,141.0,27.0,1,0.062339045,1,20-30
23.0,142.0,26.0,1,0.06357832,1,20-30
23.0,143.0,25.0,1,0.06453689,1,20-30
23.0,144.0,24.0,1,0.06486658,1,20-30
23.0,145.0,23.0,1,0.065825604,1,20-30
23.0,146.0,22.0,1,0.06734269,1,20-30
23.0,147.0,21.0,1,0.06811133,1,20-30
23.0,148.0,20.0,1,0.069845065,1,10-20
23.0,149.0,19.0,1,0.07191462,1,10-20
23.0,150.0,18.0,1,0.0736097,1,10-20
23.0,151.0,17.0,1,0.076659955,1,10-20
23.0,152.0,16.0,1,0.07879276,1,10-20
23.0,153.0,15.0,1,0.081536226,1,10-20
23.0,154.0,14.0,1,0.08386251,1,10-20
23.0,155.0,13.0,1,0.08530805,1,10-20
23.0,156.0,12.0,1,0.08648004,1,10-20
23.0,157.0,11.0,1,0.0900479,1,10-20
23.0,158.0,10.0,1,0.09276907,1,0-10
23.0,159.0,9.0,1,0.09599866,1,0-10
23.0,160.0,8.0,1,0.09847069,1,0-10
23.0,161.0,7.0,1,0.10132132,1,0-10
23.0,162.0,6.0,1,0.1043284,1,0-10
23.0,163.0,5.0,1,0.10717909,1,0-10
23.0,164.0,4.0,1,0.11157832,1,0-10
23.0,165.0,3.0,1,0.11463661,1,0-10
23.0,166.0,2.0,1,0.117751636,1,0-10
23.0,167.0,1.0,1,0.122136705,1,0-10
23.0,168.0,0.0,1,0.1259591,1,0-10
24.0,117.0,30.0,1,0.050411243,0,20-30
24.0,118.0,29.0,1,0.05035537,0,20-30
24.0,119.0,28.0,1,0.048874967,0,20-30
24.0,120.0,27.0,1,0.049461685,0,20-30
24.0,121.0,26.0,1,0.05035894,0,20-30
24.0,122.0,25.0,1,0.050817415,0,20-30
24.0,123.0,24.0,1,0.051242396,0,20-30
24.0,124.0,23.0,1,0.05113928,0,20-30
24.0,125.0,22.0,1,0.05168112,0,20-30
24.0,126.0,21.0,1,0.052226063,0,20-30
24.0,127.0,20.0,1,0.053357538,0,10-20
24.0,128.0,19.0,1,0.05403206,0,10-20
24.0,129.0,18.0,1,0.05422828,0,10-20
24.0,130.0,17.0,1,0.0549799,0,10-20
24.0,131.0,16.0,1,0.05573247,0,10-20
24.0,132.0,15.0,1,0.05651074,0,10-20
24.0,133.0,14.0,1,0.05922517,1,10-20
24.0,134.0,13.0,1,0.06154625,1,10-20
24.0,135.0,12.0,1,0.06327023,1,10-20
24.0,136.0,11.0,1,0.066525415,1,10-20
24.0,137.0,10.0,1,0.06834817,1,0-10
24.0,138.0,9.0,1,0.06983464,1,0-10
24.0,139.0,8.0,1,0.0729991,1,0-10
24.0,140.0,7.0,1,0.07565723,1,0-10
24.0,141.0,6.0,1,0.07875491,1,0-10
24.0,142.0,5.0,1,0.08249453,1,0-10
24.0,143.0,4.0,1,0.08585577,1,0-10
24.0,144.0,3.0,1,0.09012516,1,0-10
24.0,145.0,2.0,1,0.09465653,1,0-10
24.0,146.0,1.0,1,0.09968403,1,0-10
24.0,147.0,0.0,1,0.10404584,1,0-10
25.0,200.0,30.0,1,0.075308345,1,20-30
25.0,201.0,29.0,1,0.07772245,1,20-30
25.0,202.0,28.0,1,0.08026099,1,20-30
25.0,203.0,27.0,1,0.08294076,1,20-30
25.0,204.0,26.0,1,0.0856445,1,20-30
25.0,205.0,25.0,1,0.08743471,1,20-30
25.0,206.0,24.0,1,0.0896882,1,20-30
25.0,207.0,23.0,1,0.09184738,1,20-30
25.0,208.0,22.0,1,0.0939916,1,20-30
25.0,209.0,21.0,1,0.09556327,1,20-30
25.0,210.0,20.0,1,0.09839278,1,10-20
25.0,211.0,19.0,1,0.10155374,1,10-20
25.0,212.0,18.0,1,0.10537747,1,10-20
25.0,213.0,17.0,1,0.108756274,1,10-20
25.0,214.0,16.0,1,0.11143597,1,10-20
25.0,215.0,15.0,1,0.11402419,1,10-20
25.0,216.0,14.0,1,0.11773811,1,10-20
25.0,217.0,13.0,1,0.12089265,1,10-20
25.0,218.0,12.0,1,0.124946035,1,10-20
25.0,219.0,11.0,1,0.12810412,1,10-20
25.0,220.0,10.0,1,0.13178642,1,0-10
25.0,221.0,9.0,1,0.13529564,1,0-10
25.0,222.0,8.0,1,0.13854794,1,0-10
25.0,223.0,7.0,1,0.1426116,1,0-10
25.0,224.0,6.0,1,0.14663981,1,0-10
25.0,225.0,5.0,1,0.15056325,1,0-10
25.0,226.0,4.0,1,0.15333872,1,0-10
25.0,227.0,3.0,1,0.15902549,1,0-10
25.0,228.0,2.0,1,0.1639771,1,0-10
25.0,229.0,1.0,1,0.16825351,1,0-10
25.0,230.0,0.0,1,0.17264456,1,0-10
26.0,169.0,30.0,1,0.06879524,1,20-30
26.0,170.0,29.0,1,0.070975125,1,20-30
26.0,171.0,28.0,1,0.072726354,1,20-30
26.0,172.0,27.0,1,0.0743785,1,20-30
26.0,173.0,26.0,1,0.07642509,1,20-30
26.0,174.0,25.0,1,0.07847641,1,20-30
26.0,175.0,24.0,1,0.08053501,1,20-30
26.0,176.0,23.0,1,0.0821782,1,20-30
26.0,177.0,22.0,1,0.085112646,1,20-30
26.0,178.0,21.0,1,0.086696506,1,20-30
26.0,179.0,20.0,1,0.08965168,1,10-20
26.0,180.0,19.0,1,0.09143477,1,10-20
26.0,181.0,18.0,1,0.09405248,1,10-20
26.0,182.0,17.0,1,0.096432686,1,10-20
26.0,183.0,16.0,1,0.100524805,1,10-20
26.0,184.0,15.0,1,0.10295005,1,10-20
26.0,185.0,14.0,1,0.105921224,1,10-20
26.0,186.0,13.0,1,0.10917624,1,10-20
26.0,187.0,12.0,1,0.112600744,1,10-20
26.0,188.0,11.0,1,0.11704379,1,10-20
26.0,189.0,10.0,1,0.11964181,1,0-10
26.0,190.0,9.0,1,0.12280455,1,0-10
26.0,191.0,8.0,1,0.12687573,1,0-10
26.0,192.0,7.0,1,0.13031483,1,0-10
26.0,193.0,6.0,1,0.13463715,1,0-10
26.0,194.0,5.0,1,0.13899365,1,0-10
26.0,195.0,4.0,1,0.14276306,1,0-10
26.0,196.0,3.0,1,0.14628217,1,0-10
26.0,197.0,2.0,1,0.15094127,1,0-10
26.0,198.0,1.0,1,0.15507619,1,0-10
26.0,199.0,0.0,1,0.16116782,1,0-10
27.0,126.0,30.0,1,0.05681884,0,20-30
27.0,127.0,29.0,1,0.05662453,0,20-30
27.0,128.0,28.0,1,0.05710854,0,20-30
27.0,129.0,27.0,1,0.05718663,0,20-30
27.0,130.0,26.0,1,0.05786739,1,20-30
27.0,131.0,25.0,1,0.060127705,1,20-30
27.0,132.0,24.0,1,0.061075132,1,20-30
27.0,133.0,23.0,1,0.061810065,1,20-30
27.0,134.0,22.0,1,0.063927345,1,20-30
27.0,135.0,21.0,1,0.065275915,1,20-30
27.0,136.0,20.0,1,0.06691772,1,10-20
27.0,137.0,19.0,1,0.069490254,1,10-20
27.0,138.0,18.0,1,0.07334417,1,10-20
27.0,139.0,17.0,1,0.07509468,1,10-20
27.0,140.0,16.0,1,0.07743486,1,10-20
27.0,141.0,15.0,1,0.0800001,1,10-20
27.0,142.0,14.0,1,0.08108102,1,10-20
27.0,143.0,13.0,1,0.083968714,1,10-20
27.0,144.0,12.0,1,0.087855205,1,10-20
27.0,145.0,11.0,1,0.09156464,1,10-20
27.0,146.0,10.0,1,0.095639095,1,0-10
27.0,147.0,9.0,1,0.1000483,1,0-10
27.0,148.0,8.0,1,0.104080595,1,0-10
27.0,149.0,7.0,1,0.10758443,1,0-10
27.0,150.0,6.0,1,0.111524135,1,0-10
27.0,151.0,5.0,1,0.11661461,1,0-10
27.0,152.0,4.0,1,0.12158843,1,0-10
27.0,153.0,3.0,1,0.12585282,1,0-10
27.0,154.0,2.0,1,0.13150625,1,0-10
27.0,155.0,1.0,1,0.13700995,1,0-10
27.0,156.0,0.0,1,0.14239725,1,0-10
28.0,135.0,30.0,1,0.05113639,0,20-30
28.0,136.0,29.0,1,0.051904306,0,20-30
28.0,137.0,28.0,1,0.053061746,0,20-30
28.0,138.0,27.0,1,0.05301153,0,20-30
28.0,139.0,26.0,1,0.053545047,0,20-30
28.0,140.0,25.0,1,0.05359501,0,20-30
28.0,141.0,24.0,1,0.053418215,0,20-30
28.0,142.0,23.0,1,0.05512622,0,20-30
28.0,143.0,22.0,1,0.055475805,0,20-30
28.0,144.0,21.0,1,0.055338357,0,20-30
28.0,145.0,20.0,1,0.056922175,0,10-20
28.0,146.0,19.0,1,0.057289183,0,10-20
28.0,147.0,18.0,1,0.057616446,0,10-20
28.0,148.0,17.0,1,0.05989655,1,10-20
28.0,149.0,16.0,1,0.06145946,1,10-20
28.0,150.0,15.0,1,0.06302828,1,10-20
28.0,151.0,14.0,1,0.06440648,1,10-20
28.0,152.0,13.0,1,0.06522566,1,10-20
28.0,153.0,12.0,1,0.0669984,1,10-20
28.0,154.0,11.0,1,0.06811178,1,10-20
28.0,155.0,10.0,1,0.070233636,1,0-10
28.0,156.0,9.0,1,0.07178791,1,0-10
28.0,157.0,8.0,1,0.0743015,1,0-10
28.0,158.0,7.0,1,0.07735302,1,0-10
28.0,159.0,6.0,1,0.08195204,1,0-10
28.0,160.0,5.0,1,0.08572868,1,0-10
28.0,161.0,4.0,1,0.08905715,1,0-10
28.0,162.0,3.0,1,0.09402835,1,0-10
28.0,163.0,2.0,1,0.09813057,1,0-10
28.0,164.0,1.0,1,0.10247006,1,0-10
28.0,165.0,0.0,1,0.107669935,1,0-10
29.0,133.0,30.0,1,0.054387275,0,20-30
29.0,134.0,29.0,1,0.054514527,0,20-30
29.0,135.0,28.0,1,0.0549958,0,20-30
29.0,136.0,27.0,1,0.054963313,0,20-30
29.0,137.0,26.0,1,0.05517592,0,20-30
29.0,138.0,25.0,1,0.056506515,0,20-30
29.0,139.0,24.0,1,0.05783838,1,20-30
29.0,140.0,23.0,1,0.057453495,0,20-30
29.0,141.0,22.0,1,0.058435407,1,20-30
29.0,142.0,21.0,1,0.059828464,1,20-30
29.0,143.0,20.0,1,0.06073842,1,10-20
29.0,144.0,19.0,1,0.062019978,1,10-20
29.0,145.0,18.0,1,0.06394392,1,10-20
29.0,146.0,17.0,1,0.065200076,1,10-20
29.0,147.0,16.0,1,0.06702539,1,10-20
29.0,148.0,15.0,1,0.06894921,1,10-20
29.0,149.0,14.0,1,0.07127208,1,10-20
29.0,150.0,13.0,1,0.07477855,1,10-20
29.0,151.0,12.0,1,0.07743674,1,10-20
29.0,152.0,11.0,1,0.08042457,1,10-20
29.0,153.0,10.0,1,0.08232776,1,0-10
29.0,154.0,9.0,1,0.08558411,1,0-10
29.0,155.0,8.0,1,0.088195615,1,0-10
29.0,156.0,7.0,1,0.09122723,1,0-10
29.0,157.0,6.0,1,0.09402629,1,0-10
29.0,158.0,5.0,1,0.09814579,1,0-10
29.0,159.0,4.0,1,0.10310553,1,0-10
29.0,160.0,3.0,1,0.10705773,1,0-10
29.0,161.0,2.0,1,0.11059645,1,0-10
29.0,162.0,1.0,1,0.11483377,1,0-10
29.0,163.0,0.0,1,0.11955472,1,0-10
30.0,164.0,30.0,1,0.05253987,0,20-30
30.0,165.0,29.0,1,0.05202548,0,20-30
30.0,166.0,28.0,1,0.05188679,0,20-30
30.0,167.0,27.0,1,0.051413793,0,20-30
30.0,168.0,26.0,1,0.052594963,0,20-30
30.0,169.0,25.0,1,0.0537158,0,20-30
30.0,170.0,24.0,1,0.053316206,0,20-30
30.0,171.0,23.0,1,0.053502124,0,20-30
30.0,172.0,22.0,1,0.05359167,0,20-30
30.0,173.0,21.0,1,0.05443717,0,20-30
30.0,174.0,20.0,1,0.055273905,0,10-20
30.0,175.0,19.0,1,0.05649109,0,10-20
30.0,176.0,18.0,1,0.057817344,1,10-20
30.0,177.0,17.0,1,0.058323205,1,10-20
30.0,178.0,16.0,1,0.059013646,1,10-20
30.0,179.0,15.0,1,0.05918187,1,10-20
30.0,180.0,14.0,1,0.060519304,1,10-20
30.0,181.0,13.0,1,0.06196622,1,10-20
30.0,182.0,12.0,1,0.06450049,1,10-20
30.0,183.0,11.0,1,0.066599414,1,10-20
30.0,184.0,10.0,1,0.0695338,1,0-10
30.0,185.0,9.0,1,0.0711332,1,0-10
30.0,186.0,8.0,1,0.07249146,1,0-10
30.0,187.0,7.0,1,0.07556833,1,0-10
30.0,188.0,6.0,1,0.07875316,1,0-10
30.0,189.0,5.0,1,0.0823389,1,0-10
30.0,190.0,4.0,1,0.08485228,1,0-10
30.0,191.0,3.0,1,0.088685274,1,0-10
30.0,192.0,2.0,1,0.09257119,1,0-10
30.0,193.0,1.0,1,0.09645542,1,0-10
30.0,194.0,0.0,1,0.101372,1,0-10
31.0,204.0,30.0,1,0.054344233,0,20-30
31.0,205.0,29.0,1,0.05541053,0,20-30
31.0,206.0,28.0,1,0.05594675,0,20-30
31.0,207.0,27.0,1,0.056143545,0,20-30
31.0,208.0,26.0,1,0.056494076,0,20-30
31.0,209.0,25.0,1,0.05660717,0,20-30
31.0,210.0,24.0,1,0.057684753,1,20-30
31.0,211.0,23.0,1,0.060250293,1,20-30
31.0,212.0,22.0,1,0.06116735,1,20-30
31.0,213.0,21.0,1,0.06158883,1,20-30
31.0,214.0,20.0,1,0.06320383,1,10-20
31.0,215.0,19.0,1,0.06526716,1,10-20
31.0,216.0,18.0,1,0.0660222,1,10-20
31.0,217.0,17.0,1,0.067034416,1,10-20
31.0,218.0,16.0,1,0.0686582,1,10-20
31.0,219.0,15.0,1,0.07068198,1,10-20
31.0,220.0,14.0,1,0.072315626,1,10-20
31.0,221.0,13.0,1,0.076074325,1,10-20
31.0,222.0,12.0,1,0.07780798,1,10-20
31.0,223.0,11.0,1,0.08083941,1,10-20
31.0,224.0,10.0,1,0.08379785,1,0-10
31.0,225.0,9.0,1,0.08634676,1,0-10
31.0,226.0,8.0,1,0.08933731,1,0-10
31.0,227.0,7.0,1,0.09330192,1,0-10
31.0,228.0,6.0,1,0.09539171,1,0-10
31.0,229.0,5.0,1,0.100219965,1,0-10
31.0,230.0,4.0,1,0.103649504,1,0-10
31.0,231.0,3.0,1,0.107506394,1,0-10
31.0,232.0,2.0,1,0.112362124,1,0-10
31.0,233.0,1.0,1,0.115004405,1,0-10
31.0,234.0,0.0,1,0.11905244,1,0-10
32.0,161.0,30.0,1,0.07608865,1,20-30
32.0,162.0,29.0,1,0.07781501,1,20-30
32.0,163.0,28.0,1,0.08004714,1,20-30
32.0,164.0,27.0,1,0.081440166,1,20-30
32.0,165.0,26.0,1,0.08306562,1,20-30
32.0,166.0,25.0,1,0.084767886,1,20-30
32.0,167.0,24.0,1,0.088374004,1,20-30
32.0,168.0,23.0,1,0.09048221,1,20-30
32.0,169.0,22.0,1,0.093407385,1,20-30
32.0,170.0,21.0,1,0.095057316,1,20-30
32.0,171.0,20.0,1,0.096441075,1,10-20
32.0,172.0,19.0,1,0.09788115,1,10-20
32.0,173.0,18.0,1,0.10112854,1,10-20
32.0,174.0,17.0,1,0.1049369,1,10-20
32.0,175.0,16.0,1,0.10617871,1,10-20
32.0,176.0,15.0,1,0.108245455,1,10-20
32.0,177.0,14.0,1,0.11184814,1,10-20
32.0,178.0,13.0,1,0.115552574,1,10-20
32.0,179.0,12.0,1,0.11942159,1,10-20
32.0,180.0,11.0,1,0.12292406,1,10-20
32.0,181.0,10.0,1,0.1268799,1,0-10
32.0,182.0,9.0,1,0.1292107,1,0-10
32.0,183.0,8.0,1,0.13056353,1,0-10
32.0,184.0,7.0,1,0.13251865,1,0-10
32.0,185.0,6.0,1,0.13637027,1,0-10
32.0,186.0,5.0,1,0.1399521,1,0-10
32.0,187.0,4.0,1,0.14391907,1,0-10
32.0,188.0,3.0,1,0.14620128,1,0-10
32.0,189.0,2.0,1,0.14780511,1,0-10
32.0,190.0,1.0,1,0.1522528,1,0-10
32.0,191.0,0.0,1,0.15485038,1,0-10
33.0,170.0,30.0,1,0.056713898,0,20-30
33.0,171.0,29.0,1,0.056388237,0,20-30
33.0,172.0,28.0,1,0.055767562,0,20-30
33.0,173.0,27.0,1,0.055519998,0,20-30
33.0,174.0,26.0,1,0.054019157,0,20-30
33.0,175.0,25.0,1,0.054977074,0,20-30
33.0,176.0,24.0,1,0.055757556,0,20-30
33.0,177.0,23.0,1,0.056424335,0,20-30
33.0,178.0,22.0,1,0.056529302,0,20-30
33.0,179.0,21.0,1,0.05660455,0,20-30
33.0,180.0,20.0,1,0.056569096,0,10-20
33.0,181.0,19.0,1,0.057418756,0,10-20
33.0,182.0,18.0,1,0.057496578,0,10-20
33.0,183.0,17.0,1,0.058735903,1,10-20
33.0,184.0,16.0,1,0.059016928,1,10-20
33.0,185.0,15.0,1,0.059723537,1,10-20
33.0,186.0,14.0,1,0.061056525,1,10-20
33.0,187.0,13.0,1,0.062634446,1,10-20
33.0,188.0,12.0,1,0.063759886,1,10-20
33.0,189.0,11.0,1,0.06510399,1,10-20
33.0,190.0,10.0,1,0.06854892,1,0-10
33.0,191.0,9.0,1,0.07052472,1,0-10
33.0,192.0,8.0,1,0.07288899,1,0-10
33.0,193.0,7.0,1,0.07538832,1,0-10
33.0,194.0,6.0,1,0.07888726,1,0-10
33.0,195.0,5.0,1,0.08195471,1,0-10
33.0,196.0,4.0,1,0.08619048,1,0-10
33.0,197.0,3.0,1,0.089791484,1,0-10
33.0,198.0,2.0,1,0.094463065,1,0-10
33.0,199.0,1.0,1,0.099775255,1,0-10
33.0,200.0,0.0,1,0.10468689,1,0-10
34.0,165.0,30.0,1,0.06474876,1,20-30
34.0,166.0,29.0,1,0.065831885,1,20-30
34.0,167.0,28.0,1,0.067394696,1,20-30
34.0,168.0,27.0,1,0.06910436,1,20-30
34.0,169.0,26.0,1,0.07023981,1,20-30
34.0,170.0,25.0,1,0.07107888,1,20-30
34.0,171.0,24.0,1,0.0722173,1,20-30
34.0,172.0,23.0,1,0.07404272,1,20-30
34.0,173.0,22.0,1,0.076781265,1,20-30
34.0,174.0,21.0,1,0.0781152,1,20-30
34.0,175.0,20.0,1,0.08020844,1,10-20
34.0,176.0,19.0,1,0.08237891,1,10-20
34.0,177.0,18.0,1,0.08477534,1,10-20
34.0,178.0,17.0,1,0.087451465,1,10-20
34.0,179.0,16.0,1,0.090861075,1,10-20
34.0,180.0,15.0,1,0.092997864,1,10-20
34.0,181.0,14.0,1,0.09495149,1,10-20
34.0,182.0,13.0,1,0.0987077,1,10-20
34.0,183.0,12.0,1,0.1021463,1,10-20
34.0,184.0,11.0,1,0.10484665,1,10-20
34.0,185.0,10.0,1,0.10864531,1,0-10
34.0,186.0,9.0,1,0.11337443,1,0-10
34.0,187.0,8.0,1,0.11806484,1,0-10
34.0,188.0,7.0,1,0.121569216,1,0-10
34.0,189.0,6.0,1,0.12508363,1,0-10
34.0,190.0,5.0,1,0.12940983,1,0-10
34.0,191.0,4.0,1,0.13535607,1,0-10
34.0,192.0,3.0,1,0.14102456,1,0-10
34.0,193.0,2.0,1,0.14641605,1,0-10
34.0,194.0,1.0,1,0.15108114,1,0-10
34.0,195.0,0.0,1,0.1557107,1,0-10
35.0,151.0,30.0,1,0.054242946,0,20-30
35.0,152.0,29.0,1,0.055794884,0,20-30
35.0,153.0,28.0,1,0.056327198,0,20-30
35.0,154.0,27.0,1,0.05728123,0,20-30
35.0,155.0,26.0,1,0.059397686,1,20-30
35.0,156.0,25.0,1,0.06088988,1,20-30
35.0,157.0,24.0,1,0.06258921,1,20-30
35.0,158.0,23.0,1,0.06490647,1,20-30
35.0,159.0,22.0,1,0.067835316,1,20-30
35.0,160.0,21.0,1,0.06911042,1,20-30
35.0,161.0,20.0,1,0.07123528,1,10-20
35.0,162.0,19.0,1,0.071989916,1,10-20
35.0,163.0,18.0,1,0.074143,1,10-20
35.0,164.0,17.0,1,0.07723454,1,10-20
35.0,165.0,16.0,1,0.07990722,1,10-20
35.0,166.0,15.0,1,0.08274038,1,10-20
35.0,167.0,14.0,1,0.08604726,1,10-20
35.0,168.0,13.0,1,0.08839285,1,10-20
35.0,169.0,12.0,1,0.09079926,1,10-20
35.0,170.0,11.0,1,0.09386671,1,10-20
35.0,171.0,10.0,1,0.09758518,1,0-10
35.0,172.0,9.0,1,0.10167367,1,0-10
35.0,173.0,8.0,1,0.10489858,1,0-10
35.0,174.0,7.0,1,0.10964139,1,0-10
35.0,175.0,6.0,1,0.113750815,1,0-10
35.0,176.0,5.0,1,0.11852959,1,0-10
35.0,177.0,4.0,1,0.12304786,1,0-10
35.0,178.0,3.0,1,0.1269424,1,0-10
35.0,179.0,2.0,1,0.13136779,1,0-10
35.0,180.0,1.0,1,0.13537964,1,0-10
35.0,181.0,0.0,1,0.14030172,1,0-10
36.0,128.0,30.0,1,0.057493314,0,20-30
36.0,129.0,29.0,1,0.05853348,1,20-30
36.0,130.0,28.0,1,0.059175983,1,20-30
36.0,131.0,27.0,1,0.06103718,1,20-30
36.0,132.0,26.0,1,0.062098667,1,20-30
36.0,133.0,25.0,1,0.0636822,1,20-30
36.0,134.0,24.0,1,0.066436134,1,20-30
36.0,135.0,23.0,1,0.068359196,1,20-30
36.0,136.0,22.0,1,0.06984667,1,20-30
36.0,137.0,21.0,1,0.071655236,1,20-30
36.0,138.0,20.0,1,0.07416672,1,10-20
36.0,139.0,19.0,1,0.07519503,1,10-20
36.0,140.0,18.0,1,0.07794293,1,10-20
36.0,141.0,17.0,1,0.07972558,1,10-20
36.0,142.0,16.0,1,0.0796177,1,10-20
36.0,143.0,15.0,1,0.080701955,1,10-20
36.0,144.0,14.0,1,0.08318561,1,10-20
36.0,145.0,13.0,1,0.08580967,1,10-20
36.0,146.0,12.0,1,0.087959684,1,10-20
36.0,147.0,11.0,1,0.091406815,1,10-20
36.0,148.0,10.0,1,0.09386694,1,0-10
36.0,149.0,9.0,1,0.096712455,1,0-10
36.0,150.0,8.0,1,0.09938104,1,0-10
36.0,151.0,7.0,1,0.101409584,1,0-10
36.0,152.0,6.0,1,0.10417642,1,0-10
36.0,153.0,5.0,1,0.1060396,1,0-10
36.0,154.0,4.0,1,0.10981983,1,0-10
36.0,155.0,3.0,1,0.11297731,1,0-10
36.0,156.0,2.0,1,0.11689677,1,0-10
36.0,157.0,1.0,1,0.12005861,1,0-10
36.0,158.0,0.0,1,0.12396659,1,0-10
37.0,140.0,30.0,1,0.054901753,0,20-30
37.0,141.0,29.0,1,0.055565234,0,20-30
37.0,142.0,28.0,1,0.056244373,0,20-30
37.0,143.0,27.0,1,0.05778585,1,20-30
37.0,144.0,26.0,1,0.058372285,1,20-30
37.0,145.0,25.0,1,0.059320968,1,20-30
37.0,146.0,24.0,1,0.060941145,1,20-30
37.0,147.0,23.0,1,0.061629843,1,20-30
37.0,148.0,22.0,1,0.06240075,1,20-30
37.0,149.0,21.0,1,0.06417755,1,20-30
37.0,150.0,20.0,1,0.06542597,1,10-20
37.0,151.0,19.0,1,0.06680041,1,10-20
37.0,152.0,18.0,1,0.06885877,1,10-20
37.0,153.0,17.0,1,0.07090124,1,10-20
37.0,154.0,16.0,1,0.072261,1,10-20
37.0,155.0,15.0,1,0.07475417,1,10-20
37.0,156.0,14.0,1,0.076167285,1,10-20
37.0,157.0,13.0,1,0.07883311,1,10-20
37.0,158.0,12.0,1,0.0803982,1,10-20
37.0,159.0,11.0,1,0.08297757,1,10-20
37.0,160.0,10.0,1,0.085060515,1,0-10
37.0,161.0,9.0,1,0.088125706,1,0-10
37.0,162.0,8.0,1,0.091534525,1,0-10
37.0,163.0,7.0,1,0.094398506,1,0-10
37.0,164.0,6.0,1,0.09861369,1,0-10
37.0,165.0,5.0,1,0.10130318,1,0-10
37.0,166.0,4.0,1,0.10509608,1,0-10
37.0,167.0,3.0,1,0.10958313,1,0-10
37.0,168.0,2.0,1,0.113471396,1,0-10
37.0,169.0,1.0,1,0.116925426,1,0-10
37.0,170.0,0.0,1,0.12102193,1,0-10
38.0,164.0,30.0,1,0.0719036,1,20-30
38.0,165.0,29.0,1,0.07342024,1,20-30
38.0,166.0,28.0,1,0.07538577,1,20-30
38.0,167.0,27.0,1,0.07667668,1,20-30
38.0,168.0,26.0,1,0.078012735,1,20-30
38.0,169.0,25.0,1,0.081040144,1,20-30
38.0,170.0,24.0,1,0.08341915,1,20-30
38.0,171.0,23.0,1,0.084811576,1,20-30
38.0,172.0,22.0,1,0.086048245,1,20-30
38.0,173.0,21.0,1,0.08713962,1,20-30
38.0,174.0,20.0,1,0.090650775,1,10-20
38.0,175.0,19.0,1,0.0924779,1,10-20
38.0,176.0,18.0,1,0.09475518,1,10-20
38.0,177.0,17.0,1,0.09644601,1,10-20
38.0,178.0,16.0,1,0.10014024,1,10-20
38.0,179.0,15.0,1,0.103636056,1,10-20
38.0,180.0,14.0,1,0.10605644,1,10-20
38.0,181.0,13.0,1,0.10869873,1,10-20
38.0,182.0,12.0,1,0.11156808,1,10-20
38.0,183.0,11.0,1,0.11406279,1,10-20
38.0,184.0,10.0,1,0.11706206,1,0-10
38.0,185.0,9.0,1,0.12037261,1,0-10
38.0,186.0,8.0,1,0.12305949,1,0-10
38.0,187.0,7.0,1,0.1272872,1,0-10
38.0,188.0,6.0,1,0.13081534,1,0-10
38.0,189.0,5.0,1,0.13567059,1,0-10
38.0,190.0,4.0,1,0.14155903,1,0-10
38.0,191.0,3.0,1,0.14632522,1,0-10
38.0,192.0,2.0,1,0.15182741,1,0-10
38.0,193.0,1.0,1,0.15776215,1,0-10
38.0,194.0,0.0,1,0.16465472,1,0-10
39.0,98.0,30.0,1,0.049742237,0,20-30
39.0,99.0,29.0,1,0.049169328,0,20-30
39.0,100.0,28.0,1,0.049456194,0,20-30
39.0,101.0,27.0,1,0.049696114,0,20-30
39.0,102.0,26.0,1,0.05076427,0,20-30
39.0,103.0,25.0,1,0.05159571,0,20-30
39.0,104.0,24.0,1,0.051823296,0,20-30
39.0,105.0,23.0,1,0.052465424,0,20-30
39.0,106.0,22.0,1,0.0547495,0,20-30
39.0,107.0,21.0,1,0.05527432,0,20-30
39.0,108.0,20.0,1,0.055283654,0,10-20
39.0,109.0,19.0,1,0.057600413,0,10-20
39.0,110.0,18.0,1,0.05991027,1,10-20
39.0,111.0,17.0,1,0.061126355,1,10-20
39.0,112.0,16.0,1,0.06257189,1,10-20
39.0,113.0,15.0,1,0.065054506,1,10-20
39.0,114.0,14.0,1,0.0670801,1,10-20
39.0,115.0,13.0,1,0.07052656,1,10-20
39.0,116.0,12.0,1,0.073687844,1,10-20
39.0,117.0,11.0,1,0.07625645,1,10-20
39.0,118.0,10.0,1,0.08025284,1,0-10
39.0,119.0,9.0,1,0.08441591,1,0-10
39.0,120.0,8.0,1,0.08779184,1,0-10
39.0,121.0,7.0,1,0.09169627,1,0-10
39.0,122.0,6.0,1,0.094070315,1,0-10
39.0,123.0,5.0,1,0.09748387,1,0-10
39.0,124.0,4.0,1,0.10035348,1,0-10
39.0,125.0,3.0,1,0.10643558,1,0-10
39.0,126.0,2.0,1,0.110410266,1,0-10
39.0,127.0,1.0,1,0.11520674,1,0-10
39.0,128.0,0.0,1,0.11995309,1,0-10
40.0,158.0,30.0,1,0.08414956,1,20-30
40.0,159.0,29.0,1,0.08633607,1,20-30
40.0,160.0,28.0,1,0.08784211,1,20-30
40.0,161.0,27.0,1,0.089655444,1,20-30
40.0,162.0,26.0,1,0.0923889,1,20-30
40.0,163.0,25.0,1,0.093031056,1,20-30
40.0,164.0,24.0,1,0.09546916,1,20-30
40.0,165.0,23.0,1,0.09701917,1,20-30
40.0,166.0,22.0,1,0.10037933,1,20-30
40.0,167.0,21.0,1,0.103419766,1,20-30
40.0,168.0,20.0,1,0.10603622,1,10-20
40.0,169.0,19.0,1,0.110110804,1,10-20
40.0,170.0,18.0,1,0.11208498,1,10-20
40.0,171.0,17.0,1,0.114428416,1,10-20
40.0,172.0,16.0,1,0.11726138,1,10-20
40.0,173.0,15.0,1,0.12054834,1,10-20
40.0,174.0,14.0,1,0.12332803,1,10-20
40.0,175.0,13.0,1,0.12579179,1,10-20
40.0,176.0,12.0,1,0.12939425,1,10-20
40.0,177.0,11.0,1,0.13333334,1,10-20
40.0,178.0,10.0,1,0.13634637,1,0-10
40.0,179.0,9.0,1,0.14013651,1,0-10
40.0,180.0,8.0,1,0.14422831,1,0-10
40.0,181.0,7.0,1,0.1481819,1,0-10
40.0,182.0,6.0,1,0.15307869,1,0-10
40.0,183.0,5.0,1,0.15727231,1,0-10
40.0,184.0,4.0,1,0.16019017,1,0-10
40.0,185.0,3.0,1,0.16374956,1,0-10
40.0,186.0,2.0,1,0.16781986,1,0-10
40.0,187.0,1.0,1,0.17220128,1,0-10
40.0,188.0,0.0,1,0.17689921,1,0-10
41.0,186.0,30.0,1,0.060417928,1,20-30
41.0,187.0,29.0,1,0.06168016,1,20-30
41.0,188.0,28.0,1,0.064238176,1,20-30
41.0,189.0,27.0,1,0.06669323,1,20-30
41.0,190.0,26.0,1,0.067593895,1,20-30
41.0,191.0,25.0,1,0.069471076,1,20-30
41.0,192.0,24.0,1,0.07128147,1,20-30
41.0,193.0,23.0,1,0.07201625,1,20-30
41.0,194.0,22.0,1,0.07369163,1,20-30
41.0,195.0,21.0,1,0.076042145,1,20-30
41.0,196.0,20.0,1,0.0775265,1,10-20
41.0,197.0,19.0,1,0.08007052,1,10-20
41.0,198.0,18.0,1,0.08172591,1,10-20
41.0,199.0,17.0,1,0.08364662,1,10-20
41.0,200.0,16.0,1,0.085494794,1,10-20
41.0,201.0,15.0,1,0.088210665,1,10-20
41.0,202.0,14.0,1,0.09081748,1,10-20
41.0,203.0,13.0,1,0.09369504,1,10-20
41.0,204.0,12.0,1,0.09602338,1,10-20
41.0,205.0,11.0,1,0.09904483,1,10-20
41.0,206.0,10.0,1,0.10246684,1,0-10
41.0,207.0,9.0,1,0.10574887,1,0-10
41.0,208.0,8.0,1,0.11003559,1,0-10
41.0,209.0,7.0,1,0.11434505,1,0-10
41.0,210.0,6.0,1,0.118958525,1,0-10
41.0,211.0,5.0,1,0.1241725,1,0-10
41.0,212.0,4.0,1,0.12934412,1,0-10
41.0,213.0,3.0,1,0.13605562,1,0-10
41.0,214.0,2.0,1,0.14186539,1,0-10
41.0,215.0,1.0,1,0.14811645,1,0-10
41.0,216.0,0.0,1,0.15433106,1,0-10
42.0,166.0,30.0,1,0.0535376,0,20-30
42.0,167.0,29.0,1,0.05428491,0,20-30
42.0,168.0,28.0,1,0.05520231,0,20-30
42.0,169.0,27.0,1,0.0565443,0,20-30
42.0,170.0,26.0,1,0.057584394,0,20-30
42.0,171.0,25.0,1,0.058982786,1,20-30
42.0,172.0,24.0,1,0.059515297,1,20-30
42.0,173.0,23.0,1,0.06111793,1,20-30
42.0,174.0,22.0,1,0.06198358,1,20-30
42.0,175.0,21.0,1,0.063218676,1,20-30
42.0,176.0,20.0,1,0.06372593,1,10-20
42.0,177.0,19.0,1,0.06558497,1,10-20
42.0,178.0,18.0,1,0.06785977,1,10-20
42.0,179.0,17.0,1,0.0698485,1,10-20
42.0,180.0,16.0,1,0.07109465,1,10-20
42.0,181.0,15.0,1,0.07479882,1,10-20
42.0,182.0,14.0,1,0.076391414,1,10-20
42.0,183.0,13.0,1,0.0782103,1,10-20
42.0,184.0,12.0,1,0.08021353,1,10-20
42.0,185.0,11.0,1,0.081856385,1,10-20
42.0,186.0,10.0,1,0.08437002,1,0-10
42.0,187.0,9.0,1,0.08634829,1,0-10
42.0,188.0,8.0,1,0.088794775,1,0-10
42.0,189.0,7.0,1,0.09273653,1,0-10
42.0,190.0,6.0,1,0.096194305,1,0-10
42.0,191.0,5.0,1,0.10020773,1,0-10
42.0,192.0,4.0,1,0.10252257,1,0-10
42.0,193.0,3.0,1,0.10740419,1,0-10
42.0,194.0,2.0,1,0.110345274,1,0-10
42.0,195.0,1.0,1,0.113869764,1,0-10
42.0,196.0,0.0,1,0.117189266,1,0-10
43.0,177.0,30.0,1,0.05397363,0,20-30
43.0,178.0,29.0,1,0.05334193,0,20-30
43.0,179.0,28.0,1,0.052878734,0,20-30
43.0,180.0,27.0,1,0.052549254,0,20-30
43.0,181.0,26.0,1,0.05329823,0,20-30
43.0,182.0,25.0,1,0.054050308,0,20-30
43.0,183.0,24.0,1,0.05429266,0,20-30
43.0,184.0,23.0,1,0.055267364,0,20-30
43.0,185.0,22.0,1,0.0568551,0,20-30
43.0,186.0,21.0,1,0.058175188,1,20-30
43.0,187.0,20.0,1,0.058141913,1,10-20
43.0,188.0,19.0,1,0.059648603,1,10-20
43.0,189.0,18.0,1,0.061235633,1,10-20
43.0,190.0,17.0,1,0.0626209,1,10-20
43.0,191.0,16.0,1,0.06568904,1,10-20
43.0,192.0,15.0,1,0.06671897,1,10-20
43.0,193.0,14.0,1,0.06907612,1,10-20
43.0,194.0,13.0,1,0.07134349,1,10-20
43.0,195.0,12.0,1,0.07334653,1,10-20
43.0,196.0,11.0,1,0.07494272,1,10-20
43.0,197.0,10.0,1,0.077472314,1,0-10
43.0,198.0,9.0,1,0.08026147,1,0-10
43.0,199.0,8.0,1,0.08293348,1,0-10
43.0,200.0,7.0,1,0.08518366,1,0-10
43.0,201.0,6.0,1,0.08905633,1,0-10
43.0,202.0,5.0,1,0.09298401,1,0-10
43.0,203.0,4.0,1,0.09733636,1,0-10
43.0,204.0,3.0,1,0.10083164,1,0-10
43.0,205.0,2.0,1,0.1052766,1,0-10
43.0,206.0,1.0,1,0.10946808,1,0-10
43.0,207.0,0.0,1,0.11401149,1,0-10
44.0,162.0,30.0,1,0.05006157,0,20-30
44.0,163.0,29.0,1,0.0511773,0,20-30
44.0,164.0,28.0,1,0.051958222,0,20-30
44.0,165.0,27.0,1,0.053306453,0,20-30
44.0,166.0,26.0,1,0.05398274,0,20-30
44.0,167.0,25.0,1,0.055124693,0,20-30
44.0,168.0,24.0,1,0.056203563,0,20-30
44.0,169.0,23.0,1,0.057995133,1,20-30
44.0,170.0,22.0,1,0.05955819,1,20-30
44.0,171.0,21.0,1,0.06099005,1,20-30
44.0,172.0,20.0,1,0.06301188,1,10-20
44.0,173.0,19.0,1,0.06464919,1,10-20
44.0,174.0,18.0,1,0.06562928,1,10-20
44.0,175.0,17.0,1,0.06697548,1,10-20
44.0,176.0,16.0,1,0.06931899,1,10-20
44.0,177.0,15.0,1,0.07074854,1,10-20
44.0,178.0,14.0,1,0.07289896,1,10-20
44.0,179.0,13.0,1,0.07588964,1,10-20
44.0,180.0,12.0,1,0.07958075,1,10-20
44.0,181.0,11.0,1,0.08238329,1,10-20
44.0,182.0,10.0,1,0.08535111,1,0-10
44.0,183.0,9.0,1,0.08725846,1,0-10
44.0,184.0,8.0,1,0.09090208,1,0-10
44.0,185.0,7.0,1,0.09484547,1,0-10
44.0,186.0,6.0,1,0.09799704,1,0-10
44.0,187.0,5.0,1,0.10216559,1,0-10
44.0,188.0,4.0,1,0.1068441,1,0-10
44.0,189.0,3.0,1,0.10977064,1,0-10
44.0,190.0,2.0,1,0.11502011,1,0-10
44.0,191.0,1.0,1,0.11966111,1,0-10
44.0,192.0,0.0,1,0.12457226,1,0-10
45.0,128.0,30.0,1,0.052151017,0,20-30
45.0,129.0,29.0,1,0.053360138,0,20-30
45.0,130.0,28.0,1,0.053481054,0,20-30
45.0,131.0,27.0,1,0.054306533,0,20-30
45.0,132.0,26.0,1,0.05495503,0,20-30
45.0,133.0,25.0,1,0.0546166,0,20-30
45.0,134.0,24.0,1,0.05470639,0,20-30
45.0,135.0,23.0,1,0.055589598,0,20-30
45.0,136.0,22.0,1,0.05617916,0,20-30
45.0,137.0,21.0,1,0.05720454,0,20-30
45.0,138.0,20.0,1,0.057894874,1,10-20
45.0,139.0,19.0,1,0.05991396,1,10-20
45.0,140.0,18.0,1,0.06144059,1,10-20
45.0,141.0,17.0,1,0.06291844,1,10-20
45.0,142.0,16.0,1,0.065334775,1,10-20
45.0,143.0,15.0,1,0.06552097,1,10-20
45.0,144.0,14.0,1,0.067060895,1,10-20
45.0,145.0,13.0,1,0.06964149,1,10-20
45.0,146.0,12.0,1,0.071440466,1,10-20
45.0,147.0,11.0,1,0.07398169,1,10-20
45.0,148.0,10.0,1,0.076998025,1,0-10
45.0,149.0,9.0,1,0.08038754,1,0-10
45.0,150.0,8.0,1,0.0847316,1,0-10
45.0,151.0,7.0,1,0.087459736,1,0-10
45.0,152.0,6.0,1,0.08991618,1,0-10
45.0,153.0,5.0,1,0.09358431,1,0-10
45.0,154.0,4.0,1,0.09729673,1,0-10
45.0,155.0,3.0,1,0.10270672,1,0-10
45.0,156.0,2.0,1,0.10773005,1,0-10
45.0,157.0,1.0,1,0.11337309,1,0-10
45.0,158.0,0.0,1,0.11913867,1,0-10
46.0,226.0,30.0,1,0.052840628,0,20-30
46.0,227.0,29.0,1,0.053738914,0,20-30
46.0,228.0,28.0,1,0.05436906,0,20-30
46.0,229.0,27.0,1,0.055257145,0,20-30
46.0,230.0,26.0,1,0.05681307,0,20-30
46.0,231.0,25.0,1,0.058508072,1,20-30
46.0,232.0,24.0,1,0.059199907,1,20-30
46.0,233.0,23.0,1,0.06000207,1,20-30
46.0,234.0,22.0,1,0.06194843,1,20-30
46.0,235.0,21.0,1,0.06405459,1,20-30
46.0,236.0,20.0,1,0.065683395,1,10-20
46.0,237.0,19.0,1,0.06670565,1,10-20
46.0,238.0,18.0,1,0.06800172,1,10-20
46.0,239.0,17.0,1,0.069794066,1,10-20
46.0,240.0,16.0,1,0.07140385,1,10-20
46.0,241.0,15.0,1,0.072455816,1,10-20
46.0,242.0,14.0,1,0.074939474,1,10-20
46.0,243.0,13.0,1,0.07803356,1,10-20
46.0,244.0,12.0,1,0.080566816,1,10-20
46.0,245.0,11.0,1,0.08376227,1,10-20
46.0,246.0,10.0,1,0.087062806,1,0-10
46.0,247.0,9.0,1,0.08970829,1,0-10
46.0,248.0,8.0,1,0.092314474,1,0-10
46.0,249.0,7.0,1,0.09509569,1,0-10
46.0,250.0,6.0,1,0.09879,1,0-10
46.0,251.0,5.0,1,0.10226495,1,0-10
46.0,252.0,4.0,1,0.10680381,1,0-10
46.0,253.0,3.0,1,0.11239826,1,0-10
46.0,254.0,2.0,1,0.11613456,1,0-10
46.0,255.0,1.0,1,0.119774945,1,0-10
46.0,256.0,0.0,1,0.12518032,1,0-10
47.0,184.0,30.0,1,0.053507686,0,20-30
47.0,185.0,29.0,1,0.05431853,0,20-30
47.0,186.0,28.0,1,0.055601917,0,20-30
47.0,187.0,27.0,1,0.056060657,0,20-30
47.0,188.0,26.0,1,0.05645647,0,20-30
47.0,189.0,25.0,1,0.057720557,1,20-30
47.0,190.0,24.0,1,0.058619283,1,20-30
47.0,191.0,23.0,1,0.0598004,1,20-30
47.0,192.0,22.0,1,0.061027,1,20-30
47.0,193.0,21.0,1,0.0632725,1,20-30
47.0,194.0,20.0,1,0.06572527,1,10-20
47.0,195.0,19.0,1,0.06726059,1,10-20
47.0,196.0,18.0,1,0.069798745,1,10-20
47.0,197.0,17.0,1,0.072987795,1,10-20
47.0,198.0,16.0,1,0.07471229,1,10-20
47.0,199.0,15.0,1,0.07720056,1,10-20
47.0,200.0,14.0,1,0.08123435,1,10-20
47.0,201.0,13.0,1,0.08372357,1,10-20
47.0,202.0,12.0,1,0.08644077,1,10-20
47.0,203.0,11.0,1,0.08965765,1,10-20
47.0,204.0,10.0,1,0.092642486,1,0-10
47.0,205.0,9.0,1,0.09687307,1,0-10
47.0,206.0,8.0,1,0.09974747,1,0-10
47.0,207.0,7.0,1,0.1052255,1,0-10
47.0,208.0,6.0,1,0.10995653,1,0-10
47.0,209.0,5.0,1,0.11404739,1,0-10
47.0,210.0,4.0,1,0.11852396,1,0-10
47.0,211.0,3.0,1,0.122738056,1,0-10
47.0,212.0,2.0,1,0.12675573,1,0-10
47.0,213.0,1.0,1,0.13138399,1,0-10
47.0,214.0,0.0,1,0.13597424,1,0-10
48.0,201.0,30.0,1,0.07840965,1,20-30
48.0,202.0,29.0,1,0.078365296,1,20-30
48.0,203.0,28.0,1,0.07983845,1,20-30
48.0,204.0,27.0,1,0.0812136,1,20-30
48.0,205.0,26.0,1,0.08259164,1,20-30
48.0,206.0,25.0,1,0.0842974,1,20-30
48.0,207.0,24.0,1,0.08640095,1,20-30
48.0,208.0,23.0,1,0.08697832,1,20-30
48.0,209.0,22.0,1,0.089657374,1,20-30
48.0,210.0,21.0,1,0.09112688,1,20-30
48.0,211.0,20.0,1,0.09314431,1,10-20
48.0,212.0,19.0,1,0.0945209,1,10-20
48.0,213.0,18.0,1,0.0961172,1,10-20
48.0,214.0,17.0,1,0.09581934,1,10-20
48.0,215.0,16.0,1,0.098825246,1,10-20
48.0,216.0,15.0,1,0.10059935,1,10-20
48.0,217.0,14.0,1,0.10329477,1,10-20
48.0,218.0,13.0,1,0.105166264,1,10-20
48.0,219.0,12.0,1,0.10854775,1,10-20
48.0,220.0,11.0,1,0.11057709,1,10-20
48.0,221.0,10.0,1,0.11333096,1,0-10
48.0,222.0,9.0,1,0.11693998,1,0-10
48.0,223.0,8.0,1,0.121245414,1,0-10
48.0,224.0,7.0,1,0.124956496,1,0-10
48.0,225.0,6.0,1,0.128801,1,0-10
48.0,226.0,5.0,1,0.1329425,1,0-10
48.0,227.0,4.0,1,0.13802263,1,0-10
48.0,228.0,3.0,1,0.14239252,1,0-10
48.0,229.0,2.0,1,0.14697078,1,0-10
48.0,230.0,1.0,1,0.1525271,1,0-10
48.0,231.0,0.0,1,0.16141348,1,0-10
49.0,185.0,30.0,1,0.07075258,1,20-30
49.0,186.0,29.0,1,0.07255391,1,20-30
49.0,187.0,28.0,1,0.07393414,1,20-30
49.0,188.0,27.0,1,0.074834734,1,20-30
49.0,189.0,26.0,1,0.07557097,1,20-30
49.0,190.0,25.0,1,0.07682001,1,20-30
49.0,191.0,24.0,1,0.07823555,1,20-30
49.0,192.0,23.0,1,0.07913439,1,20-30
49.0,193.0,22.0,1,0.08016663,1,20-30
49.0,194.0,21.0,1,0.081847474,1,20-30
49.0,195.0,20.0,1,0.085854284,1,10-20
49.0,196.0,19.0,1,0.087413974,1,10-20
49.0,197.0,18.0,1,0.09076657,1,10-20
49.0,198.0,17.0,1,0.09236013,1,10-20
49.0,199.0,16.0,1,0.09462444,1,10-20
49.0,200.0,15.0,1,0.09748926,1,10-20
49.0,201.0,14.0,1,0.09957833,1,10-20
49.0,202.0,13.0,1,0.10172789,1,10-20
49.0,203.0,12.0,1,0.104629844,1,10-20
49.0,204.0,11.0,1,0.10774982,1,10-20
49.0,205.0,10.0,1,0.1099194,1,0-10
49.0,206.0,9.0,1,0.11314083,1,0-10
49.0,207.0,8.0,1,0.11598691,1,0-10
49.0,208.0,7.0,1,0.117717884,1,0-10
49.0,209.0,6.0,1,0.12098673,1,0-10
49.0,210.0,5.0,1,0.12378846,1,0-10
49.0,211.0,4.0,1,0.12864105,1,0-10
49.0,212.0,3.0,1,0.1296744,1,0-10
49.0,213.0,2.0,1,0.13314998,1,0-10
49.0,214.0,1.0,1,0.13657293,1,0-10
49.0,215.0,0.0,1,0.1402273,1,0-10
50.0,168.0,30.0,1,0.0665873,1,20-30
50.0,169.0,29.0,1,0.06803172,1,20-30
50.0,170.0,28.0,1,0.06996514,1,20-30
50.0,171.0,27.0,1,0.07155337,1,20-30
50.0,172.0,26.0,1,0.07227154,1,20-30
50.0,173.0,25.0,1,0.07401211,1,20-30
50.0,174.0,24.0,1,0.07611857,1,20-30
50.0,175.0,23.0,1,0.07771756,1,20-30
50.0,176.0,22.0,1,0.08095882,1,20-30
50.0,177.0,21.0,1,0.082353644,1,20-30
50.0,178.0,20.0,1,0.083217785,1,10-20
50.0,179.0,19.0,1,0.08612678,1,10-20
50.0,180.0,18.0,1,0.08946435,1,10-20
50.0,181.0,17.0,1,0.093075715,1,10-20
50.0,182.0,16.0,1,0.09643492,1,10-20
50.0,183.0,15.0,1,0.099579774,1,10-20
50.0,184.0,14.0,1,0.10284309,1,10-20
50.0,185.0,13.0,1,0.10702717,1,10-20
50.0,186.0,12.0,1,0.10991785,1,10-20
50.0,187.0,11.0,1,0.1129755,1,10-20
50.0,188.0,10.0,1,0.11612047,1,0-10
50.0,189.0,9.0,1,0.12065558,1,0-10
50.0,190.0,8.0,1,0.1252676,1,0-10
50.0,191.0,7.0,1,0.12953676,1,0-10
50.0,192.0,6.0,1,0.13212542,1,0-10
50.0,193.0,5.0,1,0.1372638,1,0-10
50.0,194.0,4.0,1,0.14215992,1,0-10
50.0,195.0,3.0,1,0.14690562,1,0-10
50.0,196.0,2.0,1,0.15149197,1,0-10
50.0,197.0,1.0,1,0.15683477,1,0-10
50.0,198.0,0.0,1,0.16073823,1,0-10
51.0,183.0,30.0,1,0.070510015,1,20-30
51.0,184.0,29.0,1,0.07247038,1,20-30
51.0,185.0,28.0,1,0.07421191,1,20-30
51.0,186.0,27.0,1,0.07562458,1,20-30
51.0,187.0,26.0,1,0.07690028,1,20-30
51.0,188.0,25.0,1,0.07815938,1,20-30
51.0,189.0,24.0,1,0.07864176,1,20-30
51.0,190.0,23.0,1,0.08030213,1,20-30
51.0,191.0,22.0,1,0.08165526,1,20-30
51.0,192.0,21.0,1,0.08327767,1,20-30
51.0,193.0,20.0,1,0.084276624,1,10-20
51.0,194.0,19.0,1,0.08617796,1,10-20
51.0,195.0,18.0,1,0.08885805,1,10-20
51.0,196.0,17.0,1,0.08945185,1,10-20
51.0,197.0,16.0,1,0.091045536,1,10-20
51.0,198.0,15.0,1,0.09307896,1,10-20
51.0,199.0,14.0,1,0.09375048,1,10-20
51.0,200.0,13.0,1,0.095436,1,10-20
51.0,201.0,12.0,1,0.098447725,1,10-20
51.0,202.0,11.0,1,0.10115821,1,10-20
51.0,203.0,10.0,1,0.1043112,1,0-10
51.0,204.0,9.0,1,0.10733911,1,0-10
51.0,205.0,8.0,1,0.10970051,1,0-10
51.0,206.0,7.0,1,0.1132167,1,0-10
51.0,207.0,6.0,1,0.116333336,1,0-10
51.0,208.0,5.0,1,0.12094981,1,0-10
51.0,209.0,4.0,1,0.12528735,1,0-10
51.0,210.0,3.0,1,0.13108346,1,0-10
51.0,211.0,2.0,1,0.13845998,1,0-10
51.0,212.0,1.0,1,0.14613236,1,0-10
51.0,213.0,0.0,1,0.1558169,1,0-10
52.0,183.0,30.0,1,0.0755779,1,20-30
52.0,184.0,29.0,1,0.07690214,1,20-30
52.0,185.0,28.0,1,0.078491755,1,20-30
52.0,186.0,27.0,1,0.081126906,1,20-30
52.0,187.0,26.0,1,0.08319316,1,20-30
52.0,188.0,25.0,1,0.08577359,1,20-30
52.0,189.0,24.0,1,0.08875454,1,20-30
52.0,190.0,23.0,1,0.09075247,1,20-30
52.0,191.0,22.0,1,0.09165477,1,20-30
52.0,192.0,21.0,1,0.09464446,1,20-30
52.0,193.0,20.0,1,0.098245956,1,10-20
52.0,194.0,19.0,1,0.10066419,1,10-20
52.0,195.0,18.0,1,0.102940425,1,10-20
52.0,196.0,17.0,1,0.106486395,1,10-20
52.0,197.0,16.0,1,0.10969986,1,10-20
52.0,198.0,15.0,1,0.112058625,1,10-20
52.0,199.0,14.0,1,0.11405943,1,10-20
52.0,200.0,13.0,1,0.1167935,1,10-20
52.0,201.0,12.0,1,0.12015044,1,10-20
52.0,202.0,11.0,1,0.12388794,1,10-20
52.0,203.0,10.0,1,0.12747775,1,0-10
52.0,204.0,9.0,1,0.13026927,1,0-10
52.0,205.0,8.0,1,0.1332279,1,0-10
52.0,206.0,7.0,1,0.13686469,1,0-10
52.0,207.0,6.0,1,0.14087978,1,0-10
52.0,208.0,5.0,1,0.14477414,1,0-10
52.0,209.0,4.0,1,0.14981581,1,0-10
52.0,210.0,3.0,1,0.15459624,1,0-10
52.0,211.0,2.0,1,0.15975308,1,0-10
52.0,212.0,1.0,1,0.16377361,1,0-10
52.0,213.0,0.0,1,0.16750014,1,0-10
53.0,165.0,30.0,1,0.059930004,1,20-30
53.0,166.0,29.0,1,0.06064271,1,20-30
53.0,167.0,28.0,1,0.06229251,1,20-30
53.0,168.0,27.0,1,0.06387368,1,20-30
53.0,169.0,26.0,1,0.0662262,1,20-30
53.0,170.0,25.0,1,0.06821909,1,20-30
53.0,171.0,24.0,1,0.06953246,1,20-30
53.0,172.0,23.0,1,0.070945814,1,20-30
53.0,173.0,22.0,1,0.07295699,1,20-30
53.0,174.0,21.0,1,0.07500001,1,20-30
53.0,175.0,20.0,1,0.07697911,1,10-20
53.0,176.0,19.0,1,0.07875813,1,10-20
53.0,177.0,18.0,1,0.080840304,1,10-20
53.0,178.0,17.0,1,0.082629636,1,10-20
53.0,179.0,16.0,1,0.08441856,1,10-20
53.0,180.0,15.0,1,0.08735691,1,10-20
53.0,181.0,14.0,1,0.090235576,1,10-20
53.0,182.0,13.0,1,0.093614176,1,10-20
53.0,183.0,12.0,1,0.09716868,1,10-20
53.0,184.0,11.0,1,0.10076193,1,10-20
53.0,185.0,10.0,1,0.10396403,1,0-10
53.0,186.0,9.0,1,0.108376816,1,0-10
53.0,187.0,8.0,1,0.11172849,1,0-10
53.0,188.0,7.0,1,0.116626434,1,0-10
53.0,189.0,6.0,1,0.123042874,1,0-10
53.0,190.0,5.0,1,0.12841147,1,0-10
53.0,191.0,4.0,1,0.13392915,1,0-10
53.0,192.0,3.0,1,0.13939795,1,0-10
53.0,193.0,2.0,1,0.14532414,1,0-10
53.0,194.0,1.0,1,0.15005776,1,0-10
53.0,195.0,0.0,1,0.15675835,1,0-10
54.0,227.0,30.0,1,0.0692542,1,20-30
54.0,228.0,29.0,1,0.070228346,1,20-30
54.0,229.0,28.0,1,0.071472704,1,20-30
54.0,230.0,27.0,1,0.07254339,1,20-30
54.0,231.0,26.0,1,0.07344164,1,20-30
54.0,232.0,25.0,1,0.075319834,1,20-30
54.0,233.0,24.0,1,0.07730666,1,20-30
54.0,234.0,23.0,1,0.079664856,1,20-30
54.0,235.0,22.0,1,0.0803025,1,20-30
54.0,236.0,21.0,1,0.08135513,1,20-30
54.0,237.0,20.0,1,0.083629414,1,10-20
54.0,238.0,19.0,1,0.08677541,1,10-20
54.0,239.0,18.0,1,0.08920205,1,10-20
54.0,240.0,17.0,1,0.092509486,1,10-20
54.0,241.0,16.0,1,0.094543844,1,10-20
54.0,242.0,15.0,1,0.09708761,1,10-20
54.0,243.0,14.0,1,0.099589646,1,10-20
54.0,244.0,13.0,1,0.103610866,1,10-20
54.0,245.0,12.0,1,0.10713423,1,10-20
54.0,246.0,11.0,1,0.10988926,1,10-20
54.0,247.0,10.0,1,0.112427235,1,0-10
54.0,248.0,9.0,1,0.11582758,1,0-10
54.0,249.0,8.0,1,0.12059033,1,0-10
54.0,250.0,7.0,1,0.12473645,1,0-10
54.0,251.0,6.0,1,0.1285157,1,0-10
54.0,252.0,5.0,1,0.13319351,1,0-10
54.0,253.0,4.0,1,0.13803521,1,0-10
54.0,254.0,3.0,1,0.1432795,1,0-10
54.0,255.0,2.0,1,0.14847253,1,0-10
54.0,256.0,1.0,1,0.15236475,1,0-10
54.0,257.0,0.0,1,0.15729952,1,0-10
55.0,163.0,30.0,1,0.06069905,1,20-30
55.0,164.0,29.0,1,0.061153404,1,20-30
55.0,165.0,28.0,1,0.062056307,1,20-30
55.0,166.0,27.0,1,0.06406339,1,20-30
55.0,167.0,26.0,1,0.06396792,1,20-30
55.0,168.0,25.0,1,0.06547025,1,20-30
55.0,169.0,24.0,1,0.06657697,1,20-30
55.0,170.0,23.0,1,0.068364605,1,20-30
55.0,171.0,22.0,1,0.07100112,1,20-30
55.0,172.0,21.0,1,0.07276942,1,20-30
55.0,173.0,20.0,1,0.07601744,1,10-20
55.0,174.0,19.0,1,0.07838947,1,10-20
55.0,175.0,18.0,1,0.08009561,1,10-20
55.0,176.0,17.0,1,0.0821983,1,10-20
55.0,177.0,16.0,1,0.0844508,1,10-20
55.0,178.0,15.0,1,0.08626959,1,10-20
55.0,179.0,14.0,1,0.09015424,1,10-20
55.0,180.0,13.0,1,0.09482351,1,10-20
55.0,181.0,12.0,1,0.09928937,1,10-20
55.0,182.0,11.0,1,0.103275746,1,10-20
55.0,183.0,10.0,1,0.10732545,1,0-10
55.0,184.0,9.0,1,0.11164837,1,0-10
55.0,185.0,8.0,1,0.11575943,1,0-10
55.0,186.0,7.0,1,0.120572306,1,0-10
55.0,187.0,6.0,1,0.1244023,1,0-10
55.0,188.0,5.0,1,0.12864356,1,0-10
55.0,189.0,4.0,1,0.13388474,1,0-10
55.0,190.0,3.0,1,0.14104567,1,0-10
55.0,191.0,2.0,1,0.14668846,1,0-10
55.0,192.0,1.0,1,0.15286191,1,0-10
55.0,193.0,0.0,1,0.15882657,1,0-10
56.0,245.0,30.0,1,0.111587375,1,20-30
56.0,246.0,29.0,1,0.11296019,1,20-30
56.0,247.0,28.0,1,0.11475065,1,20-30
56.0,248.0,27.0,1,0.1176749,1,20-30
56.0,249.0,26.0,1,0.11906394,1,20-30
56.0,250.0,25.0,1,0.122607596,1,20-30
56.0,251.0,24.0,1,0.12497856,1,20-30
56.0,252.0,23.0,1,0.12672803,1,20-30
56.0,253.0,22.0,1,0.12770644,1,20-30
56.0,254.0,21.0,1,0.13081296,1,20-30
56.0,255.0,20.0,1,0.13311519,1,10-20
56.0,256.0,19.0,1,0.1358673,1,10-20
56.0,257.0,18.0,1,0.13856754,1,10-20
56.0,258.0,17.0,1,0.1407517,1,10-20
56.0,259.0,16.0,1,0.14299604,1,10-20
56.0,260.0,15.0,1,0.14520878,1,10-20
56.0,261.0,14.0,1,0.14795177,1,10-20
56.0,262.0,13.0,1,0.1505335,1,10-20
56.0,263.0,12.0,1,0.15315297,1,10-20
56.0,264.0,11.0,1,0.15535815,1,10-20
56.0,265.0,10.0,1,0.15770955,1,0-10
56.0,266.0,9.0,1,0.16012956,1,0-10
56.0,267.0,8.0,1,0.16293101,1,0-10
56.0,268.0,7.0,1,0.16601278,1,0-10
56.0,269.0,6.0,1,0.16872205,1,0-10
56.0,270.0,5.0,1,0.17201683,1,0-10
56.0,271.0,4.0,1,0.17590351,1,0-10
56.0,272.0,3.0,1,0.17837067,1,0-10
56.0,273.0,2.0,1,0.18121244,1,0-10
56.0,274.0,1.0,1,0.18416396,1,0-10
56.0,275.0,0.0,1,0.18835634,1,0-10
57.0,107.0,30.0,1,0.051685717,0,20-30
57.0,108.0,29.0,1,0.05259965,0,20-30
57.0,109.0,28.0,1,0.053836536,0,20-30
57.0,110.0,27.0,1,0.05385846,0,20-30
57.0,111.0,26.0,1,0.054495562,0,20-30
57.0,112.0,25.0,1,0.054398157,0,20-30
57.0,113.0,24.0,1,0.054166853,0,20-30
57.0,114.0,23.0,1,0.05340913,0,20-30
57.0,115.0,22.0,1,0.05407686,0,20-30
57.0,116.0,21.0,1,0.05462088,0,20-30
57.0,117.0,20.0,1,0.054675627,0,10-20
57.0,118.0,19.0,1,0.055483013,0,10-20
57.0,119.0,18.0,1,0.05607649,0,10-20
57.0,120.0,17.0,1,0.057420257,0,10-20
57.0,121.0,16.0,1,0.05898275,1,10-20
57.0,122.0,15.0,1,0.060766798,1,10-20
57.0,123.0,14.0,1,0.06283425,1,10-20
57.0,124.0,13.0,1,0.06422413,1,10-20
57.0,125.0,12.0,1,0.06528058,1,10-20
57.0,126.0,11.0,1,0.06685753,1,10-20
57.0,127.0,10.0,1,0.06927952,1,0-10
57.0,128.0,9.0,1,0.07125061,1,0-10
57.0,129.0,8.0,1,0.072804615,1,0-10
57.0,130.0,7.0,1,0.07574733,1,0-10
57.0,131.0,6.0,1,0.07818795,1,0-10
57.0,132.0,5.0,1,0.08167996,1,0-10
57.0,133.0,4.0,1,0.08597518,1,0-10
57.0,134.0,3.0,1,0.08990198,1,0-10
57.0,135.0,2.0,1,0.09445169,1,0-10
57.0,136.0,1.0,1,0.099518925,1,0-10
57.0,137.0,0.0,1,0.105173476,1,0-10
58.0,117.0,30.0,1,0.051232725,0,20-30
58.0,118.0,29.0,1,0.051803738,0,20-30
58.0,119.0,28.0,1,0.05146876,0,20-30
58.0,120.0,27.0,1,0.052536704,0,20-30
58.0,121.0,26.0,1,0.05289879,0,20-30
58.0,122.0,25.0,1,0.0529892,0,20-30
58.0,123.0,24.0,1,0.0529947,0,20-30
58.0,124.0,23.0,1,0.053836588,0,20-30
58.0,125.0,22.0,1,0.054061566,0,20-30
58.0,126.0,21.0,1,0.05428729,0,20-30
58.0,127.0,20.0,1,0.054444615,0,10-20
58.0,128.0,19.0,1,0.055009056,0,10-20
58.0,129.0,18.0,1,0.055468716,0,10-20
58.0,130.0,17.0,1,0.056445807,0,10-20
58.0,131.0,16.0,1,0.057120066,0,10-20
58.0,132.0,15.0,1,0.05853391,1,10-20
58.0,133.0,14.0,1,0.059965644,1,10-20
58.0,134.0,13.0,1,0.06056219,1,10-20
58.0,135.0,12.0,1,0.062397864,1,10-20
58.0,136.0,11.0,1,0.06484328,1,10-20
58.0,137.0,10.0,1,0.06699778,1,0-10
58.0,138.0,9.0,1,0.06902995,1,0-10
58.0,139.0,8.0,1,0.071849056,1,0-10
58.0,140.0,7.0,1,0.07532759,1,0-10
58.0,141.0,6.0,1,0.07779658,1,0-10
58.0,142.0,5.0,1,0.08042496,1,0-10
58.0,143.0,4.0,1,0.08382021,1,0-10
58.0,144.0,3.0,1,0.08866999,1,0-10
58.0,145.0,2.0,1,0.09446223,1,0-10
58.0,146.0,1.0,1,0.09834402,1,0-10
58.0,147.0,0.0,1,0.10226795,1,0-10
59.0,201.0,30.0,1,0.05488533,0,20-30
59.0,202.0,29.0,1,0.056123234,0,20-30
59.0,203.0,28.0,1,0.056749582,0,20-30
59.0,204.0,27.0,1,0.05729384,0,20-30
59.0,205.0,26.0,1,0.05758952,0,20-30
59.0,206.0,25.0,1,0.057436228,0,20-30
59.0,207.0,24.0,1,0.05883835,1,20-30
59.0,208.0,23.0,1,0.06023443,1,20-30
59.0,209.0,22.0,1,0.060099803,1,20-30
59.0,210.0,21.0,1,0.061638746,1,20-30
59.0,211.0,20.0,1,0.062838055,1,10-20
59.0,212.0,19.0,1,0.063889004,1,10-20
59.0,213.0,18.0,1,0.0651015,1,10-20
59.0,214.0,17.0,1,0.06657802,1,10-20
59.0,215.0,16.0,1,0.06819865,1,10-20
59.0,216.0,15.0,1,0.07042175,1,10-20
59.0,217.0,14.0,1,0.07194741,1,10-20
59.0,218.0,13.0,1,0.07464493,1,10-20
59.0,219.0,12.0,1,0.07699032,1,10-20
59.0,220.0,11.0,1,0.08020737,1,10-20
59.0,221.0,10.0,1,0.08216931,1,0-10
59.0,222.0,9.0,1,0.0854649,1,0-10
59.0,223.0,8.0,1,0.08845432,1,0-10
59.0,224.0,7.0,1,0.09094659,1,0-10
59.0,225.0,6.0,1,0.09461833,1,0-10
59.0,226.0,5.0,1,0.09714101,1,0-10
59.0,227.0,4.0,1,0.100788884,1,0-10
59.0,228.0,3.0,1,0.105127886,1,0-10
59.0,229.0,2.0,1,0.11018918,1,0-10
59.0,230.0,1.0,1,0.11474207,1,0-10
59.0,231.0,0.0,1,0.11901975,1,0-10
60.0,142.0,30.0,1,0.05463523,0,20-30
60.0,143.0,29.0,1,0.055604454,0,20-30
60.0,144.0,28.0,1,0.05689058,0,20-30
60.0,145.0,27.0,1,0.057796676,1,20-30
60.0,146.0,26.0,1,0.059782427,1,20-30
60.0,147.0,25.0,1,0.061677765,1,20-30
60.0,148.0,24.0,1,0.06236784,1,20-30
60.0,149.0,23.0,1,0.06425978,1,20-30
60.0,150.0,22.0,1,0.06582947,1,20-30
60.0,151.0,21.0,1,0.06804448,1,20-30
60.0,152.0,20.0,1,0.07025361,1,10-20
60.0,153.0,19.0,1,0.072383516,1,10-20
60.0,154.0,18.0,1,0.07383844,1,10-20
60.0,155.0,17.0,1,0.07608617,1,10-20
60.0,156.0,16.0,1,0.079266675,1,10-20
60.0,157.0,15.0,1,0.08333328,1,10-20
60.0,158.0,14.0,1,0.08725626,1,10-20
60.0,159.0,13.0,1,0.0914008,1,10-20
60.0,160.0,12.0,1,0.09431531,1,10-20
60.0,161.0,11.0,1,0.09882586,1,10-20
60.0,162.0,10.0,1,0.10246109,1,0-10
60.0,163.0,9.0,1,0.10664259,1,0-10
60.0,164.0,8.0,1,0.11093456,1,0-10
60.0,165.0,7.0,1,0.115355976,1,0-10
60.0,166.0,6.0,1,0.118809834,1,0-10
60.0,167.0,5.0,1,0.124137245,1,0-10
60.0,168.0,4.0,1,0.12964225,1,0-10
60.0,169.0,3.0,1,0.1347912,1,0-10
60.0,170.0,2.0,1,0.1391974,1,0-10
60.0,171.0,1.0,1,0.14498958,1,0-10
60.0,172.0,0.0,1,0.15075704,1,0-10
61.0,155.0,30.0,1,0.054080524,0,20-30
61.0,156.0,29.0,1,0.05592091,0,20-30
61.0,157.0,28.0,1,0.05736243,0,20-30
61.0,158.0,27.0,1,0.056710783,0,20-30
61.0,159.0,26.0,1,0.05779008,1,20-30
61.0,160.0,25.0,1,0.057377294,0,20-30
61.0,161.0,24.0,1,0.057738207,1,20-30
61.0,162.0,23.0,1,0.056942437,0,20-30
61.0,163.0,22.0,1,0.05613307,0,20-30
61.0,164.0,21.0,1,0.056352414,0,20-30
61.0,165.0,20.0,1,0.057269737,0,10-20
61.0,166.0,19.0,1,0.058284923,1,10-20
61.0,167.0,18.0,1,0.05901822,1,10-20
61.0,168.0,17.0,1,0.060957354,1,10-20
61.0,169.0,16.0,1,0.062445976,1,10-20
61.0,170.0,15.0,1,0.0636877,1,10-20
61.0,171.0,14.0,1,0.06523773,1,10-20
61.0,172.0,13.0,1,0.066579565,1,10-20
61.0,173.0,12.0,1,0.067894906,1,10-20
61.0,174.0,11.0,1,0.06986158,1,10-20
61.0,175.0,10.0,1,0.071747236,1,0-10
61.0,176.0,9.0,1,0.07459419,1,0-10
61.0,177.0,8.0,1,0.07589966,1,0-10
61.0,178.0,7.0,1,0.0779351,1,0-10
61.0,179.0,6.0,1,0.080335714,1,0-10
61.0,180.0,5.0,1,0.08384211,1,0-10
61.0,181.0,4.0,1,0.08683697,1,0-10
61.0,182.0,3.0,1,0.09176597,1,0-10
61.0,183.0,2.0,1,0.09536611,1,0-10
61.0,184.0,1.0,1,0.09852201,1,0-10
61.0,185.0,0.0,1,0.1031123,1,0-10
62.0,150.0,30.0,1,0.07099007,1,20-30
62.0,151.0,29.0,1,0.07313658,1,20-30
62.0,152.0,28.0,1,0.0743838,1,20-30
62.0,153.0,27.0,1,0.07641471,1,20-30
62.0,154.0,26.0,1,0.07779382,1,20-30
62.0,155.0,25.0,1,0.07885071,1,20-30
62.0,156.0,24.0,1,0.07907091,1,20-30
62.0,157.0,23.0,1,0.0797673,1,20-30
62.0,158.0,22.0,1,0.08038634,1,20-30
62.0,159.0,21.0,1,0.08198614,1,20-30
62.0,160.0,20.0,1,0.08359636,1,10-20
62.0,161.0,19.0,1,0.085302785,1,10-20
62.0,162.0,18.0,1,0.086561024,1,10-20
62.0,163.0,17.0,1,0.089060284,1,10-20
62.0,164.0,16.0,1,0.09174303,1,10-20
62.0,165.0,15.0,1,0.093052775,1,10-20
62.0,166.0,14.0,1,0.095571615,1,10-20
62.0,167.0,13.0,1,0.09757926,1,10-20
62.0,168.0,12.0,1,0.09970332,1,10-20
62.0,169.0,11.0,1,0.10177196,1,10-20
62.0,170.0,10.0,1,0.10583599,1,0-10
62.0,171.0,9.0,1,0.108862035,1,0-10
62.0,172.0,8.0,1,0.11207833,1,0-10
62.0,173.0,7.0,1,0.11307215,1,0-10
62.0,174.0,6.0,1,0.11669922,1,0-10
62.0,175.0,5.0,1,0.12043035,1,0-10
62.0,176.0,4.0,1,0.1226152,1,0-10
62.0,177.0,3.0,1,0.123885006,1,0-10
62.0,178.0,2.0,1,0.12554069,1,0-10
62.0,179.0,1.0,1,0.1290509,1,0-10
62.0,180.0,0.0,1,0.13215786,1,0-10
63.0,144.0,30.0,1,0.05841945,1,20-30
63.0,145.0,29.0,1,0.05918655,1,20-30
63.0,146.0,28.0,1,0.06071077,1,20-30
63.0,147.0,27.0,1,0.062179554,1,20-30
63.0,148.0,26.0,1,0.06321915,1,20-30
63.0,149.0,25.0,1,0.06471231,1,20-30
63.0,150.0,24.0,1,0.06615966,1,20-30
63.0,151.0,23.0,1,0.06781185,1,20-30
63.0,152.0,22.0,1,0.070330344,1,20-30
63.0,153.0,21.0,1,0.07193595,1,20-30
63.0,154.0,20.0,1,0.07372467,1,10-20
63.0,155.0,19.0,1,0.07583481,1,10-20
63.0,156.0,18.0,1,0.07842748,1,10-20
63.0,157.0,17.0,1,0.0816086,1,10-20
63.0,158.0,16.0,1,0.0842744,1,10-20
63.0,159.0,15.0,1,0.08673225,1,10-20
63.0,160.0,14.0,1,0.08925691,1,10-20
63.0,161.0,13.0,1,0.0915081,1,10-20
63.0,162.0,12.0,1,0.09519194,1,10-20
63.0,163.0,11.0,1,0.0992583,1,10-20
63.0,164.0,10.0,1,0.10291757,1,0-10
63.0,165.0,9.0,1,0.10658015,1,0-10
63.0,166.0,8.0,1,0.11165455,1,0-10
63.0,167.0,7.0,1,0.11646107,1,0-10
63.0,168.0,6.0,1,0.12115218,1,0-10
63.0,169.0,5.0,1,0.12565109,1,0-10
63.0,170.0,4.0,1,0.13146505,1,0-10
63.0,171.0,3.0,1,0.13691173,1,0-10
63.0,172.0,2.0,1,0.14215007,1,0-10
63.0,173.0,1.0,1,0.14908716,1,0-10
63.0,174.0,0.0,1,0.1538637,1,0-10
64.0,253.0,30.0,1,0.09515561,1,20-30
64.0,254.0,29.0,1,0.097616866,1,20-30
64.0,255.0,28.0,1,0.09925527,1,20-30
64.0,256.0,27.0,1,0.10030961,1,20-30
64.0,257.0,26.0,1,0.10316361,1,20-30
64.0,258.0,25.0,1,0.10501553,1,20-30
64.0,259.0,24.0,1,0.1067862,1,20-30
64.0,260.0,23.0,1,0.108968206,1,20-30
64.0,261.0,22.0,1,0.11125286,1,20-30
64.0,262.0,21.0,1,0.11445608,1,20-30
64.0,263.0,20.0,1,0.1151573,1,10-20
64.0,264.0,19.0,1,0.11730956,1,10-20
64.0,265.0,18.0,1,0.11929591,1,10-20
64.0,266.0,17.0,1,0.122324795,1,10-20
64.0,267.0,16.0,1,0.12468826,1,10-20
64.0,268.0,15.0,1,0.1274774,1,10-20
64.0,269.0,14.0,1,0.13067608,1,10-20
64.0,270.0,13.0,1,0.13161692,1,10-20
64.0,271.0,12.0,1,0.13500728,1,10-20
64.0,272.0,11.0,1,0.13840812,1,10-20
64.0,273.0,10.0,1,0.14339532,1,0-10
64.0,274.0,9.0,1,0.14728491,1,0-10
64.0,275.0,8.0,1,0.14966334,1,0-10
64.0,276.0,7.0,1,0.1521136,1,0-10
64.0,277.0,6.0,1,0.15633701,1,0-10
64.0,278.0,5.0,1,0.1600446,1,0-10
64.0,279.0,4.0,1,0.16398053,1,0-10
64.0,280.0,3.0,1,0.16871206,1,0-10
64.0,281.0,2.0,1,0.17245549,1,0-10
64.0,282.0,1.0,1,0.17512742,1,0-10
64.0,283.0,0.0,1,0.17893213,1,0-10
65.0,123.0,30.0,1,0.0558083,0,20-30
65.0,124.0,29.0,1,0.055397358,0,20-30
65.0,125.0,28.0,1,0.055733174,0,20-30
65.0,126.0,27.0,1,0.0555769,0,20-30
65.0,127.0,26.0,1,0.05687885,0,20-30
65.0,128.0,25.0,1,0.056705892,0,20-30
65.0,129.0,24.0,1,0.05686548,0,20-30
65.0,130.0,23.0,1,0.057627354,0,20-30
65.0,131.0,22.0,1,0.057656996,1,20-30
65.0,132.0,21.0,1,0.05816962,1,20-30
65.0,133.0,20.0,1,0.057644337,1,10-20
65.0,134.0,19.0,1,0.059154827,1,10-20
65.0,135.0,18.0,1,0.06022517,1,10-20
65.0,136.0,17.0,1,0.060821686,1,10-20
65.0,137.0,16.0,1,0.06181392,1,10-20
65.0,138.0,15.0,1,0.06292861,1,10-20
65.0,139.0,14.0,1,0.06494343,1,10-20
65.0,140.0,13.0,1,0.06609145,1,10-20
65.0,141.0,12.0,1,0.06656647,1,10-20
65.0,142.0,11.0,1,0.06764364,1,10-20
65.0,143.0,10.0,1,0.069910325,1,0-10
65.0,144.0,9.0,1,0.07206718,1,0-10
65.0,145.0,8.0,1,0.07406721,1,0-10
65.0,146.0,7.0,1,0.07636871,1,0-10
65.0,147.0,6.0,1,0.07906804,1,0-10
65.0,148.0,5.0,1,0.081732206,1,0-10
65.0,149.0,4.0,1,0.08535535,1,0-10
65.0,150.0,3.0,1,0.08808718,1,0-10
65.0,151.0,2.0,1,0.0918884,1,0-10
65.0,152.0,1.0,1,0.09571628,1,0-10
65.0,153.0,0.0,1,0.099191606,1,0-10
66.0,172.0,30.0,1,0.0887577,1,20-30
66.0,173.0,29.0,1,0.0902741,1,20-30
66.0,174.0,28.0,1,0.09084914,1,20-30
66.0,175.0,27.0,1,0.093357496,1,20-30
66.0,176.0,26.0,1,0.09363452,1,20-30
66.0,177.0,25.0,1,0.09545034,1,20-30
66.0,178.0,24.0,1,0.09735673,1,20-30
66.0,179.0,23.0,1,0.0989635,1,20-30
66.0,180.0,22.0,1,0.10074296,1,20-30
66.0,181.0,21.0,1,0.102545805,1,20-30
66.0,182.0,20.0,1,0.10468011,1,10-20
66.0,183.0,19.0,1,0.10740455,1,10-20
66.0,184.0,18.0,1,0.109878436,1,10-20
66.0,185.0,17.0,1,0.11209202,1,10-20
66.0,186.0,16.0,1,0.11369238,1,10-20
66.0,187.0,15.0,1,0.115506835,1,10-20
66.0,188.0,14.0,1,0.117168,1,10-20
66.0,189.0,13.0,1,0.11964906,1,10-20
66.0,190.0,12.0,1,0.12202582,1,10-20
66.0,191.0,11.0,1,0.12479419,1,10-20
66.0,192.0,10.0,1,0.12796487,1,0-10
66.0,193.0,9.0,1,0.13008797,1,0-10
66.0,194.0,8.0,1,0.13234392,1,0-10
66.0,195.0,7.0,1,0.13499366,1,0-10
66.0,196.0,6.0,1,0.13825507,1,0-10
66.0,197.0,5.0,1,0.14060041,1,0-10
66.0,198.0,4.0,1,0.14289063,1,0-10
66.0,199.0,3.0,1,0.14556037,1,0-10
66.0,200.0,2.0,1,0.14739512,1,0-10
66.0,201.0,1.0,1,0.14996779,1,0-10
66.0,202.0,0.0,1,0.1534784,1,0-10
67.0,283.0,30.0,1,0.08963003,1,20-30
67.0,284.0,29.0,1,0.09182435,1,20-30
67.0,285.0,28.0,1,0.093177475,1,20-30
67.0,286.0,27.0,1,0.095469564,1,20-30
67.0,287.0,26.0,1,0.0979141,1,20-30
67.0,288.0,25.0,1,0.09963314,1,20-30
67.0,289.0,24.0,1,0.10069271,1,20-30
67.0,290.0,23.0,1,0.101777144,1,20-30
67.0,291.0,22.0,1,0.10280012,1,20-30
67.0,292.0,21.0,1,0.10427842,1,20-30
67.0,293.0,20.0,1,0.10545145,1,10-20
67.0,294.0,19.0,1,0.107729815,1,10-20
67.0,295.0,18.0,1,0.110401444,1,10-20
67.0,296.0,17.0,1,0.11363879,1,10-20
67.0,297.0,16.0,1,0.116413824,1,10-20
67.0,298.0,15.0,1,0.11828168,1,10-20
67.0,299.0,14.0,1,0.12184503,1,10-20
67.0,300.0,13.0,1,0.12489054,1,10-20
67.0,301.0,12.0,1,0.12744309,1,10-20
67.0,302.0,11.0,1,0.12965924,1,10-20
67.0,303.0,10.0,1,0.13184613,1,0-10
67.0,304.0,9.0,1,0.13459001,1,0-10
67.0,305.0,8.0,1,0.13682188,1,0-10
67.0,306.0,7.0,1,0.1384514,1,0-10
67.0,307.0,6.0,1,0.1404681,1,0-10
67.0,308.0,5.0,1,0.14305013,1,0-10
67.0,309.0,4.0,1,0.14591987,1,0-10
67.0,310.0,3.0,1,0.14696722,1,0-10
67.0,311.0,2.0,1,0.15012561,1,0-10
67.0,312.0,1.0,1,0.15232995,1,0-10
67.0,313.0,0.0,1,0.15413618,1,0-10
68.0,169.0,30.0,1,0.0719318,1,20-30
68.0,170.0,29.0,1,0.07300619,1,20-30
68.0,171.0,28.0,1,0.0750086,1,20-30
68.0,172.0,27.0,1,0.076616876,1,20-30
68.0,173.0,26.0,1,0.07741239,1,20-30
68.0,174.0,25.0,1,0.0796942,1,20-30
68.0,175.0,24.0,1,0.08249244,1,20-30
68.0,176.0,23.0,1,0.08393184,1,20-30
68.0,177.0,22.0,1,0.08606429,1,20-30
68.0,178.0,21.0,1,0.08841297,1,20-30
68.0,179.0,20.0,1,0.091457576,1,10-20
68.0,180.0,19.0,1,0.09338291,1,10-20
68.0,181.0,18.0,1,0.096345216,1,10-20
68.0,182.0,17.0,1,0.09859242,1,10-20
68.0,183.0,16.0,1,0.101897635,1,10-20
68.0,184.0,15.0,1,0.105121665,1,10-20
68.0,185.0,14.0,1,0.10854208,1,10-20
68.0,186.0,13.0,1,0.11133004,1,10-20
68.0,187.0,12.0,1,0.11443076,1,10-20
68.0,188.0,11.0,1,0.11816318,1,10-20
68.0,189.0,10.0,1,0.12273859,1,0-10
68.0,190.0,9.0,1,0.12503631,1,0-10
68.0,191.0,8.0,1,0.12940721,1,0-10
68.0,192.0,7.0,1,0.13177541,1,0-10
68.0,193.0,6.0,1,0.13546845,1,0-10
68.0,194.0,5.0,1,0.13967712,1,0-10
68.0,195.0,4.0,1,0.14470428,1,0-10
68.0,196.0,3.0,1,0.14920679,1,0-10
68.0,197.0,2.0,1,0.15335798,1,0-10
68.0,198.0,1.0,1,0.15951155,1,0-10
68.0,199.0,0.0,1,0.16453552,1,0-10
69.0,332.0,30.0,1,0.08780667,1,20-30
69.0,333.0,29.0,1,0.08879904,1,20-30
69.0,334.0,28.0,1,0.09152256,1,20-30
69.0,335.0,27.0,1,0.093088605,1,20-30
69.0,336.0,26.0,1,0.09539554,1,20-30
69.0,337.0,25.0,1,0.09758031,1,20-30
69.0,338.0,24.0,1,0.09969695,1,20-30
69.0,339.0,23.0,1,0.1011224,1,20-30
69.0,340.0,22.0,1,0.10392475,1,20-30
69.0,341.0,21.0,1,0.106788926,1,20-30
69.0,342.0,20.0,1,0.10758403,1,10-20
69.0,343.0,19.0,1,0.10979552,1,10-20
69.0,344.0,18.0,1,0.11179013,1,10-20
69.0,345.0,17.0,1,0.114395924,1,10-20
69.0,346.0,16.0,1,0.11711933,1,10-20
69.0,347.0,15.0,1,0.1197316,1,10-20
69.0,348.0,14.0,1,0.122513585,1,10-20
69.0,349.0,13.0,1,0.12424705,1,10-20
69.0,350.0,12.0,1,0.12667517,1,10-20
69.0,351.0,11.0,1,0.12844117,1,10-20
69.0,352.0,10.0,1,0.13049042,1,0-10
69.0,353.0,9.0,1,0.13237815,1,0-10
69.0,354.0,8.0,1,0.13494809,1,0-10
69.0,355.0,7.0,1,0.13728604,1,0-10
69.0,356.0,6.0,1,0.13909945,1,0-10
69.0,357.0,5.0,1,0.14241977,1,0-10
69.0,358.0,4.0,1,0.14578873,1,0-10
69.0,359.0,3.0,1,0.14863645,1,0-10
69.0,360.0,2.0,1,0.15050381,1,0-10
69.0,361.0,1.0,1,0.15382531,1,0-10
69.0,362.0,0.0,1,0.15555209,1,0-10
70.0,107.0,30.0,1,0.053380366,0,20-30
70.0,108.0,29.0,1,0.0540903,0,20-30
70.0,109.0,28.0,1,0.05426379,0,20-30
70.0,110.0,27.0,1,0.054882612,0,20-30
70.0,111.0,26.0,1,0.055216093,0,20-30
70.0,112.0,25.0,1,0.05593783,0,20-30
70.0,113.0,24.0,1,0.05715207,0,20-30
70.0,114.0,23.0,1,0.058217585,1,20-30
70.0,115.0,22.0,1,0.05970148,1,20-30
70.0,116.0,21.0,1,0.060562365,1,20-30
70.0,117.0,20.0,1,0.061968606,1,10-20
70.0,118.0,19.0,1,0.062322862,1,10-20
70.0,119.0,18.0,1,0.06377534,1,10-20
70.0,120.0,17.0,1,0.06577344,1,10-20
70.0,121.0,16.0,1,0.068127505,1,10-20
70.0,122.0,15.0,1,0.06978696,1,10-20
70.0,123.0,14.0,1,0.07180907,1,10-20
70.0,124.0,13.0,1,0.07440706,1,10-20
70.0,125.0,12.0,1,0.07775937,1,10-20
70.0,126.0,11.0,1,0.0802649,1,10-20
70.0,127.0,10.0,1,0.08355371,1,0-10
70.0,128.0,9.0,1,0.08601807,1,0-10
70.0,129.0,8.0,1,0.0895087,1,0-10
70.0,130.0,7.0,1,0.093997955,1,0-10
70.0,131.0,6.0,1,0.0983286,1,0-10
70.0,132.0,5.0,1,0.10309125,1,0-10
70.0,133.0,4.0,1,0.10777644,1,0-10
70.0,134.0,3.0,1,0.11323873,1,0-10
70.0,135.0,2.0,1,0.11789802,1,0-10
70.0,136.0,1.0,1,0.12420625,1,0-10
70.0,137.0,0.0,1,0.1294522,1,0-10
71.0,178.0,30.0,1,0.066394635,1,20-30
71.0,179.0,29.0,1,0.06862168,1,20-30
71.0,180.0,28.0,1,0.071373306,1,20-30
71.0,181.0,27.0,1,0.07223701,1,20-30
71.0,182.0,26.0,1,0.074378446,1,20-30
71.0,183.0,25.0,1,0.076559044,1,20-30
71.0,184.0,24.0,1,0.07774336,1,20-30
71.0,185.0,23.0,1,0.079284415,1,20-30
71.0,186.0,22.0,1,0.080397494,1,20-30
71.0,187.0,21.0,1,0.083190635,1,20-30
71.0,188.0,20.0,1,0.0853263,1,10-20
71.0,189.0,19.0,1,0.0877092,1,10-20
71.0,190.0,18.0,1,0.089049906,1,10-20
71.0,191.0,17.0,1,0.09260109,1,10-20
71.0,192.0,16.0,1,0.09619322,1,10-20
71.0,193.0,15.0,1,0.09820248,1,10-20
71.0,194.0,14.0,1,0.10173891,1,10-20
71.0,195.0,13.0,1,0.103697784,1,10-20
71.0,196.0,12.0,1,0.1075561,1,10-20
71.0,197.0,11.0,1,0.110805616,1,10-20
71.0,198.0,10.0,1,0.11402062,1,0-10
71.0,199.0,9.0,1,0.11777613,1,0-10
71.0,200.0,8.0,1,0.12201131,1,0-10
71.0,201.0,7.0,1,0.12583978,1,0-10
71.0,202.0,6.0,1,0.13041864,1,0-10
71.0,203.0,5.0,1,0.13393493,1,0-10
71.0,204.0,4.0,1,0.13818035,1,0-10
71.0,205.0,3.0,1,0.14159085,1,0-10
71.0,206.0,2.0,1,0.14641091,1,0-10
71.0,207.0,1.0,1,0.15138452,1,0-10
71.0,208.0,0.0,1,0.15716358,1,0-10
72.0,183.0,30.0,1,0.056559946,0,20-30
72.0,184.0,29.0,1,0.05719614,0,20-30
72.0,185.0,28.0,1,0.057538673,0,20-30
72.0,186.0,27.0,1,0.0579398,1,20-30
72.0,187.0,26.0,1,0.059230704,1,20-30
72.0,188.0,25.0,1,0.06087561,1,20-30
72.0,189.0,24.0,1,0.06230208,1,20-30
72.0,190.0,23.0,1,0.063225314,1,20-30
72.0,191.0,22.0,1,0.064865515,1,20-30
72.0,192.0,21.0,1,0.06549134,1,20-30
72.0,193.0,20.0,1,0.06681916,1,10-20
72.0,194.0,19.0,1,0.06817089,1,10-20
72.0,195.0,18.0,1,0.070021674,1,10-20
72.0,196.0,17.0,1,0.073328964,1,10-20
72.0,197.0,16.0,1,0.0750757,1,10-20
72.0,198.0,15.0,1,0.07649041,1,10-20
72.0,199.0,14.0,1,0.07949507,1,10-20
72.0,200.0,13.0,1,0.081727155,1,10-20
72.0,201.0,12.0,1,0.08435208,1,10-20
72.0,202.0,11.0,1,0.086907074,1,10-20
72.0,203.0,10.0,1,0.09004488,1,0-10
72.0,204.0,9.0,1,0.0928959,1,0-10
72.0,205.0,8.0,1,0.09558468,1,0-10
72.0,206.0,7.0,1,0.09898197,1,0-10
72.0,207.0,6.0,1,0.103073664,1,0-10
72.0,208.0,5.0,1,0.10505646,1,0-10
72.0,209.0,4.0,1,0.10980978,1,0-10
72.0,210.0,3.0,1,0.112965524,1,0-10
72.0,211.0,2.0,1,0.11696684,1,0-10
72.0,212.0,1.0,1,0.12172779,1,0-10
72.0,213.0,0.0,1,0.1255932,1,0-10
73.0,183.0,30.0,1,0.08253611,1,20-30
73.0,184.0,29.0,1,0.08497942,1,20-30
73.0,185.0,28.0,1,0.08573803,1,20-30
73.0,186.0,27.0,1,0.08689179,1,20-30
73.0,187.0,26.0,1,0.08825985,1,20-30
73.0,188.0,25.0,1,0.089483544,1,20-30
73.0,189.0,24.0,1,0.09126323,1,20-30
73.0,190.0,23.0,1,0.093413405,1,20-30
73.0,191.0,22.0,1,0.094070576,1,20-30
73.0,192.0,21.0,1,0.09578215,1,20-30
73.0,193.0,20.0,1,0.09712928,1,10-20
73.0,194.0,19.0,1,0.099811114,1,10-20
73.0,195.0,18.0,1,0.10214566,1,10-20
73.0,196.0,17.0,1,0.10435345,1,10-20
73.0,197.0,16.0,1,0.10598293,1,10-20
73.0,198.0,15.0,1,0.10800364,1,10-20
73.0,199.0,14.0,1,0.10858856,1,10-20
73.0,200.0,13.0,1,0.11210358,1,10-20
73.0,201.0,12.0,1,0.1138248,1,10-20
73.0,202.0,11.0,1,0.115275785,1,10-20
73.0,203.0,10.0,1,0.11826187,1,0-10
73.0,204.0,9.0,1,0.11979869,1,0-10
73.0,205.0,8.0,1,0.12245163,1,0-10
73.0,206.0,7.0,1,0.12491298,1,0-10
73.0,207.0,6.0,1,0.12843849,1,0-10
73.0,208.0,5.0,1,0.13089703,1,0-10
73.0,209.0,4.0,1,0.13264537,1,0-10
73.0,210.0,3.0,1,0.1348768,1,0-10
73.0,211.0,2.0,1,0.13852654,1,0-10
73.0,212.0,1.0,1,0.14153789,1,0-10
73.0,213.0,0.0,1,0.1437283,1,0-10
74.0,136.0,30.0,1,0.04976251,0,20-30
74.0,137.0,29.0,1,0.050171375,0,20-30
74.0,138.0,28.0,1,0.049523164,0,20-30
74.0,139.0,27.0,1,0.050174214,0,20-30
74.0,140.0,26.0,1,0.051397648,0,20-30
74.0,141.0,25.0,1,0.053342666,0,20-30
74.0,142.0,24.0,1,0.053849727,0,20-30
74.0,143.0,23.0,1,0.055054046,0,20-30
74.0,144.0,22.0,1,0.0551222,0,20-30
74.0,145.0,21.0,1,0.0552843,0,20-30
74.0,146.0,20.0,1,0.05671162,0,10-20
74.0,147.0,19.0,1,0.05745414,0,10-20
74.0,148.0,18.0,1,0.058302302,1,10-20
74.0,149.0,17.0,1,0.059866853,1,10-20
74.0,150.0,16.0,1,0.062450793,1,10-20
74.0,151.0,15.0,1,0.06383044,1,10-20
74.0,152.0,14.0,1,0.06476075,1,10-20
74.0,153.0,13.0,1,0.06718361,1,10-20
74.0,154.0,12.0,1,0.06839804,1,10-20
74.0,155.0,11.0,1,0.070336215,1,10-20
74.0,156.0,10.0,1,0.07369346,1,0-10
74.0,157.0,9.0,1,0.07609687,1,0-10
74.0,158.0,8.0,1,0.07776632,1,0-10
74.0,159.0,7.0,1,0.07998533,1,0-10
74.0,160.0,6.0,1,0.082914725,1,0-10
74.0,161.0,5.0,1,0.086271726,1,0-10
74.0,162.0,4.0,1,0.08990506,1,0-10
74.0,163.0,3.0,1,0.094495006,1,0-10
74.0,164.0,2.0,1,0.098802984,1,0-10
74.0,165.0,1.0,1,0.10330877,1,0-10
74.0,166.0,0.0,1,0.107830435,1,0-10
75.0,199.0,30.0,1,0.07586895,1,20-30
75.0,200.0,29.0,1,0.07808536,1,20-30
75.0,201.0,28.0,1,0.07854758,1,20-30
75.0,202.0,27.0,1,0.079711184,1,20-30
75.0,203.0,26.0,1,0.08120278,1,20-30
75.0,204.0,25.0,1,0.08434681,1,20-30
75.0,205.0,24.0,1,0.086990595,1,20-30
75.0,206.0,23.0,1,0.08910031,1,20-30
75.0,207.0,22.0,1,0.09029362,1,20-30
75.0,208.0,21.0,1,0.093715206,1,20-30
75.0,209.0,20.0,1,0.09694024,1,10-20
75.0,210.0,19.0,1,0.09918361,1,10-20
75.0,211.0,18.0,1,0.10192773,1,10-20
75.0,212.0,17.0,1,0.102634266,1,10-20
75.0,213.0,16.0,1,0.1044216,1,10-20
75.0,214.0,15.0,1,0.10731374,1,10-20
75.0,215.0,14.0,1,0.108250946,1,10-20
75.0,216.0,13.0,1,0.10974993,1,10-20
75.0,217.0,12.0,1,0.111955434,1,10-20
75.0,218.0,11.0,1,0.114115916,1,10-20
75.0,219.0,10.0,1,0.11621842,1,0-10
75.0,220.0,9.0,1,0.1195907,1,0-10
75.0,221.0,8.0,1,0.122237265,1,0-10
75.0,222.0,7.0,1,0.12548882,1,0-10
75.0,223.0,6.0,1,0.12679791,1,0-10
75.0,224.0,5.0,1,0.1301231,1,0-10
75.0,225.0,4.0,1,0.13357556,1,0-10
75.0,226.0,3.0,1,0.13614416,1,0-10
75.0,227.0,2.0,1,0.13875951,1,0-10
75.0,228.0,1.0,1,0.14198248,1,0-10
75.0,229.0,0.0,1,0.14512488,1,0-10
76.0,180.0,30.0,1,0.0750023,1,20-30
76.0,181.0,29.0,1,0.076639846,1,20-30
76.0,182.0,28.0,1,0.078758985,1,20-30
76.0,183.0,27.0,1,0.07998017,1,20-30
76.0,184.0,26.0,1,0.080261275,1,20-30
76.0,185.0,25.0,1,0.08266244,1,20-30
76.0,186.0,24.0,1,0.08439143,1,20-30
76.0,187.0,23.0,1,0.086620815,1,20-30
76.0,188.0,22.0,1,0.08924888,1,20-30
76.0,189.0,21.0,1,0.091516025,1,20-30
76.0,190.0,20.0,1,0.093136676,1,10-20
76.0,191.0,19.0,1,0.095280744,1,10-20
76.0,192.0,18.0,1,0.09733536,1,10-20
76.0,193.0,17.0,1,0.099117264,1,10-20
76.0,194.0,16.0,1,0.10066419,1,10-20
76.0,195.0,15.0,1,0.10395973,1,10-20
76.0,196.0,14.0,1,0.10550362,1,10-20
76.0,197.0,13.0,1,0.10735003,1,10-20
76.0,198.0,12.0,1,0.10878639,1,10-20
76.0,199.0,11.0,1,0.112484135,1,10-20
76.0,200.0,10.0,1,0.114964925,1,0-10
76.0,201.0,9.0,1,0.11763153,1,0-10
76.0,202.0,8.0,1,0.1202235,1,0-10
76.0,203.0,7.0,1,0.12348426,1,0-10
76.0,204.0,6.0,1,0.12636724,1,0-10
76.0,205.0,5.0,1,0.12931472,1,0-10
76.0,206.0,4.0,1,0.13181047,1,0-10
76.0,207.0,3.0,1,0.13429104,1,0-10
76.0,208.0,2.0,1,0.13787,1,0-10
76.0,209.0,1.0,1,0.14040622,1,0-10
76.0,210.0,0.0,1,0.1438101,1,0-10
77.0,124.0,30.0,1,0.05272267,0,20-30
77.0,125.0,29.0,1,0.053217053,0,20-30
77.0,126.0,28.0,1,0.05314654,0,20-30
77.0,127.0,27.0,1,0.054560088,0,20-30
77.0,128.0,26.0,1,0.055473786,0,20-30
77.0,129.0,25.0,1,0.05662264,0,20-30
77.0,130.0,24.0,1,0.057436183,0,20-30
77.0,131.0,23.0,1,0.058055934,1,20-30
77.0,132.0,22.0,1,0.06005611,1,20-30
77.0,133.0,21.0,1,0.0615063,1,20-30
77.0,134.0,20.0,1,0.062479243,1,10-20
77.0,135.0,19.0,1,0.063332416,1,10-20
77.0,136.0,18.0,1,0.06568071,1,10-20
77.0,137.0,17.0,1,0.06765136,1,10-20
77.0,138.0,16.0,1,0.070169106,1,10-20
77.0,139.0,15.0,1,0.07245863,1,10-20
77.0,140.0,14.0,1,0.075494826,1,10-20
77.0,141.0,13.0,1,0.077957526,1,10-20
77.0,142.0,12.0,1,0.0797345,1,10-20
77.0,143.0,11.0,1,0.08103743,1,10-20
77.0,144.0,10.0,1,0.08361755,1,0-10
77.0,145.0,9.0,1,0.086599804,1,0-10
77.0,146.0,8.0,1,0.08984562,1,0-10
77.0,147.0,7.0,1,0.09243959,1,0-10
77.0,148.0,6.0,1,0.09453364,1,0-10
77.0,149.0,5.0,1,0.09969615,1,0-10
77.0,150.0,4.0,1,0.10464454,1,0-10
77.0,151.0,3.0,1,0.10874696,1,0-10
77.0,152.0,2.0,1,0.11291925,1,0-10
77.0,153.0,1.0,1,0.11868795,1,0-10
77.0,154.0,0.0,1,0.12361736,1,0-10
78.0,201.0,30.0,1,0.052324012,0,20-30
78.0,202.0,29.0,1,0.051913228,0,20-30
78.0,203.0,28.0,1,0.05230869,0,20-30
78.0,204.0,27.0,1,0.052821852,0,20-30
78.0,205.0,26.0,1,0.054067362,0,20-30
78.0,206.0,25.0,1,0.054110292,0,20-30
78.0,207.0,24.0,1,0.055612158,0,20-30
78.0,208.0,23.0,1,0.056429554,0,20-30
78.0,209.0,22.0,1,0.0578758,1,20-30
78.0,210.0,21.0,1,0.06016811,1,20-30
78.0,211.0,20.0,1,0.062202368,1,10-20
78.0,212.0,19.0,1,0.06450739,1,10-20
78.0,213.0,18.0,1,0.06611392,1,10-20
78.0,214.0,17.0,1,0.06819694,1,10-20
78.0,215.0,16.0,1,0.0698785,1,10-20
78.0,216.0,15.0,1,0.07263525,1,10-20
78.0,217.0,14.0,1,0.07523275,1,10-20
78.0,218.0,13.0,1,0.078716256,1,10-20
78.0,219.0,12.0,1,0.08258576,1,10-20
78.0,220.0,11.0,1,0.0846665,1,10-20
78.0,221.0,10.0,1,0.087571345,1,0-10
78.0,222.0,9.0,1,0.09173174,1,0-10
78.0,223.0,8.0,1,0.09585073,1,0-10
78.0,224.0,7.0,1,0.099615365,1,0-10
78.0,225.0,6.0,1,0.10439304,1,0-10
78.0,226.0,5.0,1,0.10925304,1,0-10
78.0,227.0,4.0,1,0.114177234,1,0-10
78.0,228.0,3.0,1,0.118453115,1,0-10
78.0,229.0,2.0,1,0.12201508,1,0-10
78.0,230.0,1.0,1,0.12668258,1,0-10
78.0,231.0,0.0,1,0.13139269,1,0-10
79.0,169.0,30.0,1,0.051934455,0,20-30
79.0,170.0,29.0,1,0.05227174,0,20-30
79.0,171.0,28.0,1,0.053121533,0,20-30
79.0,172.0,27.0,1,0.053333685,0,20-30
79.0,173.0,26.0,1,0.054101937,0,20-30
79.0,174.0,25.0,1,0.053812075,0,20-30
79.0,175.0,24.0,1,0.05443699,0,20-30
79.0,176.0,23.0,1,0.054269172,0,20-30
79.0,177.0,22.0,1,0.05571995,0,20-30
79.0,178.0,21.0,1,0.056773797,0,20-30
79.0,179.0,20.0,1,0.056994572,0,10-20
79.0,180.0,19.0,1,0.058817673,1,10-20
79.0,181.0,18.0,1,0.06041414,1,10-20
79.0,182.0,17.0,1,0.06288773,1,10-20
79.0,183.0,16.0,1,0.06558416,1,10-20
79.0,184.0,15.0,1,0.067531556,1,10-20
79.0,185.0,14.0,1,0.071243025,1,10-20
79.0,186.0,13.0,1,0.07447967,1,10-20
79.0,187.0,12.0,1,0.07696062,1,10-20
79.0,188.0,11.0,1,0.07973036,1,10-20
79.0,189.0,10.0,1,0.08316767,1,0-10
79.0,190.0,9.0,1,0.08639758,1,0-10
79.0,191.0,8.0,1,0.08915739,1,0-10
79.0,192.0,7.0,1,0.09284094,1,0-10
79.0,193.0,6.0,1,0.09671131,1,0-10
79.0,194.0,5.0,1,0.10102295,1,0-10
79.0,195.0,4.0,1,0.105532184,1,0-10
79.0,196.0,3.0,1,0.11054764,1,0-10
79.0,197.0,2.0,1,0.1156455,1,0-10
79.0,198.0,1.0,1,0.12119364,1,0-10
79.0,199.0,0.0,1,0.12655711,1,0-10
80.0,155.0,30.0,1,0.06690858,1,20-30
80.0,156.0,29.0,1,0.06811,1,20-30
80.0,157.0,28.0,1,0.07031342,1,20-30
80.0,158.0,27.0,1,0.07183251,1,20-30
80.0,159.0,26.0,1,0.07335019,1,20-30
80.0,160.0,25.0,1,0.075878486,1,20-30
80.0,161.0,24.0,1,0.07876071,1,20-30
80.0,162.0,23.0,1,0.08057137,1,20-30
80.0,163.0,22.0,1,0.081593655,1,20-30
80.0,164.0,21.0,1,0.08407001,1,20-30
80.0,165.0,20.0,1,0.086380005,1,10-20
80.0,166.0,19.0,1,0.08834485,1,10-20
80.0,167.0,18.0,1,0.09164128,1,10-20
80.0,168.0,17.0,1,0.094000705,1,10-20
80.0,169.0,16.0,1,0.095930554,1,10-20
80.0,170.0,15.0,1,0.09976807,1,10-20
80.0,171.0,14.0,1,0.10311511,1,10-20
80.0,172.0,13.0,1,0.10648233,1,10-20
80.0,173.0,12.0,1,0.10990891,1,10-20
80.0,174.0,11.0,1,0.11306472,1,10-20
80.0,175.0,10.0,1,0.11611126,1,0-10
80.0,176.0,9.0,1,0.118688256,1,0-10
80.0,177.0,8.0,1,0.12310673,1,0-10
80.0,178.0,7.0,1,0.12694545,1,0-10
80.0,179.0,6.0,1,0.13043882,1,0-10
80.0,180.0,5.0,1,0.13519241,1,0-10
80.0,181.0,4.0,1,0.14024292,1,0-10
80.0,182.0,3.0,1,0.14569752,1,0-10
80.0,183.0,2.0,1,0.15105706,1,0-10
80.0,184.0,1.0,1,0.1556314,1,0-10
80.0,185.0,0.0,1,0.16180377,1,0-10
81.0,210.0,30.0,1,0.07178965,1,20-30
81.0,211.0,29.0,1,0.07346239,1,20-30
81.0,212.0,28.0,1,0.074267596,1,20-30
81.0,213.0,27.0,1,0.07657647,1,20-30
81.0,214.0,26.0,1,0.078647345,1,20-30
81.0,215.0,25.0,1,0.07998713,1,20-30
81.0,216.0,24.0,1,0.08246577,1,20-30
81.0,217.0,23.0,1,0.08519469,1,20-30
81.0,218.0,22.0,1,0.08791305,1,20-30
81.0,219.0,21.0,1,0.09023728,1,20-30
81.0,220.0,20.0,1,0.09156676,1,10-20
81.0,221.0,19.0,1,0.09265154,1,10-20
81.0,222.0,18.0,1,0.094117865,1,10-20
81.0,223.0,17.0,1,0.096581854,1,10-20
81.0,224.0,16.0,1,0.098948166,1,10-20
81.0,225.0,15.0,1,0.10044639,1,10-20
81.0,226.0,14.0,1,0.10280145,1,10-20
81.0,227.0,13.0,1,0.10399394,1,10-20
81.0,228.0,12.0,1,0.10590964,1,10-20
81.0,229.0,11.0,1,0.10794473,1,10-20
81.0,230.0,10.0,1,0.110016465,1,0-10
81.0,231.0,9.0,1,0.11214427,1,0-10
81.0,232.0,8.0,1,0.116003565,1,0-10
81.0,233.0,7.0,1,0.11779026,1,0-10
81.0,234.0,6.0,1,0.11986539,1,0-10
81.0,235.0,5.0,1,0.12360386,1,0-10
81.0,236.0,4.0,1,0.12689659,1,0-10
81.0,237.0,3.0,1,0.13012496,1,0-10
81.0,238.0,2.0,1,0.13311663,1,0-10
81.0,239.0,1.0,1,0.13646275,1,0-10
81.0,240.0,0.0,1,0.14004128,1,0-10
82.0,184.0,30.0,1,0.06711314,1,20-30
82.0,185.0,29.0,1,0.06858317,1,20-30
82.0,186.0,28.0,1,0.06959773,1,20-30
82.0,187.0,27.0,1,0.07122493,1,20-30
82.0,188.0,26.0,1,0.07281987,1,20-30
82.0,189.0,25.0,1,0.07269005,1,20-30
82.0,190.0,24.0,1,0.07416735,1,20-30
82.0,191.0,23.0,1,0.075098045,1,20-30
82.0,192.0,22.0,1,0.076173656,1,20-30
82.0,193.0,21.0,1,0.077053405,1,20-30
82.0,194.0,20.0,1,0.078772895,1,10-20
82.0,195.0,19.0,1,0.08220169,1,10-20
82.0,196.0,18.0,1,0.08374029,1,10-20
82.0,197.0,17.0,1,0.08533057,1,10-20
82.0,198.0,16.0,1,0.08853863,1,10-20
82.0,199.0,15.0,1,0.090733744,1,10-20
82.0,200.0,14.0,1,0.09290989,1,10-20
82.0,201.0,13.0,1,0.096416205,1,10-20
82.0,202.0,12.0,1,0.099440105,1,10-20
82.0,203.0,11.0,1,0.10261142,1,10-20
82.0,204.0,10.0,1,0.1047529,1,0-10
82.0,205.0,9.0,1,0.10833554,1,0-10
82.0,206.0,8.0,1,0.11205334,1,0-10
82.0,207.0,7.0,1,0.11638723,1,0-10
82.0,208.0,6.0,1,0.12172806,1,0-10
82.0,209.0,5.0,1,0.12779184,1,0-10
82.0,210.0,4.0,1,0.1343235,1,0-10
82.0,211.0,3.0,1,0.1396789,1,0-10
82.0,212.0,2.0,1,0.14435661,1,0-10
82.0,213.0,1.0,1,0.15029448,1,0-10
82.0,214.0,0.0,1,0.15773126,1,0-10
83.0,263.0,30.0,1,0.057042383,0,20-30
83.0,264.0,29.0,1,0.057817206,1,20-30
83.0,265.0,28.0,1,0.05895869,1,20-30
83.0,266.0,27.0,1,0.059478354,1,20-30
83.0,267.0,26.0,1,0.060468037,1,20-30
83.0,268.0,25.0,1,0.062121794,1,20-30
83.0,269.0,24.0,1,0.06458547,1,20-30
83.0,270.0,23.0,1,0.0660131,1,20-30
83.0,271.0,22.0,1,0.06737984,1,20-30
83.0,272.0,21.0,1,0.069063425,1,20-30
83.0,273.0,20.0,1,0.0705524,1,10-20
83.0,274.0,19.0,1,0.07256616,1,10-20
83.0,275.0,18.0,1,0.07396376,1,10-20
83.0,276.0,17.0,1,0.074903,1,10-20
83.0,277.0,16.0,1,0.07600852,1,10-20
83.0,278.0,15.0,1,0.07922021,1,10-20
83.0,279.0,14.0,1,0.08186571,1,10-20
83.0,280.0,13.0,1,0.08404195,1,10-20
83.0,281.0,12.0,1,0.086514115,1,10-20
83.0,282.0,11.0,1,0.0889947,1,10-20
83.0,283.0,10.0,1,0.09161249,1,0-10
83.0,284.0,9.0,1,0.09560153,1,0-10
83.0,285.0,8.0,1,0.09789605,1,0-10
83.0,286.0,7.0,1,0.10098221,1,0-10
83.0,287.0,6.0,1,0.10429838,1,0-10
83.0,288.0,5.0,1,0.107234396,1,0-10
83.0,289.0,4.0,1,0.11084481,1,0-10
83.0,290.0,3.0,1,0.11444041,1,0-10
83.0,291.0,2.0,1,0.11909494,1,0-10
83.0,292.0,1.0,1,0.12125753,1,0-10
83.0,293.0,0.0,1,0.12498553,1,0-10
84.0,237.0,30.0,1,0.08804873,1,20-30
84.0,238.0,29.0,1,0.09026434,1,20-30
84.0,239.0,28.0,1,0.09043016,1,20-30
84.0,240.0,27.0,1,0.09110034,1,20-30
84.0,241.0,26.0,1,0.09397536,1,20-30
84.0,242.0,25.0,1,0.095656805,1,20-30
84.0,243.0,24.0,1,0.09787078,1,20-30
84.0,244.0,23.0,1,0.09977509,1,20-30
84.0,245.0,22.0,1,0.10165445,1,20-30
84.0,246.0,21.0,1,0.10214674,1,20-30
84.0,247.0,20.0,1,0.105187014,1,10-20
84.0,248.0,19.0,1,0.10723699,1,10-20
84.0,249.0,18.0,1,0.10960859,1,10-20
84.0,250.0,17.0,1,0.112387255,1,10-20
84.0,251.0,16.0,1,0.114244476,1,10-20
84.0,252.0,15.0,1,0.11561554,1,10-20
84.0,253.0,14.0,1,0.11854069,1,10-20
84.0,254.0,13.0,1,0.12054862,1,10-20
84.0,255.0,12.0,1,0.12236041,1,10-20
84.0,256.0,11.0,1,0.12353121,1,10-20
84.0,257.0,10.0,1,0.1256795,1,0-10
84.0,258.0,9.0,1,0.12869322,1,0-10
84.0,259.0,8.0,1,0.13180357,1,0-10
84.0,260.0,7.0,1,0.13442118,1,0-10
84.0,261.0,6.0,1,0.13733083,1,0-10
84.0,262.0,5.0,1,0.13985199,1,0-10
84.0,263.0,4.0,1,0.14383008,1,0-10
84.0,264.0,3.0,1,0.14590289,1,0-10
84.0,265.0,2.0,1,0.14899395,1,0-10
84.0,266.0,1.0,1,0.15169168,1,0-10
84.0,267.0,0.0,1,0.15430333,1,0-10
85.0,158.0,30.0,1,0.049617432,0,20-30
85.0,159.0,29.0,1,0.049758278,0,20-30
85.0,160.0,28.0,1,0.051696956,0,20-30
85.0,161.0,27.0,1,0.053243976,0,20-30
85.0,162.0,26.0,1,0.054223463,0,20-30
85.0,163.0,25.0,1,0.05588752,0,20-30
85.0,164.0,24.0,1,0.05611346,0,20-30
85.0,165.0,23.0,1,0.05771326,1,20-30
85.0,166.0,22.0,1,0.0585722,1,20-30
85.0,167.0,21.0,1,0.059880435,1,20-30
85.0,168.0,20.0,1,0.062239923,1,10-20
85.0,169.0,19.0,1,0.06390379,1,10-20
85.0,170.0,18.0,1,0.06608677,1,10-20
85.0,171.0,17.0,1,0.06705441,1,10-20
85.0,172.0,16.0,1,0.06992295,1,10-20
85.0,173.0,15.0,1,0.07183542,1,10-20
85.0,174.0,14.0,1,0.07461323,1,10-20
85.0,175.0,13.0,1,0.07825867,1,10-20
85.0,176.0,12.0,1,0.08047845,1,10-20
85.0,177.0,11.0,1,0.08358217,1,10-20
85.0,178.0,10.0,1,0.08572005,1,0-10
85.0,179.0,9.0,1,0.08877964,1,0-10
85.0,180.0,8.0,1,0.091400005,1,0-10
85.0,181.0,7.0,1,0.09418374,1,0-10
85.0,182.0,6.0,1,0.096808776,1,0-10
85.0,183.0,5.0,1,0.099221736,1,0-10
85.0,184.0,4.0,1,0.10228716,1,0-10
85.0,185.0,3.0,1,0.10468261,1,0-10
85.0,186.0,2.0,1,0.10984148,1,0-10
85.0,187.0,1.0,1,0.1153365,1,0-10
85.0,188.0,0.0,1,0.11899126,1,0-10
86.0,248.0,30.0,1,0.08541196,1,20-30
86.0,249.0,29.0,1,0.08778514,1,20-30
86.0,250.0,28.0,1,0.089320295,1,20-30
86.0,251.0,27.0,1,0.09159331,1,20-30
86.0,252.0,26.0,1,0.09322153,1,20-30
86.0,253.0,25.0,1,0.093416154,1,20-30
86.0,254.0,24.0,1,0.095724046,1,20-30
86.0,255.0,23.0,1,0.09846628,1,20-30
86.0,256.0,22.0,1,0.10046416,1,20-30
86.0,257.0,21.0,1,0.10280341,1,20-30
86.0,258.0,20.0,1,0.10503451,1,10-20
86.0,259.0,19.0,1,0.10734662,1,10-20
86.0,260.0,18.0,1,0.11016606,1,10-20
86.0,261.0,17.0,1,0.112144016,1,10-20
86.0,262.0,16.0,1,0.11467913,1,10-20
86.0,263.0,15.0,1,0.117599145,1,10-20
86.0,264.0,14.0,1,0.12159577,1,10-20
86.0,265.0,13.0,1,0.12364324,1,10-20
86.0,266.0,12.0,1,0.12689851,1,10-20
86.0,267.0,11.0,1,0.12882781,1,10-20
86.0,268.0,10.0,1,0.13171828,1,0-10
86.0,269.0,9.0,1,0.13433208,1,0-10
86.0,270.0,8.0,1,0.13639998,1,0-10
86.0,271.0,7.0,1,0.13881996,1,0-10
86.0,272.0,6.0,1,0.14072672,1,0-10
86.0,273.0,5.0,1,0.14311096,1,0-10
86.0,274.0,4.0,1,0.14555168,1,0-10
86.0,275.0,3.0,1,0.14794026,1,0-10
86.0,276.0,2.0,1,0.14927965,1,0-10
86.0,277.0,1.0,1,0.1517094,1,0-10
86.0,278.0,0.0,1,0.15373777,1,0-10
87.0,148.0,30.0,1,0.054104846,0,20-30
87.0,149.0,29.0,1,0.056028053,0,20-30
87.0,150.0,28.0,1,0.057173297,0,20-30
87.0,151.0,27.0,1,0.057047375,0,20-30
87.0,152.0,26.0,1,0.05827551,1,20-30
87.0,153.0,25.0,1,0.05888171,1,20-30
87.0,154.0,24.0,1,0.06090253,1,20-30
87.0,155.0,23.0,1,0.062032506,1,20-30
87.0,156.0,22.0,1,0.062550776,1,20-30
87.0,157.0,21.0,1,0.065163314,1,20-30
87.0,158.0,20.0,1,0.066954866,1,10-20
87.0,159.0,19.0,1,0.06956264,1,10-20
87.0,160.0,18.0,1,0.07155499,1,10-20
87.0,161.0,17.0,1,0.07356515,1,10-20
87.0,162.0,16.0,1,0.075213626,1,10-20
87.0,163.0,15.0,1,0.0769937,1,10-20
87.0,164.0,14.0,1,0.07986736,1,10-20
87.0,165.0,13.0,1,0.082253665,1,10-20
87.0,166.0,12.0,1,0.0843767,1,10-20
87.0,167.0,11.0,1,0.08755054,1,10-20
87.0,168.0,10.0,1,0.09076005,1,0-10
87.0,169.0,9.0,1,0.09284104,1,0-10
87.0,170.0,8.0,1,0.09633935,1,0-10
87.0,171.0,7.0,1,0.09991357,1,0-10
87.0,172.0,6.0,1,0.1035079,1,0-10
87.0,173.0,5.0,1,0.10605042,1,0-10
87.0,174.0,4.0,1,0.10954722,1,0-10
87.0,175.0,3.0,1,0.11381814,1,0-10
87.0,176.0,2.0,1,0.11794519,1,0-10
87.0,177.0,1.0,1,0.12149663,1,0-10
87.0,178.0,0.0,1,0.12515895,1,0-10
88.0,183.0,30.0,1,0.062479716,1,20-30
88.0,184.0,29.0,1,0.0637123,1,20-30
88.0,185.0,28.0,1,0.0643096,1,20-30
88.0,186.0,27.0,1,0.06585996,1,20-30
88.0,187.0,26.0,1,0.06862046,1,20-30
88.0,188.0,25.0,1,0.06939909,1,20-30
88.0,189.0,24.0,1,0.071449034,1,20-30
88.0,190.0,23.0,1,0.073759966,1,20-30
88.0,191.0,22.0,1,0.07609518,1,20-30
88.0,192.0,21.0,1,0.07822861,1,20-30
88.0,193.0,20.0,1,0.080323234,1,10-20
88.0,194.0,19.0,1,0.08281898,1,10-20
88.0,195.0,18.0,1,0.08654667,1,10-20
88.0,196.0,17.0,1,0.090241976,1,10-20
88.0,197.0,16.0,1,0.0938128,1,10-20
88.0,198.0,15.0,1,0.09667596,1,10-20
88.0,199.0,14.0,1,0.10051638,1,10-20
88.0,200.0,13.0,1,0.10359365,1,10-20
88.0,201.0,12.0,1,0.107281104,1,10-20
88.0,202.0,11.0,1,0.11074567,1,10-20
88.0,203.0,10.0,1,0.11484931,1,0-10
88.0,204.0,9.0,1,0.11903563,1,0-10
88.0,205.0,8.0,1,0.123020396,1,0-10
88.0,206.0,7.0,1,0.12705742,1,0-10
88.0,207.0,6.0,1,0.13187516,1,0-10
88.0,208.0,5.0,1,0.13517009,1,0-10
88.0,209.0,4.0,1,0.13928138,1,0-10
88.0,210.0,3.0,1,0.1444519,1,0-10
88.0,211.0,2.0,1,0.14911413,1,0-10
88.0,212.0,1.0,1,0.15358952,1,0-10
88.0,213.0,0.0,1,0.15950993,1,0-10
89.0,187.0,30.0,1,0.051154766,0,20-30
89.0,188.0,29.0,1,0.051959697,0,20-30
89.0,189.0,28.0,1,0.052244306,0,20-30
89.0,190.0,27.0,1,0.053277172,0,20-30
89.0,191.0,26.0,1,0.05457907,0,20-30
89.0,192.0,25.0,1,0.05519325,0,20-30
89.0,193.0,24.0,1,0.054656517,0,20-30
89.0,194.0,23.0,1,0.055760585,0,20-30
89.0,195.0,22.0,1,0.057242095,0,20-30
89.0,196.0,21.0,1,0.05891217,1,20-30
89.0,197.0,20.0,1,0.061019074,1,10-20
89.0,198.0,19.0,1,0.063319184,1,10-20
89.0,199.0,18.0,1,0.06627761,1,10-20
89.0,200.0,17.0,1,0.068704665,1,10-20
89.0,201.0,16.0,1,0.07044322,1,10-20
89.0,202.0,15.0,1,0.07421086,1,10-20
89.0,203.0,14.0,1,0.078395635,1,10-20
89.0,204.0,13.0,1,0.082277186,1,10-20
89.0,205.0,12.0,1,0.08416572,1,10-20
89.0,206.0,11.0,1,0.08742124,1,10-20
89.0,207.0,10.0,1,0.09167262,1,0-10
89.0,208.0,9.0,1,0.09458343,1,0-10
89.0,209.0,8.0,1,0.09917678,1,0-10
89.0,210.0,7.0,1,0.10293768,1,0-10
89.0,211.0,6.0,1,0.10654055,1,0-10
89.0,212.0,5.0,1,0.11028755,1,0-10
89.0,213.0,4.0,1,0.115942456,1,0-10
89.0,214.0,3.0,1,0.11889052,1,0-10
89.0,215.0,2.0,1,0.12351703,1,0-10
89.0,216.0,1.0,1,0.1282956,1,0-10
89.0,217.0,0.0,1,0.13239655,1,0-10
90.0,124.0,30.0,1,0.050295327,0,20-30
90.0,125.0,29.0,1,0.05022857,0,20-30
90.0,126.0,28.0,1,0.050721664,0,20-30
90.0,127.0,27.0,1,0.049948435,0,20-30
90.0,128.0,26.0,1,0.050026126,0,20-30
90.0,129.0,25.0,1,0.05008107,0,20-30
90.0,130.0,24.0,1,0.05020068,0,20-30
90.0,131.0,23.0,1,0.050985686,0,20-30
90.0,132.0,22.0,1,0.052056827,0,20-30
90.0,133.0,21.0,1,0.052866694,0,20-30
90.0,134.0,20.0,1,0.05411099,0,10-20
90.0,135.0,19.0,1,0.054508816,0,10-20
90.0,136.0,18.0,1,0.05508,0,10-20
90.0,137.0,17.0,1,0.055875696,0,10-20
90.0,138.0,16.0,1,0.05598928,0,10-20
90.0,139.0,15.0,1,0.057462603,0,10-20
90.0,140.0,14.0,1,0.058029804,1,10-20
90.0,141.0,13.0,1,0.058470305,1,10-20
90.0,142.0,12.0,1,0.06051759,1,10-20
90.0,143.0,11.0,1,0.06214169,1,10-20
90.0,144.0,10.0,1,0.06338105,1,0-10
90.0,145.0,9.0,1,0.06533656,1,0-10
90.0,146.0,8.0,1,0.06741548,1,0-10
90.0,147.0,7.0,1,0.069039874,1,0-10
90.0,148.0,6.0,1,0.07037538,1,0-10
90.0,149.0,5.0,1,0.07316464,1,0-10
90.0,150.0,4.0,1,0.075758,1,0-10
90.0,151.0,3.0,1,0.07818952,1,0-10
90.0,152.0,2.0,1,0.08174202,1,0-10
90.0,153.0,1.0,1,0.08692341,1,0-10
90.0,154.0,0.0,1,0.091958754,1,0-10
91.0,105.0,30.0,1,0.06420957,1,20-30
91.0,106.0,29.0,1,0.0649608,1,20-30
91.0,107.0,28.0,1,0.06503798,1,20-30
91.0,108.0,27.0,1,0.065564826,1,20-30
91.0,109.0,26.0,1,0.06779947,1,20-30
91.0,110.0,25.0,1,0.06831504,1,20-30
91.0,111.0,24.0,1,0.0704131,1,20-30
91.0,112.0,23.0,1,0.07197668,1,20-30
91.0,113.0,22.0,1,0.074039735,1,20-30
91.0,114.0,21.0,1,0.07585437,1,20-30
91.0,115.0,20.0,1,0.07584292,1,10-20
91.0,116.0,19.0,1,0.076808065,1,10-20
91.0,117.0,18.0,1,0.07735811,1,10-20
91.0,118.0,17.0,1,0.07942838,1,10-20
91.0,119.0,16.0,1,0.081804454,1,10-20
91.0,120.0,15.0,1,0.08357627,1,10-20
91.0,121.0,14.0,1,0.085906066,1,10-20
91.0,122.0,13.0,1,0.087731294,1,10-20
91.0,123.0,12.0,1,0.08949141,1,10-20
91.0,124.0,11.0,1,0.091532305,1,10-20
91.0,125.0,10.0,1,0.09344476,1,0-10
91.0,126.0,9.0,1,0.09750351,1,0-10
91.0,127.0,8.0,1,0.101176746,1,0-10
91.0,128.0,7.0,1,0.104086325,1,0-10
91.0,129.0,6.0,1,0.10681346,1,0-10
91.0,130.0,5.0,1,0.109442346,1,0-10
91.0,131.0,4.0,1,0.11204127,1,0-10
91.0,132.0,3.0,1,0.116067,1,0-10
91.0,133.0,2.0,1,0.12133591,1,0-10
91.0,134.0,1.0,1,0.12545219,1,0-10
91.0,135.0,0.0,1,0.12975189,1,0-10
92.0,311.0,30.0,1,0.09764047,1,20-30
92.0,312.0,29.0,1,0.101104006,1,20-30
92.0,313.0,28.0,1,0.10289522,1,20-30
92.0,314.0,27.0,1,0.10480235,1,20-30
92.0,315.0,26.0,1,0.105305806,1,20-30
92.0,316.0,25.0,1,0.10802015,1,20-30
92.0,317.0,24.0,1,0.109310396,1,20-30
92.0,318.0,23.0,1,0.11083004,1,20-30
92.0,319.0,22.0,1,0.113890484,1,20-30
92.0,320.0,21.0,1,0.11637175,1,20-30
92.0,321.0,20.0,1,0.120178334,1,10-20
92.0,322.0,19.0,1,0.12295549,1,10-20
92.0,323.0,18.0,1,0.12489119,1,10-20
92.0,324.0,17.0,1,0.12809865,1,10-20
92.0,325.0,16.0,1,0.13124251,1,10-20
92.0,326.0,15.0,1,0.13345584,1,10-20
92.0,327.0,14.0,1,0.13528147,1,10-20
92.0,328.0,13.0,1,0.13832909,1,10-20
92.0,329.0,12.0,1,0.14064528,1,10-20
92.0,330.0,11.0,1,0.14263153,1,10-20
92.0,331.0,10.0,1,0.14599562,1,0-10
92.0,332.0,9.0,1,0.1488983,1,0-10
92.0,333.0,8.0,1,0.15217547,1,0-10
92.0,334.0,7.0,1,0.1556683,1,0-10
92.0,335.0,6.0,1,0.15916009,1,0-10
92.0,336.0,5.0,1,0.16233659,1,0-10
92.0,337.0,4.0,1,0.16406876,1,0-10
92.0,338.0,3.0,1,0.16796501,1,0-10
92.0,339.0,2.0,1,0.1714777,1,0-10
92.0,340.0,1.0,1,0.17531414,1,0-10
92.0,341.0,0.0,1,0.17972124,1,0-10
93.0,125.0,30.0,1,0.05283131,0,20-30
93.0,126.0,29.0,1,0.052926265,0,20-30
93.0,127.0,28.0,1,0.052019365,0,20-30
93.0,128.0,27.0,1,0.05244256,0,20-30
93.0,129.0,26.0,1,0.052389205,0,20-30
93.0,130.0,25.0,1,0.05278611,0,20-30
93.0,131.0,24.0,1,0.053763326,0,20-30
93.0,132.0,23.0,1,0.054832123,0,20-30
93.0,133.0,22.0,1,0.055648085,0,20-30
93.0,134.0,21.0,1,0.05562814,0,20-30
93.0,135.0,20.0,1,0.056286257,0,10-20
93.0,136.0,19.0,1,0.056947578,0,10-20
93.0,137.0,18.0,1,0.05904738,1,10-20
93.0,138.0,17.0,1,0.060661633,1,10-20
93.0,139.0,16.0,1,0.061622813,1,10-20
93.0,140.0,15.0,1,0.06336857,1,10-20
93.0,141.0,14.0,1,0.065077774,1,10-20
93.0,142.0,13.0,1,0.06544049,1,10-20
93.0,143.0,12.0,1,0.06692527,1,10-20
93.0,144.0,11.0,1,0.069283314,1,10-20
93.0,145.0,10.0,1,0.07272212,1,0-10
93.0,146.0,9.0,1,0.0750648,1,0-10
93.0,147.0,8.0,1,0.07782817,1,0-10
93.0,148.0,7.0,1,0.081417784,1,0-10
93.0,149.0,6.0,1,0.08499439,1,0-10
93.0,150.0,5.0,1,0.08905146,1,0-10
93.0,151.0,4.0,1,0.09337828,1,0-10
93.0,152.0,3.0,1,0.097048506,1,0-10
93.0,153.0,2.0,1,0.101298235,1,0-10
93.0,154.0,1.0,1,0.10642308,1,0-10
93.0,155.0,0.0,1,0.110183,1,0-10
94.0,228.0,30.0,1,0.09242549,1,20-30
94.0,229.0,29.0,1,0.094311975,1,20-30
94.0,230.0,28.0,1,0.096091114,1,20-30
94.0,231.0,27.0,1,0.09763289,1,20-30
94.0,232.0,26.0,1,0.09925929,1,20-30
94.0,233.0,25.0,1,0.10095834,1,20-30
94.0,234.0,24.0,1,0.10358209,1,20-30
94.0,235.0,23.0,1,0.10565159,1,20-30
94.0,236.0,22.0,1,0.10899924,1,20-30
94.0,237.0,21.0,1,0.11089393,1,20-30
94.0,238.0,20.0,1,0.11278719,1,10-20
94.0,239.0,19.0,1,0.11672474,1,10-20
94.0,240.0,18.0,1,0.1197268,1,10-20
94.0,241.0,17.0,1,0.12169711,1,10-20
94.0,242.0,16.0,1,0.12441413,1,10-20
94.0,243.0,15.0,1,0.12626657,1,10-20
94.0,244.0,14.0,1,0.12810971,1,10-20
94.0,245.0,13.0,1,0.13048145,1,10-20
94.0,246.0,12.0,1,0.13442358,1,10-20
94.0,247.0,11.0,1,0.13736159,1,10-20
94.0,248.0,10.0,1,0.14116465,1,0-10
94.0,249.0,9.0,1,0.14425571,1,0-10
94.0,250.0,8.0,1,0.1478338,1,0-10
94.0,251.0,7.0,1,0.15191323,1,0-10
94.0,252.0,6.0,1,0.15564127,1,0-10
94.0,253.0,5.0,1,0.1586516,1,0-10
94.0,254.0,4.0,1,0.16194604,1,0-10
94.0,255.0,3.0,1,0.16594559,1,0-10
94.0,256.0,2.0,1,0.17066254,1,0-10
94.0,257.0,1.0,1,0.17458212,1,0-10
94.0,258.0,0.0,1,0.17893237,1,0-10
95.0,253.0,30.0,1,0.06674115,1,20-30
95.0,254.0,29.0,1,0.06833765,1,20-30
95.0,255.0,28.0,1,0.069107205,1,20-30
95.0,256.0,27.0,1,0.07062485,1,20-30
95.0,257.0,26.0,1,0.07225098,1,20-30
95.0,258.0,25.0,1,0.07511773,1,20-30
95.0,259.0,24.0,1,0.07631304,1,20-30
95.0,260.0,23.0,1,0.07797626,1,20-30
95.0,261.0,22.0,1,0.079327255,1,20-30
95.0,262.0,21.0,1,0.080524616,1,20-30
95.0,263.0,20.0,1,0.082098894,1,10-20
95.0,264.0,19.0,1,0.08513669,1,10-20
95.0,265.0,18.0,1,0.08771793,1,10-20
95.0,266.0,17.0,1,0.08960241,1,10-20
95.0,267.0,16.0,1,0.09275864,1,10-20
95.0,268.0,15.0,1,0.09515803,1,10-20
95.0,269.0,14.0,1,0.09761979,1,10-20
95.0,270.0,13.0,1,0.10168018,1,10-20
95.0,271.0,12.0,1,0.10564558,1,10-20
95.0,272.0,11.0,1,0.1088549,1,10-20
95.0,273.0,10.0,1,0.112894036,1,0-10
95.0,274.0,9.0,1,0.11553669,1,0-10
95.0,275.0,8.0,1,0.11932747,1,0-10
95.0,276.0,7.0,1,0.123053536,1,0-10
95.0,277.0,6.0,1,0.12556857,1,0-10
95.0,278.0,5.0,1,0.12979199,1,0-10
95.0,279.0,4.0,1,0.13385683,1,0-10
95.0,280.0,3.0,1,0.1374999,1,0-10
95.0,281.0,2.0,1,0.14142296,1,0-10
95.0,282.0,1.0,1,0.14645399,1,0-10
95.0,283.0,0.0,1,0.15160184,1,0-10
96.0,306.0,30.0,1,0.08623163,1,20-30
96.0,307.0,29.0,1,0.08670727,1,20-30
96.0,308.0,28.0,1,0.0885188,1,20-30
96.0,309.0,27.0,1,0.090651825,1,20-30
96.0,310.0,26.0,1,0.092057906,1,20-30
96.0,311.0,25.0,1,0.09414924,1,20-30
96.0,312.0,24.0,1,0.096321344,1,20-30
96.0,313.0,23.0,1,0.097844005,1,20-30
96.0,314.0,22.0,1,0.09996617,1,20-30
96.0,315.0,21.0,1,0.10266186,1,20-30
96.0,316.0,20.0,1,0.10336835,1,10-20
96.0,317.0,19.0,1,0.10582444,1,10-20
96.0,318.0,18.0,1,0.10712691,1,10-20
96.0,319.0,17.0,1,0.107918344,1,10-20
96.0,320.0,16.0,1,0.109948546,1,10-20
96.0,321.0,15.0,1,0.110873915,1,10-20
96.0,322.0,14.0,1,0.11289497,1,10-20
96.0,323.0,13.0,1,0.114022404,1,10-20
96.0,324.0,12.0,1,0.11646163,1,10-20
96.0,325.0,11.0,1,0.119765304,1,10-20
96.0,326.0,10.0,1,0.1221747,1,0-10
96.0,327.0,9.0,1,0.12474615,1,0-10
96.0,328.0,8.0,1,0.12731756,1,0-10
96.0,329.0,7.0,1,0.13081415,1,0-10
96.0,330.0,6.0,1,0.1339532,1,0-10
96.0,331.0,5.0,1,0.13648513,1,0-10
96.0,332.0,4.0,1,0.13961336,1,0-10
96.0,333.0,3.0,1,0.14239492,1,0-10
96.0,334.0,2.0,1,0.14414217,1,0-10
96.0,335.0,1.0,1,0.14814311,1,0-10
96.0,336.0,0.0,1,0.15243581,1,0-10
97.0,172.0,30.0,1,0.05661711,0,20-30
97.0,173.0,29.0,1,0.05833563,1,20-30
97.0,174.0,28.0,1,0.059219345,1,20-30
97.0,175.0,27.0,1,0.060369637,1,20-30
97.0,176.0,26.0,1,0.06198085,1,20-30
97.0,177.0,25.0,1,0.062580466,1,20-30
97.0,178.0,24.0,1,0.06486554,1,20-30
97.0,179.0,23.0,1,0.06544648,1,20-30
97.0,180.0,22.0,1,0.06793247,1,20-30
97.0,181.0,21.0,1,0.068490975,1,20-30
97.0,182.0,20.0,1,0.06945619,1,10-20
97.0,183.0,19.0,1,0.07066287,1,10-20
97.0,184.0,18.0,1,0.07302188,1,10-20
97.0,185.0,17.0,1,0.075290106,1,10-20
97.0,186.0,16.0,1,0.0777861,1,10-20
97.0,187.0,15.0,1,0.08055248,1,10-20
97.0,188.0,14.0,1,0.0830897,1,10-20
97.0,189.0,13.0,1,0.08571447,1,10-20
97.0,190.0,12.0,1,0.08827876,1,10-20
97.0,191.0,11.0,1,0.09183741,1,10-20
97.0,192.0,10.0,1,0.09659088,1,0-10
97.0,193.0,9.0,1,0.09975573,1,0-10
97.0,194.0,8.0,1,0.103636645,1,0-10
97.0,195.0,7.0,1,0.108813,1,0-10
97.0,196.0,6.0,1,0.11295893,1,0-10
97.0,197.0,5.0,1,0.11852206,1,0-10
97.0,198.0,4.0,1,0.1253131,1,0-10
97.0,199.0,3.0,1,0.13139436,1,0-10
97.0,200.0,2.0,1,0.13777292,1,0-10
97.0,201.0,1.0,1,0.144585,1,0-10
97.0,202.0,0.0,1,0.15165202,1,0-10
98.0,126.0,30.0,1,0.050624825,0,20-30
98.0,127.0,29.0,1,0.050381828,0,20-30
98.0,128.0,28.0,1,0.04980514,0,20-30
98.0,129.0,27.0,1,0.05041199,0,20-30
98.0,130.0,26.0,1,0.05094197,0,20-30
98.0,131.0,25.0,1,0.0517194,0,20-30
98.0,132.0,24.0,1,0.052045383,0,20-30
98.0,133.0,23.0,1,0.052148852,0,20-30
98.0,134.0,22.0,1,0.052263983,0,20-30
98.0,135.0,21.0,1,0.052760385,0,20-30
98.0,136.0,20.0,1,0.053544827,0,10-20
98.0,137.0,19.0,1,0.053840064,0,10-20
98.0,138.0,18.0,1,0.05469077,0,10-20
98.0,139.0,17.0,1,0.056177102,0,10-20
98.0,140.0,16.0,1,0.056817353,0,10-20
98.0,141.0,15.0,1,0.058964793,1,10-20
98.0,142.0,14.0,1,0.060017664,1,10-20
98.0,143.0,13.0,1,0.06170979,1,10-20
98.0,144.0,12.0,1,0.06403443,1,10-20
98.0,145.0,11.0,1,0.066021614,1,10-20
98.0,146.0,10.0,1,0.067001216,1,0-10
98.0,147.0,9.0,1,0.0710617,1,0-10
98.0,148.0,8.0,1,0.07431523,1,0-10
98.0,149.0,7.0,1,0.075908594,1,0-10
98.0,150.0,6.0,1,0.07873202,1,0-10
98.0,151.0,5.0,1,0.082180485,1,0-10
98.0,152.0,4.0,1,0.08592378,1,0-10
98.0,153.0,3.0,1,0.089568436,1,0-10
98.0,154.0,2.0,1,0.09336716,1,0-10
98.0,155.0,1.0,1,0.09838183,1,0-10
98.0,156.0,0.0,1,0.10291123,1,0-10
99.0,155.0,30.0,1,0.049886536,0,20-30
99.0,156.0,29.0,1,0.051143512,0,20-30
99.0,157.0,28.0,1,0.051143065,0,20-30
99.0,158.0,27.0,1,0.05218374,0,20-30
99.0,159.0,26.0,1,0.05281998,0,20-30
99.0,160.0,25.0,1,0.053354442,0,20-30
99.0,161.0,24.0,1,0.05434301,0,20-30
99.0,162.0,23.0,1,0.055051804,0,20-30
99.0,163.0,22.0,1,0.05686629,0,20-30
99.0,164.0,21.0,1,0.05719021,0,20-30
99.0,165.0,20.0,1,0.058335822,1,10-20
99.0,166.0,19.0,1,0.05999148,1,10-20
99.0,167.0,18.0,1,0.06168181,1,10-20
99.0,168.0,17.0,1,0.06372551,1,10-20
99.0,169.0,16.0,1,0.06574991,1,10-20
99.0,170.0,15.0,1,0.06735854,1,10-20
99.0,171.0,14.0,1,0.06991391,1,10-20
99.0,172.0,13.0,1,0.07226856,1,10-20
99.0,173.0,12.0,1,0.07442634,1,10-20
99.0,174.0,11.0,1,0.07715646,1,10-20
99.0,175.0,10.0,1,0.07933764,1,0-10
99.0,176.0,9.0,1,0.08142383,1,0-10
99.0,177.0,8.0,1,0.083361775,1,0-10
99.0,178.0,7.0,1,0.08693063,1,0-10
99.0,179.0,6.0,1,0.090581596,1,0-10
99.0,180.0,5.0,1,0.09574476,1,0-10
99.0,181.0,4.0,1,0.100089975,1,0-10
99.0,182.0,3.0,1,0.10449691,1,0-10
99.0,183.0,2.0,1,0.109070376,1,0-10
99.0,184.0,1.0,1,0.11390634,1,0-10
99.0,185.0,0.0,1,0.11858866,1,0-10
100.0,170.0,30.0,1,0.06403973,1,20-30
100.0,171.0,29.0,1,0.0661379,1,20-30
100.0,172.0,28.0,1,0.06766027,1,20-30
100.0,173.0,27.0,1,0.06935384,1,20-30
100.0,174.0,26.0,1,0.0708457,1,20-30
100.0,175.0,25.0,1,0.07202361,1,20-30
100.0,176.0,24.0,1,0.07325165,1,20-30
100.0,177.0,23.0,1,0.07525213,1,20-30
100.0,178.0,22.0,1,0.07737858,1,20-30
100.0,179.0,21.0,1,0.07879775,1,20-30
100.0,180.0,20.0,1,0.08005879,1,10-20
100.0,181.0,19.0,1,0.08239023,1,10-20
100.0,182.0,18.0,1,0.084830984,1,10-20
100.0,183.0,17.0,1,0.08767514,1,10-20
100.0,184.0,16.0,1,0.090468444,1,10-20
100.0,185.0,15.0,1,0.09182504,1,10-20
100.0,186.0,14.0,1,0.093258694,1,10-20
100.0,187.0,13.0,1,0.09570214,1,10-20
100.0,188.0,12.0,1,0.098189116,1,10-20
100.0,189.0,11.0,1,0.101287134,1,10-20
100.0,190.0,10.0,1,0.10345537,1,0-10
100.0,191.0,9.0,1,0.10843103,1,0-10
100.0,192.0,8.0,1,0.11175151,1,0-10
100.0,193.0,7.0,1,0.11471526,1,0-10
100.0,194.0,6.0,1,0.1177904,1,0-10
100.0,195.0,5.0,1,0.12032888,1,0-10
100.0,196.0,4.0,1,0.12307548,1,0-10
100.0,197.0,3.0,1,0.12686504,1,0-10
100.0,198.0,2.0,1,0.13074878,1,0-10
100.0,199.0,1.0,1,0.1352429,1,0-10
100.0,200.0,0.0,1,0.13845901,1,0-10
