sequence_index,true_label,reconstruction_error,predicted_anomaly
0,0,0.0040817386,0
1,0,0.004033629,0
2,0,0.0040454324,0
3,0,0.0040775356,0
4,0,0.0040229447,0
5,0,0.0040794807,0
6,0,0.004107297,0
7,0,0.0041437093,0
8,0,0.0041842246,0
9,0,0.004224041,0
10,0,0.004110493,0
11,0,0.0040909424,0
12,0,0.0040569804,0
13,0,0.003908803,0
14,0,0.0038528473,0
15,0,0.0038919349,0
16,0,0.003852749,0
17,0,0.0038184929,0
18,0,0.003813351,0
19,0,0.0037833042,0
20,0,0.0036792343,0
21,0,0.0037349178,0
22,0,0.0038643365,0
23,0,0.0038639468,0
24,0,0.0038926713,0
25,0,0.0037292696,0
26,0,0.0037735738,0
27,0,0.0037732052,0
28,0,0.0037290484,0
29,0,0.0038990895,0
30,0,0.0038296934,0
31,0,0.00385632,0
32,0,0.003836441,0
33,0,0.0039703255,0
34,0,0.0038892021,0
35,0,0.0038861977,0
36,0,0.0038809276,0
37,0,0.00389369,0
38,0,0.0037964934,0
39,0,0.003706041,0
40,0,0.00367849,0
41,0,0.0036241438,0
42,0,0.0037202158,0
43,0,0.0036653678,0
44,0,0.0037223627,0
45,0,0.0038138966,0
46,0,0.0039296723,0
47,0,0.0039366987,0
48,0,0.0040637655,0
49,0,0.0040793717,0
50,0,0.004165628,0
51,0,0.00409951,0
52,0,0.0039424016,0
53,0,0.003951518,0
54,0,0.0039469562,0
55,0,0.0040423344,0
56,0,0.003997536,0
57,0,0.00408258,0
58,0,0.004073882,0
59,0,0.00390057,0
60,0,0.0040711127,0
61,0,0.004155413,0
62,1,0.0041121263,0
63,1,0.004079919,0
64,1,0.004137326,0
65,1,0.004384246,0
66,1,0.00434359,0
67,1,0.0043540425,0
68,1,0.004523144,0
69,1,0.0045962892,0
70,1,0.004645759,0
71,1,0.004709689,0
72,1,0.0047120466,0
73,1,0.0047626817,0
74,1,0.0046527516,0
75,1,0.0045523504,0
76,1,0.0044736653,0
77,1,0.004681379,0
78,1,0.0048231985,0
79,1,0.004901786,0
80,1,0.0048539345,0
81,1,0.004956326,0
82,1,0.0049272184,0
83,1,0.004936985,0
84,1,0.0049252757,0
85,1,0.0048563215,0
86,1,0.004913778,0
87,1,0.0050687334,0
88,1,0.0049262745,0
89,1,0.0050077406,0
90,1,0.004838636,0
91,1,0.004824287,0
92,1,0.0049821166,0
93,1,0.0051289336,0
94,1,0.005230758,0
95,1,0.0051679844,0
96,1,0.005227155,0
97,1,0.005193206,0
98,1,0.005021995,0
99,1,0.005122809,0
100,1,0.0051798723,0
101,1,0.005177211,0
102,1,0.0054037147,0
103,1,0.005293124,0
104,1,0.005269762,0
105,1,0.0052263583,0
106,1,0.0052148737,0
107,1,0.0050732037,0
108,1,0.004896838,0
109,1,0.0048291176,0
110,1,0.0048439372,0
111,1,0.0049076043,0
112,1,0.0049501983,0
113,1,0.0049376255,0
114,1,0.0049100965,0
115,1,0.0050615743,0
116,1,0.0048062946,0
117,1,0.0046880012,0
118,1,0.0046649957,0
119,1,0.004664383,0
120,1,0.004785679,0
121,1,0.004745382,0
122,1,0.004932784,0
123,1,0.0048172264,0
124,1,0.004864718,0
125,1,0.0047524306,0
126,1,0.0047482853,0
127,1,0.0047853724,0
128,1,0.004768214,0
129,1,0.0047850134,0
130,1,0.005034253,0
131,1,0.0049293865,0
132,1,0.0049913777,0
133,1,0.005232386,0
134,1,0.0052973973,0
135,1,0.0052107256,0
136,1,0.0052366517,0
137,1,0.0050819875,0
138,1,0.00481923,0
139,1,0.004790241,0
140,1,0.004732122,0
141,1,0.004695511,0
142,1,0.0047569866,0
143,1,0.004828599,0
144,1,0.0050854557,0
145,1,0.00529095,0
146,1,0.005230341,0
147,1,0.005503541,0
148,1,0.0056877555,0
149,1,0.0059008677,0
150,1,0.0062666745,0
151,1,0.0067153187,0
152,1,0.0073173596,0
153,1,0.007587429,0
154,1,0.008625831,0
155,1,0.009266224,0
156,1,0.009565514,0
157,1,0.010086098,0
158,1,0.010771228,0
159,1,0.011589301,0
160,1,0.012365594,1
161,1,0.013063974,1
162,1,0.013933019,1
163,0,0.012848828,1
164,0,0.011289431,0
165,0,0.011349583,0
166,0,0.009634596,0
167,0,0.009690683,0
168,0,0.008092543,0
169,0,0.0080190785,0
170,0,0.007992751,0
171,0,0.007903114,0
172,0,0.0059587173,0
173,0,0.003826544,0
174,0,0.0038493942,0
175,0,0.003932216,0
176,0,0.0039417474,0
177,0,0.003896282,0
178,0,0.0037879632,0
179,0,0.0038933426,0
180,0,0.0038252445,0
181,0,0.0038202086,0
182,0,0.003950759,0
183,0,0.0039537093,0
184,0,0.0039652498,0
185,0,0.0061531505,0
186,0,0.0060142274,0
187,0,0.0060389033,0
188,0,0.008123965,0
189,0,0.007971745,0
190,0,0.008051938,0
191,0,0.008036962,0
192,0,0.008070542,0
193,0,0.008081056,0
194,0,0.008109374,0
195,0,0.008145315,0
196,0,0.008179161,0
197,0,0.008140388,0
198,0,0.009766294,0
199,0,0.009675368,0
200,0,0.0097753005,0
201,0,0.009843122,0
202,0,0.00988779,0
203,0,0.009956292,0
204,0,0.009988974,0
205,0,0.009826444,0
206,0,0.009820799,0
207,0,0.011544923,0
208,0,0.013269509,1
209,0,0.013263855,1
210,0,0.013285472,1
211,0,0.01330479,1
212,0,0.013253624,1
213,0,0.013384781,1
214,0,0.013504528,1
215,0,0.011980721,0
216,0,0.011994963,0
217,0,0.012061041,0
218,0,0.012044907,0
219,0,0.012050404,0
220,0,0.012049966,0
221,0,0.013555718,1
222,0,0.013573484,1
223,0,0.0136188725,1
224,0,0.013502701,1
225,0,0.014898699,1
226,0,0.0149320755,1
227,0,0.0149986865,1
228,0,0.01360001,1
229,0,0.013774247,1
230,0,0.013628794,1
231,0,0.013601406,1
232,0,0.0135269,1
233,0,0.013485716,1
234,0,0.013369963,1
235,0,0.014910847,1
236,0,0.014969845,1
237,0,0.013583205,1
238,0,0.011858448,0
239,0,0.011826764,0
240,0,0.0118434,0
241,0,0.011861715,0
242,0,0.011835459,0
243,0,0.011621994,0
244,0,0.011604409,0
245,0,0.011474101,0
246,0,0.01139392,0
247,0,0.011431933,0
248,0,0.0097248545,0
249,0,0.009724736,0
250,0,0.009651539,0
251,0,0.007899531,0
252,0,0.007977391,0
253,0,0.0079657575,0
254,0,0.008011454,0
255,0,0.006050678,0
256,0,0.0059751426,0
257,0,0.005971409,0
258,0,0.0059262807,0
259,0,0.0058032116,0
260,0,0.0058860206,0
261,0,0.007913625,0
262,0,0.009789868,0
263,0,0.009776376,0
264,0,0.009720763,0
265,0,0.007941456,0
266,0,0.008054877,0
267,0,0.0100060105,0
268,0,0.010044368,0
269,0,0.010067548,0
270,0,0.009946724,0
271,0,0.009921552,0
272,0,0.009889346,0
273,0,0.0100225685,0
274,0,0.009919894,0
275,0,0.009933194,0
276,0,0.009927823,0
277,0,0.00989862,0
278,0,0.009994231,0
279,0,0.009887335,0
280,0,0.009943093,0
281,0,0.009908507,0
282,0,0.00983981,0
283,0,0.0097484095,0
284,0,0.009735604,0
285,0,0.009667888,0
286,0,0.009817678,0
287,0,0.011601066,0
288,0,0.011511845,0
289,0,0.011544378,0
290,0,0.011716856,0
291,0,0.009969962,0
292,0,0.008159387,0
293,0,0.008185797,0
294,0,0.008233149,0
295,0,0.008207227,0
296,0,0.00816801,0
297,0,0.0061482517,0
298,0,0.006159153,0
299,0,0.006073448,0
300,0,0.0060400823,0
301,0,0.006047374,0
302,0,0.0060782535,0
303,0,0.0060743606,0
304,0,0.006079751,0
305,0,0.0060825213,0
306,0,0.0061059347,0
307,0,0.0060707275,0
308,0,0.0059370943,0
309,0,0.00596762,0
310,0,0.005949084,0
311,0,0.00594814,0
312,0,0.005996262,0
313,0,0.0059863403,0
314,0,0.0058955303,0
315,0,0.005961937,0
316,0,0.005794154,0
317,0,0.0036953117,0
318,0,0.0037406269,0
319,0,0.0037966538,0
320,1,0.00376594,0
321,1,0.0037345362,0
322,1,0.0036662042,0
323,1,0.0036979215,0
324,1,0.0036718359,0
325,1,0.0057551893,0
326,1,0.005803346,0
327,1,0.0058988677,0
328,1,0.0060411403,0
329,1,0.0060506496,0
330,1,0.006086911,0
331,1,0.0062407437,0
332,1,0.006293081,0
333,1,0.0061908322,0
334,1,0.0061971243,0
335,1,0.0062914444,0
336,1,0.0065789716,0
337,1,0.006620117,0
338,1,0.0066547305,0
339,1,0.0066518304,0
340,1,0.006622193,0
341,1,0.0066439733,0
342,1,0.006701106,0
343,1,0.0067147757,0
344,1,0.0067626,0
345,1,0.0068661952,0
346,1,0.0068628555,0
347,1,0.0068191765,0
348,1,0.0069883047,0
349,1,0.0069584846,0
350,1,0.007165768,0
351,1,0.007219831,0
352,1,0.0072846278,0
353,1,0.0073987246,0
354,1,0.007394155,0
355,1,0.005222699,0
356,1,0.0052585863,0
357,1,0.005281547,0
358,1,0.0051254495,0
359,1,0.0052073756,0
360,1,0.005075781,0
361,1,0.0048527974,0
362,1,0.004816954,0
363,1,0.00479659,0
364,1,0.004730267,0
365,1,0.004621294,0
366,1,0.0045846472,0
367,1,0.0045686904,0
368,1,0.0046470775,0
369,1,0.004516177,0
370,1,0.004656094,0
371,1,0.0047491174,0
372,1,0.004688239,0
373,1,0.0045871586,0
374,1,0.0047230036,0
375,1,0.0046828776,0
376,1,0.004639406,0
377,1,0.0045482987,0
378,1,0.004416274,0
379,1,0.0043366356,0
380,1,0.0042776503,0
381,1,0.004444392,0
382,1,0.004745059,0
383,1,0.0046356604,0
384,1,0.004691047,0
385,1,0.0048926137,0
386,1,0.0047956007,0
387,1,0.005003031,0
388,1,0.0050302357,0
389,1,0.00497387,0
390,1,0.005161084,0
391,1,0.005274064,0
392,1,0.0055033728,0
393,1,0.0058410875,0
394,1,0.0061292066,0
395,1,0.0062977974,0
396,1,0.0062330216,0
397,1,0.0066489433,0
398,1,0.006832224,0
399,1,0.007127991,0
400,1,0.0072880234,0
401,1,0.0074239266,0
402,1,0.007923473,0
403,1,0.008211188,0
404,1,0.008974426,0
405,1,0.009060753,0
406,1,0.009398105,0
407,1,0.010125136,0
408,1,0.010508213,0
409,1,0.011208601,0
410,1,0.011781055,0
411,1,0.012204562,0
412,1,0.01261335,1
413,1,0.013078697,1
414,1,0.01389624,1
415,1,0.01456696,1
416,1,0.015618193,1
417,1,0.016416622,1
418,1,0.017377662,1
419,1,0.018213436,1
420,1,0.019262156,1
421,0,0.0038291477,0
422,0,0.0039229235,0
423,0,0.003881318,0
424,0,0.003833544,0
425,0,0.0038045316,0
426,0,0.0037554868,0
427,0,0.0037580545,0
428,0,0.0039615463,0
429,0,0.0040663593,0
430,0,0.004129372,0
431,0,0.004129844,0
432,0,0.004163121,0
433,0,0.0062753055,0
434,0,0.006189902,0
435,0,0.00619316,0
436,0,0.00618165,0
437,0,0.0061678565,0
438,0,0.0060753417,0
439,0,0.006053329,0
440,0,0.0060231285,0
441,0,0.0059673768,0
442,0,0.0060097515,0
443,0,0.006050274,0
444,0,0.0060580773,0
445,0,0.006024676,0
446,0,0.006011549,0
447,0,0.0060015814,0
448,0,0.006016919,0
449,0,0.0059174215,0
450,0,0.0059438273,0
451,0,0.006269433,0
452,0,0.006216994,0
453,0,0.006215541,0
454,0,0.0061751623,0
455,0,0.0061763464,0
456,0,0.0063050305,0
457,0,0.0062556555,0
458,0,0.0060099377,0
459,0,0.005926894,0
460,0,0.0058901045,0
461,0,0.00587239,0
462,0,0.0058832425,0
463,0,0.0038142635,0
464,0,0.006015874,0
465,0,0.0060150414,0
466,0,0.0059573012,0
467,0,0.005935974,0
468,0,0.0060943253,0
469,0,0.0062109306,0
470,1,0.006260432,0
471,1,0.006484119,0
472,1,0.0065811547,0
473,1,0.006500002,0
474,1,0.00656745,0
475,1,0.0065753795,0
476,1,0.006682463,0
477,1,0.0065920395,0
478,1,0.0066027567,0
479,1,0.0066098864,0
480,1,0.0065637734,0
481,1,0.0065291007,0
482,1,0.006487407,0
483,1,0.006562767,0
484,1,0.006822849,0
485,1,0.008828845,0
486,1,0.008687858,0
487,1,0.008703341,0
488,1,0.008802938,0
489,1,0.008726063,0
490,1,0.008620646,0
491,1,0.008676781,0
492,1,0.008602518,0
493,1,0.008560936,0
494,1,0.006449563,0
495,1,0.0064352984,0
496,1,0.006445446,0
497,1,0.0063875485,0
498,1,0.0062344265,0
499,1,0.00622334,0
500,1,0.008207383,0
501,1,0.008055701,0
502,1,0.008000918,0
503,1,0.008038963,0
504,1,0.007948198,0
505,1,0.007911211,0
506,1,0.007841185,0
507,1,0.007868195,0
508,1,0.007914844,0
509,1,0.007967185,0
510,1,0.007935976,0
511,1,0.007815049,0
512,1,0.007831794,0
513,1,0.007816531,0
514,1,0.007719682,0
515,1,0.005783769,0
516,1,0.0059342496,0
517,1,0.0059933453,0
518,1,0.005975237,0
519,1,0.006082839,0
520,1,0.006257139,0
521,1,0.0061440202,0
522,1,0.0061091133,0
523,1,0.006138133,0
524,1,0.006075911,0
525,1,0.0061414065,0
526,1,0.0060215173,0
527,1,0.006133237,0
528,1,0.0061906734,0
529,1,0.006155362,0
530,1,0.004176157,0
531,1,0.004239633,0
532,1,0.004319426,0
533,1,0.0044431402,0
534,1,0.0044592894,0
535,1,0.0045906915,0
536,1,0.0045106597,0
537,1,0.004717069,0
538,1,0.0048856176,0
539,1,0.0048907446,0
540,1,0.004943083,0
541,1,0.00502069,0
542,1,0.005132634,0
543,1,0.0053231926,0
544,1,0.0053130286,0
545,1,0.0053250613,0
546,1,0.005281354,0
547,1,0.00544718,0
548,1,0.005750967,0
549,1,0.0059884507,0
550,1,0.005986298,0
551,1,0.006081821,0
552,1,0.006482283,0
553,1,0.0067957807,0
554,1,0.007026429,0
555,1,0.0073757055,0
556,1,0.007812023,0
557,1,0.00821524,0
558,1,0.008923855,0
559,1,0.009491001,0
560,1,0.01019677,0
561,1,0.011144905,0
562,1,0.0119057065,0
563,1,0.0125458725,1
564,1,0.0135431485,1
565,1,0.014616515,1
566,1,0.01595858,1
567,1,0.017354004,1
568,1,0.01877044,1
569,1,0.021034071,1
570,1,0.023156956,1
571,0,0.0038685324,0
572,0,0.0038983105,0
573,0,0.0038702663,0
574,0,0.0038757643,0
575,0,0.0038481697,0
576,0,0.003725272,0
577,0,0.0037854805,0
578,0,0.003923267,0
579,0,0.003929162,0
580,0,0.0040041306,0
581,0,0.004153237,0
582,0,0.004094192,0
583,0,0.0043072132,0
584,0,0.0043226504,0
585,0,0.004445798,0
586,0,0.004380365,0
587,0,0.006701829,0
588,0,0.006784446,0
589,0,0.006812351,0
590,0,0.0067317975,0
591,0,0.006892549,0
592,0,0.0069158566,0
593,0,0.0066654007,0
594,0,0.006564094,0
595,0,0.0064877803,0
596,0,0.0064355684,0
597,0,0.0065823756,0
598,0,0.0065644323,0
599,0,0.00644201,0
600,0,0.006783399,0
601,0,0.006850269,0
602,0,0.0068119136,0
603,0,0.006800261,0
604,0,0.006777114,0
605,0,0.0067666336,0
606,0,0.0069278344,0
607,0,0.006905982,0
608,0,0.006861616,0
609,0,0.0069086966,0
610,0,0.0068196235,0
611,0,0.006632077,0
612,0,0.00651901,0
613,0,0.0063228095,0
614,0,0.0064880904,0
615,0,0.006405178,0
616,0,0.0064481017,0
617,0,0.0041942867,0
618,0,0.0041731047,0
619,0,0.0041439096,0
620,0,0.004180455,0
621,0,0.0040849834,0
622,0,0.004070133,0
623,0,0.004017822,0
624,0,0.003950657,0
625,0,0.003976592,0
626,0,0.0040318267,0
627,0,0.0039046982,0
628,0,0.0038491928,0
629,0,0.003992245,0
630,1,0.0039140694,0
631,1,0.0039550364,0
632,1,0.0040519643,0
633,1,0.0039975764,0
634,1,0.0040826937,0
635,1,0.004051008,0
636,1,0.003960968,0
637,1,0.003986435,0
638,1,0.003966593,0
639,1,0.0039688773,0
640,1,0.00411429,0
641,1,0.004106489,0
642,1,0.004110956,0
643,1,0.0040943455,0
644,1,0.0040271366,0
645,1,0.004043137,0
646,1,0.0040163477,0
647,1,0.0039382754,0
648,1,0.0038387023,0
649,1,0.0038943153,0
650,1,0.003855789,0
651,1,0.003819495,0
652,1,0.0038473883,0
653,1,0.003970485,0
654,1,0.0040970864,0
655,1,0.00404199,0
656,1,0.004092528,0
657,1,0.004088556,0
658,1,0.0042639067,0
659,1,0.004181669,0
660,1,0.0041149813,0
661,1,0.0040661925,0
662,1,0.004117405,0
663,1,0.0041868994,0
664,1,0.0040714815,0
665,1,0.00413822,0
666,1,0.004242317,0
667,1,0.004166969,0
668,1,0.0042587,0
669,1,0.0044333097,0
670,1,0.0042638043,0
671,1,0.004310217,0
672,1,0.004392525,0
673,1,0.004456961,0
674,1,0.004442128,0
675,1,0.0043547787,0
676,1,0.0044964696,0
677,1,0.00460651,0
678,1,0.004657302,0
679,1,0.004623454,0
680,1,0.0046212487,0
681,1,0.004501116,0
682,1,0.0044392236,0
683,1,0.004398258,0
684,1,0.0043199616,0
685,1,0.0043401667,0
686,1,0.0042492403,0
687,1,0.004426804,0
688,1,0.0043648076,0
689,1,0.004316949,0
690,1,0.0043483158,0
691,1,0.004400167,0
692,1,0.0043946467,0
693,1,0.004383492,0
694,1,0.0044467165,0
695,1,0.0044653593,0
696,1,0.0043521016,0
697,1,0.0043562753,0
698,1,0.0043342332,0
699,1,0.0042503793,0
700,1,0.0043045357,0
701,1,0.0043334994,0
702,1,0.0045424523,0
703,1,0.0048105675,0
704,1,0.0051196446,0
705,1,0.005378331,0
706,1,0.005444109,0
707,1,0.00554552,0
708,1,0.0056372806,0
709,1,0.0057076137,0
710,1,0.0061112638,0
711,1,0.006431252,0
712,1,0.006807918,0
713,1,0.007123349,0
714,1,0.007467575,0
715,1,0.007902518,0
716,1,0.008396081,0
717,1,0.008818269,0
718,1,0.009511462,0
719,1,0.010432973,0
720,1,0.011471336,0
721,1,0.012786493,1
722,1,0.013540841,1
723,1,0.014677893,1
724,1,0.016712515,1
725,1,0.018038867,1
726,1,0.01947213,1
727,1,0.020941745,1
728,1,0.022730213,1
729,1,0.02460455,1
730,1,0.027196351,1
731,0,0.015954234,1
732,0,0.015992504,1
733,0,0.015918287,1
734,0,0.01588416,1
735,0,0.016950231,1
736,0,0.016932553,1
737,0,0.01708419,1
738,0,0.015653396,1
739,0,0.015608669,1
740,0,0.015749557,1
741,0,0.014509629,1
742,0,0.015940329,1
743,0,0.014654601,1
744,0,0.014625531,1
745,0,0.0146236755,1
746,0,0.014663563,1
747,0,0.014632876,1
748,0,0.015888145,1
749,0,0.015989311,1
750,0,0.015909398,1
751,0,0.016083913,1
752,0,0.014865264,1
753,0,0.01637465,1
754,0,0.01503709,1
755,0,0.014940588,1
756,0,0.014910613,1
757,0,0.014838684,1
758,0,0.013403001,1
759,0,0.013348961,1
760,0,0.014747317,1
761,0,0.013226252,1
762,0,0.013149984,1
763,0,0.013149504,1
764,0,0.013183816,1
765,0,0.011546959,0
766,0,0.011695182,0
767,0,0.011593068,0
768,0,0.0117218485,0
769,0,0.013375423,1
770,0,0.01335327,1
771,0,0.013354874,1
772,0,0.013396456,1
773,0,0.013277027,1
774,0,0.013342214,1
775,0,0.013421258,1
776,0,0.013539344,1
777,0,0.013630762,1
778,0,0.012213871,0
779,0,0.01221471,0
780,0,0.012165614,0
781,0,0.012058269,0
782,0,0.012016682,0
783,0,0.010300395,0
784,0,0.010239836,0
785,0,0.010216075,0
786,0,0.010377405,0
787,0,0.012059688,0
788,0,0.013570922,1
789,0,0.013683845,1
790,0,0.012190973,0
791,0,0.012067238,0
792,0,0.012058996,0
793,0,0.0120045105,0
794,0,0.012036036,0
795,0,0.012038864,0
796,0,0.0118462015,0
797,0,0.011866338,0
798,0,0.01186269,0
799,0,0.010128232,0
800,0,0.010070613,0
801,0,0.011803266,0
802,0,0.010238762,0
803,0,0.010347069,0
804,0,0.01038718,0
805,0,0.010247852,0
806,0,0.010048312,0
807,0,0.010017141,0
808,0,0.010029662,0
809,0,0.009943515,0
810,0,0.010052743,0
811,0,0.010127265,0
812,0,0.010145907,0
813,0,0.0100748,0
814,0,0.010002151,0
815,0,0.009983245,0
816,0,0.010060732,0
817,0,0.008333554,0
818,0,0.0064790905,0
819,0,0.0064091696,0
820,0,0.0063666725,0
821,0,0.006375823,0
822,0,0.0064432505,0
823,0,0.0064976,0
824,0,0.0066450257,0
825,0,0.0066867657,0
826,0,0.006772525,0
827,0,0.0067860605,0
828,0,0.006819589,0
829,0,0.0069198473,0
830,0,0.0068959403,0
831,0,0.0048759477,0
832,0,0.004779073,0
833,0,0.004713354,0
834,0,0.0046667336,0
835,0,0.004749814,0
836,0,0.004714972,0
837,0,0.004827606,0
838,0,0.0047401655,0
839,0,0.0046835924,0
840,0,0.004619739,0
841,0,0.0046816003,0
842,0,0.0048644817,0
843,0,0.0047801635,0
844,0,0.0049011167,0
845,0,0.004893603,0
846,0,0.00470377,0
847,0,0.0046750484,0
848,0,0.0047324076,0
849,0,0.004780899,0
850,0,0.004752155,0
851,0,0.004807276,0
852,0,0.004709721,0
853,0,0.0047305645,0
854,0,0.004582832,0
855,0,0.0046716263,0
856,0,0.0047110324,0
857,0,0.004691987,0
858,0,0.0045944015,0
859,0,0.004599406,0
860,0,0.0046054344,0
861,0,0.0046622003,0
862,0,0.0045995237,0
863,0,0.004544676,0
864,0,0.00460172,0
865,0,0.0044829464,0
866,0,0.004518347,0
867,0,0.0042896555,0
868,0,0.004220495,0
869,0,0.0042572236,0
870,1,0.0043131444,0
871,1,0.004383685,0
872,1,0.0041992585,0
873,1,0.004332126,0
874,1,0.0043155868,0
875,1,0.004298749,0
876,1,0.0043744068,0
877,1,0.0043470627,0
878,1,0.0041834405,0
879,1,0.004050388,0
880,1,0.0040472024,0
881,1,0.0040439,0
882,1,0.0062986603,0
883,1,0.0062480574,0
884,1,0.006324719,0
885,1,0.0061920867,0
886,1,0.006076227,0
887,1,0.0060805045,0
888,1,0.0061691203,0
889,1,0.006082394,0
890,1,0.006239816,0
891,1,0.0062201815,0
892,1,0.0062864167,0
893,1,0.0063348273,0
894,1,0.006397366,0
895,1,0.0063838474,0
896,1,0.0065836534,0
897,1,0.006738927,0
898,1,0.0067249998,0
899,1,0.006627188,0
900,1,0.0068161893,0
901,1,0.0067436886,0
902,1,0.006742485,0
903,1,0.0066557336,0
904,1,0.0065986663,0
905,1,0.006651485,0
906,1,0.0066652372,0
907,1,0.0066266167,0
908,1,0.006636804,0
909,1,0.0067609726,0
910,1,0.0068330523,0
911,1,0.006916222,0
912,1,0.0047721216,0
913,1,0.0049842307,0
914,1,0.0049079796,0
915,1,0.0049442207,0
916,1,0.005109767,0
917,1,0.005120722,0
918,1,0.005168433,0
919,1,0.0053112213,0
920,1,0.0052457857,0
921,1,0.0051947488,0
922,1,0.0051263836,0
923,1,0.005185838,0
924,1,0.005313516,0
925,1,0.005403414,0
926,1,0.005445849,0
927,1,0.005316196,0
928,1,0.0054090903,0
929,1,0.0055381297,0
930,1,0.0054544574,0
931,1,0.0054818993,0
932,1,0.0055872663,0
933,1,0.005777771,0
934,1,0.0059798276,0
935,1,0.006067735,0
936,1,0.0060517,0
937,1,0.0061997334,0
938,1,0.0064576203,0
939,1,0.006472502,0
940,1,0.006539256,0
941,1,0.006625197,0
942,1,0.0068057147,0
943,1,0.007067528,0
944,1,0.0074096853,0
945,1,0.0078011113,0
946,1,0.007893874,0
947,1,0.008216717,0
948,1,0.008623873,0
949,1,0.008856266,0
950,1,0.009352363,0
951,1,0.009882599,0
952,1,0.010275731,0
953,1,0.010667424,0
954,1,0.011185343,0
955,1,0.011881669,0
956,1,0.0124631375,1
957,1,0.013327856,1
958,1,0.014064099,1
959,1,0.014783817,1
960,1,0.016094385,1
961,1,0.01664311,1
962,1,0.017213384,1
963,1,0.017654276,1
964,1,0.018623848,1
965,1,0.019868203,1
966,1,0.021151038,1
967,1,0.022635045,1
968,1,0.023885963,1
969,1,0.025214154,1
970,1,0.026665077,1
971,0,0.004134746,0
972,0,0.0041429005,0
973,0,0.0041552912,0
974,0,0.0041696336,0
975,0,0.004180066,0
976,0,0.004252667,0
977,0,0.0041704355,0
978,0,0.0041263564,0
979,0,0.0040303795,0
980,0,0.003940074,0
981,0,0.0038816193,0
982,0,0.0038900152,0
983,0,0.0039166943,0
984,0,0.003921544,0
985,0,0.003946504,0
986,0,0.003892176,0
987,0,0.004066407,0
988,0,0.004140553,0
989,0,0.003980537,0
990,0,0.0040483726,0
991,0,0.0041017137,0
992,0,0.00412781,0
993,0,0.004141612,0
994,0,0.004079778,0
995,0,0.004137384,0
996,0,0.004150369,0
997,0,0.0040117926,0
998,0,0.0039720414,0
999,0,0.004071819,0
1000,0,0.00390233,0
1001,0,0.0037841643,0
1002,0,0.003919442,0
1003,0,0.003820471,0
1004,0,0.0039003924,0
1005,0,0.003819471,0
1006,0,0.0036964947,0
1007,0,0.0037025348,0
1008,0,0.0037042312,0
1009,0,0.0037413079,0
1010,0,0.0036130708,0
1011,0,0.0036977509,0
1012,0,0.003613189,0
1013,0,0.003470557,0
1014,0,0.0035382495,0
1015,0,0.003499944,0
1016,0,0.0037721277,0
1017,0,0.0037716369,0
1018,0,0.0039007522,0
1019,0,0.004017082,0
1020,0,0.0039689452,0
1021,0,0.0039679217,0
1022,0,0.003979128,0
1023,0,0.00401553,0
1024,0,0.0040989094,0
1025,0,0.004140002,0
1026,0,0.0043636165,0
1027,0,0.004404565,0
1028,0,0.0043999837,0
1029,1,0.0044904063,0
1030,1,0.004594861,0
1031,1,0.004566161,0
1032,1,0.004596881,0
1033,1,0.004625586,0
1034,1,0.004516735,0
1035,1,0.0045132437,0
1036,1,0.004583093,0
1037,1,0.0046393066,0
1038,1,0.004610933,0
1039,1,0.0047020586,0
1040,1,0.004822853,0
1041,1,0.004684296,0
1042,1,0.0047173225,0
1043,1,0.0047382945,0
1044,1,0.0046944926,0
1045,1,0.004679036,0
1046,1,0.004609618,0
1047,1,0.004399629,0
1048,1,0.0041154465,0
1049,1,0.004073518,0
1050,1,0.00399347,0
1051,1,0.0040392843,0
1052,1,0.0040078587,0
1053,1,0.0040461053,0
1054,1,0.0040423865,0
1055,1,0.0040102047,0
1056,1,0.0039012535,0
1057,1,0.0038961365,0
1058,1,0.003998789,0
1059,1,0.003944747,0
1060,1,0.0040519736,0
1061,1,0.004053178,0
1062,1,0.0039085136,0
1063,1,0.0039325356,0
1064,1,0.0039636064,0
1065,1,0.0039941613,0
1066,1,0.00396422,0
1067,1,0.004227514,0
1068,1,0.004450511,0
1069,1,0.004456318,0
1070,1,0.0044542593,0
1071,1,0.0045962273,0
1072,1,0.004603705,0
1073,1,0.004564355,0
1074,1,0.004519648,0
1075,1,0.004564455,0
1076,1,0.0043240115,0
1077,1,0.004287864,0
1078,1,0.0043593664,0
1079,1,0.0043353974,0
1080,1,0.0044381833,0
1081,1,0.004526418,0
1082,1,0.0045058243,0
1083,1,0.0045770616,0
1084,1,0.0046085124,0
1085,1,0.0047473903,0
1086,1,0.004720937,0
1087,1,0.004819443,0
1088,1,0.004836464,0
1089,1,0.0049762297,0
1090,1,0.0049976716,0
1091,1,0.0051163514,0
1092,1,0.0051954663,0
1093,1,0.005270398,0
1094,1,0.00530468,0
1095,1,0.0053629363,0
1096,1,0.005553586,0
1097,1,0.0055423733,0
1098,1,0.0055777063,0
1099,1,0.00564952,0
1100,1,0.0056421557,0
1101,1,0.005897212,0
1102,1,0.0060794293,0
1103,1,0.0061677233,0
1104,1,0.006456859,0
1105,1,0.006702477,0
1106,1,0.0072510075,0
1107,1,0.0077738594,0
1108,1,0.008103495,0
1109,1,0.008391612,0
1110,1,0.0087292,0
1111,1,0.009142984,0
1112,1,0.009698704,0
1113,1,0.010041252,0
1114,1,0.010362482,0
1115,1,0.010450554,0
1116,1,0.011058555,0
1117,1,0.011546927,0
1118,1,0.012048843,0
1119,1,0.012562805,1
1120,1,0.013220021,1
1121,1,0.013749683,1
1122,1,0.014346992,1
1123,1,0.015077144,1
1124,1,0.015986849,1
1125,1,0.016758183,1
1126,1,0.017577164,1
1127,1,0.018909976,1
1128,1,0.019747645,1
1129,1,0.021054981,1
1130,0,0.007826583,0
1131,0,0.007855297,0
1132,0,0.007794556,0
1133,0,0.0077986103,0
1134,0,0.007741071,0
1135,0,0.007877603,0
1136,0,0.007996876,0
1137,0,0.008032985,0
1138,0,0.008053339,0
1139,0,0.008082408,0
1140,0,0.008122328,0
1141,0,0.00807752,0
1142,0,0.008119461,0
1143,0,0.008191649,0
1144,0,0.008106997,0
1145,0,0.008055732,0
1146,0,0.008056931,0
1147,0,0.008071096,0
1148,0,0.00805097,0
1149,0,0.008071018,0
1150,0,0.008166922,0
1151,0,0.0081545105,0
1152,0,0.009779329,0
1153,0,0.009881795,0
1154,0,0.009891623,0
1155,0,0.009825998,0
1156,0,0.0080388645,0
1157,0,0.008070528,0
1158,0,0.009978778,0
1159,0,0.010037864,0
1160,0,0.008441854,0
1161,0,0.008361023,0
1162,0,0.00836432,0
1163,0,0.010351333,0
1164,0,0.010327703,0
1165,0,0.0102763055,0
1166,0,0.010180848,0
1167,0,0.010191361,0
1168,0,0.010262374,0
1169,0,0.011958533,0
1170,0,0.011973091,0
1171,0,0.011977184,0
1172,0,0.012010418,0
1173,0,0.01193472,0
1174,0,0.011997268,0
1175,0,0.012046398,0
1176,0,0.012026719,0
1177,0,0.011941198,0
1178,0,0.012001362,0
1179,0,0.012090565,0
1180,0,0.011954112,0
1181,0,0.011985395,0
1182,0,0.010199837,0
1183,0,0.010149854,0
1184,0,0.010165853,0
1185,0,0.010207002,0
1186,0,0.011989908,0
1187,0,0.011930899,0
1188,0,0.010307889,0
1189,0,0.01024484,0
1190,0,0.010135667,0
1191,0,0.010317186,0
1192,0,0.010266751,0
1193,0,0.008357266,0
1194,0,0.0083608925,0
1195,0,0.008203165,0
1196,0,0.008221432,0
1197,0,0.008118282,0
1198,0,0.008151643,0
1199,0,0.006270407,0
1200,0,0.006260106,0
1201,0,0.006208519,0
1202,0,0.006186852,0
1203,0,0.0062097143,0
1204,0,0.0061481763,0
1205,0,0.0061905915,0
1206,0,0.0063058515,0
1207,0,0.0063182004,0
1208,0,0.006498698,0
1209,0,0.006528312,0
1210,0,0.006689022,0
1211,0,0.006694089,0
1212,0,0.006833759,0
1213,0,0.006883726,0
1214,0,0.0067997375,0
1215,0,0.0069221333,0
1216,0,0.004817597,0
1217,0,0.0049238876,0
1218,0,0.004876372,0
1219,0,0.0049345633,0
1220,0,0.0049074716,0
1221,0,0.004744515,0
1222,0,0.004804213,0
1223,0,0.0047906074,0
1224,0,0.004836742,0
1225,0,0.0048990557,0
1226,0,0.004814171,0
1227,0,0.004857194,0
1228,0,0.004790871,0
1229,0,0.004740176,0
1230,0,0.0047536977,0
1231,0,0.0047425493,0
1232,0,0.0047674887,0
1233,0,0.004828305,0
1234,0,0.004911398,0
1235,0,0.004813297,0
1236,0,0.0046533328,0
1237,0,0.0046596825,0
1238,0,0.004474898,0
1239,0,0.004393326,0
1240,0,0.0044104503,0
1241,0,0.004239066,0
1242,0,0.004177223,0
1243,0,0.004199501,0
1244,0,0.004178244,0
1245,0,0.0041196677,0
1246,0,0.0040812194,0
1247,0,0.003966152,0
1248,0,0.0038588436,0
1249,0,0.003719479,0
1250,0,0.0036903555,0
1251,0,0.0036515708,0
1252,0,0.0035560566,0
1253,0,0.0036005133,0
1254,0,0.0037054392,0
1255,0,0.0035990647,0
1256,0,0.0036163907,0
1257,0,0.0036139484,0
1258,0,0.0036011564,0
1259,1,0.0035761127,0
1260,1,0.003482014,0
1261,1,0.0033974184,0
1262,1,0.0034947544,0
1263,1,0.0034233397,0
1264,1,0.0036043308,0
1265,1,0.003582229,0
1266,1,0.0036596549,0
1267,1,0.0036979658,0
1268,1,0.0037190183,0
1269,1,0.0038523884,0
1270,1,0.003678198,0
1271,1,0.0037021267,0
1272,1,0.0037027153,0
1273,1,0.003792254,0
1274,1,0.003899602,0
1275,1,0.0040308232,0
1276,1,0.00419132,0
1277,1,0.0042043184,0
1278,1,0.004341967,0
1279,1,0.004480508,0
1280,1,0.00462794,0
1281,1,0.004665236,0
1282,1,0.004652338,0
1283,1,0.0046194172,0
1284,1,0.0046215025,0
1285,1,0.0045814263,0
1286,1,0.0044681733,0
1287,1,0.004465913,0
1288,1,0.0045273434,0
1289,1,0.0046040625,0
1290,1,0.004551918,0
1291,1,0.004600698,0
1292,1,0.004401017,0
1293,1,0.004480134,0
1294,1,0.0042638434,0
1295,1,0.0042674816,0
1296,1,0.004295745,0
1297,1,0.004284866,0
1298,1,0.0043581044,0
1299,1,0.004057938,0
1300,1,0.004089701,0
1301,1,0.004205012,0
1302,1,0.0042640823,0
1303,1,0.0042205956,0
1304,1,0.0042485297,0
1305,1,0.0041175736,0
1306,1,0.004211364,0
1307,1,0.0042535523,0
1308,1,0.0041107005,0
1309,1,0.0041977894,0
1310,1,0.004047476,0
1311,1,0.0041275406,0
1312,1,0.004110775,0
1313,1,0.004305691,0
1314,1,0.004244489,0
1315,1,0.0043086126,0
1316,1,0.0044415374,0
1317,1,0.004724593,0
1318,1,0.0050640763,0
1319,1,0.005062201,0
1320,1,0.004978975,0
1321,1,0.0051091216,0
1322,1,0.005170269,0
1323,1,0.005110708,0
1324,1,0.005241344,0
1325,1,0.005410586,0
1326,1,0.005452363,0
1327,1,0.005552025,0
1328,1,0.005656459,0
1329,1,0.005733784,0
1330,1,0.005891086,0
1331,1,0.005727585,0
1332,1,0.005878377,0
1333,1,0.0061400784,0
1334,1,0.006244711,0
1335,1,0.0062182443,0
1336,1,0.0059995973,0
1337,1,0.0062891133,0
1338,1,0.006395946,0
1339,1,0.006551108,0
1340,1,0.006990828,0
1341,1,0.007363745,0
1342,1,0.0075349323,0
1343,1,0.008141636,0
1344,1,0.008467131,0
1345,1,0.008801521,0
1346,1,0.0092742555,0
1347,1,0.009524151,0
1348,1,0.009975854,0
1349,1,0.0103292735,0
1350,1,0.010940987,0
1351,1,0.011329011,0
1352,1,0.012274009,0
1353,1,0.012878183,1
1354,1,0.01357779,1
1355,1,0.014086668,1
1356,1,0.014413125,1
1357,1,0.015396536,1
1358,1,0.016154427,1
1359,1,0.016941804,1
1360,0,0.0047629555,0
1361,0,0.0046450635,0
1362,0,0.004645927,0
1363,0,0.004706674,0
1364,0,0.0047226874,0
1365,0,0.004674879,0
1366,0,0.0045845537,0
1367,0,0.0045152004,0
1368,0,0.0044686277,0
1369,0,0.0043929676,0
1370,0,0.004369439,0
1371,0,0.0044504134,0
1372,0,0.004458138,0
1373,0,0.004387183,0
1374,0,0.0044324403,0
1375,0,0.004267585,0
1376,0,0.00409782,0
1377,0,0.0042340425,0
1378,0,0.0042030034,0
1379,0,0.0042573446,0
1380,1,0.0042035165,0
1381,1,0.00426726,0
1382,1,0.0042693852,0
1383,1,0.0041596508,0
1384,1,0.0040752403,0
1385,1,0.0040450734,0
1386,1,0.0040394785,0
1387,1,0.004060523,0
1388,1,0.004204365,0
1389,1,0.004264145,0
1390,1,0.004199727,0
1391,1,0.0042415303,0
1392,1,0.0043015517,0
1393,1,0.0042293193,0
1394,1,0.004265218,0
1395,1,0.004241036,0
1396,1,0.004258992,0
1397,1,0.004386483,0
1398,1,0.0043565966,0
1399,1,0.0043891803,0
1400,1,0.0043713604,0
1401,1,0.004193196,0
1402,1,0.004104802,0
1403,1,0.0040826774,0
1404,1,0.0040768967,0
1405,1,0.0039889277,0
1406,1,0.0039142594,0
1407,1,0.0038040164,0
1408,1,0.0037605558,0
1409,1,0.0037854253,0
1410,1,0.003921634,0
1411,1,0.003928699,0
1412,1,0.0040710703,0
1413,1,0.0041164653,0
1414,1,0.0042205835,0
1415,1,0.004419645,0
1416,1,0.004462933,0
1417,1,0.004399906,0
1418,1,0.004236363,0
1419,1,0.0041265604,0
1420,1,0.004252125,0
1421,1,0.0041487273,0
1422,1,0.004163832,0
1423,1,0.0041370154,0
1424,1,0.004069499,0
1425,1,0.0041346895,0
1426,1,0.004172829,0
1427,1,0.0041818526,0
1428,1,0.004108399,0
1429,1,0.0041683745,0
1430,1,0.00428028,0
1431,1,0.004223252,0
1432,1,0.0043154093,0
1433,1,0.0042579607,0
1434,1,0.0042800796,0
1435,1,0.0041808006,0
1436,1,0.004343628,0
1437,1,0.0043966,0
1438,1,0.0044165687,0
1439,1,0.004400426,0
1440,1,0.0043562935,0
1441,1,0.004298458,0
1442,1,0.00433976,0
1443,1,0.004445357,0
1444,1,0.0043702777,0
1445,1,0.0042646048,0
1446,1,0.0041112667,0
1447,1,0.0043627108,0
1448,1,0.0044642896,0
1449,1,0.004535002,0
1450,1,0.0044947593,0
1451,1,0.0044850735,0
1452,1,0.0047173765,0
1453,1,0.0049140817,0
1454,1,0.00521195,0
1455,1,0.005429182,0
1456,1,0.005507409,0
1457,1,0.0054813237,0
1458,1,0.005666683,0
1459,1,0.005828099,0
1460,1,0.0059663006,0
1461,1,0.006223484,0
1462,1,0.00644852,0
1463,1,0.0067667114,0
1464,1,0.0071024303,0
1465,1,0.0072941086,0
1466,1,0.0075770654,0
1467,1,0.008173242,0
1468,1,0.008571558,0
1469,1,0.008873659,0
1470,1,0.009072409,0
1471,1,0.009509322,0
1472,1,0.009883915,0
1473,1,0.010671149,0
1474,1,0.01130128,0
1475,1,0.011819398,0
1476,1,0.0126114,1
1477,1,0.013150759,1
1478,1,0.013654021,1
1479,1,0.014704395,1
1480,1,0.01581854,1
1481,0,0.006237169,0
1482,0,0.0062560756,0
1483,0,0.0062991367,0
1484,0,0.008356754,0
1485,0,0.008258006,0
1486,0,0.008239146,0
1487,0,0.008068901,0
1488,0,0.008024334,0
1489,0,0.007869449,0
1490,0,0.00599535,0
1491,0,0.00605062,0
1492,0,0.0059922272,0
1493,0,0.00603195,0
1494,0,0.007885138,0
1495,0,0.007987638,0
1496,0,0.0080242315,0
1497,0,0.008118973,0
1498,0,0.008101632,0
1499,0,0.008117892,0
1500,0,0.008071389,0
1501,0,0.008103844,0
1502,0,0.008138785,0
1503,0,0.0099689355,0
1504,0,0.009866588,0
1505,0,0.009807513,0
1506,0,0.009801681,0
1507,0,0.009826015,0
1508,0,0.009731751,0
1509,0,0.009686942,0
1510,0,0.009706863,0
1511,0,0.009759657,0
1512,0,0.009775853,0
1513,0,0.009707396,0
1514,0,0.0079324795,0
1515,0,0.007910997,0
1516,0,0.007895315,0
1517,0,0.007858111,0
1518,0,0.0078280745,0
1519,0,0.007690473,0
1520,0,0.0076403827,0
1521,0,0.0075632436,0
1522,0,0.007718377,0
1523,0,0.009601199,0
1524,0,0.0078765005,0
1525,0,0.009704721,0
1526,0,0.01152116,0
1527,0,0.011537859,0
1528,0,0.0114907455,0
1529,0,0.01140355,0
1530,0,0.011405356,0
1531,0,0.011306023,0
1532,0,0.011274699,0
1533,0,0.009513046,0
1534,0,0.009511657,0
1535,0,0.011264414,0
1536,0,0.012906141,1
1537,0,0.0142772775,1
1538,0,0.014303767,1
1539,0,0.014332424,1
1540,0,0.014303602,1
1541,0,0.014323672,1
1542,0,0.014286813,1
1543,0,0.015654044,1
1544,0,0.015685774,1
1545,0,0.01577316,1
1546,0,0.015757428,1
1547,0,0.015773669,1
1548,0,0.015755164,1
1549,0,0.01582223,1
1550,0,0.015843477,1
1551,0,0.015811028,1
1552,1,0.015944934,1
1553,1,0.014410981,1
1554,1,0.01462722,1
1555,1,0.013132291,1
1556,1,0.011514737,0
1557,1,0.011426341,0
1558,1,0.0115070995,0
1559,1,0.013161825,1
1560,1,0.01312277,1
1561,1,0.013115947,1
1562,1,0.014701913,1
1563,1,0.014751672,1
1564,1,0.0149244135,1
1565,1,0.013452742,1
1566,1,0.011914519,0
1567,1,0.010312501,0
1568,1,0.010319665,0
1569,1,0.010316076,0
1570,1,0.010275088,0
1571,1,0.012090217,0
1572,1,0.01225632,0
1573,1,0.0106984945,0
1574,1,0.010782494,0
1575,1,0.010688039,0
1576,1,0.012453108,1
1577,1,0.012543757,1
1578,1,0.012508804,1
1579,1,0.012491656,1
1580,1,0.012499922,1
1581,1,0.012440646,1
1582,1,0.012406726,1
1583,1,0.012441884,1
1584,1,0.012380774,1
1585,1,0.012458252,1
1586,1,0.012376837,1
1587,1,0.012291674,0
1588,1,0.012331613,1
1589,1,0.010506884,0
1590,1,0.010518441,0
1591,1,0.0106375795,0
1592,1,0.008702658,0
1593,1,0.008753051,0
1594,1,0.008602551,0
1595,1,0.008711365,0
1596,1,0.008669034,0
1597,1,0.008546022,0
1598,1,0.0084502585,0
1599,1,0.00845513,0
1600,1,0.008452232,0
1601,1,0.0064835,0
1602,1,0.0064799557,0
1603,1,0.006572785,0
1604,1,0.006417676,0
1605,1,0.006549316,0
1606,1,0.0044821636,0
1607,1,0.004566274,0
1608,1,0.0045692064,0
1609,1,0.006749256,0
1610,1,0.0069155516,0
1611,1,0.0071073947,0
1612,1,0.00718154,0
1613,1,0.0072711916,0
1614,1,0.0073003015,0
1615,1,0.0073513007,0
1616,1,0.0073916675,0
1617,1,0.0074874307,0
1618,1,0.0077988044,0
1619,1,0.0078099826,0
1620,1,0.007879047,0
1621,1,0.00792889,0
1622,1,0.008305539,0
1623,1,0.008364851,0
1624,1,0.008364136,0
1625,1,0.008563228,0
1626,1,0.008631923,0
1627,1,0.008716769,0
1628,1,0.008889637,0
1629,1,0.009066268,0
1630,1,0.009156742,0
1631,1,0.009663957,0
1632,1,0.009898093,0
1633,1,0.009960178,0
1634,1,0.010313469,0
1635,1,0.010808888,0
1636,1,0.011441672,0
1637,1,0.011781958,0
1638,1,0.012416059,1
1639,1,0.010980222,0
1640,1,0.0115275355,0
1641,1,0.012120185,0
1642,1,0.012840095,1
1643,1,0.013757778,1
1644,1,0.014952145,1
1645,1,0.015947558,1
1646,1,0.017091256,1
1647,1,0.0182913,1
1648,1,0.019319158,1
1649,1,0.021067902,1
1650,1,0.022838645,1
1651,1,0.025784932,1
1652,1,0.029956413,1
1653,0,0.013106595,1
1654,0,0.013089479,1
1655,0,0.012964136,1
1656,0,0.012904034,1
1657,0,0.012959007,1
1658,0,0.0129882265,1
1659,0,0.013080718,1
1660,0,0.0131283505,1
1661,0,0.013206031,1
1662,0,0.013331032,1
1663,0,0.013315628,1
1664,0,0.0132464,1
1665,0,0.01333444,1
1666,0,0.013553033,1
1667,0,0.01346059,1
1668,0,0.013510469,1
1669,0,0.01192113,0
1670,0,0.012029975,0
1671,0,0.01209285,0
1672,0,0.0120889535,0
1673,0,0.012213887,0
1674,0,0.012209428,0
1675,0,0.012125556,0
1676,0,0.012189247,0
1677,0,0.012185227,0
1678,0,0.0121682035,0
1679,0,0.010428946,0
1680,0,0.01049888,0
1681,0,0.010361361,0
1682,0,0.011972714,0
1683,0,0.011975295,0
1684,0,0.013511424,1
1685,0,0.013523371,1
1686,0,0.013588657,1
1687,0,0.013592727,1
1688,0,0.012032991,0
1689,0,0.012032321,0
1690,0,0.013696808,1
1691,0,0.013611516,1
1692,0,0.01339449,1
1693,0,0.013391706,1
1694,0,0.013335308,1
1695,0,0.013404582,1
1696,0,0.011539347,0
1697,0,0.01155941,0
1698,0,0.013070149,1
1699,0,0.012987575,1
1700,0,0.013027802,1
1701,0,0.013103877,1
1702,0,0.011539081,0
1703,0,0.011439188,0
1704,0,0.011457842,0
1705,0,0.01144718,0
1706,0,0.011473237,0
1707,0,0.011457049,0
1708,0,0.011419469,0
1709,0,0.01134263,0
1710,0,0.011119572,0
1711,0,0.011268418,0
1712,0,0.009676646,0
1713,0,0.011486489,0
1714,0,0.00981435,0
1715,0,0.009847948,0
1716,0,0.00982302,0
1717,0,0.009765885,0
1718,0,0.009666599,0
1719,0,0.009782968,0
1720,0,0.007848701,0
1721,0,0.007820949,0
1722,0,0.00789071,0
1723,0,0.007831032,0
1724,0,0.007855674,0
1725,0,0.007864775,0
1726,0,0.008089085,0
1727,0,0.008129836,0
1728,0,0.006233555,0
1729,0,0.0062857037,0
1730,0,0.006158796,0
1731,0,0.0060985736,0
1732,0,0.006098266,0
1733,0,0.0062797624,0
1734,0,0.006291461,0
1735,0,0.006352196,0
1736,0,0.00625741,0
1737,0,0.0063161547,0
1738,0,0.0062195,0
1739,0,0.006223007,0
1740,0,0.0061974665,0
1741,0,0.006154263,0
1742,0,0.005977037,0
1743,0,0.0039203656,0
1744,0,0.003896822,0
1745,1,0.0038716684,0
1746,1,0.0038158745,0
1747,1,0.0038590007,0
1748,1,0.0039414233,0
1749,1,0.0038692178,0
1750,1,0.0038424942,0
1751,1,0.003988691,0
1752,1,0.0040619,0
1753,1,0.004171507,0
1754,1,0.0040488066,0
1755,1,0.0039832923,0
1756,1,0.0037124883,0
1757,1,0.0037716099,0
1758,1,0.0038099415,0
1759,1,0.0038125431,0
1760,1,0.0038972343,0
1761,1,0.003903441,0
1762,1,0.0038712386,0
1763,1,0.0036995634,0
1764,1,0.0038190302,0
1765,1,0.00385225,0
1766,1,0.003892796,0
1767,1,0.0038274024,0
1768,1,0.003979781,0
1769,1,0.0039274404,0
1770,1,0.00400202,0
1771,1,0.004024785,0
1772,1,0.004001424,0
1773,1,0.0039030204,0
1774,1,0.0038556515,0
1775,1,0.003992661,0
1776,1,0.004104572,0
1777,1,0.0040769754,0
1778,1,0.004172261,0
1779,1,0.004299425,0
1780,1,0.004444791,0
1781,1,0.004772952,0
1782,1,0.0047859126,0
1783,1,0.0048544393,0
1784,1,0.0048685297,0
1785,1,0.0048820046,0
1786,1,0.0049676206,0
1787,1,0.0050974935,0
1788,1,0.0051740985,0
1789,1,0.0054105422,0
1790,1,0.005368737,0
1791,1,0.005354979,0
1792,1,0.005485422,0
1793,1,0.0055830977,0
1794,1,0.0055780895,0
1795,1,0.0054609636,0
1796,1,0.005492097,0
1797,1,0.0054109893,0
1798,1,0.005323303,0
1799,1,0.0054339315,0
1800,1,0.0054944046,0
1801,1,0.005581045,0
1802,1,0.005437464,0
1803,1,0.005303499,0
1804,1,0.005313266,0
1805,1,0.0054364717,0
1806,1,0.0052559376,0
1807,1,0.005072046,0
1808,1,0.0050390936,0
1809,1,0.0050096973,0
1810,1,0.0051346114,0
1811,1,0.004978267,0
1812,1,0.0051261294,0
1813,1,0.005354965,0
1814,1,0.0053784773,0
1815,1,0.005477586,0
1816,1,0.0058801803,0
1817,1,0.0061501474,0
1818,1,0.00593754,0
1819,1,0.0060018525,0
1820,1,0.0060413717,0
1821,1,0.006136105,0
1822,1,0.006062383,0
1823,1,0.0063016745,0
1824,1,0.0061435946,0
1825,1,0.006311357,0
1826,1,0.0064637563,0
1827,1,0.0067984774,0
1828,1,0.0069257114,0
1829,1,0.007099694,0
1830,1,0.0071349684,0
1831,1,0.007270128,0
1832,1,0.0074520824,0
1833,1,0.0077631623,0
1834,1,0.008054346,0
1835,1,0.008237774,0
1836,1,0.009183926,0
1837,1,0.009778847,0
1838,1,0.010183048,0
1839,1,0.010666095,0
1840,1,0.01146473,0
1841,1,0.012059001,0
1842,1,0.012519843,1
1843,1,0.012940458,1
1844,1,0.014241019,1
1845,1,0.015183056,1
1846,0,0.015101899,1
1847,0,0.01532762,1
1848,0,0.013820655,1
1849,0,0.01384988,1
1850,0,0.012277682,0
1851,0,0.013855623,1
1852,0,0.013857001,1
1853,0,0.013845432,1
1854,0,0.0139157595,1
1855,0,0.013887626,1
1856,0,0.013783754,1
1857,0,0.013716583,1
1858,0,0.013856941,1
1859,0,0.013855309,1
1860,0,0.012107806,0
1861,0,0.012075326,0
1862,0,0.012049955,0
1863,0,0.011954438,0
1864,0,0.011990352,0
1865,0,0.012121917,0
1866,0,0.010613623,0
1867,0,0.010624566,0
1868,0,0.010626827,0
1869,0,0.01053014,0
1870,0,0.010567279,0
1871,0,0.010205347,0
1872,0,0.010168099,0
1873,0,0.010158829,0
1874,0,0.010100345,0
1875,0,0.01013734,0
1876,0,0.010037957,0
1877,0,0.010047248,0
1878,0,0.010053189,0
1879,0,0.009998823,0
1880,0,0.010014663,0
1881,0,0.008189648,0
1882,0,0.008205242,0
1883,0,0.008284909,0
1884,0,0.008233031,0
1885,0,0.0061916593,0
1886,0,0.006201612,0
1887,0,0.006215843,0
1888,0,0.006142501,0
1889,0,0.0040749027,0
1890,0,0.004122482,0
1891,0,0.0040074033,0
1892,0,0.0040738117,0
1893,0,0.004090495,0
1894,0,0.0040671313,0
1895,0,0.003943066,0
1896,0,0.0037067982,0
1897,0,0.0037385423,0
1898,0,0.003730001,0
1899,0,0.0037572347,0
1900,0,0.00385124,0
1901,0,0.0038570613,0
1902,0,0.003958564,0
1903,0,0.0039374004,0
1904,0,0.0038718446,0
1905,0,0.0038868706,0
1906,0,0.0038834007,0
1907,0,0.0037236162,0
1908,0,0.0037612042,0
1909,0,0.0038553432,0
1910,0,0.0038484575,0
1911,0,0.0038569192,0
1912,0,0.0038795266,0
1913,0,0.003797475,0
1914,0,0.0038327554,0
1915,0,0.0038974509,0
1916,0,0.003879472,0
1917,0,0.00380037,0
1918,0,0.0038014709,0
1919,0,0.0038425208,0
1920,0,0.0038365424,0
1921,0,0.003843758,0
1922,0,0.0037858805,0
1923,0,0.003868401,0
1924,0,0.003936261,0
1925,0,0.004051435,0
1926,0,0.004054879,0
1927,0,0.004153129,0
1928,0,0.0041472227,0
1929,0,0.006349724,0
1930,0,0.006242316,0
1931,0,0.0063061565,0
1932,0,0.006197787,0
1933,0,0.0061449837,0
1934,0,0.006259488,0
1935,0,0.006218585,0
1936,0,0.0063612186,0
1937,0,0.0064082816,0
1938,0,0.0063502286,0
1939,0,0.006305878,0
1940,0,0.0062105963,0
1941,0,0.006347296,0
1942,0,0.0063141487,0
1943,0,0.006392302,0
1944,0,0.006500877,0
1945,0,0.0066402317,0
1946,0,0.0066705123,0
1947,0,0.0066703768,0
1948,0,0.006584635,0
1949,0,0.006561162,0
1950,0,0.006736888,0
1951,0,0.006717134,0
1952,0,0.006780549,0
1953,0,0.0067957505,0
1954,0,0.0068455,0
1955,0,0.0069114347,0
1956,1,0.0068714777,0
1957,1,0.006765596,0
1958,1,0.0068392586,0
1959,1,0.0047148494,0
1960,1,0.004780572,0
1961,1,0.0048346156,0
1962,1,0.004797962,0
1963,1,0.004815211,0
1964,1,0.004785015,0
1965,1,0.004917437,0
1966,1,0.00475397,0
1967,1,0.0047924197,0
1968,1,0.004859774,0
1969,1,0.004927556,0
1970,1,0.0049519246,0
1971,1,0.0047468133,0
1972,1,0.004714561,0
1973,1,0.0047763297,0
1974,1,0.0047455546,0
1975,1,0.006872978,0
1976,1,0.0068907146,0
1977,1,0.00681277,0
1978,1,0.0068412614,0
1979,1,0.006793107,0
1980,1,0.0066175763,0
1981,1,0.0066782106,0
1982,1,0.006416044,0
1983,1,0.0063303057,0
1984,1,0.0063549103,0
1985,1,0.006202468,0
1986,1,0.0061808913,0
1987,1,0.0062705115,0
1988,1,0.0060722097,0
1989,1,0.0060287807,0
1990,1,0.0060607046,0
1991,1,0.006047836,0
1992,1,0.0060780225,0
1993,1,0.0061028292,0
1994,1,0.00616896,0
1995,1,0.006168572,0
1996,1,0.0060975924,0
1997,1,0.0060642688,0
1998,1,0.0060267323,0
1999,1,0.0060497266,0
2000,1,0.0061924574,0
2001,1,0.0062174946,0
2002,1,0.00622682,0
2003,1,0.006085414,0
2004,1,0.006330101,0
2005,1,0.004184137,0
2006,1,0.004249112,0
2007,1,0.0042648357,0
2008,1,0.0043143793,0
2009,1,0.0042617144,0
2010,1,0.004407487,0
2011,1,0.0046808743,0
2012,1,0.004825003,0
2013,1,0.0049152225,0
2014,1,0.004823383,0
2015,1,0.0048562004,0
2016,1,0.0048704688,0
2017,1,0.0047439355,0
2018,1,0.0046903626,0
2019,1,0.0046570445,0
2020,1,0.004772565,0
2021,1,0.00495822,0
2022,1,0.004905049,0
2023,1,0.004982964,0
2024,1,0.005031228,0
2025,1,0.005117122,0
2026,1,0.0055505116,0
2027,1,0.0057342374,0
2028,1,0.005860269,0
2029,1,0.0060857753,0
2030,1,0.0062273215,0
2031,1,0.0062958193,0
2032,1,0.0064060013,0
2033,1,0.00644793,0
2034,1,0.006472504,0
2035,1,0.006786603,0
2036,1,0.0070009837,0
2037,1,0.007279645,0
2038,1,0.007469093,0
2039,1,0.0077805314,0
2040,1,0.008019252,0
2041,1,0.008349238,0
2042,1,0.00882937,0
2043,1,0.009455177,0
2044,1,0.010087995,0
2045,1,0.010593333,0
2046,1,0.011216418,0
2047,1,0.012083746,0
2048,1,0.012917761,1
2049,1,0.013481668,1
2050,1,0.014253226,1
2051,1,0.014853716,1
2052,1,0.016070215,1
2053,1,0.017109843,1
2054,1,0.01840534,1
2055,1,0.019741075,1
2056,1,0.020897964,1
2057,0,0.004042332,0
2058,0,0.0039843516,0
2059,0,0.0041557075,0
2060,0,0.004163037,0
2061,0,0.0041354997,0
2062,0,0.004074725,0
2063,0,0.004188346,0
2064,0,0.0041458257,0
2065,0,0.0041335784,0
2066,0,0.004075733,0
2067,0,0.004148189,0
2068,0,0.003976057,0
2069,0,0.003907907,0
2070,0,0.003811818,0
2071,0,0.0038922362,0
2072,0,0.0038495786,0
2073,0,0.0037787403,0
2074,0,0.0038059363,0
2075,0,0.0037696457,0
2076,0,0.0038154584,0
2077,0,0.003879187,0
2078,0,0.003892736,0
2079,0,0.003883977,0
2080,0,0.003821469,0
2081,0,0.0038591835,0
2082,0,0.0039057701,0
2083,0,0.0038499995,0
2084,0,0.003907559,0
2085,0,0.003913803,0
2086,0,0.003937691,0
2087,0,0.0039998214,0
2088,0,0.0040333606,0
2089,0,0.003929873,0
2090,0,0.0039041752,0
2091,0,0.003855308,0
2092,0,0.0039029378,0
2093,0,0.003861862,0
2094,0,0.0039031229,0
2095,0,0.003878652,0
2096,0,0.0039016206,0
2097,1,0.0038508438,0
2098,1,0.003907823,0
2099,1,0.003906529,0
2100,1,0.0040016905,0
2101,1,0.003908469,0
2102,1,0.0038672704,0
2103,1,0.0038685745,0
2104,1,0.0039778566,0
2105,1,0.004003521,0
2106,1,0.003979655,0
2107,1,0.0039255954,0
2108,1,0.0039173895,0
2109,1,0.0039452277,0
2110,1,0.004084656,0
2111,1,0.0041058525,0
2112,1,0.004126604,0
2113,1,0.00418754,0
2114,1,0.00415085,0
2115,1,0.0041171215,0
2116,1,0.004153869,0
2117,1,0.004100003,0
2118,1,0.004193093,0
2119,1,0.0043759914,0
2120,1,0.00446437,0
2121,1,0.004443152,0
2122,1,0.0043968246,0
2123,1,0.0044787414,0
2124,1,0.0044495948,0
2125,1,0.0044903373,0
2126,1,0.004451311,0
2127,1,0.0043601524,0
2128,1,0.0043861405,0
2129,1,0.0043991767,0
2130,1,0.004374019,0
2131,1,0.0043440424,0
2132,1,0.004376584,0
2133,1,0.0044769566,0
2134,1,0.0043178303,0
2135,1,0.0042943927,0
2136,1,0.0044170236,0
2137,1,0.0043994524,0
2138,1,0.0044111167,0
2139,1,0.0043618977,0
2140,1,0.004098823,0
2141,1,0.004156992,0
2142,1,0.0040674494,0
2143,1,0.00402393,0
2144,1,0.003992389,0
2145,1,0.0042018252,0
2146,1,0.0040816446,0
2147,1,0.0041872915,0
2148,1,0.004128787,0
2149,1,0.0042125485,0
2150,1,0.0041793548,0
2151,1,0.004346329,0
2152,1,0.0045919004,0
2153,1,0.004493645,0
2154,1,0.0046500494,0
2155,1,0.0046093846,0
2156,1,0.0047910637,0
2157,1,0.005032139,0
2158,1,0.0049187345,0
2159,1,0.0050348165,0
2160,1,0.004999412,0
2161,1,0.0050214864,0
2162,1,0.005257579,0
2163,1,0.0051034056,0
2164,1,0.0051800744,0
2165,1,0.0054154056,0
2166,1,0.0054798117,0
2167,1,0.0054037217,0
2168,1,0.0056320843,0
2169,1,0.005762561,0
2170,1,0.005971862,0
2171,1,0.006101731,0
2172,1,0.006489442,0
2173,1,0.00649192,0
2174,1,0.0066527855,0
2175,1,0.006616488,0
2176,1,0.0068632807,0
2177,1,0.006939962,0
2178,1,0.0072830236,0
2179,1,0.007536761,0
2180,1,0.0077462927,0
2181,1,0.0077710864,0
2182,1,0.007885599,0
2183,1,0.008259689,0
2184,1,0.008505467,0
2185,1,0.008995974,0
2186,1,0.009206027,0
2187,1,0.009894269,0
2188,1,0.0102065485,0
2189,1,0.010850692,0
2190,1,0.011724078,0
2191,1,0.012387401,1
2192,1,0.01264075,1
2193,1,0.013350794,1
2194,1,0.013956795,1
2195,1,0.014583034,1
2196,1,0.01509022,1
2197,1,0.01594346,1
2198,0,0.0042713634,0
2199,0,0.004146091,0
2200,0,0.0041239844,0
2201,0,0.004070646,0
2202,0,0.003991337,0
2203,0,0.0037292985,0
2204,0,0.0037518502,0
2205,0,0.0038772963,0
2206,0,0.0038979703,0
2207,0,0.003859186,0
2208,0,0.0039135525,0
2209,0,0.003911842,0
2210,0,0.0038079573,0
2211,0,0.0035964637,0
2212,0,0.0036061588,0
2213,0,0.0034901996,0
2214,0,0.0034511366,0
2215,0,0.0035561798,0
2216,0,0.0035482878,0
2217,0,0.0037058142,0
2218,0,0.003608046,0
2219,0,0.0035667405,0
2220,0,0.003542598,0
2221,0,0.0035879838,0
2222,0,0.0036639704,0
2223,0,0.00362247,0
2224,0,0.003624469,0
2225,0,0.0036451102,0
2226,0,0.0036988677,0
2227,0,0.0037896454,0
2228,0,0.0037430986,0
2229,0,0.0037401798,0
2230,0,0.003823624,0
2231,1,0.0039036225,0
2232,1,0.003963882,0
2233,1,0.0040533734,0
2234,1,0.0041032834,0
2235,1,0.0042065214,0
2236,1,0.0041970783,0
2237,1,0.0041380203,0
2238,1,0.0040983674,0
2239,1,0.0040797447,0
2240,1,0.0041269083,0
2241,1,0.0041996567,0
2242,1,0.0042530205,0
2243,1,0.004208947,0
2244,1,0.0042227632,0
2245,1,0.0041995756,0
2246,1,0.0042972355,0
2247,1,0.004168409,0
2248,1,0.0041157645,0
2249,1,0.004161725,0
2250,1,0.004267147,0
2251,1,0.0042027626,0
2252,1,0.004154295,0
2253,1,0.0040837103,0
2254,1,0.0042247893,0
2255,1,0.004231637,0
2256,1,0.004298791,0
2257,1,0.0042951787,0
2258,1,0.004378382,0
2259,1,0.0043643387,0
2260,1,0.004534093,0
2261,1,0.004446961,0
2262,1,0.0044014477,0
2263,1,0.0044030873,0
2264,1,0.0043920535,0
2265,1,0.0042057745,0
2266,1,0.004194752,0
2267,1,0.0043381876,0
2268,1,0.0042318674,0
2269,1,0.004312697,0
2270,1,0.004327637,0
2271,1,0.0044262283,0
2272,1,0.004467898,0
2273,1,0.004477382,0
2274,1,0.0045672352,0
2275,1,0.004450502,0
2276,1,0.00439135,0
2277,1,0.004478605,0
2278,1,0.004464426,0
2279,1,0.0044465065,0
2280,1,0.0044192728,0
2281,1,0.0043955618,0
2282,1,0.0045140344,0
2283,1,0.004514205,0
2284,1,0.0043311794,0
2285,1,0.004413731,0
2286,1,0.0042957882,0
2287,1,0.0042192307,0
2288,1,0.0041695144,0
2289,1,0.004186371,0
2290,1,0.0039912723,0
2291,1,0.004091207,0
2292,1,0.004235451,0
2293,1,0.004228748,0
2294,1,0.0043560616,0
2295,1,0.004361077,0
2296,1,0.0043706754,0
2297,1,0.004166533,0
2298,1,0.0043995394,0
2299,1,0.00456388,0
2300,1,0.0045835697,0
2301,1,0.0045496374,0
2302,1,0.0045867474,0
2303,1,0.0047583114,0
2304,1,0.004918899,0
2305,1,0.005001165,0
2306,1,0.005079672,0
2307,1,0.005144215,0
2308,1,0.005458691,0
2309,1,0.0056821164,0
2310,1,0.0058189393,0
2311,1,0.006311341,0
2312,1,0.006497021,0
2313,1,0.0067584515,0
2314,1,0.0071670683,0
2315,1,0.007353826,0
2316,1,0.0076373196,0
2317,1,0.008161281,0
2318,1,0.008483164,0
2319,1,0.009150521,0
2320,1,0.00966212,0
2321,1,0.010365264,0
2322,1,0.010796699,0
2323,1,0.011490042,0
2324,1,0.011981572,0
2325,1,0.013011055,1
2326,1,0.013751897,1
2327,1,0.015311666,1
2328,1,0.016290225,1
2329,1,0.017486528,1
2330,1,0.019017758,1
2331,1,0.020858131,1
2332,0,0.00431309,0
2333,0,0.0044857897,0
2334,0,0.004554417,0
2335,0,0.0046031456,0
2336,0,0.004510372,0
2337,0,0.0045506414,0
2338,0,0.0045705605,0
2339,0,0.004583255,0
2340,0,0.0046787085,0
2341,0,0.0046055513,0
2342,0,0.004445034,0
2343,0,0.0045368355,0
2344,0,0.004363031,0
2345,0,0.0044200914,0
2346,0,0.004412555,0
2347,0,0.0043980572,0
2348,0,0.0044116457,0
2349,0,0.004399335,0
2350,0,0.004483687,0
2351,0,0.0044237413,0
2352,0,0.0044670184,0
2353,0,0.0043252646,0
2354,0,0.004213089,0
2355,0,0.0041784747,0
2356,0,0.0042394237,0
2357,0,0.0042964276,0
2358,0,0.004283874,0
2359,0,0.0043404237,0
2360,0,0.0042876145,0
2361,0,0.004118735,0
2362,0,0.0041268915,0
2363,0,0.0039783763,0
2364,0,0.0040023136,0
2365,0,0.0040410655,0
2366,0,0.0040611583,0
2367,0,0.004021429,0
2368,0,0.0040209796,0
2369,0,0.004044828,0
2370,0,0.0039585927,0
2371,0,0.003952127,0
2372,0,0.0040144483,0
2373,0,0.003915822,0
2374,0,0.0039599002,0
2375,0,0.0038382483,0
2376,0,0.003918146,0
2377,0,0.0038637258,0
2378,0,0.0038281993,0
2379,0,0.003894503,0
2380,0,0.0038385517,0
2381,0,0.003801784,0
2382,1,0.0038139033,0
2383,1,0.003820369,0
2384,1,0.0038626338,0
2385,1,0.0038358704,0
2386,1,0.0037640159,0
2387,1,0.0036185589,0
2388,1,0.0036751023,0
2389,1,0.003655227,0
2390,1,0.0036297992,0
2391,1,0.003670136,0
2392,1,0.0036428703,0
2393,1,0.0038572683,0
2394,1,0.0037322345,0
2395,1,0.0036471866,0
2396,1,0.0036329508,0
2397,1,0.0035287852,0
2398,1,0.0036252695,0
2399,1,0.0035865614,0
2400,1,0.0036151193,0
2401,1,0.0036499882,0
2402,1,0.0035977052,0
2403,1,0.0036256649,0
2404,1,0.0037442627,0
2405,1,0.0038124868,0
2406,1,0.0038020147,0
2407,1,0.0037915967,0
2408,1,0.0038562352,0
2409,1,0.0038380274,0
2410,1,0.0038839155,0
2411,1,0.0039547314,0
2412,1,0.0039055967,0
2413,1,0.0037930575,0
2414,1,0.003789735,0
2415,1,0.003813182,0
2416,1,0.003866788,0
2417,1,0.0039657857,0
2418,1,0.0039483863,0
2419,1,0.0039024812,0
2420,1,0.003938911,0
2421,1,0.0039323224,0
2422,1,0.0038822826,0
2423,1,0.0036805663,0
2424,1,0.0037774206,0
2425,1,0.0039208187,0
2426,1,0.004032055,0
2427,1,0.004059361,0
2428,1,0.00402337,0
2429,1,0.004075724,0
2430,1,0.0040931855,0
2431,1,0.0040940815,0
2432,1,0.0041855695,0
2433,1,0.004202695,0
2434,1,0.004074183,0
2435,1,0.0040630284,0
2436,1,0.0041086287,0
2437,1,0.004241184,0
2438,1,0.004223124,0
2439,1,0.00423124,0
2440,1,0.0042130207,0
2441,1,0.004194218,0
2442,1,0.0041729403,0
2443,1,0.004202357,0
2444,1,0.0042827227,0
2445,1,0.0046340553,0
2446,1,0.004626553,0
2447,1,0.004621829,0
2448,1,0.0046573738,0
2449,1,0.004831932,0
2450,1,0.0048243967,0
2451,1,0.0048804944,0
2452,1,0.0050201383,0
2453,1,0.005181805,0
2454,1,0.0056174975,0
2455,1,0.0056539895,0
2456,1,0.005897836,0
2457,1,0.0062650926,0
2458,1,0.0064093224,0
2459,1,0.006652146,0
2460,1,0.006701618,0
2461,1,0.0069719236,0
2462,1,0.0072246827,0
2463,1,0.007624001,0
2464,1,0.007921481,0
2465,1,0.008187933,0
2466,1,0.008636144,0
2467,1,0.00884662,0
2468,1,0.009236531,0
2469,1,0.009791359,0
2470,1,0.010406283,0
2471,1,0.010957263,0
2472,1,0.011638862,0
2473,1,0.012694839,1
2474,1,0.013416149,1
2475,1,0.013865912,1
2476,1,0.014918984,1
2477,1,0.01583518,1
2478,1,0.016580593,1
2479,1,0.017593922,1
2480,1,0.018748928,1
2481,1,0.020172982,1
2482,1,0.021452522,1
2483,0,0.014453918,1
2484,0,0.014372485,1
2485,0,0.0143325655,1
2486,0,0.014339157,1
2487,0,0.015770253,1
2488,0,0.014336523,1
2489,0,0.014421081,1
2490,0,0.014366215,1
2491,0,0.014493505,1
2492,0,0.012977946,1
2493,0,0.012933988,1
2494,0,0.012975044,1
2495,0,0.011478747,0
2496,0,0.009843871,0
2497,0,0.009789304,0
2498,0,0.009767401,0
2499,0,0.009784804,0
2500,0,0.010007509,0
2501,0,0.011639827,0
2502,0,0.011608923,0
2503,0,0.0116061745,0
2504,0,0.011614047,0
2505,0,0.011644971,0
2506,0,0.01165436,0
2507,0,0.009881925,0
2508,0,0.009952796,0
2509,0,0.010105309,0
2510,0,0.009991649,0
2511,0,0.0098747825,0
2512,0,0.010061773,0
2513,0,0.009839974,0
2514,0,0.009849944,0
2515,0,0.009825936,0
2516,0,0.009889101,0
2517,0,0.008035781,0
2518,0,0.008235655,0
2519,0,0.008253057,0
2520,0,0.008236873,0
2521,0,0.008208542,0
2522,0,0.008263638,0
2523,0,0.008288628,0
2524,0,0.008381724,0
2525,0,0.008264519,0
2526,0,0.008309161,0
2527,0,0.008306577,0
2528,0,0.008295193,0
2529,0,0.008254158,0
2530,0,0.008168929,0
2531,0,0.0063419836,0
2532,0,0.006304245,0
2533,0,0.0063301735,0
2534,0,0.0042873444,0
2535,0,0.0042713885,0
2536,0,0.0043637645,0
2537,0,0.0043754657,0
2538,0,0.004428145,0
2539,0,0.0065022595,0
2540,0,0.006492651,0
2541,0,0.006487337,0
2542,0,0.00622014,0
2543,0,0.0063022193,0
2544,0,0.0063361106,0
2545,0,0.0065258304,0
2546,0,0.006591958,0
2547,0,0.0066002305,0
2548,0,0.006496346,0
2549,0,0.0064143585,0
2550,0,0.0064966134,0
2551,0,0.006451613,0
2552,0,0.0064276983,0
2553,0,0.006498869,0
2554,0,0.0064684744,0
2555,0,0.006580832,0
2556,0,0.0065781036,0
2557,0,0.006561485,0
2558,0,0.0064518494,0
2559,0,0.0064041093,0
2560,1,0.0064330804,0
2561,1,0.006301432,0
2562,1,0.006284539,0
2563,1,0.0062211175,0
2564,1,0.0062252865,0
2565,1,0.0063433438,0
2566,1,0.0062906225,0
2567,1,0.006358303,0
2568,1,0.0062237773,0
2569,1,0.0040256307,0
2570,1,0.004037301,0
2571,1,0.004212516,0
2572,1,0.004277505,0
2573,1,0.004279823,0
2574,1,0.004422823,0
2575,1,0.004320174,0
2576,1,0.0042725136,0
2577,1,0.0064451178,0
2578,1,0.00650812,0
2579,1,0.00660249,0
2580,1,0.006583172,0
2581,1,0.0066057206,0
2582,1,0.0067322887,0
2583,1,0.006584473,0
2584,1,0.0064726416,0
2585,1,0.006436476,0
2586,1,0.0065997317,0
2587,1,0.006667839,0
2588,1,0.006730076,0
2589,1,0.006807393,0
2590,1,0.006696137,0
2591,1,0.006763252,0
2592,1,0.00680155,0
2593,1,0.0067887106,0
2594,1,0.0067987805,0
2595,1,0.006633689,0
2596,1,0.0065495633,0
2597,1,0.0066751284,0
2598,1,0.006668466,0
2599,1,0.006743026,0
2600,1,0.0068513053,0
2601,1,0.0066114943,0
2602,1,0.0063699405,0
2603,1,0.006380818,0
2604,1,0.0062004887,0
2605,1,0.0060515744,0
2606,1,0.0061212853,0
2607,1,0.004034058,0
2608,1,0.0040510986,0
2609,1,0.0039904853,0
2610,1,0.0039376356,0
2611,1,0.0039806566,0
2612,1,0.0039507346,0
2613,1,0.0039534536,0
2614,1,0.003973913,0
2615,1,0.0038705175,0
2616,1,0.003822192,0
2617,1,0.004054285,0
2618,1,0.0039940923,0
2619,1,0.00399519,0
2620,1,0.004049361,0
2621,1,0.004017374,0
2622,1,0.004050692,0
2623,1,0.004310416,0
2624,1,0.004372162,0
2625,1,0.004350717,0
2626,1,0.0044372594,0
2627,1,0.0044912077,0
2628,1,0.0048703714,0
2629,1,0.0048006233,0
2630,1,0.0049346173,0
2631,1,0.0050152875,0
2632,1,0.0049499883,0
2633,1,0.0050929193,0
2634,1,0.005032742,0
2635,1,0.0049723103,0
2636,1,0.0050791553,0
2637,1,0.005077784,0
2638,1,0.005238335,0
2639,1,0.0051625296,0
2640,1,0.0051547,0
2641,1,0.0052410406,0
2642,1,0.0054521738,0
2643,1,0.0054710475,0
2644,1,0.0057366183,0
2645,1,0.005830419,0
2646,1,0.0062350803,0
2647,1,0.0065368605,0
2648,1,0.0067080795,0
2649,1,0.007181783,0
2650,1,0.007412951,0
2651,1,0.007622041,0
2652,1,0.008018662,0
2653,1,0.008072057,0
2654,1,0.008193384,0
2655,1,0.008921352,0
2656,1,0.0097001325,0
2657,1,0.010202944,0
2658,1,0.010785814,0
2659,1,0.011810514,0
2660,1,0.012696233,1
2661,0,0.0044445605,0
2662,0,0.004374786,0
2663,0,0.004298595,0
2664,0,0.0043016486,0
2665,0,0.004324715,0
2666,0,0.004285335,0
2667,0,0.004193662,0
2668,0,0.003894781,0
2669,0,0.0038569602,0
2670,0,0.0038088453,0
2671,0,0.0037467608,0
2672,0,0.0037669998,0
2673,0,0.0038636397,0
2674,0,0.0038287272,0
2675,0,0.0038204538,0
2676,0,0.003897851,0
2677,0,0.0039838827,0
2678,0,0.003853164,0
2679,0,0.0039085513,0
2680,0,0.003893527,0
2681,0,0.0039837244,0
2682,0,0.0040424517,0
2683,0,0.004026714,0
2684,0,0.0039801407,0
2685,0,0.0039096493,0
2686,0,0.0039215526,0
2687,0,0.003933355,0
2688,0,0.0039281733,0
2689,0,0.0039269007,0
2690,0,0.0039994637,0
2691,0,0.0038950206,0
2692,0,0.0039040186,0
2693,0,0.004036405,0
2694,0,0.0041290494,0
2695,0,0.0041243415,0
2696,0,0.0041470975,0
2697,0,0.0041183266,0
2698,0,0.004136632,0
2699,0,0.0040734475,0
2700,0,0.004089513,0
2701,0,0.0041920925,0
2702,0,0.004276626,0
2703,0,0.0043270336,0
2704,0,0.00430957,0
2705,0,0.00430166,0
2706,0,0.004205139,0
2707,0,0.0042979717,0
2708,0,0.0042956723,0
2709,0,0.0043871864,0
2710,0,0.004362264,0
2711,0,0.0043460215,0
2712,0,0.004353491,0
2713,0,0.004283695,0
2714,0,0.0044342633,0
2715,0,0.004556759,0
2716,0,0.0045983666,0
2717,0,0.004632237,0
2718,0,0.0046369326,0
2719,0,0.0046961233,0
2720,0,0.004728275,0
2721,0,0.004742806,0
2722,0,0.004846763,0
2723,0,0.0047116247,0
2724,0,0.004664932,0
2725,0,0.004640921,0
2726,0,0.004558137,0
2727,0,0.0044940133,0
2728,0,0.0045860345,0
2729,0,0.0046476196,0
2730,0,0.0047024684,0
2731,0,0.0046858396,0
2732,0,0.0046106563,0
2733,0,0.004594225,0
2734,0,0.004616956,0
2735,0,0.004704623,0
2736,0,0.004792388,0
2737,0,0.004545264,0
2738,0,0.0046451157,0
2739,0,0.004637714,0
2740,1,0.0046371175,0
2741,1,0.0047004106,0
2742,1,0.004720971,0
2743,1,0.004857338,0
2744,1,0.004679379,0
2745,1,0.004580857,0
2746,1,0.004565383,0
2747,1,0.0044479677,0
2748,1,0.004621775,0
2749,1,0.004487452,0
2750,1,0.0044128373,0
2751,1,0.004583874,0
2752,1,0.0045282976,0
2753,1,0.0048018643,0
2754,1,0.0047828346,0
2755,1,0.0048298594,0
2756,1,0.0048503364,0
2757,1,0.0050864047,0
2758,1,0.005036386,0
2759,1,0.0051209335,0
2760,1,0.0051490897,0
2761,1,0.0051010964,0
2762,1,0.005095304,0
2763,1,0.005095487,0
2764,1,0.005116605,0
2765,1,0.0050118244,0
2766,1,0.005002567,0
2767,1,0.005025071,0
2768,1,0.004951673,0
2769,1,0.0049807485,0
2770,1,0.004991341,0
2771,1,0.004972688,0
2772,1,0.004910357,0
2773,1,0.0048288186,0
2774,1,0.0048818607,0
2775,1,0.004839158,0
2776,1,0.0047539566,0
2777,1,0.00473645,0
2778,1,0.0047264,0
2779,1,0.0048057027,0
2780,1,0.0047880216,0
2781,1,0.004724508,0
2782,1,0.004745298,0
2783,1,0.004621932,0
2784,1,0.004589688,0
2785,1,0.004590644,0
2786,1,0.0045858817,0
2787,1,0.004503458,0
2788,1,0.0045662345,0
2789,1,0.0044858097,0
2790,1,0.004552749,0
2791,1,0.0046520457,0
2792,1,0.0048628254,0
2793,1,0.004823393,0
2794,1,0.004940903,0
2795,1,0.0050602513,0
2796,1,0.005130364,0
2797,1,0.00543764,0
2798,1,0.0054205074,0
2799,1,0.005342421,0
2800,1,0.0056668366,0
2801,1,0.0058228187,0
2802,1,0.006010258,0
2803,1,0.0060113114,0
2804,1,0.00601545,0
2805,1,0.0062268055,0
2806,1,0.0063860854,0
2807,1,0.006575344,0
2808,1,0.006488767,0
2809,1,0.006539702,0
2810,1,0.006865417,0
2811,1,0.0070360005,0
2812,1,0.0071396013,0
2813,1,0.0072193136,0
2814,1,0.0076645263,0
2815,1,0.0076338355,0
2816,1,0.008052562,0
2817,1,0.008530821,0
2818,1,0.008715114,0
2819,1,0.009106598,0
2820,1,0.009411742,0
2821,1,0.009758159,0
2822,1,0.009871066,0
2823,1,0.010456594,0
2824,1,0.010682271,0
2825,1,0.011221293,0
2826,1,0.011742344,0
2827,1,0.01184301,0
2828,1,0.012489249,1
2829,1,0.013460026,1
2830,1,0.013804876,1
2831,1,0.014458975,1
2832,1,0.014764791,1
2833,1,0.015365472,1
2834,1,0.016193498,1
2835,1,0.016785426,1
2836,1,0.017439822,1
2837,1,0.017956564,1
2838,1,0.019103313,1
2839,1,0.020408247,1
2840,1,0.021147953,1
2841,0,0.0135411285,1
2842,0,0.013382102,1
2843,0,0.0132722845,1
2844,0,0.013198927,1
2845,0,0.013195792,1
2846,0,0.013217863,1
2847,0,0.013154011,1
2848,0,0.0133283585,1
2849,0,0.0117832115,0
2850,0,0.011747743,0
2851,0,0.011614736,0
2852,0,0.013050603,1
2853,0,0.01315562,1
2854,0,0.011627602,0
2855,0,0.011440815,0
2856,0,0.011387469,0
2857,0,0.009593688,0
2858,0,0.0096588535,0
2859,0,0.009624509,0
2860,0,0.009673731,0
2861,0,0.007870318,0
2862,0,0.0060368944,0
2863,0,0.0061171227,0
2864,0,0.007944659,0
2865,0,0.007859291,0
2866,0,0.0079831425,0
2867,0,0.008153074,0
2868,0,0.008014063,0
2869,0,0.007944667,0
2870,0,0.007857527,0
2871,0,0.007862446,0
2872,0,0.007882396,0
2873,0,0.0078420425,0
2874,0,0.0080175325,0
2875,0,0.008059594,0
2876,0,0.008080842,0
2877,0,0.008063007,0
2878,0,0.007952436,0
2879,0,0.0078469915,0
2880,0,0.007799388,0
2881,0,0.007818716,0
2882,0,0.0060086865,0
2883,0,0.0059892107,0
2884,0,0.0059805643,0
2885,0,0.005991622,0
2886,0,0.005941358,0
2887,0,0.0059286067,0
2888,0,0.0059178895,0
2889,0,0.006021372,0
2890,0,0.005969874,0
2891,0,0.00595653,0
2892,0,0.0058683543,0
2893,0,0.005855943,0
2894,0,0.003719447,0
2895,0,0.0037416224,0
2896,0,0.00366361,0
2897,0,0.003558315,0
2898,0,0.0036030705,0
2899,0,0.0035950425,0
2900,0,0.003735426,0
2901,0,0.003814491,0
2902,0,0.0040346133,0
2903,0,0.004033623,0
2904,0,0.0038693068,0
2905,0,0.0038519818,0
2906,0,0.0038619281,0
2907,0,0.003938814,0
2908,0,0.0039880658,0
2909,0,0.00393109,0
2910,0,0.0039038397,0
2911,0,0.0038725182,0
2912,0,0.0038292804,0
2913,0,0.0037478323,0
2914,0,0.003736965,0
2915,0,0.0038050606,0
2916,0,0.005993679,0
2917,0,0.0060910555,0
2918,0,0.008173994,0
2919,0,0.007967561,0
2920,0,0.00808799,0
2921,0,0.008061339,0
2922,0,0.008003264,0
2923,0,0.008162843,0
2924,0,0.008221859,0
2925,0,0.008166495,0
2926,0,0.008247606,0
2927,0,0.008294855,0
2928,0,0.0082997205,0
2929,0,0.008462547,0
2930,0,0.008334428,0
2931,0,0.008180397,0
2932,0,0.008067489,0
2933,0,0.008126101,0
2934,0,0.008335271,0
2935,0,0.008382942,0
2936,0,0.008396759,0
2937,0,0.008276647,0
2938,0,0.00821755,0
2939,0,0.008207829,0
2940,0,0.008260274,0
2941,0,0.008281683,0
2942,0,0.008222176,0
2943,0,0.008286772,0
2944,0,0.00834077,0
2945,0,0.008385844,0
2946,0,0.006492145,0
2947,0,0.006431828,0
2948,0,0.0043189907,0
2949,0,0.00438417,0
2950,0,0.004432169,0
2951,0,0.004573448,0
2952,0,0.0045608114,0
2953,0,0.004520415,0
2954,0,0.0044682147,0
2955,0,0.0045120423,0
2956,0,0.0044338494,0
2957,0,0.0066184225,0
2958,0,0.006680775,0
2959,0,0.006499694,0
2960,0,0.0065284986,0
2961,0,0.00655463,0
2962,0,0.0064365724,0
2963,0,0.0064165373,0
2964,0,0.006305095,0
2965,0,0.006301472,0
2966,0,0.006175986,0
2967,0,0.0062218774,0
2968,0,0.0063145156,0
2969,0,0.008297381,0
2970,0,0.008314326,0
2971,0,0.0083661685,0
2972,0,0.008499688,0
2973,0,0.008475343,0
2974,0,0.008464156,0
2975,0,0.008539311,0
2976,0,0.008416005,0
2977,0,0.0084386915,0
2978,0,0.008432082,0
2979,0,0.008433332,0
2980,0,0.008336237,0
2981,0,0.008337263,0
2982,0,0.008352931,0
2983,0,0.008363417,0
2984,0,0.008365356,0
2985,0,0.008475807,0
2986,0,0.008633462,0
2987,1,0.0065830084,0
2988,1,0.0064383615,0
2989,1,0.006360675,0
2990,1,0.00652785,0
2991,1,0.006546245,0
2992,1,0.006564743,0
2993,1,0.0065726885,0
2994,1,0.0066669094,0
2995,1,0.00651797,0
2996,1,0.0065190485,0
2997,1,0.0064924005,0
2998,1,0.006580354,0
2999,1,0.004478404,0
3000,1,0.004618741,0
3001,1,0.004679155,0
3002,1,0.00466946,0
3003,1,0.006897793,0
3004,1,0.006874865,0
3005,1,0.006890856,0
3006,1,0.0068984083,0
3007,1,0.006942606,0
3008,1,0.0068603265,0
3009,1,0.0068223933,0
3010,1,0.0068629766,0
3011,1,0.0067583723,0
3012,1,0.00686429,0
3013,1,0.006872619,0
3014,1,0.0069307983,0
3015,1,0.006830325,0
3016,1,0.0068692314,0
3017,1,0.0068613403,0
3018,1,0.006877344,0
3019,1,0.0068906816,0
3020,1,0.0068536857,0
3021,1,0.0069076037,0
3022,1,0.0068929554,0
3023,1,0.00691958,0
3024,1,0.00675197,0
3025,1,0.006913746,0
3026,1,0.0069355583,0
3027,1,0.0070817326,0
3028,1,0.006980254,0
3029,1,0.007139217,0
3030,1,0.0069960756,0
3031,1,0.0069150133,0
3032,1,0.0067393077,0
3033,1,0.004719117,0
3034,1,0.004663664,0
3035,1,0.0047198073,0
3036,1,0.0048631523,0
3037,1,0.0048674135,0
3038,1,0.0049120556,0
3039,1,0.0048976205,0
3040,1,0.0048345807,0
3041,1,0.0048944983,0
3042,1,0.004900733,0
3043,1,0.00505626,0
3044,1,0.005087605,0
3045,1,0.0051623327,0
3046,1,0.00507873,0
3047,1,0.005099107,0
3048,1,0.00512386,0
3049,1,0.005120981,0
3050,1,0.005296265,0
3051,1,0.0052945837,0
3052,1,0.0053987317,0
3053,1,0.0055335034,0
3054,1,0.00565316,0
3055,1,0.0057045016,0
3056,1,0.006083071,0
3057,1,0.006146676,0
3058,1,0.0063085076,0
3059,1,0.0063615167,0
3060,1,0.006738278,0
3061,1,0.006991309,0
3062,1,0.0074505,0
3063,1,0.0074020163,0
3064,1,0.0076938397,0
3065,1,0.007955178,0
3066,1,0.008086836,0
3067,1,0.00853649,0
3068,1,0.009269804,0
3069,1,0.009803946,0
3070,1,0.010480004,0
3071,1,0.011061788,0
3072,1,0.011890827,0
3073,1,0.012579467,1
3074,1,0.01327012,1
3075,1,0.013912714,1
3076,1,0.014665623,1
3077,1,0.015526675,1
3078,1,0.01645229,1
3079,1,0.01776286,1
3080,1,0.01893061,1
3081,1,0.019868197,1
3082,1,0.021232398,1
3083,1,0.022540621,1
3084,1,0.023936374,1
3085,1,0.025115872,1
3086,1,0.026611537,1
3087,1,0.028209383,1
3088,0,0.006556332,0
3089,0,0.0064972728,0
3090,0,0.0063838335,0
3091,0,0.0063256845,0
3092,0,0.0061964993,0
3093,0,0.0060778176,0
3094,0,0.0061525675,0
3095,0,0.0058787316,0
3096,0,0.006106156,0
3097,0,0.0062232283,0
3098,0,0.006126421,0
3099,0,0.006092979,0
3100,0,0.006056297,0
3101,0,0.006230968,0
3102,0,0.006293362,0
3103,0,0.006325429,0
3104,0,0.006317975,0
3105,0,0.006298551,0
3106,0,0.0063081747,0
3107,0,0.006238202,0
3108,0,0.0061673005,0
3109,0,0.006188812,0
3110,0,0.006206846,0
3111,0,0.006063121,0
3112,0,0.006078631,0
3113,0,0.0061296937,0
3114,0,0.006160111,0
3115,0,0.0060612033,0
3116,0,0.006005164,0
3117,0,0.0059803743,0
3118,0,0.006025272,0
3119,0,0.0060364353,0
3120,0,0.0061411574,0
3121,0,0.006252868,0
3122,0,0.006221767,0
3123,0,0.006272008,0
3124,0,0.00611965,0
3125,0,0.0061136046,0
3126,0,0.0039452217,0
3127,0,0.00386802,0
3128,0,0.0039829435,0
3129,0,0.0039384025,0
3130,0,0.0039549638,0
3131,0,0.0038809571,0
3132,0,0.0037028987,0
3133,0,0.0037130783,0
3134,0,0.0038454756,0
3135,0,0.003825385,0
3136,0,0.003723445,0
3137,0,0.0037283374,0
3138,0,0.0039007708,0
3139,0,0.0039131697,0
3140,0,0.004032621,0
3141,0,0.00416168,0
3142,0,0.004147674,0
3143,0,0.0040732017,0
3144,0,0.0040587108,0
3145,0,0.004119124,0
3146,0,0.004206211,0
3147,0,0.004202769,0
3148,0,0.0043860325,0
3149,0,0.0043655,0
3150,0,0.00435453,0
3151,0,0.0042478777,0
3152,0,0.0042995904,0
3153,1,0.0042398972,0
3154,1,0.0042685447,0
3155,1,0.0042936024,0
3156,1,0.0042650783,0
3157,1,0.0042657014,0
3158,1,0.0042573893,0
3159,1,0.004366257,0
3160,1,0.0043560127,0
3161,1,0.00437253,0
3162,1,0.004401206,0
3163,1,0.0044216616,0
3164,1,0.0042879484,0
3165,1,0.004380353,0
3166,1,0.004479591,0
3167,1,0.0045140604,0
3168,1,0.004471562,0
3169,1,0.0045825853,0
3170,1,0.0045136614,0
3171,1,0.004401087,0
3172,1,0.004420217,0
3173,1,0.0044972454,0
3174,1,0.0045591197,0
3175,1,0.004521828,0
3176,1,0.004527802,0
3177,1,0.0045690523,0
3178,1,0.0043652803,0
3179,1,0.0065257307,0
3180,1,0.006559441,0
3181,1,0.006528188,0
3182,1,0.0064851753,0
3183,1,0.006475346,0
3184,1,0.006481258,0
3185,1,0.0065836734,0
3186,1,0.008712159,0
3187,1,0.00874257,0
3188,1,0.008708668,0
3189,1,0.008855978,0
3190,1,0.008828561,0
3191,1,0.008737275,0
3192,1,0.00875361,0
3193,1,0.008594333,0
3194,1,0.008695741,0
3195,1,0.008572142,0
3196,1,0.008605074,0
3197,1,0.00857051,0
3198,1,0.008560893,0
3199,1,0.008441887,0
3200,1,0.008371209,0
3201,1,0.00859494,0
3202,1,0.008656844,0
3203,1,0.008641936,0
3204,1,0.008613365,0
3205,1,0.008584303,0
3206,1,0.008594995,0
3207,1,0.008599059,0
3208,1,0.008601995,0
3209,1,0.0067505785,0
3210,1,0.0065374738,0
3211,1,0.0065164813,0
3212,1,0.006491975,0
3213,1,0.006623441,0
3214,1,0.0065729977,0
3215,1,0.0064752116,0
3216,1,0.0044248695,0
3217,1,0.0044072,0
3218,1,0.0045529935,0
3219,1,0.004661451,0
3220,1,0.0047415188,0
3221,1,0.0048233573,0
3222,1,0.004859328,0
3223,1,0.0052099754,0
3224,1,0.0053371494,0
3225,1,0.0055598128,0
3226,1,0.0055437256,0
3227,1,0.005730609,0
3228,1,0.0058972263,0
3229,1,0.0060580904,0
3230,1,0.0064409063,0
3231,1,0.00642691,0
3232,1,0.0067885434,0
3233,1,0.0070555396,0
3234,1,0.007173223,0
3235,1,0.007466203,0
3236,1,0.007859165,0
3237,1,0.008301448,0
3238,1,0.008801597,0
3239,1,0.009699881,0
3240,1,0.01036369,0
3241,1,0.011029079,0
3242,1,0.01187931,0
3243,1,0.012405099,1
3244,1,0.013541775,1
3245,1,0.014789915,1
3246,1,0.015485108,1
3247,1,0.016667813,1
3248,1,0.018073633,1
3249,1,0.01937707,1
3250,1,0.02136146,1
3251,1,0.02350948,1
3252,1,0.025866427,1
3253,1,0.029116092,1
3254,0,0.0039749052,0
3255,0,0.003951458,0
3256,0,0.004036065,0
3257,0,0.003909996,0
3258,0,0.003974393,0
3259,0,0.004019317,0
3260,0,0.00405811,0
3261,0,0.0039862436,0
3262,0,0.00396054,0
3263,0,0.0040322267,0
3264,0,0.0039573256,0
3265,0,0.0039183134,0
3266,0,0.0037186083,0
3267,0,0.0035666483,0
3268,0,0.003609355,0
3269,0,0.0036814848,0
3270,0,0.003617557,0
3271,0,0.003547219,0
3272,0,0.0034642718,0
3273,0,0.0033530921,0
3274,0,0.0034683263,0
3275,0,0.00349207,0
3276,0,0.0034595667,0
3277,0,0.0034569656,0
3278,0,0.0034718043,0
3279,0,0.0034837984,0
3280,0,0.003501321,0
3281,0,0.0035027447,0
3282,1,0.0033732494,0
3283,1,0.0032618195,0
3284,1,0.003249003,0
3285,1,0.0032726822,0
3286,1,0.0033262325,0
3287,1,0.0033786101,0
3288,1,0.0035166543,0
3289,1,0.003519623,0
3290,1,0.003523653,0
3291,1,0.003590043,0
3292,1,0.0036783936,0
3293,1,0.0037644075,0
3294,1,0.0038019742,0
3295,1,0.003798461,0
3296,1,0.0038641095,0
3297,1,0.0039981436,0
3298,1,0.003992827,0
3299,1,0.003996442,0
3300,1,0.0040784455,0
3301,1,0.0041215867,0
3302,1,0.0041480158,0
3303,1,0.004238147,0
3304,1,0.0041891914,0
3305,1,0.0046598776,0
3306,1,0.0046304725,0
3307,1,0.0047457693,0
3308,1,0.0047411635,0
3309,1,0.004793869,0
3310,1,0.0047290307,0
3311,1,0.0047121355,0
3312,1,0.004727756,0
3313,1,0.0049077757,0
3314,1,0.0048493394,0
3315,1,0.0048631383,0
3316,1,0.0047656717,0
3317,1,0.004732434,0
3318,1,0.0047410843,0
3319,1,0.004715805,0
3320,1,0.0047716936,0
3321,1,0.0048813703,0
3322,1,0.004832182,0
3323,1,0.0045931684,0
3324,1,0.00458453,0
3325,1,0.00470113,0
3326,1,0.0046879128,0
3327,1,0.0046078493,0
3328,1,0.0046197446,0
3329,1,0.0046578473,0
3330,1,0.0047313995,0
3331,1,0.0046779756,0
3332,1,0.0046354528,0
3333,1,0.004552251,0
3334,1,0.0045752926,0
3335,1,0.0041296114,0
3336,1,0.0042396234,0
3337,1,0.004355245,0
3338,1,0.0044836407,0
3339,1,0.004439374,0
3340,1,0.0045000417,0
3341,1,0.004496047,0
3342,1,0.0045606233,0
3343,1,0.0045529674,0
3344,1,0.0047881254,0
3345,1,0.0048564137,0
3346,1,0.005164331,0
3347,1,0.0053979345,0
3348,1,0.0054126224,0
3349,1,0.0055668615,0
3350,1,0.0054955096,0
3351,1,0.005443093,0
3352,1,0.0055913194,0
3353,1,0.005717438,0
3354,1,0.0057988847,0
3355,1,0.0057357247,0
3356,1,0.0060096653,0
3357,1,0.0059813713,0
3358,1,0.006258672,0
3359,1,0.006480959,0
3360,1,0.006594798,0
3361,1,0.006916396,0
3362,1,0.0071657416,0
3363,1,0.007857556,0
3364,1,0.008162987,0
3365,1,0.008314303,0
3366,1,0.008395496,0
3367,1,0.00860697,0
3368,1,0.008745858,0
3369,1,0.009060835,0
3370,1,0.009796373,0
3371,1,0.010258672,0
3372,1,0.0108416835,0
3373,1,0.011449784,0
3374,1,0.01191972,0
3375,1,0.012629363,1
3376,1,0.012943568,1
3377,1,0.013392906,1
3378,1,0.014043925,1
3379,1,0.014957195,1
3380,1,0.015715193,1
3381,1,0.016624972,1
3382,1,0.017884359,1
3383,0,0.004397298,0
3384,0,0.0044331662,0
3385,0,0.004401528,0
3386,0,0.004324516,0
3387,0,0.004268455,0
3388,0,0.004264114,0
3389,0,0.004278164,0
3390,0,0.0043264423,0
3391,0,0.0043410566,0
3392,0,0.0043729,0
3393,0,0.0043605184,0
3394,0,0.004470083,0
3395,0,0.0044492045,0
3396,0,0.004541562,0
3397,0,0.0046713967,0
3398,0,0.004511284,0
3399,0,0.0046660937,0
3400,0,0.0046513826,0
3401,0,0.0045036906,0
3402,0,0.0043688146,0
3403,0,0.004335764,0
3404,0,0.004297815,0
3405,0,0.004397812,0
3406,0,0.0042908094,0
3407,0,0.0043143104,0
3408,0,0.0042633153,0
3409,0,0.004245175,0
3410,0,0.004354974,0
3411,0,0.0043115527,0
3412,0,0.0043309913,0
3413,0,0.0042321957,0
3414,0,0.004178436,0
3415,0,0.0043743127,0
3416,0,0.004333286,0
3417,0,0.0042528873,0
3418,0,0.004365308,0
3419,0,0.0044376934,0
3420,0,0.0043127923,0
3421,0,0.004388405,0
3422,0,0.004339935,0
3423,0,0.0042945417,0
3424,0,0.0042550764,0
3425,0,0.004374198,0
3426,0,0.004366508,0
3427,0,0.0042746575,0
3428,0,0.0043302816,0
3429,0,0.004224639,0
3430,0,0.004216835,0
3431,0,0.0042827567,0
3432,0,0.0042390656,0
3433,0,0.0042737136,0
3434,0,0.0042768116,0
3435,0,0.004234327,0
3436,0,0.0043869764,0
3437,0,0.004308941,0
3438,0,0.0043478394,0
3439,0,0.004375057,0
3440,0,0.004269798,0
3441,0,0.004321425,0
3442,0,0.004362008,0
3443,0,0.004289745,0
3444,0,0.004330977,0
3445,0,0.0042933854,0
3446,0,0.004406619,0
3447,0,0.0045034136,0
3448,0,0.004475277,0
3449,0,0.0042449143,0
3450,0,0.0043896926,0
3451,0,0.0043560416,0
3452,0,0.00438319,0
3453,0,0.004393247,0
3454,0,0.0044060233,0
3455,0,0.0042550243,0
3456,0,0.004109989,0
3457,0,0.0041806544,0
3458,0,0.004270921,0
3459,0,0.004247698,0
3460,0,0.0042126086,0
3461,0,0.0041272636,0
3462,0,0.004189051,0
3463,0,0.004258147,0
3464,0,0.0041520125,0
3465,0,0.0042034215,0
3466,0,0.003980516,0
3467,0,0.004027926,0
3468,0,0.0039587617,0
3469,0,0.003952919,0
3470,0,0.003995487,0
3471,0,0.003946617,0
3472,0,0.0038877183,0
3473,0,0.0038581695,0
3474,0,0.0038634962,0
3475,0,0.0038191478,0
3476,0,0.0037356769,0
3477,0,0.0036436056,0
3478,0,0.0035580716,0
3479,0,0.0035897775,0
3480,0,0.0034444013,0
3481,0,0.003357943,0
3482,0,0.003441419,0
3483,0,0.0034092767,0
3484,0,0.0033771368,0
3485,0,0.003530976,0
3486,0,0.0034628646,0
3487,1,0.0032946256,0
3488,1,0.0032129798,0
3489,1,0.0032442214,0
3490,1,0.0032641867,0
3491,1,0.0032489307,0
3492,1,0.0032346614,0
3493,1,0.0031989715,0
3494,1,0.0034406174,0
3495,1,0.0034501741,0
3496,1,0.0034719245,0
3497,1,0.0034609342,0
3498,1,0.003548995,0
3499,1,0.0035592695,0
3500,1,0.0035340427,0
3501,1,0.0034341686,0
3502,1,0.0036181207,0
3503,1,0.0036749137,0
3504,1,0.0036744757,0
3505,1,0.0036921904,0
3506,1,0.0037127011,0
3507,1,0.0037585027,0
3508,1,0.0038565982,0
3509,1,0.0038896303,0
3510,1,0.003960694,0
3511,1,0.004044891,0
3512,1,0.004016496,0
3513,1,0.0041996506,0
3514,1,0.0042551896,0
3515,1,0.004141815,0
3516,1,0.0042088525,0
3517,1,0.004261189,0
3518,1,0.0044086343,0
3519,1,0.0044045015,0
3520,1,0.0043646074,0
3521,1,0.0044189417,0
3522,1,0.0044773836,0
3523,1,0.004536033,0
3524,1,0.0045032944,0
3525,1,0.0044824495,0
3526,1,0.0044635073,0
3527,1,0.0044870563,0
3528,1,0.0044518756,0
3529,1,0.004483838,0
3530,1,0.0044965134,0
3531,1,0.0046328013,0
3532,1,0.004662356,0
3533,1,0.0045673773,0
3534,1,0.0045932997,0
3535,1,0.004622873,0
3536,1,0.0046195127,0
3537,1,0.0046502114,0
3538,1,0.004697857,0
3539,1,0.004821756,0
3540,1,0.004866588,0
3541,1,0.004905841,0
3542,1,0.0048682173,0
3543,1,0.004890749,0
3544,1,0.004825353,0
3545,1,0.004955879,0
3546,1,0.0050892406,0
3547,1,0.0052231015,0
3548,1,0.0050714593,0
3549,1,0.0051747574,0
3550,1,0.0052988473,0
3551,1,0.0054065683,0
3552,1,0.00549602,0
3553,1,0.0054938644,0
3554,1,0.0055543217,0
3555,1,0.0055773933,0
3556,1,0.005807578,0
3557,1,0.0063960194,0
3558,1,0.006523299,0
3559,1,0.006658375,0
3560,1,0.0068320106,0
3561,1,0.0070083854,0
3562,1,0.0070851254,0
3563,1,0.0072900127,0
3564,1,0.007573137,0
3565,1,0.007629939,0
3566,1,0.00784464,0
3567,1,0.008327913,0
3568,1,0.00876871,0
3569,1,0.009106532,0
3570,1,0.009531371,0
3571,1,0.009900328,0
3572,1,0.010331652,0
3573,1,0.010545903,0
3574,1,0.010991188,0
3575,1,0.011276672,0
3576,1,0.011640205,0
3577,1,0.011881896,0
3578,1,0.012538177,1
3579,1,0.012564763,1
3580,1,0.013109985,1
3581,1,0.01349969,1
3582,1,0.0139862625,1
3583,1,0.0144976,1
3584,1,0.015444322,1
3585,1,0.016575105,1
3586,1,0.017424759,1
3587,1,0.017709343,1
3588,0,0.0041989577,0
3589,0,0.004112587,0
3590,0,0.004043436,0
3591,0,0.0041771093,0
3592,0,0.0042040376,0
3593,0,0.0039699143,0
3594,0,0.0039466657,0
3595,0,0.0040732664,0
3596,0,0.004127751,0
3597,0,0.003994663,0
3598,0,0.0040232446,0
3599,0,0.004001035,0
3600,0,0.0040504537,0
3601,0,0.0040514497,0
3602,0,0.004073135,0
3603,0,0.004110113,0
3604,0,0.004087114,0
3605,0,0.004083276,0
3606,0,0.0042091627,0
3607,0,0.0042363405,0
3608,0,0.00423439,0
3609,0,0.004397443,0
3610,0,0.0043369066,0
3611,0,0.004464156,0
3612,0,0.0045985626,0
3613,0,0.0045200656,0
3614,0,0.0044786604,0
3615,0,0.004489958,0
3616,0,0.0045114327,0
3617,0,0.0045203357,0
3618,0,0.0045663305,0
3619,0,0.004988611,0
3620,0,0.004984971,0
3621,0,0.004764296,0
3622,0,0.004664387,0
3623,0,0.0046387194,0
3624,0,0.0045051044,0
3625,0,0.0044386582,0
3626,0,0.0045237876,0
3627,0,0.0046903337,0
3628,0,0.004684052,0
3629,0,0.004716645,0
3630,0,0.0046389676,0
3631,0,0.0045947162,0
3632,0,0.0046004583,0
3633,0,0.0047037867,0
3634,0,0.0047360836,0
3635,0,0.0047381157,0
3636,0,0.0046250853,0
3637,0,0.004602699,0
3638,0,0.004643332,0
3639,0,0.0045047784,0
3640,0,0.004541494,0
3641,0,0.0044236244,0
3642,0,0.0042826138,0
3643,0,0.0044350103,0
3644,0,0.0045152768,0
3645,0,0.0045360234,0
3646,0,0.004523007,0
3647,0,0.004716825,0
3648,0,0.00469562,0
3649,0,0.0042985706,0
3650,0,0.0044187764,0
3651,0,0.004461899,0
3652,0,0.0045435145,0
3653,1,0.004555145,0
3654,1,0.0045428625,0
3655,1,0.0045418115,0
3656,1,0.0043794224,0
3657,1,0.004409847,0
3658,1,0.0043512094,0
3659,1,0.0043991734,0
3660,1,0.0044092555,0
3661,1,0.0044889865,0
3662,1,0.004389632,0
3663,1,0.00443505,0
3664,1,0.0045623006,0
3665,1,0.004548754,0
3666,1,0.004581559,0
3667,1,0.0047091846,0
3668,1,0.004700683,0
3669,1,0.0047152005,0
3670,1,0.0046549994,0
3671,1,0.004636604,0
3672,1,0.0047619375,0
3673,1,0.004717645,0
3674,1,0.0047011883,0
3675,1,0.004605481,0
3676,1,0.0046550264,0
3677,1,0.004512614,0
3678,1,0.004558158,0
3679,1,0.006726423,0
3680,1,0.0066049295,0
3681,1,0.0067335125,0
3682,1,0.006765491,0
3683,1,0.0067937407,0
3684,1,0.006798752,0
3685,1,0.006713316,0
3686,1,0.006846785,0
3687,1,0.006638315,0
3688,1,0.0066863257,0
3689,1,0.006643528,0
3690,1,0.006596699,0
3691,1,0.0066400515,0
3692,1,0.0067067235,0
3693,1,0.006562996,0
3694,1,0.0064605786,0
3695,1,0.0063749375,0
3696,1,0.0063730455,0
3697,1,0.0063063847,0
3698,1,0.0062870984,0
3699,1,0.006237029,0
3700,1,0.0061551863,0
3701,1,0.0063363584,0
3702,1,0.0063708574,0
3703,1,0.006376218,0
3704,1,0.0063501736,0
3705,1,0.006609364,0
3706,1,0.006559047,0
3707,1,0.0066103376,0
3708,1,0.0065885787,0
3709,1,0.004445757,0
3710,1,0.004397699,0
3711,1,0.004406569,0
3712,1,0.0044803624,0
3713,1,0.004551492,0
3714,1,0.0047158143,0
3715,1,0.0049077277,0
3716,1,0.0048360843,0
3717,1,0.004866208,0
3718,1,0.004928975,0
3719,1,0.005010159,0
3720,1,0.005106819,0
3721,1,0.004936537,0
3722,1,0.0050575724,0
3723,1,0.005169876,0
3724,1,0.005249722,0
3725,1,0.00532733,0
3726,1,0.005533528,0
3727,1,0.005619858,0
3728,1,0.00575664,0
3729,1,0.005789436,0
3730,1,0.0060226917,0
3731,1,0.006164182,0
3732,1,0.0063666515,0
3733,1,0.0067487047,0
3734,1,0.0069427504,0
3735,1,0.0069985287,0
3736,1,0.007253281,0
3737,1,0.007402897,0
3738,1,0.0077394345,0
3739,1,0.008108956,0
3740,1,0.009068503,0
3741,1,0.009277394,0
3742,1,0.009973393,0
3743,1,0.010432187,0
3744,1,0.010909206,0
3745,1,0.01176073,0
3746,1,0.012461883,1
3747,1,0.013193648,1
3748,1,0.014217846,1
3749,1,0.015181188,1
3750,1,0.016297605,1
3751,1,0.017719269,1
3752,1,0.019436289,1
3753,1,0.021094123,1
3754,0,0.0038550966,0
3755,0,0.0038462067,0
3756,0,0.0038428758,0
3757,0,0.0038801273,0
3758,0,0.0038443657,0
3759,0,0.003730543,0
3760,0,0.003730499,0
3761,0,0.0037159445,0
3762,0,0.003573872,0
3763,0,0.0035543216,0
3764,0,0.0035111832,0
3765,0,0.0033878027,0
3766,0,0.0033150234,0
3767,0,0.003305615,0
3768,0,0.0033014622,0
3769,0,0.0031229835,0
3770,0,0.0031806044,0
3771,0,0.0031421008,0
3772,0,0.0031916448,0
3773,0,0.0031001128,0
3774,0,0.0029971418,0
3775,0,0.0031119643,0
3776,0,0.0031190927,0
3777,0,0.0031214433,0
3778,0,0.0030814966,0
3779,0,0.0031422959,0
3780,0,0.003236533,0
3781,0,0.0032682463,0
3782,0,0.0035103185,0
3783,0,0.0036735432,0
3784,0,0.0038037351,0
3785,0,0.0038290857,0
3786,0,0.003921259,0
3787,0,0.0038528647,0
3788,0,0.003782956,0
3789,0,0.003802601,0
3790,0,0.0038708707,0
3791,0,0.0039104805,0
3792,0,0.0039452016,0
3793,0,0.004046857,0
3794,0,0.004133543,0
3795,0,0.0041815387,0
3796,0,0.004180134,0
3797,0,0.0044010584,0
3798,0,0.0044015683,0
3799,0,0.0045071114,0
3800,0,0.004454842,0
3801,0,0.004562073,0
3802,0,0.004481124,0
3803,0,0.0045999624,0
3804,0,0.004694246,0
3805,0,0.0045933905,0
3806,0,0.0045917365,0
3807,0,0.0045653204,0
3808,0,0.0046457113,0
3809,0,0.0046348684,0
3810,0,0.0044801175,0
3811,0,0.0044685123,0
3812,0,0.0042018807,0
3813,0,0.0041197534,0
3814,0,0.003993117,0
3815,0,0.0040028347,0
3816,0,0.0039430843,0
3817,0,0.0039403317,0
3818,0,0.0039804867,0
3819,0,0.003988718,0
3820,0,0.0039561167,0
3821,0,0.0038834212,0
3822,0,0.0039280425,0
3823,0,0.0038199017,0
3824,0,0.0038333302,0
3825,0,0.0037925853,0
3826,1,0.0038279667,0
3827,1,0.0036261156,0
3828,1,0.0035214317,0
3829,1,0.0033785163,0
3830,1,0.0033247056,0
3831,1,0.0032658135,0
3832,1,0.0032509963,0
3833,1,0.003219658,0
3834,1,0.0031455415,0
3835,1,0.0033133219,0
3836,1,0.0033474092,0
3837,1,0.0035489113,0
3838,1,0.0035000627,0
3839,1,0.0035318073,0
3840,1,0.0037218973,0
3841,1,0.003738415,0
3842,1,0.0038493036,0
3843,1,0.0039276406,0
3844,1,0.003933139,0
3845,1,0.0039458023,0
3846,1,0.003972136,0
3847,1,0.0040315795,0
3848,1,0.0041451827,0
3849,1,0.004122882,0
3850,1,0.004108831,0
3851,1,0.0042734505,0
3852,1,0.0041976105,0
3853,1,0.0042133047,0
3854,1,0.0041810744,0
3855,1,0.0043324856,0
3856,1,0.004441719,0
3857,1,0.0045801755,0
3858,1,0.0046600853,0
3859,1,0.0047439625,0
3860,1,0.004869768,0
3861,1,0.0048357,0
3862,1,0.004953567,0
3863,1,0.00496093,0
3864,1,0.0049893633,0
3865,1,0.004923775,0
3866,1,0.004913931,0
3867,1,0.0048016612,0
3868,1,0.004838328,0
3869,1,0.0046919207,0
3870,1,0.004593307,0
3871,1,0.00476223,0
3872,1,0.0047365166,0
3873,1,0.0047248066,0
3874,1,0.0047480105,0
3875,1,0.00475878,0
3876,1,0.0046673967,0
3877,1,0.00458452,0
3878,1,0.0046492694,0
3879,1,0.004832146,0
3880,1,0.0050005973,0
3881,1,0.004912118,0
3882,1,0.0050699688,0
3883,1,0.005268371,0
3884,1,0.005412901,0
3885,1,0.005346323,0
3886,1,0.0053973063,0
3887,1,0.0054440065,0
3888,1,0.0054002283,0
3889,1,0.0053880825,0
3890,1,0.005484474,0
3891,1,0.005620482,0
3892,1,0.0057330397,0
3893,1,0.005907207,0
3894,1,0.00612816,0
3895,1,0.00644507,0
3896,1,0.006654023,0
3897,1,0.006762528,0
3898,1,0.0069223247,0
3899,1,0.0071071764,0
3900,1,0.0071540726,0
3901,1,0.007271809,0
3902,1,0.007873481,0
3903,1,0.008139226,0
3904,1,0.008314003,0
3905,1,0.00858532,0
3906,1,0.008742166,0
3907,1,0.009140518,0
3908,1,0.009290085,0
3909,1,0.009555562,0
3910,1,0.009586705,0
3911,1,0.009985485,0
3912,1,0.010564793,0
3913,1,0.011167815,0
3914,1,0.011428634,0
3915,1,0.01200273,0
3916,1,0.012382082,1
3917,1,0.013140899,1
3918,1,0.013569796,1
3919,1,0.01450829,1
3920,1,0.014978174,1
3921,1,0.01572454,1
3922,1,0.016143607,1
3923,1,0.016703544,1
3924,1,0.01716507,1
3925,1,0.017706221,1
3926,1,0.018802427,1
3927,0,0.0046006776,0
3928,0,0.004569959,0
3929,0,0.0045985943,0
3930,0,0.0046908013,0
3931,0,0.0046044784,0
3932,0,0.0046155183,0
3933,0,0.004649269,0
3934,0,0.0044775764,0
3935,0,0.0046237637,0
3936,0,0.004745002,0
3937,0,0.0047680396,0
3938,0,0.004562486,0
3939,0,0.004397029,0
3940,0,0.0044401004,0
3941,0,0.004489786,0
3942,0,0.0045269756,0
3943,0,0.0044142897,0
3944,0,0.0042964667,0
3945,0,0.004224872,0
3946,0,0.0042762244,0
3947,0,0.0043335785,0
3948,0,0.0043423325,0
3949,0,0.004355885,0
3950,0,0.00462406,0
3951,0,0.004545112,0
3952,0,0.0047272695,0
3953,0,0.0047890753,0
3954,0,0.004702914,0
3955,0,0.004675649,0
3956,0,0.00451566,0
3957,0,0.004466825,0
3958,0,0.004499219,0
3959,0,0.0044781743,0
3960,0,0.0044195033,0
3961,0,0.004393337,0
3962,0,0.004317863,0
3963,0,0.0044087116,0
3964,0,0.004459425,0
3965,1,0.0044224113,0
3966,1,0.004256607,0
3967,1,0.0042272564,0
3968,1,0.004259243,0
3969,1,0.0042997976,0
3970,1,0.004405797,0
3971,1,0.004407577,0
3972,1,0.004321348,0
3973,1,0.004409963,0
3974,1,0.004452186,0
3975,1,0.0044748094,0
3976,1,0.004370149,0
3977,1,0.004314454,0
3978,1,0.004429219,0
3979,1,0.0043998333,0
3980,1,0.004165057,0
3981,1,0.004100295,0
3982,1,0.0039360565,0
3983,1,0.0040492304,0
3984,1,0.004106322,0
3985,1,0.00409259,0
3986,1,0.0041432953,0
3987,1,0.004197269,0
3988,1,0.0041472465,0
3989,1,0.004042948,0
3990,1,0.004041184,0
3991,1,0.00400598,0
3992,1,0.004048544,0
3993,1,0.0039545437,0
3994,1,0.0039580045,0
3995,1,0.0038726109,0
3996,1,0.0039388044,0
3997,1,0.004032861,0
3998,1,0.004057103,0
3999,1,0.004217925,0
4000,1,0.0041203527,0
4001,1,0.0041141133,0
4002,1,0.0042310064,0
4003,1,0.0042014625,0
4004,1,0.0044074995,0
4005,1,0.0044048,0
4006,1,0.004374823,0
4007,1,0.0042994698,0
4008,1,0.0042063906,0
4009,1,0.004236054,0
4010,1,0.004253786,0
4011,1,0.0043648584,0
4012,1,0.0044365907,0
4013,1,0.0044056606,0
4014,1,0.004454099,0
4015,1,0.0044385665,0
4016,1,0.0043490794,0
4017,1,0.004382503,0
4018,1,0.004357565,0
4019,1,0.0045903376,0
4020,1,0.0045101913,0
4021,1,0.0045200265,0
4022,1,0.004573609,0
4023,1,0.0045842617,0
4024,1,0.0044097337,0
4025,1,0.004449338,0
4026,1,0.004516661,0
4027,1,0.004575804,0
4028,1,0.0046587056,0
4029,1,0.0047388575,0
4030,1,0.0047472594,0
4031,1,0.0046363305,0
4032,1,0.0044247173,0
4033,1,0.0044670296,0
4034,1,0.004495457,0
4035,1,0.0045905,0
4036,1,0.004679379,0
4037,1,0.004797139,0
4038,1,0.004944727,0
4039,1,0.0051084585,0
4040,1,0.0051824264,0
4041,1,0.0051231612,0
4042,1,0.0051609,0
4043,1,0.0053128577,0
4044,1,0.0053807558,0
4045,1,0.0054555684,0
4046,1,0.0056741107,0
4047,1,0.0059985723,0
4048,1,0.006231258,0
4049,1,0.0063243588,0
4050,1,0.0067185625,0
4051,1,0.0069824574,0
4052,1,0.0070441808,0
4053,1,0.0072267526,0
4054,1,0.0077361763,0
4055,1,0.008266277,0
4056,1,0.008849977,0
4057,1,0.009271161,0
4058,1,0.009794695,0
4059,1,0.010270781,0
4060,1,0.010676489,0
4061,1,0.011466329,0
4062,1,0.012053397,0
4063,1,0.012762087,1
4064,1,0.01363951,1
4065,1,0.014772074,1
4066,0,0.007838774,0
4067,0,0.007823047,0
4068,0,0.007866342,0
4069,0,0.007874102,0
4070,0,0.007857872,0
4071,0,0.0076851128,0
4072,0,0.00764293,0
4073,0,0.00762105,0
4074,0,0.007622406,0
4075,0,0.0075891507,0
4076,0,0.0056991098,0
4077,0,0.0057493793,0
4078,0,0.005919988,0
4079,0,0.005931974,0
4080,0,0.0059961216,0
4081,0,0.00596923,0
4082,0,0.0059886733,0
4083,1,0.0059954613,0
4084,1,0.0061246185,0
4085,1,0.0040916316,0
4086,1,0.0041104457,0
4087,1,0.0041683223,0
4088,1,0.0042370562,0
4089,1,0.0042473706,0
4090,1,0.004279752,0
4091,1,0.0044238213,0
4092,1,0.004452557,0
4093,1,0.0045798435,0
4094,1,0.004577285,0
4095,1,0.004431836,0
4096,1,0.0044137626,0
4097,1,0.0044341907,0
4098,1,0.0043013664,0
4099,1,0.0042633605,0
4100,1,0.0043051965,0
4101,1,0.00432691,0
4102,1,0.0043344814,0
4103,1,0.0043986705,0
4104,1,0.0043805945,0
4105,1,0.0044006724,0
4106,1,0.0044559874,0
4107,1,0.0044071465,0
4108,1,0.0042911507,0
4109,1,0.004277245,0
4110,1,0.0042745746,0
4111,1,0.0042956322,0
4112,1,0.004294626,0
4113,1,0.0043256436,0
4114,1,0.004185564,0
4115,1,0.004234229,0
4116,1,0.004337972,0
4117,1,0.0043191453,0
4118,1,0.0043193256,0
4119,1,0.0044630193,0
4120,1,0.004319476,0
4121,1,0.0041757543,0
4122,1,0.0041032624,0
4123,1,0.004066358,0
4124,1,0.0041605905,0
4125,1,0.0041970997,0
4126,1,0.0042879144,0
4127,1,0.004331649,0
4128,1,0.0043993453,0
4129,1,0.0044176998,0
4130,1,0.0043681865,0
4131,1,0.004481677,0
4132,1,0.0044638193,0
4133,1,0.004336564,0
4134,1,0.0044052056,0
4135,1,0.0045403778,0
4136,1,0.0044959364,0
4137,1,0.0045963507,0
4138,1,0.0044738,0
4139,1,0.004432099,0
4140,1,0.0044605364,0
4141,1,0.004422235,0
4142,1,0.004389114,0
4143,1,0.0044947225,0
4144,1,0.0043768724,0
4145,1,0.0041384706,0
4146,1,0.0040847715,0
4147,1,0.004140266,0
4148,1,0.0040763807,0
4149,1,0.0043410473,0
4150,1,0.004407544,0
4151,1,0.0043321387,0
4152,1,0.0045023574,0
4153,1,0.0047124466,0
4154,1,0.004720556,0
4155,1,0.0044764555,0
4156,1,0.0045379163,0
4157,1,0.004753096,0
4158,1,0.0048664445,0
4159,1,0.004902359,0
4160,1,0.0048177876,0
4161,1,0.00482536,0
4162,1,0.0048888884,0
4163,1,0.0050248625,0
4164,1,0.005110965,0
4165,1,0.0051306076,0
4166,1,0.0052064382,0
4167,1,0.0052958373,0
4168,1,0.005230019,0
4169,1,0.0057222634,0
4170,1,0.0060878727,0
4171,1,0.0063214675,0
4172,1,0.0067499555,0
4173,1,0.0070094056,0
4174,1,0.006935803,0
4175,1,0.0072873095,0
4176,1,0.007682965,0
4177,1,0.008053202,0
4178,1,0.008782007,0
4179,1,0.009576787,0
4180,1,0.010447049,0
4181,1,0.01120746,0
4182,1,0.012118255,0
4183,1,0.013064052,1
4184,0,0.0046652174,0
4185,0,0.0046222266,0
4186,0,0.0046296413,0
4187,0,0.0045982976,0
4188,0,0.0046552857,0
4189,0,0.0046351803,0
4190,0,0.0045945006,0
4191,0,0.004620066,0
4192,0,0.0045483694,0
4193,0,0.00465778,0
4194,0,0.0048540006,0
4195,0,0.004885646,0
4196,0,0.0047568674,0
4197,0,0.0047880183,0
4198,0,0.0047565736,0
4199,0,0.004705351,0
4200,0,0.0045949593,0
4201,0,0.0046270434,0
4202,0,0.0046672146,0
4203,0,0.0050051957,0
4204,0,0.005005051,0
4205,0,0.0051615653,0
4206,0,0.0052230386,0
4207,0,0.0050805053,0
4208,0,0.0050912956,0
4209,0,0.0048994957,0
4210,0,0.004887115,0
4211,0,0.0048430953,0
4212,0,0.004811319,0
4213,0,0.004703929,0
4214,0,0.0043520927,0
4215,0,0.0043755476,0
4216,0,0.0043676216,0
4217,0,0.0044025723,0
4218,0,0.004413767,0
4219,0,0.0043517225,0
4220,0,0.0044538626,0
4221,0,0.0043562483,0
4222,0,0.004402383,0
4223,0,0.004330596,0
4224,0,0.0041912217,0
4225,0,0.004243297,0
4226,0,0.004167191,0
4227,0,0.0041929185,0
4228,0,0.004210006,0
4229,0,0.004245478,0
4230,0,0.0041734045,0
4231,0,0.0041298056,0
4232,0,0.004140566,0
4233,0,0.0038944243,0
4234,0,0.004070152,0
4235,0,0.0039646258,0
4236,0,0.003946164,0
4237,0,0.0039663212,0
4238,0,0.0040058196,0
4239,0,0.004087004,0
4240,0,0.004080792,0
4241,0,0.003914251,0
4242,0,0.0040417993,0
4243,0,0.0041201813,0
4244,0,0.004197411,0
4245,0,0.004109716,0
4246,0,0.0040716995,0
4247,0,0.0041266186,0
4248,0,0.004207907,0
4249,0,0.0041612266,0
4250,0,0.004054899,0
4251,0,0.004071505,0
4252,0,0.0040717535,0
4253,0,0.004091671,0
4254,0,0.0040521026,0
4255,0,0.0039112414,0
4256,0,0.003963278,0
4257,0,0.0040581254,0
4258,0,0.0039663026,0
4259,0,0.0039422177,0
4260,0,0.0039071487,0
4261,0,0.0040251245,0
4262,0,0.004157576,0
4263,0,0.0041079223,0
4264,0,0.0039417874,0
4265,0,0.0038571637,0
4266,0,0.0038151576,0
4267,0,0.0037978734,0
4268,0,0.0037009225,0
4269,0,0.0038992164,0
4270,0,0.0038844347,0
4271,0,0.003932649,0
4272,0,0.003846271,0
4273,0,0.003820088,0
4274,0,0.003806469,0
4275,0,0.003767055,0
4276,0,0.003811893,0
4277,0,0.0037291897,0
4278,0,0.0035990875,0
4279,0,0.003759167,0
4280,0,0.0038226012,0
4281,0,0.0038643666,0
4282,0,0.003791325,0
4283,0,0.0037721158,0
4284,1,0.003916443,0
4285,1,0.003962086,0
4286,1,0.0040162136,0
4287,1,0.0040313196,0
4288,1,0.004055403,0
4289,1,0.004143859,0
4290,1,0.004283015,0
4291,1,0.0041113263,0
4292,1,0.0040555466,0
4293,1,0.004050366,0
4294,1,0.0040022857,0
4295,1,0.004017433,0
4296,1,0.0041375784,0
4297,1,0.0040976014,0
4298,1,0.0041707093,0
4299,1,0.0039823893,0
4300,1,0.0040921317,0
4301,1,0.0040499866,0
4302,1,0.004053932,0
4303,1,0.004163864,0
4304,1,0.004189974,0
4305,1,0.004246974,0
4306,1,0.004247701,0
4307,1,0.0043564034,0
4308,1,0.004413993,0
4309,1,0.004438148,0
4310,1,0.0043260553,0
4311,1,0.0042958106,0
4312,1,0.004327371,0
4313,1,0.0044112112,0
4314,1,0.0043890295,0
4315,1,0.0042899298,0
4316,1,0.00414836,0
4317,1,0.003994459,0
4318,1,0.004037617,0
4319,1,0.004011448,0
4320,1,0.0039418004,0
4321,1,0.0041040075,0
4322,1,0.00410669,0
4323,1,0.004047674,0
4324,1,0.004123298,0
4325,1,0.0041281693,0
4326,1,0.0040823417,0
4327,1,0.0040972675,0
4328,1,0.0041174525,0
4329,1,0.004244278,0
4330,1,0.004161614,0
4331,1,0.0044185435,0
4332,1,0.004478832,0
4333,1,0.004463346,0
4334,1,0.004470494,0
4335,1,0.004545302,0
4336,1,0.004559966,0
4337,1,0.0045287143,0
4338,1,0.004623282,0
4339,1,0.0047954647,0
4340,1,0.004878188,0
4341,1,0.005049757,0
4342,1,0.005006146,0
4343,1,0.0049848477,0
4344,1,0.0050802426,0
4345,1,0.005162872,0
4346,1,0.005440199,0
4347,1,0.005537273,0
4348,1,0.005617898,0
4349,1,0.0057116593,0
4350,1,0.005952377,0
4351,1,0.0058610146,0
4352,1,0.005809788,0
4353,1,0.005943701,0
4354,1,0.006144994,0
4355,1,0.0064355517,0
4356,1,0.0065971,0
4357,1,0.0067231683,0
4358,1,0.007013096,0
4359,1,0.007147961,0
4360,1,0.007349398,0
4361,1,0.0075889006,0
4362,1,0.008170219,0
4363,1,0.008432708,0
4364,1,0.008781136,0
4365,1,0.009038646,0
4366,1,0.009581242,0
4367,1,0.010070343,0
4368,1,0.0104635535,0
4369,1,0.010760386,0
4370,1,0.011428507,0
4371,1,0.012065464,0
4372,1,0.012800863,1
4373,1,0.0135321,1
4374,1,0.01426784,1
4375,1,0.014985769,1
4376,1,0.015675291,1
4377,1,0.016546406,1
4378,1,0.017734846,1
4379,1,0.018756049,1
4380,1,0.01937909,1
4381,1,0.02073923,1
4382,1,0.022134142,1
4383,1,0.023203427,1
4384,1,0.024599027,1
4385,0,0.0037663993,0
4386,0,0.003883092,0
4387,0,0.0038801418,0
4388,0,0.003987251,0
4389,0,0.0040754913,0
4390,0,0.0041820174,0
4391,0,0.004185448,0
4392,0,0.0041362545,0
4393,0,0.0040937546,0
4394,0,0.004098414,0
4395,0,0.004104207,0
4396,0,0.004195431,0
4397,0,0.0042468086,0
4398,0,0.004312054,0
4399,0,0.0042821215,0
4400,0,0.004304703,0
4401,0,0.0044256668,0
4402,0,0.004471309,0
4403,0,0.0045260685,0
4404,0,0.004484394,0
4405,0,0.0044983225,0
4406,0,0.004396198,0
4407,0,0.004451987,0
4408,0,0.0045275223,0
4409,0,0.004617653,0
4410,0,0.004611453,0
4411,0,0.004664434,0
4412,0,0.00482058,0
4413,0,0.004768008,0
4414,0,0.0048485906,0
4415,0,0.0048244144,0
4416,0,0.004755459,0
4417,0,0.004888117,0
4418,0,0.004878075,0
4419,0,0.00479363,0
4420,0,0.0047224956,0
4421,0,0.0046686116,0
4422,0,0.0046179066,0
4423,0,0.00462705,0
4424,0,0.004652779,0
4425,0,0.0044990336,0
4426,0,0.004411722,0
4427,0,0.004395949,0
4428,0,0.0044254716,0
4429,0,0.0045008934,0
4430,0,0.0044898144,0
4431,0,0.0044288347,0
4432,0,0.004327337,0
4433,0,0.0043896907,0
4434,0,0.0043936074,0
4435,0,0.0043970332,0
4436,0,0.00460772,0
4437,0,0.0046087806,0
4438,0,0.0045247586,0
4439,0,0.004378832,0
4440,0,0.004468898,0
4441,0,0.0044243783,0
4442,0,0.004326349,0
4443,0,0.0043938165,0
4444,0,0.0043661157,0
4445,0,0.0044535534,0
4446,0,0.00449525,0
4447,0,0.004504952,0
4448,0,0.0043680123,0
4449,0,0.0044689164,0
4450,0,0.004378311,0
4451,0,0.0044184374,0
4452,0,0.0044261776,0
4453,0,0.0044036657,0
4454,1,0.00435405,0
4455,1,0.004363095,0
4456,1,0.00441888,0
4457,1,0.004387613,0
4458,1,0.004321901,0
4459,1,0.0042754794,0
4460,1,0.004356314,0
4461,1,0.0042581097,0
4462,1,0.004369694,0
4463,1,0.004228694,0
4464,1,0.0041813105,0
4465,1,0.004163468,0
4466,1,0.0039570164,0
4467,1,0.0038774773,0
4468,1,0.003958382,0
4469,1,0.0039941245,0
4470,1,0.003960778,0
4471,1,0.003965842,0
4472,1,0.0038461825,0
4473,1,0.0037529448,0
4474,1,0.0036966028,0
4475,1,0.0035738538,0
4476,1,0.0037602389,0
4477,1,0.0036651331,0
4478,1,0.003655289,0
4479,1,0.0035311915,0
4480,1,0.0036858623,0
4481,1,0.0035978202,0
4482,1,0.0035437534,0
4483,1,0.0036264234,0
4484,1,0.0036257943,0
4485,1,0.0036553415,0
4486,1,0.0035348744,0
4487,1,0.0035341168,0
4488,1,0.003655238,0
4489,1,0.0039065024,0
4490,1,0.003791637,0
4491,1,0.0038024136,0
4492,1,0.0037581585,0
4493,1,0.0038085598,0
4494,1,0.0039275503,0
4495,1,0.0038459809,0
4496,1,0.003944287,0
4497,1,0.004050295,0
4498,1,0.004048854,0
4499,1,0.0041956767,0
4500,1,0.0042691226,0
4501,1,0.004419181,0
4502,1,0.0044521345,0
4503,1,0.0046479795,0
4504,1,0.004675002,0
4505,1,0.0048712287,0
4506,1,0.0047621704,0
4507,1,0.004759983,0
4508,1,0.0046857763,0
4509,1,0.0047928863,0
4510,1,0.0046142833,0
4511,1,0.0047359955,0
4512,1,0.00480393,0
4513,1,0.0046834247,0
4514,1,0.00488833,0
4515,1,0.0049776863,0
4516,1,0.0052949763,0
4517,1,0.005596424,0
4518,1,0.005650682,0
4519,1,0.0054058866,0
4520,1,0.0055936337,0
4521,1,0.0056007165,0
4522,1,0.005626562,0
4523,1,0.005739741,0
4524,1,0.00582101,0
4525,1,0.006048451,0
4526,1,0.006210694,0
4527,1,0.00636904,0
4528,1,0.0066161593,0
4529,1,0.006656735,0
4530,1,0.006851162,0
4531,1,0.007118512,0
4532,1,0.0075403554,0
4533,1,0.0077279285,0
4534,1,0.008153531,0
4535,1,0.008239714,0
4536,1,0.008599736,0
4537,1,0.008854524,0
4538,1,0.009428813,0
4539,1,0.009709877,0
4540,1,0.010262142,0
4541,1,0.010895563,0
4542,1,0.011624449,0
4543,1,0.012480534,1
4544,1,0.0130328825,1
4545,1,0.013527609,1
4546,1,0.014317634,1
4547,1,0.014965081,1
4548,1,0.015681827,1
4549,1,0.016749363,1
4550,1,0.017533956,1
4551,1,0.01853296,1
4552,1,0.019836944,1
4553,1,0.020707386,1
4554,1,0.022521535,1
4555,0,0.0040271454,0
4556,0,0.003923066,0
4557,0,0.0038284154,0
4558,0,0.00381106,0
4559,0,0.0038951156,0
4560,0,0.003837611,0
4561,0,0.0039539556,0
4562,0,0.0038824633,0
4563,0,0.0038133701,0
4564,0,0.0037731796,0
4565,0,0.0037437347,0
4566,0,0.0037492625,0
4567,0,0.0038623896,0
4568,0,0.0038171955,0
4569,0,0.0038480791,0
4570,0,0.003891662,0
4571,0,0.0038182954,0
4572,0,0.003701686,0
4573,0,0.0038422474,0
4574,0,0.0038234442,0
4575,0,0.0039457274,0
4576,0,0.0039173253,0
4577,0,0.0061581805,0
4578,0,0.006218748,0
4579,0,0.006134985,0
4580,0,0.006106046,0
4581,1,0.0061704223,0
4582,1,0.006123404,0
4583,1,0.0060286564,0
4584,1,0.0061814943,0
4585,1,0.0061735725,0
4586,1,0.006242864,0
4587,1,0.006256519,0
4588,1,0.0063195485,0
4589,1,0.0062097693,0
4590,1,0.0062513333,0
4591,1,0.0061396295,0
4592,1,0.006110363,0
4593,1,0.0061477884,0
4594,1,0.0062807794,0
4595,1,0.006247691,0
4596,1,0.0061854366,0
4597,1,0.006123627,0
4598,1,0.00612674,0
4599,1,0.006110535,0
4600,1,0.006083765,0
4601,1,0.0060319807,0
4602,1,0.006077493,0
4603,1,0.0059999754,0
4604,1,0.006054325,0
4605,1,0.006154916,0
4606,1,0.0062046917,0
4607,1,0.0040765284,0
4608,1,0.0041630794,0
4609,1,0.004245716,0
4610,1,0.004281896,0
4611,1,0.0042800866,0
4612,1,0.0044218902,0
4613,1,0.004536365,0
4614,1,0.0045260387,0
4615,1,0.004596851,0
4616,1,0.004623201,0
4617,1,0.004766525,0
4618,1,0.004741619,0
4619,1,0.004690113,0
4620,1,0.0048612608,0
4621,1,0.004975799,0
4622,1,0.0051019765,0
4623,1,0.0052077677,0
4624,1,0.00516801,0
4625,1,0.005175775,0
4626,1,0.0050236364,0
4627,1,0.005186875,0
4628,1,0.005331506,0
4629,1,0.005206195,0
4630,1,0.0051915306,0
4631,1,0.005377529,0
4632,1,0.0053558564,0
4633,1,0.0052949646,0
4634,1,0.005467436,0
4635,1,0.0053225784,0
4636,1,0.005352851,0
4637,1,0.0053032083,0
4638,1,0.005370038,0
4639,1,0.005304658,0
4640,1,0.0051810653,0
4641,1,0.005189496,0
4642,1,0.005102445,0
4643,1,0.0050294283,0
4644,1,0.0050128377,0
4645,1,0.0051607876,0
4646,1,0.0051005874,0
4647,1,0.00497295,0
4648,1,0.005066374,0
4649,1,0.005109541,0
4650,1,0.005038677,0
4651,1,0.00514953,0
4652,1,0.0051117265,0
4653,1,0.0051176585,0
4654,1,0.0049289176,0
4655,1,0.004951325,0
4656,1,0.0051886435,0
4657,1,0.0052451147,0
4658,1,0.0053389645,0
4659,1,0.0055240868,0
4660,1,0.0055922517,0
4661,1,0.0056638164,0
4662,1,0.0059989053,0
4663,1,0.0065848944,0
4664,1,0.0068343724,0
4665,1,0.0070560826,0
4666,1,0.0074002934,0
4667,1,0.0075427303,0
4668,1,0.007704036,0
4669,1,0.008184363,0
4670,1,0.008794393,0
4671,1,0.009606916,0
4672,1,0.010267741,0
4673,1,0.010777521,0
4674,1,0.01132253,0
4675,1,0.012160542,0
4676,1,0.013015245,1
4677,1,0.013820648,1
4678,1,0.014551319,1
4679,1,0.015751708,1
4680,1,0.016803611,1
4681,1,0.018061468,1
4682,0,0.008258993,0
4683,0,0.008311742,0
4684,0,0.008291379,0
4685,0,0.006399971,0
4686,0,0.006507865,0
4687,0,0.0064041307,0
4688,0,0.0065055145,0
4689,0,0.006479127,0
4690,0,0.006430407,0
4691,0,0.0065784315,0
4692,0,0.0066755125,0
4693,0,0.006810501,0
4694,0,0.0067963423,0
4695,0,0.006753413,0
4696,0,0.0067735366,0
4697,0,0.0068125306,0
4698,0,0.0067802505,0
4699,0,0.0068818266,0
4700,0,0.0067711915,0
4701,0,0.006680044,0
4702,0,0.0066987462,0
4703,0,0.0066939006,0
4704,0,0.006730403,0
4705,0,0.006516927,0
4706,0,0.006626799,0
4707,0,0.0065749497,0
4708,0,0.004592229,0
4709,0,0.004567794,0
4710,0,0.0064888215,0
4711,0,0.0064263334,0
4712,0,0.006372007,0
4713,0,0.006381468,0
4714,0,0.0063210423,0
4715,0,0.0063451375,0
4716,0,0.0060898745,0
4717,1,0.0061274446,0
4718,1,0.0059739505,0
4719,1,0.005929816,0
4720,1,0.005935562,0
4721,1,0.005883374,0
4722,1,0.00784249,0
4723,1,0.0076105827,0
4724,1,0.0077038514,0
4725,1,0.0077659874,0
4726,1,0.0077936226,0
4727,1,0.007677819,0
4728,1,0.0077865804,0
4729,1,0.009493537,0
4730,1,0.009393411,0
4731,1,0.009432136,0
4732,1,0.0092873,0
4733,1,0.009252684,0
4734,1,0.009402191,0
4735,1,0.009520309,0
4736,1,0.009405905,0
4737,1,0.0095692,0
4738,1,0.009643333,0
4739,1,0.009677875,0
4740,1,0.007873046,0
4741,1,0.0078617195,0
4742,1,0.007866711,0
4743,1,0.00785259,0
4744,1,0.009899468,0
4745,1,0.011570473,0
4746,1,0.013114542,1
4747,1,0.01311387,1
4748,1,0.013208187,1
4749,1,0.013290549,1
4750,1,0.013228345,1
4751,1,0.013310933,1
4752,1,0.011752482,0
4753,1,0.011760624,0
4754,1,0.011655812,0
4755,1,0.011899447,0
4756,1,0.011992461,0
4757,1,0.011995391,0
4758,1,0.011996866,0
4759,1,0.010319131,0
4760,1,0.011999421,0
4761,1,0.012049914,0
4762,1,0.012040367,0
4763,1,0.012042419,0
4764,1,0.011938454,0
4765,1,0.011914506,0
4766,1,0.011918492,0
4767,1,0.011930108,0
4768,1,0.011785892,0
4769,1,0.011796226,0
4770,1,0.011769306,0
4771,1,0.011857986,0
4772,1,0.0117894765,0
4773,1,0.012019345,0
4774,1,0.010209695,0
4775,1,0.008279337,0
4776,1,0.0062567717,0
4777,1,0.0062781335,0
4778,1,0.0062061856,0
4779,1,0.0060949,0
4780,1,0.006115539,0
4781,1,0.0060437587,0
4782,1,0.0061194706,0
4783,1,0.006195289,0
4784,1,0.0061650574,0
4785,1,0.0060874955,0
4786,1,0.0062556285,0
4787,1,0.0064097084,0
4788,1,0.006572873,0
4789,1,0.006775587,0
4790,1,0.005028875,0
4791,1,0.005178815,0
4792,1,0.0051700394,0
4793,1,0.005148948,0
4794,1,0.0055953953,0
4795,1,0.0055839075,0
4796,1,0.0055285147,0
4797,1,0.005732209,0
4798,1,0.005735021,0
4799,1,0.005740231,0
4800,1,0.0061901263,0
4801,1,0.0062498422,0
4802,1,0.0063732895,0
4803,1,0.006521623,0
4804,1,0.0064939763,0
4805,1,0.0065768026,0
4806,1,0.0065797735,0
4807,1,0.006767035,0
4808,1,0.006756083,0
4809,1,0.0069847736,0
4810,1,0.007221631,0
4811,1,0.007902756,0
4812,1,0.008322322,0
4813,1,0.008731609,0
4814,1,0.009599065,0
4815,1,0.010224894,0
4816,1,0.010979772,0
4817,1,0.011754424,0
4818,0,0.0038984336,0
4819,0,0.0038399636,0
4820,0,0.003918139,0
4821,0,0.003966824,0
4822,0,0.003960263,0
4823,0,0.004011211,0
4824,0,0.0040831785,0
4825,0,0.00396858,0
4826,0,0.0039792247,0
4827,0,0.004093564,0
4828,0,0.004178531,0
4829,0,0.004204742,0
4830,0,0.004254657,0
4831,0,0.004420686,0
4832,0,0.004421274,0
4833,0,0.004603607,0
4834,0,0.0045666597,0
4835,0,0.004516355,0
4836,0,0.0044361358,0
4837,0,0.004484036,0
4838,0,0.0043482915,0
4839,0,0.00434808,0
4840,0,0.0042973324,0
4841,0,0.00420784,0
4842,0,0.0042435224,0
4843,0,0.0041410713,0
4844,0,0.004184719,0
4845,0,0.004177266,0
4846,0,0.0041576247,0
4847,0,0.00404027,0
4848,0,0.004012211,0
4849,0,0.003979968,0
4850,0,0.004040502,0
4851,1,0.0040081837,0
4852,1,0.0038601055,0
4853,1,0.0037728497,0
4854,1,0.0037531557,0
4855,1,0.0037523238,0
4856,1,0.00379416,0
4857,1,0.0036659627,0
4858,1,0.0037423335,0
4859,1,0.0037478586,0
4860,1,0.0037785438,0
4861,1,0.0035198668,0
4862,1,0.0035584858,0
4863,1,0.0034630906,0
4864,1,0.0035566597,0
4865,1,0.00368692,0
4866,1,0.0037111002,0
4867,1,0.0037246582,0
4868,1,0.0037607537,0
4869,1,0.003768618,0
4870,1,0.0038401478,0
4871,1,0.0039684502,0
4872,1,0.0040422045,0
4873,1,0.004100723,0
4874,1,0.004096776,0
4875,1,0.004068104,0
4876,1,0.004113642,0
4877,1,0.004183307,0
4878,1,0.0040759374,0
4879,1,0.0040824227,0
4880,1,0.004176448,0
4881,1,0.0043214094,0
4882,1,0.0043398123,0
4883,1,0.004449919,0
4884,1,0.0043521714,0
4885,1,0.0043945494,0
4886,1,0.00448321,0
4887,1,0.00444344,0
4888,1,0.0042729382,0
4889,1,0.004367185,0
4890,1,0.0044543394,0
4891,1,0.004496498,0
4892,1,0.004390899,0
4893,1,0.004429327,0
4894,1,0.0044218395,0
4895,1,0.0043006525,0
4896,1,0.0043934505,0
4897,1,0.0043501346,0
4898,1,0.0044227703,0
4899,1,0.0045119296,0
4900,1,0.0044720112,0
4901,1,0.0044414196,0
4902,1,0.0044707065,0
4903,1,0.0045743906,0
4904,1,0.0046174712,0
4905,1,0.004705741,0
4906,1,0.0046754763,0
4907,1,0.0045960983,0
4908,1,0.004773261,0
4909,1,0.0047876993,0
4910,1,0.0046667852,0
4911,1,0.00468842,0
4912,1,0.0046821954,0
4913,1,0.0045786225,0
4914,1,0.0046080123,0
4915,1,0.00463591,0
4916,1,0.0046284846,0
4917,1,0.004670478,0
4918,1,0.0047417954,0
4919,1,0.0047850152,0
4920,1,0.004814113,0
4921,1,0.0047284784,0
4922,1,0.004680967,0
4923,1,0.004730599,0
4924,1,0.004681021,0
4925,1,0.0045488053,0
4926,1,0.004692588,0
4927,1,0.0047765477,0
4928,1,0.0046221116,0
4929,1,0.0047791614,0
4930,1,0.0049328646,0
4931,1,0.004941094,0
4932,1,0.0051203873,0
4933,1,0.005379935,0
4934,1,0.0053752037,0
4935,1,0.005493679,0
4936,1,0.0055986242,0
4937,1,0.0060287104,0
4938,1,0.0068365703,0
4939,1,0.0070864265,0
4940,1,0.0073945518,0
4941,1,0.0076079117,0
4942,1,0.008173401,0
4943,1,0.008685974,0
4944,1,0.0091409385,0
4945,1,0.009496158,0
4946,1,0.010355433,0
4947,1,0.011308332,0
4948,1,0.0121719465,0
4949,1,0.012926935,1
4950,1,0.013651467,1
4951,1,0.01467289,1
4952,0,0.01350625,1
4953,0,0.0135247,1
4954,0,0.01332801,1
4955,0,0.0132991625,1
4956,0,0.013369461,1
4957,0,0.013290955,1
4958,0,0.013250235,1
4959,0,0.013254401,1
4960,0,0.013284224,1
4961,0,0.014855639,1
4962,0,0.013549838,1
4963,0,0.01343632,1
4964,0,0.01200179,0
4965,0,0.011952134,0
4966,0,0.010197066,0
4967,0,0.010198799,0
4968,0,0.01013488,0
4969,0,0.010133966,0
4970,0,0.010079948,0
4971,0,0.008344293,0
4972,0,0.008551356,0
4973,0,0.008509749,0
4974,0,0.008312279,0
4975,0,0.008349802,0
4976,0,0.008362387,0
4977,0,0.008510702,0
4978,0,0.008538076,0
4979,0,0.008443466,0
4980,0,0.008579052,0
4981,0,0.010444508,0
4982,0,0.010456984,0
4983,0,0.010401365,0
4984,0,0.012135558,0
4985,0,0.012226436,0
4986,0,0.012063509,0
4987,0,0.012050093,0
4988,0,0.01217527,0
4989,0,0.012259083,0
4990,0,0.012304021,0
4991,0,0.0105511695,0
4992,0,0.010478865,0
4993,0,0.010636063,0
4994,0,0.0103695,0
4995,0,0.010367712,0
4996,0,0.010486286,0
4997,0,0.010529369,0
4998,0,0.01059788,0
4999,0,0.010515853,0
5000,0,0.01229952,0
5001,0,0.012167574,0
5002,0,0.012008294,0
5003,0,0.012098331,0
5004,0,0.013670818,1
5005,0,0.013465111,1
5006,0,0.013443892,1
5007,0,0.011739042,0
5008,0,0.011735431,0
5009,0,0.011749768,0
5010,0,0.011798534,0
5011,0,0.010133311,0
5012,0,0.01016371,0
5013,0,0.010155114,0
5014,0,0.008392673,0
5015,0,0.008367445,0
5016,1,0.008365793,0
5017,1,0.008533321,0
5018,1,0.008292878,0
5019,1,0.008190376,0
5020,1,0.008128105,0
5021,1,0.008162537,0
5022,1,0.008097391,0
5023,1,0.007908993,0
5024,1,0.007970728,0
5025,1,0.007966052,0
5026,1,0.007887034,0
5027,1,0.007844604,0
5028,1,0.007839187,0
5029,1,0.0079011675,0
5030,1,0.005879441,0
5031,1,0.0059526386,0
5032,1,0.0059940238,0
5033,1,0.0059442823,0
5034,1,0.0038991624,0
5035,1,0.003964792,0
5036,1,0.004006735,0
5037,1,0.004143461,0
5038,1,0.004210991,0
5039,1,0.004148678,0
5040,1,0.003936572,0
5041,1,0.0038141178,0
5042,1,0.0038051028,0
5043,1,0.0038421645,0
5044,1,0.0038862529,0
5045,1,0.0037426688,0
5046,1,0.003924307,0
5047,1,0.003753178,0
5048,1,0.0038908438,0
5049,1,0.0039101057,0
5050,1,0.0039988765,0
5051,1,0.0040027504,0
5052,1,0.004096406,0
5053,1,0.0040883957,0
5054,1,0.0040387507,0
5055,1,0.0040232795,0
5056,1,0.003988211,0
5057,1,0.004063976,0
5058,1,0.004099134,0
5059,1,0.004141475,0
5060,1,0.0043064845,0
5061,1,0.004414001,0
5062,1,0.004316309,0
5063,1,0.0043254104,0
5064,1,0.004497756,0
5065,1,0.0043999273,0
5066,1,0.0043997965,0
5067,1,0.004400514,0
5068,1,0.0043487516,0
5069,1,0.0044133565,0
5070,1,0.004456903,0
5071,1,0.0043744002,0
5072,1,0.0045423256,0
5073,1,0.0045336755,0
5074,1,0.0045780702,0
5075,1,0.004802408,0
5076,1,0.004590125,0
5077,1,0.0045612673,0
5078,1,0.0044768825,0
5079,1,0.004582129,0
5080,1,0.004568929,0
5081,1,0.0047280747,0
5082,1,0.004878284,0
5083,1,0.0050421264,0
5084,1,0.0048886677,0
5085,1,0.0049639214,0
5086,1,0.004950854,0
5087,1,0.004789009,0
5088,1,0.004736842,0
5089,1,0.004618525,0
5090,1,0.004772335,0
5091,1,0.004973023,0
5092,1,0.004934473,0
5093,1,0.0049419664,0
5094,1,0.004916422,0
5095,1,0.0049855392,0
5096,1,0.005209225,0
5097,1,0.005413459,0
5098,1,0.0056335037,0
5099,1,0.0056621954,0
5100,1,0.005720022,0
5101,1,0.005579874,0
5102,1,0.005832228,0
5103,1,0.00595459,0
5104,1,0.0063661034,0
5105,1,0.0067084352,0
5106,1,0.007040202,0
5107,1,0.007116091,0
5108,1,0.0071429256,0
5109,1,0.0076546622,0
5110,1,0.008079307,0
5111,1,0.008622231,0
5112,1,0.00898792,0
5113,1,0.009578969,0
5114,1,0.010039871,0
5115,1,0.01080405,0
5116,1,0.012073631,0
5117,0,0.0064020865,0
5118,0,0.006452209,0
5119,0,0.008440839,0
5120,0,0.00849769,0
5121,0,0.008385905,0
5122,0,0.008457379,0
5123,0,0.00852466,0
5124,0,0.008565823,0
5125,0,0.008591657,0
5126,0,0.00857236,0
5127,0,0.01026932,0
5128,0,0.011980319,0
5129,0,0.012042987,0
5130,0,0.012045303,0
5131,0,0.012047282,0
5132,0,0.012082956,0
5133,0,0.012206622,0
5134,0,0.013791154,1
5135,0,0.013686879,1
5136,0,0.013781908,1
5137,0,0.015108176,1
5138,0,0.015082052,1
5139,0,0.015138303,1
5140,0,0.0151766315,1
5141,0,0.015169726,1
5142,0,0.015178621,1
5143,0,0.015075842,1
5144,0,0.015052986,1
5145,0,0.015183615,1
5146,0,0.0135810245,1
5147,0,0.013439908,1
5148,0,0.014891926,1
5149,0,0.013447628,1
5150,0,0.013448504,1
5151,0,0.0149186645,1
5152,0,0.01477146,1
5153,0,0.01463725,1
5154,0,0.014557934,1
5155,0,0.014699331,1
5156,0,0.014841381,1
5157,0,0.0133838635,1
5158,0,0.011921203,0
5159,0,0.01191393,0
5160,0,0.011851993,0
5161,0,0.011799202,0
5162,0,0.011887323,0
5163,0,0.011840403,0
5164,0,0.010082434,0
5165,0,0.009995088,0
5166,0,0.009841607,0
5167,0,0.0079869395,0
5168,0,0.008054248,0
5169,0,0.009878311,0
5170,0,0.009862563,0
5171,0,0.009844816,0
5172,0,0.009783726,0
5173,0,0.009850222,0
5174,0,0.009744488,0
5175,0,0.009768283,0
5176,0,0.009770012,0
5177,0,0.009864712,0
5178,0,0.008084214,0
5179,0,0.008200911,0
5180,0,0.008182194,0
5181,0,0.0061417026,0
5182,0,0.0061641834,0
5183,0,0.0063233497,0
5184,0,0.006307056,0
5185,0,0.0061620926,0
5186,0,0.006132772,0
5187,0,0.006128924,0
5188,0,0.008007949,0
5189,0,0.008002186,0
5190,0,0.007928104,0
5191,0,0.007998617,0
5192,0,0.0097655915,0
5193,0,0.009798499,0
5194,0,0.009789521,0
5195,0,0.009886642,0
5196,0,0.0099634705,0
5197,0,0.009967859,0
5198,0,0.009997415,0
5199,0,0.008085901,0
5200,0,0.008163677,0
5201,0,0.00830016,0
5202,0,0.0084066065,0
5203,0,0.00843394,0
5204,0,0.008378536,0
5205,0,0.008309909,0
5206,0,0.00841028,0
5207,0,0.00844166,0
5208,0,0.008440925,0
5209,0,0.008352296,0
5210,0,0.008337437,0
5211,0,0.008366524,0
5212,0,0.008444831,0
5213,0,0.008494374,0
5214,0,0.008585834,0
5215,0,0.008603932,0
5216,0,0.010489964,0
5217,0,0.01220153,0
5218,0,0.010588175,0
5219,0,0.010566171,0
5220,0,0.010544368,0
5221,1,0.010555029,0
5222,1,0.008901272,0
5223,1,0.008958056,0
5224,1,0.0090612,0
5225,1,0.009010326,0
5226,1,0.009014119,0
5227,1,0.00910411,0
5228,1,0.009221206,0
5229,1,0.009114739,0
5230,1,0.008954737,0
5231,1,0.008792613,0
5232,1,0.008722368,0
5233,1,0.008598449,0
5234,1,0.008703258,0
5235,1,0.008797412,0
5236,1,0.008831998,0
5237,1,0.008570789,0
5238,1,0.010482387,0
5239,1,0.010390044,0
5240,1,0.010353873,0
5241,1,0.010221318,0
5242,1,0.010126622,0
5243,1,0.009912413,0
5244,1,0.009960718,0
5245,1,0.009988397,0
5246,1,0.0080906395,0
5247,1,0.006120735,0
5248,1,0.006174143,0
5249,1,0.0062337746,0
5250,1,0.0061923135,0
5251,1,0.0061509875,0
5252,1,0.0059625553,0
5253,1,0.0059504583,0
5254,1,0.006291145,0
5255,1,0.0063021025,0
5256,1,0.0064304853,0
5257,1,0.0064529283,0
5258,1,0.0063125547,0
5259,1,0.00651398,0
5260,1,0.0065095313,0
5261,1,0.006438898,0
5262,1,0.0065124915,0
5263,1,0.0068145087,0
5264,1,0.0068788514,0
5265,1,0.006926335,0
5266,1,0.006891803,0
5267,1,0.006849037,0
5268,1,0.0047341995,0
5269,1,0.00479484,0
5270,1,0.004816689,0
5271,1,0.0048801126,0
5272,1,0.004935979,0
5273,1,0.0050048665,0
5274,1,0.0050343843,0
5275,1,0.0052266917,0
5276,1,0.005330388,0
5277,1,0.0054098344,0
5278,1,0.00532611,0
5279,1,0.005195429,0
5280,1,0.005259008,0
5281,1,0.0051992317,0
5282,1,0.005082353,0
5283,1,0.005095293,0
5284,1,0.004867419,0
5285,1,0.0047901864,0
5286,1,0.004717915,0
5287,1,0.004828383,0
5288,1,0.005083593,0
5289,1,0.005028587,0
5290,1,0.0051114336,0
5291,1,0.0050961194,0
5292,1,0.005293386,0
5293,1,0.005286895,0
5294,1,0.0053102006,0
5295,1,0.005415268,0
5296,1,0.005352177,0
5297,1,0.0053642816,0
5298,1,0.0057413536,0
5299,1,0.0058177016,0
5300,1,0.005756158,0
5301,1,0.0058558444,0
5302,1,0.006151744,0
5303,1,0.0061120233,0
5304,1,0.00607565,0
5305,1,0.006273439,0
5306,1,0.0064375643,0
5307,1,0.0066755316,0
5308,1,0.00721351,0
5309,1,0.0071998313,0
5310,1,0.007731493,0
5311,1,0.008214358,0
5312,1,0.008516026,0
5313,1,0.008968175,0
5314,1,0.0095411725,0
5315,1,0.010005585,0
5316,1,0.010989295,0
5317,1,0.011667457,0
5318,1,0.012431643,1
5319,1,0.013227009,1
5320,1,0.013803082,1
5321,1,0.014707142,1
5322,0,0.004192332,0
5323,0,0.0041904994,0
5324,0,0.004254106,0
5325,0,0.004385479,0
5326,0,0.0043282816,0
5327,0,0.004329931,0
5328,0,0.0046094884,0
5329,0,0.004570023,0
5330,0,0.004598943,0
5331,0,0.0046576764,0
5332,0,0.004610118,0
5333,0,0.004498166,0
5334,0,0.004496252,0
5335,0,0.0044822423,0
5336,0,0.004481081,0
5337,0,0.0044651767,0
5338,0,0.004438304,0
5339,0,0.004391159,0
5340,0,0.0043516024,0
5341,0,0.0043415674,0
5342,0,0.004277379,0
5343,0,0.003973018,0
5344,0,0.0039562406,0
5345,0,0.0040726145,0
5346,0,0.004060106,0
5347,0,0.0041083116,0
5348,0,0.00391764,0
5349,0,0.0038189774,0
5350,0,0.0037375106,0
5351,0,0.003896772,0
5352,0,0.003769103,0
5353,0,0.0038534147,0
5354,0,0.0038463604,0
5355,0,0.0037277609,0
5356,0,0.0038167897,0
5357,0,0.0039514787,0
5358,0,0.0038065373,0
5359,0,0.0038164526,0
5360,0,0.0038090665,0
5361,0,0.00378048,0
5362,0,0.0038402297,0
5363,0,0.00395589,0
5364,0,0.004116852,0
5365,0,0.0040730564,0
5366,0,0.0040285992,0
5367,0,0.004013282,0
5368,0,0.0040839547,0
5369,0,0.0040375707,0
5370,0,0.004129597,0
5371,0,0.0041204076,0
5372,0,0.004107677,0
5373,0,0.0041510877,0
5374,0,0.0041381437,0
5375,0,0.0040384387,0
5376,0,0.0041057803,0
5377,0,0.004104335,0
5378,0,0.004128179,0
5379,0,0.0041435114,0
5380,0,0.004242527,0
5381,0,0.004182197,0
5382,0,0.0043135146,0
5383,1,0.004299621,0
5384,1,0.004297872,0
5385,1,0.004430848,0
5386,1,0.004335099,0
5387,1,0.004214503,0
5388,1,0.004165623,0
5389,1,0.0041156956,0
5390,1,0.004154879,0
5391,1,0.004173896,0
5392,1,0.004130778,0
5393,1,0.0040288433,0
5394,1,0.0038651556,0
5395,1,0.0039161067,0
5396,1,0.0038901467,0
5397,1,0.0038913093,0
5398,1,0.0037892947,0
5399,1,0.0038070004,0
5400,1,0.003841475,0
5401,1,0.003921647,0
5402,1,0.003937698,0
5403,1,0.0040252884,0
5404,1,0.003936945,0
5405,1,0.0038362404,0
5406,1,0.0037868887,0
5407,1,0.0037992739,0
5408,1,0.0038590373,0
5409,1,0.00385073,0
5410,1,0.003926187,0
5411,1,0.0038696174,0
5412,1,0.0037080473,0
5413,1,0.0038415538,0
5414,1,0.003750177,0
5415,1,0.0036839906,0
5416,1,0.0036788613,0
5417,1,0.0037083211,0
5418,1,0.0036788231,0
5419,1,0.003736597,0
5420,1,0.003747945,0
5421,1,0.0037082678,0
5422,1,0.0037693998,0
5423,1,0.0038611249,0
5424,1,0.0038570315,0
5425,1,0.0039480077,0
5426,1,0.004096747,0
5427,1,0.004220292,0
5428,1,0.00440683,0
5429,1,0.0043522255,0
5430,1,0.004294495,0
5431,1,0.004137388,0
5432,1,0.0040845424,0
5433,1,0.0040371786,0
5434,1,0.0042331903,0
5435,1,0.004438606,0
5436,1,0.0044662007,0
5437,1,0.004578632,0
5438,1,0.0046012006,0
5439,1,0.0046013035,0
5440,1,0.004468848,0
5441,1,0.0045437906,0
5442,1,0.0045763697,0
5443,1,0.0044530015,0
5444,1,0.0045547173,0
5445,1,0.0046935794,0
5446,1,0.0048446,0
5447,1,0.004921261,0
5448,1,0.0049484796,0
5449,1,0.0049215714,0
5450,1,0.005113102,0
5451,1,0.005484535,0
5452,1,0.0056397663,0
5453,1,0.00595996,0
5454,1,0.006141789,0
5455,1,0.006420861,0
5456,1,0.006382044,0
5457,1,0.006501046,0
5458,1,0.006616034,0
5459,1,0.007054819,0
5460,1,0.0073039415,0
5461,1,0.007682663,0
5462,1,0.007902501,0
5463,1,0.008039305,0
5464,1,0.0082704155,0
5465,1,0.00875838,0
5466,1,0.00919935,0
5467,1,0.00936761,0
5468,1,0.009551147,0
5469,1,0.010221716,0
5470,1,0.010894971,0
5471,1,0.011558385,0
5472,1,0.012026663,0
5473,1,0.01280182,1
5474,1,0.013255087,1
5475,1,0.013457439,1
5476,1,0.01392557,1
5477,1,0.014503861,1
5478,1,0.015174431,1
5479,1,0.015843023,1
5480,1,0.016314108,1
5481,1,0.016566016,1
5482,1,0.017546061,1
5483,1,0.018425705,1
5484,0,0.018091062,1
5485,0,0.01824939,1
5486,0,0.017029487,1
5487,0,0.017897362,1
5488,0,0.017978884,1
5489,0,0.018123098,1
5490,0,0.018302197,1
5491,0,0.017180653,1
5492,0,0.017254135,1
5493,0,0.017479612,1
5494,0,0.017641028,1
5495,0,0.016190968,1
5496,0,0.016195878,1
5497,0,0.016204974,1
5498,0,0.01629253,1
5499,0,0.01488596,1
5500,0,0.015950529,1
5501,0,0.016016869,1
5502,0,0.014794402,1
5503,0,0.0133685265,1
5504,0,0.011787034,0
5505,0,0.011732931,0
5506,0,0.011766779,0
5507,0,0.0132973,1
5508,0,0.014555898,1
5509,0,0.014611558,1
5510,0,0.014693956,1
5511,0,0.013314217,1
5512,0,0.013300946,1
5513,0,0.011730092,0
5514,0,0.011824435,0
5515,0,0.011779455,0
5516,0,0.01188808,0
5517,0,0.011879076,0
5518,0,0.011865773,0
5519,0,0.011868772,0
5520,0,0.011900778,0
5521,0,0.011933039,0
5522,0,0.011882081,0
5523,0,0.011774104,0
5524,0,0.011767273,0
5525,0,0.011758994,0
5526,0,0.01172293,0
5527,0,0.011733477,0
5528,0,0.011737237,0
5529,0,0.011807503,0
5530,0,0.010098433,0
5531,0,0.0119500505,0
5532,0,0.011937791,0
5533,0,0.011950819,0
5534,0,0.011935887,0
5535,0,0.011799497,0
5536,0,0.011832205,0
5537,0,0.010290869,0
5538,0,0.008577487,0
5539,0,0.008589695,0
5540,0,0.008641313,0
5541,0,0.008445742,0
5542,0,0.008483357,0
5543,0,0.008493003,0
5544,0,0.008505524,0
5545,0,0.008742524,0
5546,0,0.008755677,0
5547,0,0.0068924464,0
5548,0,0.006867528,0
5549,0,0.0067902724,0
5550,0,0.0067661973,0
5551,0,0.006666084,0
5552,0,0.006659868,0
5553,0,0.006527879,0
5554,1,0.0065614753,0
5555,1,0.006682915,0
5556,1,0.0067137512,0
5557,1,0.008818149,0
5558,1,0.009000863,0
5559,1,0.009163073,0
5560,1,0.011208967,0
5561,1,0.009234666,0
5562,1,0.009118877,0
5563,1,0.009202512,0
5564,1,0.009152341,0
5565,1,0.009117279,0
5566,1,0.008980879,0
5567,1,0.008774999,0
5568,1,0.008635667,0
5569,1,0.008671212,0
5570,1,0.008608732,0
5571,1,0.0086798025,0
5572,1,0.008674488,0
5573,1,0.008819702,0
5574,1,0.008858534,0
5575,1,0.008832193,0
5576,1,0.008943565,0
5577,1,0.008972529,0
5578,1,0.009061218,0
5579,1,0.008977458,0
5580,1,0.008928592,0
5581,1,0.008866708,0
5582,1,0.008792811,0
5583,1,0.008919317,0
5584,1,0.008881751,0
5585,1,0.008925705,0
5586,1,0.008999638,0
5587,1,0.0069173817,0
5588,1,0.006892953,0
5589,1,0.0067300196,0
5590,1,0.004436353,0
5591,1,0.0044207238,0
5592,1,0.004571327,0
5593,1,0.0045060213,0
5594,1,0.004563147,0
5595,1,0.004829536,0
5596,1,0.004999077,0
5597,1,0.0048553497,0
5598,1,0.007236367,0
5599,1,0.0072851884,0
5600,1,0.0072186557,0
5601,1,0.0073555526,0
5602,1,0.0074191797,0
5603,1,0.007630327,0
5604,1,0.007559235,0
5605,1,0.007378295,0
5606,1,0.0073273275,0
5607,1,0.0072736177,0
5608,1,0.007243469,0
5609,1,0.0075096907,0
5610,1,0.0072495807,0
5611,1,0.0072534317,0
5612,1,0.0073865266,0
5613,1,0.0074202092,0
5614,1,0.007317668,0
5615,1,0.007185107,0
5616,1,0.007071963,0
5617,1,0.0071291537,0
5618,1,0.0071304217,0
5619,1,0.007449915,0
5620,1,0.0073775738,0
5621,1,0.0075803176,0
5622,1,0.0074349483,0
5623,1,0.007275873,0
5624,1,0.0074789757,0
5625,1,0.007285898,0
5626,1,0.007097492,0
5627,1,0.0069776173,0
5628,1,0.0049013817,0
5629,1,0.005042164,0
5630,1,0.0052241897,0
5631,1,0.005392026,0
5632,1,0.0054114433,0
5633,1,0.0053405133,0
5634,1,0.0053053484,0
5635,1,0.0054977727,0
5636,1,0.0054529393,0
5637,1,0.0055684536,0
5638,1,0.0056207217,0
5639,1,0.005723923,0
5640,1,0.005783165,0
5641,1,0.0058936942,0
5642,1,0.005978755,0
5643,1,0.006185938,0
5644,1,0.006646359,0
5645,1,0.006770988,0
5646,1,0.0070475196,0
5647,1,0.007216059,0
5648,1,0.008099445,0
5649,1,0.0085361395,0
5650,1,0.009343343,0
5651,1,0.010022654,0
5652,1,0.010730725,0
5653,1,0.011877704,0
5654,1,0.012967928,1
5655,0,0.004760415,0
5656,0,0.004795557,0
5657,0,0.004698532,0
5658,0,0.0046472964,0
5659,0,0.004620297,0
5660,0,0.0045534717,0
5661,0,0.0048420294,0
5662,0,0.004829233,0
5663,0,0.004727946,0
5664,0,0.004718,0
5665,0,0.0046611605,0
5666,0,0.00472801,0
5667,0,0.00464857,0
5668,0,0.004528126,0
5669,0,0.004543865,0
5670,0,0.0045906017,0
5671,0,0.004615111,0
5672,0,0.004495535,0
5673,0,0.0045485753,0
5674,0,0.0067799296,0
5675,0,0.006742767,0
5676,0,0.006771225,0
5677,0,0.0066920146,0
5678,0,0.0066482155,0
5679,0,0.00678621,0
5680,0,0.006541189,0
5681,0,0.006486951,0
5682,0,0.0065260697,0
5683,0,0.0065469737,0
5684,0,0.0065851957,0
5685,0,0.0065920237,0
5686,0,0.006552259,0
5687,0,0.006393694,0
5688,0,0.006475175,0
5689,0,0.006608698,0
5690,0,0.0065322984,0
5691,0,0.0062671383,0
5692,0,0.006333256,0
5693,0,0.0062851724,0
5694,0,0.0063387733,0
5695,0,0.006554967,0
5696,0,0.006437307,0
5697,0,0.0063628536,0
5698,0,0.0063677295,0
5699,0,0.0062648715,0
5700,0,0.006217604,0
5701,0,0.0061215046,0
5702,0,0.006209984,0
5703,0,0.006087317,0
5704,0,0.003981154,0
5705,0,0.004045308,0
5706,0,0.004122859,0
5707,0,0.0041249967,0
5708,0,0.004235722,0
5709,0,0.004100523,0
5710,0,0.004082742,0
5711,0,0.0041369637,0
5712,0,0.0040524215,0
5713,0,0.0041073347,0
5714,0,0.0040972447,0
5715,0,0.0040475754,0
5716,0,0.004129849,0
5717,0,0.004195555,0
5718,0,0.004262977,0
5719,0,0.0042050257,0
5720,1,0.0041934517,0
5721,1,0.0041357074,0
5722,1,0.004052503,0
5723,1,0.00407118,0
5724,1,0.00406072,0
5725,1,0.0040013613,0
5726,1,0.0041027316,0
5727,1,0.004177428,0
5728,1,0.004230574,0
5729,1,0.004226316,0
5730,1,0.004139197,0
5731,1,0.004215696,0
5732,1,0.00423436,0
5733,1,0.0042762347,0
5734,1,0.004300554,0
5735,1,0.004226919,0
5736,1,0.0041888054,0
5737,1,0.0042010406,0
5738,1,0.0041479887,0
5739,1,0.004169394,0
5740,1,0.0041844957,0
5741,1,0.004170575,0
5742,1,0.004152413,0
5743,1,0.004112834,0
5744,1,0.0040264907,0
5745,1,0.004011876,0
5746,1,0.003987051,0
5747,1,0.0040645525,0
5748,1,0.0040830243,0
5749,1,0.0040693656,0
5750,1,0.004131823,0
5751,1,0.0041678743,0
5752,1,0.004201263,0
5753,1,0.0042684535,0
5754,1,0.004260269,0
5755,1,0.004334802,0
5756,1,0.0043290737,0
5757,1,0.004307844,0
5758,1,0.0043378635,0
5759,1,0.0044289245,0
5760,1,0.0044702063,0
5761,1,0.00450912,0
5762,1,0.004423198,0
5763,1,0.0043413616,0
5764,1,0.004374857,0
5765,1,0.004674992,0
5766,1,0.0047392985,0
5767,1,0.004779708,0
5768,1,0.004712499,0
5769,1,0.0048398706,0
5770,1,0.004821615,0
5771,1,0.004805171,0
5772,1,0.004821521,0
5773,1,0.0048685647,0
5774,1,0.004871037,0
5775,1,0.0050355233,0
5776,1,0.005065809,0
5777,1,0.004943169,0
5778,1,0.004882146,0
5779,1,0.004893515,0
5780,1,0.004882978,0
5781,1,0.004887349,0
5782,1,0.004954338,0
5783,1,0.0051715556,0
5784,1,0.0053946543,0
5785,1,0.005385943,0
5786,1,0.0054016397,0
5787,1,0.0054408424,0
5788,1,0.005502001,0
5789,1,0.0058092587,0
5790,1,0.006128203,0
5791,1,0.006117642,0
5792,1,0.006246782,0
5793,1,0.0063893883,0
5794,1,0.0064574904,0
5795,1,0.0063368967,0
5796,1,0.0063447426,0
5797,1,0.0065481793,0
5798,1,0.006906449,0
5799,1,0.0070427526,0
5800,1,0.007360637,0
5801,1,0.007591355,0
5802,1,0.007894452,0
5803,1,0.008253037,0
5804,1,0.008663028,0
5805,1,0.00892094,0
5806,1,0.009209241,0
5807,1,0.00972089,0
5808,1,0.010271553,0
5809,1,0.010707802,0
5810,1,0.011319355,0
5811,1,0.012398954,1
5812,1,0.013301116,1
5813,1,0.014088077,1
5814,1,0.014927528,1
5815,1,0.015888447,1
5816,1,0.017186522,1
5817,1,0.018577721,1
5818,1,0.019748611,1
5819,1,0.020755708,1
5820,1,0.022309532,1
5821,0,0.0039087404,0
5822,0,0.003919383,0
5823,0,0.0039959704,0
5824,0,0.0040327096,0
5825,0,0.003920682,0
5826,0,0.0038195122,0
5827,0,0.003872394,0
5828,0,0.0039281812,0
5829,0,0.0038688423,0
5830,0,0.003847722,0
5831,0,0.004074103,0
5832,0,0.0041676047,0
5833,0,0.0041844137,0
5834,0,0.0041201487,0
5835,0,0.0043409816,0
5836,0,0.0042790864,0
5837,0,0.004207815,0
5838,0,0.004466203,0
5839,0,0.004452906,0
5840,0,0.004484902,0
5841,0,0.0043770447,0
5842,0,0.004338997,0
5843,0,0.0042954753,0
5844,0,0.0043045864,0
5845,0,0.0043004644,0
5846,0,0.004410252,0
5847,0,0.004372278,0
5848,0,0.004334068,0
5849,0,0.0045288797,0
5850,0,0.004592067,0
5851,0,0.0046465388,0
5852,0,0.004670755,0
5853,0,0.004681735,0
5854,0,0.004716098,0
5855,0,0.0047944314,0
5856,0,0.0048708143,0
5857,0,0.0049413214,0
5858,0,0.004883933,0
5859,0,0.004787355,0
5860,0,0.004712137,0
5861,0,0.0044588996,0
5862,0,0.00438941,0
5863,0,0.00444486,0
5864,0,0.0045886347,0
5865,0,0.004448048,0
5866,0,0.004427025,0
5867,0,0.004422427,0
5868,0,0.0042415312,0
5869,0,0.004136882,0
5870,0,0.0041839113,0
5871,0,0.004194047,0
5872,1,0.004354638,0
5873,1,0.004446268,0
5874,1,0.0044653015,0
5875,1,0.0045058792,0
5876,1,0.004413977,0
5877,1,0.0043782666,0
5878,1,0.004339483,0
5879,1,0.0040870807,0
5880,1,0.0041730776,0
5881,1,0.004179649,0
5882,1,0.0042483006,0
5883,1,0.004170151,0
5884,1,0.004188709,0
5885,1,0.0041456367,0
5886,1,0.004204921,0
5887,1,0.004117457,0
5888,1,0.0041535213,0
5889,1,0.0041722367,0
5890,1,0.004178459,0
5891,1,0.0041752323,0
5892,1,0.004233576,0
5893,1,0.0041040075,0
5894,1,0.003976683,0
5895,1,0.004090703,0
5896,1,0.0041268147,0
5897,1,0.004269709,0
5898,1,0.0041467045,0
5899,1,0.004184167,0
5900,1,0.004138777,0
5901,1,0.0040615466,0
5902,1,0.003926747,0
5903,1,0.0039517116,0
5904,1,0.003965417,0
5905,1,0.0038770635,0
5906,1,0.0039886725,0
5907,1,0.0039585084,0
5908,1,0.0039616507,0
5909,1,0.004007307,0
5910,1,0.0040665674,0
5911,1,0.0041109174,0
5912,1,0.004005046,0
5913,1,0.0040927087,0
5914,1,0.0040634945,0
5915,1,0.0040612384,0
5916,1,0.003992414,0
5917,1,0.0040836376,0
5918,1,0.0040000705,0
5919,1,0.0039878613,0
5920,1,0.00399458,0
5921,1,0.0040230574,0
5922,1,0.004035859,0
5923,1,0.0042755394,0
5924,1,0.0044778353,0
5925,1,0.0045000217,0
5926,1,0.004605351,0
5927,1,0.0045955605,0
5928,1,0.0046591163,0
5929,1,0.00464169,0
5930,1,0.0045921286,0
5931,1,0.004604707,0
5932,1,0.004627604,0
5933,1,0.0046509616,0
5934,1,0.0049153147,0
5935,1,0.004815982,0
5936,1,0.004690293,0
5937,1,0.004761961,0
5938,1,0.004773463,0
5939,1,0.004735655,0
5940,1,0.0046302173,0
5941,1,0.004571067,0
5942,1,0.004611742,0
5943,1,0.004902115,0
5944,1,0.0048953705,0
5945,1,0.004891007,0
5946,1,0.0052162954,0
5947,1,0.0052325167,0
5948,1,0.005336089,0
5949,1,0.0056288685,0
5950,1,0.00583944,0
5951,1,0.0058401567,0
5952,1,0.0059707784,0
5953,1,0.005997371,0
5954,1,0.0060644015,0
5955,1,0.006304277,0
5956,1,0.0067089284,0
5957,1,0.0069496045,0
5958,1,0.0073011476,0
5959,1,0.007485622,0
5960,1,0.007644557,0
5961,1,0.007953665,0
5962,1,0.008416944,0
5963,1,0.009041068,0
5964,1,0.009391753,0
5965,1,0.009999752,0
5966,1,0.010468323,0
5967,1,0.011223015,0
5968,1,0.011832576,0
5969,1,0.012643325,1
5970,1,0.013567439,1
5971,1,0.014136701,1
5972,1,0.015052155,1
5973,0,0.0037480812,0
5974,0,0.0038673424,0
5975,0,0.0039855954,0
5976,0,0.0040259873,0
5977,0,0.0040703425,0
5978,0,0.004010261,0
5979,0,0.0039858003,0
5980,0,0.00410656,0
5981,0,0.0040385546,0
5982,0,0.0040391698,0
5983,0,0.0039793695,0
5984,0,0.0040440825,0
5985,0,0.0040146983,0
5986,0,0.004096699,0
5987,0,0.003996538,0
5988,0,0.0040602284,0
5989,0,0.0041069197,0
5990,0,0.0040506055,0
5991,0,0.0038965582,0
5992,0,0.003967814,0
5993,0,0.0040063844,0
5994,0,0.004013334,0
5995,0,0.0040042014,0
5996,0,0.0039047888,0
5997,0,0.00390764,0
5998,0,0.0040262244,0
5999,0,0.004013294,0
6000,0,0.004028404,0
6001,1,0.0040092207,0
6002,1,0.0039855503,0
6003,1,0.003913541,0
6004,1,0.0037737652,0
6005,1,0.0035952553,0
6006,1,0.0036688654,0
6007,1,0.00365791,0
6008,1,0.0036755314,0
6009,1,0.0037378182,0
6010,1,0.0038196796,0
6011,1,0.003814991,0
6012,1,0.0038217027,0
6013,1,0.0038913384,0
6014,1,0.0038319724,0
6015,1,0.004327236,0
6016,1,0.0043063993,0
6017,1,0.0043146075,0
6018,1,0.0042958604,0
6019,1,0.0042779297,0
6020,1,0.004396998,0
6021,1,0.0045073847,0
6022,1,0.004528137,0
6023,1,0.00456287,0
6024,1,0.0045807585,0
6025,1,0.00459997,0
6026,1,0.0047463104,0
6027,1,0.004749567,0
6028,1,0.0046700565,0
6029,1,0.00475658,0
6030,1,0.0047007953,0
6031,1,0.004772162,0
6032,1,0.004835054,0
6033,1,0.004817353,0
6034,1,0.0048400364,0
6035,1,0.0048492816,0
6036,1,0.0048057972,0
6037,1,0.0048819287,0
6038,1,0.004842769,0
6039,1,0.004851192,0
6040,1,0.0047843703,0
6041,1,0.004940225,0
6042,1,0.0049957945,0
6043,1,0.0049899,0
6044,1,0.004901507,0
6045,1,0.0046120686,0
6046,1,0.0046189046,0
6047,1,0.0046768207,0
6048,1,0.004528348,0
6049,1,0.004509526,0
6050,1,0.004478401,0
6051,1,0.0044377698,0
6052,1,0.004455146,0
6053,1,0.004460706,0
6054,1,0.004426656,0
6055,1,0.0046649524,0
6056,1,0.004688617,0
6057,1,0.0046145027,0
6058,1,0.0046672905,0
6059,1,0.0046448847,0
6060,1,0.0045874137,0
6061,1,0.0046042968,0
6062,1,0.0044693365,0
6063,1,0.004450869,0
6064,1,0.004704541,0
6065,1,0.0047582337,0
6066,1,0.0049777613,0
6067,1,0.00493609,0
6068,1,0.005135549,0
6069,1,0.005124003,0
6070,1,0.005074781,0
6071,1,0.0049711443,0
6072,1,0.0049552945,0
6073,1,0.0049094455,0
6074,1,0.0050580227,0
6075,1,0.00509598,0
6076,1,0.0052075023,0
6077,1,0.0056049954,0
6078,1,0.0059806565,0
6079,1,0.0060725035,0
6080,1,0.006125481,0
6081,1,0.0063566654,0
6082,1,0.006377403,0
6083,1,0.0068667005,0
6084,1,0.007025913,0
6085,1,0.0069149416,0
6086,1,0.006930673,0
6087,1,0.0072554923,0
6088,1,0.0074827336,0
6089,1,0.00786257,0
6090,1,0.008408057,0
6091,1,0.008659171,0
6092,1,0.0090605365,0
6093,1,0.0092960335,0
6094,1,0.0096109975,0
6095,1,0.010136727,0
6096,1,0.010303962,0
6097,1,0.010922891,0
6098,1,0.011680221,0
6099,1,0.012378131,1
6100,1,0.013170812,1
6101,1,0.0141896885,1
6102,0,0.0039580334,0
6103,0,0.0038559316,0
6104,0,0.003909809,0
6105,0,0.0038984853,0
6106,0,0.0038768859,0
6107,0,0.003911068,0
6108,0,0.0039334316,0
6109,0,0.0039221724,0
6110,0,0.0037785072,0
6111,0,0.0037977162,0
6112,0,0.003706664,0
6113,0,0.003659196,0
6114,0,0.0035811367,0
6115,0,0.0035673804,0
6116,0,0.0035725224,0
6117,0,0.0035847747,0
6118,0,0.0035150773,0
6119,0,0.0034604943,0
6120,0,0.00341151,0
6121,0,0.0034753464,0
6122,0,0.0034466533,0
6123,0,0.0034300145,0
6124,0,0.0034502666,0
6125,0,0.003429918,0
6126,0,0.003447098,0
6127,0,0.0036691576,0
6128,0,0.0035938818,0
6129,0,0.0037408515,0
6130,0,0.003793701,0
6131,0,0.00385143,0
6132,0,0.0039139274,0
6133,0,0.0040086186,0
6134,0,0.0040059458,0
6135,0,0.003985123,0
6136,0,0.004125414,0
6137,0,0.0040640235,0
6138,0,0.00391948,0
6139,0,0.0039363387,0
6140,0,0.0040858877,0
6141,0,0.0040732822,0
6142,1,0.00395704,0
6143,1,0.004032991,0
6144,1,0.003992028,0
6145,1,0.0039629936,0
6146,1,0.0040288065,0
6147,1,0.00407851,0
6148,1,0.00403235,0
6149,1,0.004025135,0
6150,1,0.0041539785,0
6151,1,0.0041385107,0
6152,1,0.0040824413,0
6153,1,0.0040168473,0
6154,1,0.004024844,0
6155,1,0.0040638,0
6156,1,0.0041032084,0
6157,1,0.004002564,0
6158,1,0.0040420713,0
6159,1,0.003906518,0
6160,1,0.0039024071,0
6161,1,0.0039496706,0
6162,1,0.004007017,0
6163,1,0.0040371413,0
6164,1,0.0040143924,0
6165,1,0.00403679,0
6166,1,0.0040759835,0
6167,1,0.0041098488,0
6168,1,0.004231554,0
6169,1,0.0042828224,0
6170,1,0.004262008,0
6171,1,0.004333391,0
6172,1,0.0042610215,0
6173,1,0.004271527,0
6174,1,0.004369551,0
6175,1,0.0044037243,0
6176,1,0.004246972,0
6177,1,0.004209565,0
6178,1,0.0043759663,0
6179,1,0.0043477546,0
6180,1,0.0043888493,0
6181,1,0.0043545417,0
6182,1,0.004527124,0
6183,1,0.0045857243,0
6184,1,0.004625322,0
6185,1,0.004595548,0
6186,1,0.0044941427,0
6187,1,0.0045848563,0
6188,1,0.0046113986,0
6189,1,0.0045805816,0
6190,1,0.004638716,0
6191,1,0.0046809134,0
6192,1,0.004664546,0
6193,1,0.0046461867,0
6194,1,0.004726253,0
6195,1,0.0046321796,0
6196,1,0.0046336404,0
6197,1,0.0047344263,0
6198,1,0.0048061954,0
6199,1,0.0048724427,0
6200,1,0.004896218,0
6201,1,0.0048937313,0
6202,1,0.0048583318,0
6203,1,0.0047735004,0
6204,1,0.004878025,0
6205,1,0.0050137374,0
6206,1,0.004863257,0
6207,1,0.0050675985,0
6208,1,0.0048829163,0
6209,1,0.0048759473,0
6210,1,0.004695175,0
6211,1,0.004853202,0
6212,1,0.0048905523,0
6213,1,0.004971025,0
6214,1,0.005169991,0
6215,1,0.005416683,0
6216,1,0.005397735,0
6217,1,0.005521997,0
6218,1,0.0057245838,0
6219,1,0.0057721348,0
6220,1,0.0058221333,0
6221,1,0.005944309,0
6222,1,0.006235947,0
6223,1,0.006276772,0
6224,1,0.00659922,0
6225,1,0.0068746046,0
6226,1,0.0069280993,0
6227,1,0.007441311,0
6228,1,0.0075951805,0
6229,1,0.007903309,0
6230,1,0.008094226,0
6231,1,0.0082960995,0
6232,1,0.008506241,0
6233,1,0.009031686,0
6234,1,0.009494496,0
6235,1,0.010063107,0
6236,1,0.010933527,0
6237,1,0.011509462,0
6238,1,0.012224898,0
6239,1,0.013104535,1
6240,1,0.01382441,1
6241,1,0.014436365,1
6242,1,0.015493357,1
6243,0,0.004530098,0
6244,0,0.00445248,0
6245,0,0.004542819,0
6246,0,0.004460814,0
6247,0,0.0045440686,0
6248,0,0.004536821,0
6249,0,0.0045849513,0
6250,0,0.0045321123,0
6251,0,0.004503423,0
6252,0,0.004402961,0
6253,0,0.0043613156,0
6254,0,0.0043171393,0
6255,0,0.004073845,0
6256,0,0.004068265,0
6257,0,0.004141919,0
6258,0,0.004068801,0
6259,0,0.004003366,0
6260,0,0.0039731683,0
6261,0,0.003916317,0
6262,0,0.0039679,0
6263,0,0.004018275,0
6264,0,0.0038912636,0
6265,0,0.0037437736,0
6266,0,0.003732773,0
6267,0,0.0037963688,0
6268,0,0.0039145118,0
6269,0,0.0037836428,0
6270,0,0.0038892126,0
6271,0,0.004013992,0
6272,0,0.00396993,0
6273,0,0.0041608037,0
6274,0,0.0041714893,0
6275,0,0.004170904,0
6276,0,0.0041714613,0
6277,0,0.004056544,0
6278,0,0.004091671,0
6279,0,0.004039102,0
6280,0,0.0043026893,0
6281,0,0.0041970788,0
6282,0,0.0043278425,0
6283,0,0.0043694605,0
6284,0,0.004405165,0
6285,0,0.0045289723,0
6286,0,0.0044814865,0
6287,0,0.004460962,0
6288,0,0.0044527664,0
6289,0,0.0045963633,0
6290,0,0.0046311724,0
6291,0,0.0045443545,0
6292,0,0.0044329474,0
6293,0,0.0043394864,0
6294,0,0.0044800513,0
6295,0,0.004532605,0
6296,0,0.004591124,0
6297,0,0.004570196,0
6298,0,0.0044452646,0
6299,0,0.004520459,0
6300,0,0.0045093214,0
6301,0,0.0044151074,0
6302,0,0.0044093058,0
6303,0,0.004265554,0
6304,0,0.004280274,0
6305,0,0.0042269705,0
6306,0,0.0041813264,0
6307,1,0.004201471,0
6308,1,0.0040474036,0
6309,1,0.004052077,0
6310,1,0.003855883,0
6311,1,0.0039093858,0
6312,1,0.003849,0
6313,1,0.003855675,0
6314,1,0.0039178813,0
6315,1,0.0038672239,0
6316,1,0.0039164536,0
6317,1,0.0039541875,0
6318,1,0.004107842,0
6319,1,0.0040910253,0
6320,1,0.004187916,0
6321,1,0.0043401895,0
6322,1,0.0042987065,0
6323,1,0.004363853,0
6324,1,0.00431386,0
6325,1,0.00439067,0
6326,1,0.00434836,0
6327,1,0.0043205163,0
6328,1,0.0043435604,0
6329,1,0.0043071574,0
6330,1,0.0043017515,0
6331,1,0.004364464,0
6332,1,0.0045365165,0
6333,1,0.004525507,0
6334,1,0.0044953898,0
6335,1,0.004458882,0
6336,1,0.0045369975,0
6337,1,0.0045723175,0
6338,1,0.004572286,0
6339,1,0.004657644,0
6340,1,0.0046691154,0
6341,1,0.0048008347,0
6342,1,0.0048485277,0
6343,1,0.004865708,0
6344,1,0.00495724,0
6345,1,0.004879083,0
6346,1,0.004878362,0
6347,1,0.0048652394,0
6348,1,0.004813756,0
6349,1,0.00475429,0
6350,1,0.004644606,0
6351,1,0.0046987454,0
6352,1,0.0047024335,0
6353,1,0.0046168487,0
6354,1,0.0046229614,0
6355,1,0.004581793,0
6356,1,0.0049247914,0
6357,1,0.00496426,0
6358,1,0.005100571,0
6359,1,0.0052470933,0
6360,1,0.0053944746,0
6361,1,0.005300576,0
6362,1,0.0052215355,0
6363,1,0.0052921157,0
6364,1,0.005329451,0
6365,1,0.0053452114,0
6366,1,0.0054055927,0
6367,1,0.0054030693,0
6368,1,0.005651809,0
6369,1,0.0058424016,0
6370,1,0.005867534,0
6371,1,0.0058301566,0
6372,1,0.0058300826,0
6373,1,0.0059353374,0
6374,1,0.0059511643,0
6375,1,0.006043405,0
6376,1,0.006143502,0
6377,1,0.0061441837,0
6378,1,0.0061985785,0
6379,1,0.00638386,0
6380,1,0.0065554637,0
6381,1,0.0066696843,0
6382,1,0.0069828606,0
6383,1,0.0073214914,0
6384,1,0.0074944664,0
6385,1,0.0077792155,0
6386,1,0.007706211,0
6387,1,0.008323814,0
6388,1,0.008465268,0
6389,1,0.0088061765,0
6390,1,0.009006078,0
6391,1,0.009514394,0
6392,1,0.010128172,0
6393,1,0.010555504,0
6394,1,0.010968305,0
6395,1,0.011447505,0
6396,1,0.011828331,0
6397,1,0.012463014,1
6398,1,0.013225568,1
6399,1,0.01359152,1
6400,1,0.014544677,1
6401,1,0.015171416,1
6402,1,0.016186146,1
6403,1,0.017623417,1
6404,1,0.01872333,1
6405,1,0.020303754,1
6406,1,0.021776855,1
6407,1,0.02404682,1
6408,1,0.0045560184,0
6409,1,0.004602623,0
6410,1,0.004591376,0
6411,1,0.0045410777,0
6412,1,0.004509012,0
6413,1,0.0045102895,0
6414,1,0.004652194,0
6415,1,0.004625399,0
6416,1,0.0044862796,0
6417,1,0.00440601,0
6418,1,0.004376158,0
6419,1,0.0044335984,0
6420,1,0.004391928,0
6421,1,0.004282577,0
6422,1,0.0041870046,0
6423,1,0.0042212913,0
6424,1,0.0042262506,0
6425,1,0.004241943,0
6426,1,0.004179035,0
6427,1,0.0041019064,0
6428,1,0.0042932075,0
6429,1,0.0044494406,0
6430,1,0.004492682,0
6431,1,0.0043485807,0
6432,1,0.0043346,0
6433,1,0.0043339333,0
6434,1,0.004254317,0
6435,1,0.004155375,0
6436,1,0.0040484783,0
6437,1,0.0039892774,0
6438,1,0.0039626006,0
6439,1,0.004131656,0
6440,1,0.0040275916,0
6441,1,0.004110695,0
6442,1,0.0041591926,0
6443,1,0.0041455324,0
6444,1,0.0040723966,0
6445,1,0.004047169,0
6446,1,0.004135738,0
6447,1,0.004365236,0
6448,1,0.0043540704,0
6449,1,0.0043351236,0
6450,1,0.0044696564,0
6451,1,0.0045304005,0
6452,1,0.00462301,0
6453,1,0.00449715,0
6454,1,0.004526296,0
6455,1,0.004569326,0
6456,1,0.0047310186,0
6457,1,0.0046040313,0
6458,1,0.0044566537,0
6459,1,0.0043759425,0
6460,1,0.004283804,0
6461,1,0.004262786,0
6462,1,0.004363725,0
6463,1,0.0043568616,0
6464,1,0.0043671634,0
6465,1,0.0044646687,0
6466,1,0.0043966463,0
6467,1,0.004352318,0
6468,1,0.0043739597,0
6469,1,0.004176363,0
6470,1,0.0043339096,0
6471,1,0.004288276,0
6472,1,0.0043910826,0
6473,1,0.0043119625,0
6474,1,0.00448332,0
6475,1,0.004540205,0
6476,1,0.0045360047,0
6477,1,0.004380269,0
6478,1,0.0044540702,0
6479,1,0.004485195,0
6480,1,0.0046432135,0
6481,1,0.004722137,0
6482,1,0.004604745,0
6483,1,0.004669348,0
6484,1,0.005101552,0
6485,1,0.005069877,0
6486,1,0.0048335055,0
6487,1,0.005039519,0
6488,1,0.0053538573,0
6489,1,0.005585352,0
6490,1,0.0059488453,0
6491,1,0.006217411,0
6492,1,0.006590446,0
6493,1,0.0071212384,0
6494,1,0.0077572176,0
6495,1,0.008179184,0
6496,1,0.008914437,0
6497,1,0.009593487,0
6498,1,0.010255057,0
6499,1,0.010868832,0
6500,1,0.011310268,0
6501,1,0.011810964,0
6502,1,0.012286767,0
6503,1,0.013586136,1
6504,1,0.014283881,1
6505,1,0.015648337,1
6506,1,0.01690913,1
6507,0,0.0041188276,0
6508,0,0.0040694126,0
6509,0,0.004052689,0
6510,0,0.0040456983,0
6511,0,0.0040360847,0
6512,0,0.0039888434,0
6513,0,0.0041012503,0
6514,0,0.004089431,0
6515,0,0.0040721684,0
6516,0,0.004163321,0
6517,0,0.0042267223,0
6518,0,0.0042072595,0
6519,0,0.0042428994,0
6520,0,0.004213459,0
6521,0,0.004250621,0
6522,0,0.0042556776,0
6523,0,0.004242126,0
6524,0,0.0041921614,0
6525,0,0.0042045237,0
6526,0,0.004131227,0
6527,0,0.0040602684,0
6528,0,0.004022474,0
6529,0,0.0039880937,0
6530,0,0.0039093425,0
6531,0,0.0039025615,0
6532,0,0.0040023695,0
6533,0,0.0039133965,0
6534,0,0.0038732619,0
6535,0,0.0039106365,0
6536,0,0.0038868694,0
6537,0,0.0038113592,0
6538,0,0.0037689917,0
6539,0,0.0038121033,0
6540,0,0.0037752406,0
6541,0,0.0037621788,0
6542,0,0.003928857,0
6543,0,0.003813116,0
6544,0,0.0038560755,0
6545,0,0.004029318,0
6546,0,0.004032328,0
6547,0,0.0040023043,0
6548,0,0.00407385,0
6549,0,0.0040625096,0
6550,0,0.0041905763,0
6551,0,0.0041689035,0
6552,0,0.0041477215,0
6553,0,0.00420492,0
6554,0,0.0042559276,0
6555,0,0.0042137373,0
6556,0,0.0042343317,0
6557,0,0.004260972,0
6558,0,0.0043184864,0
6559,0,0.0041845245,0
6560,0,0.0041306233,0
6561,0,0.004206326,0
6562,0,0.0040400866,0
6563,0,0.0040770983,0
6564,0,0.0041617677,0
6565,1,0.004259625,0
6566,1,0.004274227,0
6567,1,0.004305443,0
6568,1,0.004423919,0
6569,1,0.004316834,0
6570,1,0.0043213936,0
6571,1,0.004295033,0
6572,1,0.0043455013,0
6573,1,0.00437494,0
6574,1,0.0043060877,0
6575,1,0.0042476812,0
6576,1,0.0040197354,0
6577,1,0.0039504394,0
6578,1,0.0038780563,0
6579,1,0.0039678416,0
6580,1,0.0039430694,0
6581,1,0.0040471684,0
6582,1,0.0040725367,0
6583,1,0.0040904675,0
6584,1,0.0041205096,0
6585,1,0.0041743466,0
6586,1,0.004119375,0
6587,1,0.004204335,0
6588,1,0.004221942,0
6589,1,0.00420433,0
6590,1,0.004254368,0
6591,1,0.0041906163,0
6592,1,0.00421287,0
6593,1,0.0041902415,0
6594,1,0.0041361423,0
6595,1,0.0040421793,0
6596,1,0.00414631,0
6597,1,0.00428885,0
6598,1,0.0042639147,0
6599,1,0.0044361823,0
6600,1,0.00436146,0
6601,1,0.0043331617,0
6602,1,0.0042067165,0
6603,1,0.004311517,0
6604,1,0.0043513034,0
6605,1,0.004311593,0
6606,1,0.0043946444,0
6607,1,0.0045308643,0
6608,1,0.004764705,0
6609,1,0.004780401,0
6610,1,0.004793112,0
6611,1,0.004797321,0
6612,1,0.0049605523,0
6613,1,0.00483878,0
6614,1,0.0048395153,0
6615,1,0.004783794,0
6616,1,0.0047696265,0
6617,1,0.0047668745,0
6618,1,0.0049986555,0
6619,1,0.0050737923,0
6620,1,0.005205407,0
6621,1,0.0053328867,0
6622,1,0.005495694,0
6623,1,0.0055943606,0
6624,1,0.005549807,0
6625,1,0.0057448805,0
6626,1,0.005758899,0
6627,1,0.005790491,0
6628,1,0.0057848245,0
6629,1,0.0059705433,0
6630,1,0.0061744275,0
6631,1,0.0063513727,0
6632,1,0.006631008,0
6633,1,0.006769507,0
6634,1,0.006912873,0
6635,1,0.0070650177,0
6636,1,0.0072887368,0
6637,1,0.0074201217,0
6638,1,0.007544935,0
6639,1,0.00791695,0
6640,1,0.007836324,0
6641,1,0.008091118,0
6642,1,0.008259223,0
6643,1,0.008701564,0
6644,1,0.0090501,0
6645,1,0.009475891,0
6646,1,0.010082323,0
6647,1,0.010265715,0
6648,1,0.0105583975,0
6649,1,0.010964067,0
6650,1,0.011405249,0
6651,1,0.012094504,0
6652,1,0.012391617,1
6653,1,0.01313492,1
6654,1,0.013948084,1
6655,1,0.014760831,1
6656,1,0.015375038,1
6657,1,0.016423585,1
6658,1,0.01727568,1
6659,1,0.018494284,1
6660,1,0.019629907,1
6661,1,0.020318508,1
6662,1,0.021316232,1
6663,1,0.022470864,1
6664,1,0.0238555,1
6665,1,0.025180334,1
6666,0,0.011437538,0
6667,0,0.011399947,0
6668,0,0.011428383,0
6669,0,0.011423357,0
6670,0,0.0114477305,0
6671,0,0.012976778,1
6672,0,0.012864079,1
6673,0,0.012933742,1
6674,0,0.012937792,1
6675,0,0.012909019,1
6676,0,0.014458767,1
6677,0,0.013048119,1
6678,0,0.013141283,1
6679,0,0.013201581,1
6680,0,0.013239344,1
6681,0,0.013332296,1
6682,0,0.011767756,0
6683,0,0.010069144,0
6684,0,0.010094757,0
6685,0,0.010166953,0
6686,0,0.010257709,0
6687,0,0.008440313,0
6688,0,0.008351142,0
6689,0,0.008349088,0
6690,0,0.008364788,0
6691,0,0.008116722,0
6692,0,0.0082309,0
6693,0,0.008305409,0
6694,0,0.0083949445,0
6695,0,0.008432424,0
6696,0,0.008471456,0
6697,0,0.008560016,0
6698,0,0.008448007,0
6699,0,0.008404256,0
6700,0,0.008271772,0
6701,0,0.00637169,0
6702,0,0.0062526623,0
6703,0,0.006231681,0
6704,0,0.006406545,0
6705,0,0.0064691203,0
6706,0,0.0043285014,0
6707,0,0.00427663,0
6708,0,0.0041243336,0
6709,0,0.004181098,0
6710,0,0.004152597,0
6711,0,0.004359599,0
6712,0,0.0043414,0
6713,0,0.0042827777,0
6714,0,0.0043106815,0
6715,0,0.004264432,0
6716,0,0.00437949,0
6717,0,0.004547794,0
6718,0,0.004546634,0
6719,0,0.0046303757,0
6720,0,0.0048483424,0
6721,0,0.0048625544,0
6722,0,0.00482972,0
6723,0,0.006904475,0
6724,0,0.006885866,0
6725,0,0.0069579096,0
6726,0,0.0070805885,0
6727,0,0.0070388224,0
6728,0,0.0071915104,0
6729,0,0.0072636865,0
6730,0,0.0073453547,0
6731,0,0.0073864334,0
6732,0,0.007408509,0
6733,0,0.0072945384,0
6734,0,0.0071083806,0
6735,0,0.0070793144,0
6736,0,0.007287489,0
6737,0,0.007381767,0
6738,0,0.0074672075,0
6739,0,0.007467038,0
6740,0,0.0074485126,0
6741,0,0.007224453,0
6742,0,0.007316119,0
6743,0,0.007246347,0
6744,0,0.0071898256,0
6745,0,0.007191956,0
6746,0,0.0070349565,0
6747,0,0.0068425643,0
6748,0,0.00891021,0
6749,0,0.008830123,0
6750,0,0.0086285565,0
6751,0,0.008728274,0
6752,1,0.008660418,0
6753,1,0.006680879,0
6754,1,0.006732341,0
6755,1,0.006730101,0
6756,1,0.0067241536,0
6757,1,0.006776293,0
6758,1,0.006691347,0
6759,1,0.006710059,0
6760,1,0.0066220337,0
6761,1,0.0065621356,0
6762,1,0.006608743,0
6763,1,0.006653932,0
6764,1,0.0067522307,0
6765,1,0.0067439517,0
6766,1,0.0065568686,0
6767,1,0.006583464,0
6768,1,0.006845083,0
6769,1,0.0067756115,0
6770,1,0.0066380464,0
6771,1,0.006682622,0
6772,1,0.0065867514,0
6773,1,0.0065515065,0
6774,1,0.0064471145,0
6775,1,0.006453579,0
6776,1,0.006560128,0
6777,1,0.0066120187,0
6778,1,0.004449376,0
6779,1,0.004393892,0
6780,1,0.0043846956,0
6781,1,0.0042311056,0
6782,1,0.0042241327,0
6783,1,0.00431486,0
6784,1,0.004288765,0
6785,1,0.004269878,0
6786,1,0.0042122644,0
6787,1,0.0041888035,0
6788,1,0.0041712364,0
6789,1,0.004191972,0
6790,1,0.0042155394,0
6791,1,0.004253319,0
6792,1,0.0043820967,0
6793,1,0.00444147,0
6794,1,0.004419054,0
6795,1,0.004343271,0
6796,1,0.0043829065,0
6797,1,0.0042934907,0
6798,1,0.0041854023,0
6799,1,0.0042365277,0
6800,1,0.0042564506,0
6801,1,0.0043064277,0
6802,1,0.0043500215,0
6803,1,0.0043402356,0
6804,1,0.0045342324,0
6805,1,0.0045751645,0
6806,1,0.004636856,0
6807,1,0.004417831,0
6808,1,0.004458898,0
6809,1,0.004453817,0
6810,1,0.0045109927,0
6811,1,0.00463368,0
6812,1,0.0046936884,0
6813,1,0.0047855577,0
6814,1,0.004812168,0
6815,1,0.0048486246,0
6816,1,0.004905365,0
6817,1,0.0048619383,0
6818,1,0.005060183,0
6819,1,0.005026906,0
6820,1,0.0052584475,0
6821,1,0.0053321705,0
6822,1,0.005123619,0
6823,1,0.0052380613,0
6824,1,0.005580599,0
6825,1,0.0059470194,0
6826,1,0.0059762863,0
6827,1,0.0062121795,0
6828,1,0.006394054,0
6829,1,0.006421679,0
6830,1,0.0065731155,0
6831,1,0.006937791,0
6832,1,0.007037783,0
6833,1,0.0073337625,0
6834,1,0.007504763,0
6835,1,0.0077267415,0
6836,1,0.007899031,0
6837,1,0.008256058,0
6838,1,0.008587207,0
6839,1,0.008907092,0
6840,1,0.009187807,0
6841,1,0.009624434,0
6842,1,0.010106297,0
6843,1,0.010632712,0
6844,1,0.01145737,0
6845,1,0.012279165,0
6846,1,0.013363888,1
6847,1,0.014469009,1
6848,1,0.015699998,1
6849,1,0.0173834,1
6850,1,0.018982686,1
6851,1,0.020636661,1
6852,1,0.022407215,1
6853,0,0.0060718437,0
6854,0,0.008074593,0
6855,0,0.008053441,0
6856,0,0.007970061,0
6857,0,0.0060071093,0
6858,0,0.0059488933,0
6859,0,0.0059451847,0
6860,0,0.005859869,0
6861,0,0.007943614,0
6862,0,0.0079785865,0
6863,0,0.008009968,0
6864,0,0.007919417,0
6865,0,0.007906491,0
6866,0,0.007855672,0
6867,0,0.0076740286,0
6868,0,0.0075971847,0
6869,0,0.0076707653,0
6870,0,0.0077696913,0
6871,0,0.007780844,0
6872,0,0.007795594,0
6873,0,0.007893992,0
6874,0,0.009759183,0
6875,0,0.009761459,0
6876,0,0.009789495,0
6877,0,0.009853656,0
6878,0,0.009887504,0
6879,0,0.009967869,0
6880,0,0.01014811,0
6881,0,0.010084981,0
6882,0,0.0099905925,0
6883,0,0.010109288,0
6884,0,0.008273672,0
6885,0,0.0083352,0
6886,0,0.008314101,0
6887,0,0.008426818,0
6888,0,0.0085636685,0
6889,0,0.008573217,0
6890,0,0.00863686,0
6891,0,0.006560435,0
6892,0,0.006631934,0
6893,0,0.006657024,0
6894,0,0.0066964533,0
6895,0,0.0066100582,0
6896,0,0.006633439,0
6897,0,0.0067592734,0
6898,0,0.0067221816,0
6899,0,0.0066138566,0
6900,0,0.0066722925,0
6901,0,0.006592385,0
6902,0,0.0066199326,0
6903,0,0.006512137,0
6904,0,0.0043703024,0
6905,0,0.0043834797,0
6906,0,0.0043751425,0
6907,0,0.004381088,0
6908,0,0.004349646,0
6909,0,0.004268552,0
6910,0,0.004133054,0
6911,0,0.0041835224,0
6912,0,0.0042862967,0
6913,0,0.004284599,0
6914,0,0.004145879,0
6915,0,0.0040914803,0
6916,0,0.004273587,0
6917,0,0.0042852154,0
6918,0,0.004126366,0
6919,1,0.0041407244,0
6920,1,0.004091788,0
6921,1,0.004160278,0
6922,1,0.0039580353,0
6923,1,0.00405089,0
6924,1,0.004062101,0
6925,1,0.0039917654,0
6926,1,0.0039807013,0
6927,1,0.0039717746,0
6928,1,0.003960305,0
6929,1,0.0040356903,0
6930,1,0.0038592266,0
6931,1,0.0038904292,0
6932,1,0.004015445,0
6933,1,0.003962736,0
6934,1,0.0040449155,0
6935,1,0.0041356515,0
6936,1,0.0041196197,0
6937,1,0.004003175,0
6938,1,0.004036056,0
6939,1,0.0040811826,0
6940,1,0.004066833,0
6941,1,0.004083042,0
6942,1,0.004085097,0
6943,1,0.0040355227,0
6944,1,0.004017393,0
6945,1,0.003976649,0
6946,1,0.0039228825,0
6947,1,0.0039303903,0
6948,1,0.004003235,0
6949,1,0.003976397,0
6950,1,0.003963386,0
6951,1,0.0040433244,0
6952,1,0.004035434,0
6953,1,0.003985385,0
6954,1,0.00384781,0
6955,1,0.0039613997,0
6956,1,0.004038101,0
6957,1,0.0039967485,0
6958,1,0.0038934455,0
6959,1,0.0038844494,0
6960,1,0.004063174,0
6961,1,0.004149791,0
6962,1,0.0040564146,0
6963,1,0.0041390173,0
6964,1,0.004038074,0
6965,1,0.004081223,0
6966,1,0.0041317972,0
6967,1,0.004287077,0
6968,1,0.004225368,0
6969,1,0.004399203,0
6970,1,0.004385496,0
6971,1,0.0044152467,0
6972,1,0.0044380557,0
6973,1,0.0046000546,0
6974,1,0.0045652827,0
6975,1,0.00466946,0
6976,1,0.004764591,0
6977,1,0.0045535066,0
6978,1,0.0046040826,0
6979,1,0.0045409845,0
6980,1,0.0045172404,0
6981,1,0.0044962927,0
6982,1,0.0044535426,0
6983,1,0.0044005117,0
6984,1,0.004524049,0
6985,1,0.004648947,0
6986,1,0.004702061,0
6987,1,0.004807148,0
6988,1,0.0049680243,0
6989,1,0.005042272,0
6990,1,0.00497544,0
6991,1,0.005220069,0
6992,1,0.00540624,0
6993,1,0.005503093,0
6994,1,0.0056390148,0
6995,1,0.00556528,0
6996,1,0.0057172775,0
6997,1,0.00575453,0
6998,1,0.0058582947,0
6999,1,0.005760541,0
7000,1,0.0058447192,0
7001,1,0.0060611092,0
7002,1,0.006347085,0
7003,1,0.0064614243,0
7004,1,0.0071267723,0
7005,1,0.007249796,0
7006,1,0.0073636435,0
7007,1,0.007381287,0
7008,1,0.007483158,0
7009,1,0.00773626,0
7010,1,0.00784224,0
7011,1,0.008144628,0
7012,1,0.008544839,0
7013,1,0.008981464,0
7014,1,0.009588894,0
7015,1,0.009756285,0
7016,1,0.010662713,0
7017,1,0.01133315,0
7018,1,0.011885146,0
7019,1,0.012545792,1
7020,0,0.009761573,0
7021,0,0.011370275,0
7022,0,0.011373363,0
7023,0,0.009700236,0
7024,0,0.009732291,0
7025,0,0.009783077,0
7026,0,0.009754203,0
7027,0,0.009784669,0
7028,0,0.009796308,0
7029,0,0.009771892,0
7030,0,0.0098554045,0
7031,0,0.009880913,0
7032,0,0.011731873,0
7033,0,0.011801958,0
7034,0,0.011873498,0
7035,0,0.012047199,0
7036,0,0.010440418,0
7037,0,0.010497417,0
7038,0,0.0105318995,0
7039,0,0.010435425,0
7040,0,0.010365737,0
7041,0,0.010303485,0
7042,0,0.010379358,0
7043,0,0.010376451,0
7044,0,0.010338457,0
7045,0,0.010371222,0
7046,0,0.008586515,0
7047,0,0.00875631,0
7048,0,0.008927227,0
7049,0,0.009077118,0
7050,0,0.009021939,0
7051,0,0.0070275096,0
7052,0,0.007109047,0
7053,0,0.0071354965,0
7054,0,0.0071504232,0
7055,0,0.007162904,0
7056,0,0.0072283326,0
7057,0,0.007299187,0
7058,0,0.0071926075,0
7059,0,0.0070927558,0
7060,0,0.006952545,0
7061,0,0.006660878,0
7062,0,0.004494156,0
7063,0,0.0044271834,0
7064,0,0.004245141,0
7065,0,0.004246499,0
7066,0,0.004126983,0
7067,0,0.004035558,0
7068,0,0.0040597348,0
7069,0,0.0041123554,0
7070,0,0.004170355,0
7071,0,0.0041540675,0
7072,0,0.004039741,0
7073,0,0.004013011,0
7074,0,0.00396279,0
7075,0,0.0039509824,0
7076,0,0.003982467,0
7077,0,0.0037691514,0
7078,0,0.003683311,0
7079,0,0.0035988968,0
7080,0,0.003725441,0
7081,0,0.0038288361,0
7082,0,0.00372448,0
7083,0,0.0036587818,0
7084,0,0.0035738908,0
7085,0,0.0034846808,0
7086,0,0.0034574815,0
7087,0,0.0033696247,0
7088,0,0.0034667037,0
7089,0,0.0035246406,0
7090,0,0.0035643154,0
7091,0,0.0036103376,0
7092,0,0.0036762562,0
7093,0,0.003776721,0
7094,0,0.0037810577,0
7095,0,0.0036385593,0
7096,0,0.0036663772,0
7097,1,0.0035802985,0
7098,1,0.0035718665,0
7099,1,0.0036065725,0
7100,1,0.0036008493,0
7101,1,0.0036759346,0
7102,1,0.003673464,0
7103,1,0.0037288575,0
7104,1,0.0037305255,0
7105,1,0.0038287137,0
7106,1,0.0038250987,0
7107,1,0.004048183,0
7108,1,0.0039572455,0
7109,1,0.0061438,0
7110,1,0.0060747685,0
7111,1,0.0059553017,0
7112,1,0.006017104,0
7113,1,0.006070221,0
7114,1,0.006134402,0
7115,1,0.0061270883,0
7116,1,0.0061073536,0
7117,1,0.006229551,0
7118,1,0.0062317583,0
7119,1,0.0062032267,0
7120,1,0.006183008,0
7121,1,0.0061853086,0
7122,1,0.006213595,0
7123,1,0.006124273,0
7124,1,0.0060264748,0
7125,1,0.006089247,0
7126,1,0.0062040896,0
7127,1,0.006396864,0
7128,1,0.0064725033,0
7129,1,0.006460128,0
7130,1,0.0064965854,0
7131,1,0.0065459223,0
7132,1,0.006604855,0
7133,1,0.006579795,0
7134,1,0.0065604625,0
7135,1,0.006449351,0
7136,1,0.006373123,0
7137,1,0.006294108,0
7138,1,0.0062307785,0
7139,1,0.0041168984,0
7140,1,0.0041468833,0
7141,1,0.004255239,0
7142,1,0.0042847535,0
7143,1,0.004292651,0
7144,1,0.00433273,0
7145,1,0.0043245186,0
7146,1,0.004201703,0
7147,1,0.004249717,0
7148,1,0.004099076,0
7149,1,0.0041369824,0
7150,1,0.0041391724,0
7151,1,0.0041021714,0
7152,1,0.0041441876,0
7153,1,0.0042919144,0
7154,1,0.0042780465,0
7155,1,0.004274237,0
7156,1,0.004393567,0
7157,1,0.0042885854,0
7158,1,0.0045661386,0
7159,1,0.0047727693,0
7160,1,0.005065138,0
7161,1,0.005131186,0
7162,1,0.0051208837,0
7163,1,0.005198771,0
7164,1,0.005327319,0
7165,1,0.0053272517,0
7166,1,0.0054457462,0
7167,1,0.0055842507,0
7168,1,0.0054676784,0
7169,1,0.005366773,0
7170,1,0.0052268044,0
7171,1,0.0053611277,0
7172,1,0.0054081595,0
7173,1,0.0054135583,0
7174,1,0.0054573226,0
7175,1,0.0056543145,0
7176,1,0.005843934,0
7177,1,0.0058153938,0
7178,1,0.005870726,0
7179,1,0.0061012907,0
7180,1,0.0061394833,0
7181,1,0.006575226,0
7182,1,0.0065313284,0
7183,1,0.0068213632,0
7184,1,0.0070630787,0
7185,1,0.0072755287,0
7186,1,0.007253331,0
7187,1,0.0075882426,0
7188,1,0.008063578,0
7189,1,0.0086637465,0
7190,1,0.008925154,0
7191,1,0.009529841,0
7192,1,0.010155689,0
7193,1,0.011047109,0
7194,1,0.011573431,0
7195,1,0.01246603,1
7196,1,0.013387077,1
7197,1,0.014464919,1
7198,0,0.006204476,0
7199,0,0.006347651,0
7200,0,0.0063595464,0
7201,0,0.006316964,0
7202,0,0.0062944526,0
7203,0,0.0062207906,0
7204,0,0.0061860913,0
7205,0,0.0061550504,0
7206,0,0.0060586715,0
7207,0,0.0061673424,0
7208,0,0.0062979865,0
7209,0,0.0063025216,0
7210,0,0.006334338,0
7211,0,0.006414724,0
7212,0,0.0064847926,0
7213,0,0.006477325,0
7214,0,0.006496975,0
7215,0,0.0063369516,0
7216,0,0.006470166,0
7217,0,0.0064313677,0
7218,0,0.0063418485,0
7219,0,0.006323181,0
7220,0,0.006282099,0
7221,0,0.006091391,0
7222,0,0.006050397,0
7223,0,0.006184255,0
7224,0,0.006169901,0
7225,0,0.006201917,0
7226,0,0.006290035,0
7227,0,0.006182858,0
7228,0,0.008188521,0
7229,0,0.008091926,0
7230,0,0.008138076,0
7231,0,0.008252159,0
7232,0,0.010145179,0
7233,0,0.010119509,0
7234,0,0.01010634,0
7235,0,0.010120269,0
7236,0,0.0101650115,0
7237,0,0.010080196,0
7238,0,0.009995249,0
7239,0,0.010028751,0
7240,0,0.010169389,0
7241,0,0.010086553,0
7242,0,0.009992845,0
7243,0,0.009968401,0
7244,0,0.010056224,0
7245,0,0.01003777,0
7246,0,0.010055297,0
7247,0,0.010159112,0
7248,0,0.01023767,0
7249,0,0.010150667,0
7250,0,0.010163865,0
7251,0,0.010178702,0
7252,0,0.010145652,0
7253,0,0.00998877,0
7254,0,0.010119558,0
7255,0,0.00999622,0
7256,0,0.008139963,0
7257,0,0.008172236,0
7258,0,0.0063529056,0
7259,0,0.006336458,0
7260,1,0.0062774415,0
7261,1,0.006115188,0
7262,1,0.004051877,0
7263,1,0.0063112294,0
7264,1,0.006568377,0
7265,1,0.0066413605,0
7266,1,0.0067018266,0
7267,1,0.006911228,0
7268,1,0.006999575,0
7269,1,0.0069253715,0
7270,1,0.0068492573,0
7271,1,0.006786431,0
7272,1,0.0067531597,0
7273,1,0.0066811107,0
7274,1,0.006639695,0
7275,1,0.0066357674,0
7276,1,0.0065729823,0
7277,1,0.0066168797,0
7278,1,0.0065870797,0
7279,1,0.00663261,0
7280,1,0.006654591,0
7281,1,0.006600478,0
7282,1,0.006570506,0
7283,1,0.0065326295,0
7284,1,0.006420156,0
7285,1,0.0064825453,0
7286,1,0.006479596,0
7287,1,0.0065107904,0
7288,1,0.0063854456,0
7289,1,0.006408246,0
7290,1,0.006631836,0
7291,1,0.006658496,0
7292,1,0.006691555,0
7293,1,0.004538839,0
7294,1,0.004331349,0
7295,1,0.0044315048,0
7296,1,0.004446939,0
7297,1,0.004295692,0
7298,1,0.0042348322,0
7299,1,0.004189107,0
7300,1,0.0041253907,0
7301,1,0.0041708755,0
7302,1,0.0041930755,0
7303,1,0.0042962683,0
7304,1,0.0043047746,0
7305,1,0.0043756543,0
7306,1,0.0044620465,0
7307,1,0.004401852,0
7308,1,0.00439944,0
7309,1,0.004386045,0
7310,1,0.0043109315,0
7311,1,0.004388133,0
7312,1,0.0046302634,0
7313,1,0.0045901067,0
7314,1,0.004660955,0
7315,1,0.0046052085,0
7316,1,0.004676805,0
7317,1,0.004576559,0
7318,1,0.004436418,0
7319,1,0.004574994,0
7320,1,0.00450122,0
7321,1,0.004600212,0
7322,1,0.0045524854,0
7323,1,0.0045775003,0
7324,1,0.0045186514,0
7325,1,0.0044731284,0
7326,1,0.0043967776,0
7327,1,0.004625724,0
7328,1,0.004483887,0
7329,1,0.0044396636,0
7330,1,0.004476299,0
7331,1,0.004628695,0
7332,1,0.0047195414,0
7333,1,0.0049279258,0
7334,1,0.004992129,0
7335,1,0.005097276,0
7336,1,0.0051802043,0
7337,1,0.005399277,0
7338,1,0.0055658584,0
7339,1,0.005596598,0
7340,1,0.0058139637,0
7341,1,0.005942614,0
7342,1,0.0058777747,0
7343,1,0.005981959,0
7344,1,0.006172351,0
7345,1,0.00622123,0
7346,1,0.0063356548,0
7347,1,0.0066087814,0
7348,1,0.007034834,0
7349,1,0.00736824,0
7350,1,0.007873435,0
7351,1,0.0078010475,0
7352,1,0.008222787,0
7353,1,0.00875202,0
7354,1,0.009035089,0
7355,1,0.009675795,0
7356,1,0.01030984,0
7357,1,0.010712173,0
7358,1,0.011512237,0
7359,1,0.012387287,1
7360,1,0.013617877,1
7361,0,0.011614657,0
7362,0,0.011753178,0
7363,0,0.011833068,0
7364,0,0.011813745,0
7365,0,0.01183517,0
7366,0,0.011767886,0
7367,0,0.011832977,0
7368,0,0.011806526,0
7369,0,0.011889893,0
7370,0,0.01001831,0
7371,0,0.010023115,0
7372,0,0.010052124,0
7373,0,0.010014539,0
7374,0,0.009996049,0
7375,0,0.01004332,0
7376,0,0.010067977,0
7377,0,0.010320168,0
7378,0,0.008436262,0
7379,0,0.008418375,0
7380,0,0.0084585585,0
7381,0,0.008457241,0
7382,0,0.00662372,0
7383,0,0.006589343,0
7384,0,0.006662645,0
7385,0,0.0066415663,0
7386,0,0.0065943506,0
7387,0,0.006477754,0
7388,0,0.004371689,0
7389,1,0.004489706,0
7390,1,0.0043292223,0
7391,1,0.004295678,0
7392,1,0.0043090815,0
7393,1,0.0042647156,0
7394,1,0.0042569833,0
7395,1,0.0041316813,0
7396,1,0.0042066574,0
7397,1,0.0041878535,0
7398,1,0.004163942,0
7399,1,0.0042229043,0
7400,1,0.004195024,0
7401,1,0.004384589,0
7402,1,0.00436641,0
7403,1,0.0044098506,0
7404,1,0.0044612186,0
7405,1,0.0043546907,0
7406,1,0.0042641046,0
7407,1,0.0040609823,0
7408,1,0.0041972734,0
7409,1,0.0043234746,0
7410,1,0.004293258,0
7411,1,0.004189724,0
7412,1,0.0042302404,0
7413,1,0.004234881,0
7414,1,0.0042565237,0
7415,1,0.006435736,0
7416,1,0.0063775103,0
7417,1,0.0064969575,0
7418,1,0.006552295,0
7419,1,0.0064624217,0
7420,1,0.0065590604,0
7421,1,0.0065527386,0
7422,1,0.006539581,0
7423,1,0.0065945764,0
7424,1,0.0065452196,0
7425,1,0.0065647378,0
7426,1,0.006430964,0
7427,1,0.0063736346,0
7428,1,0.0066091707,0
7429,1,0.0066876393,0
7430,1,0.006821004,0
7431,1,0.006879097,0
7432,1,0.006972404,0
7433,1,0.0069466177,0
7434,1,0.006896288,0
7435,1,0.0070708953,0
7436,1,0.0070720008,0
7437,1,0.007251343,0
7438,1,0.0071392506,0
7439,1,0.0069855824,0
7440,1,0.0069516785,0
7441,1,0.0069556865,0
7442,1,0.006937044,0
7443,1,0.006955557,0
7444,1,0.006925138,0
7445,1,0.004878506,0
7446,1,0.0048784916,0
7447,1,0.005164731,0
7448,1,0.0050364933,0
7449,1,0.005233628,0
7450,1,0.0051469086,0
7451,1,0.0051929606,0
7452,1,0.0052196383,0
7453,1,0.0052462528,0
7454,1,0.0052858335,0
7455,1,0.00518555,0
7456,1,0.0051636887,0
7457,1,0.005118217,0
7458,1,0.0050194515,0
7459,1,0.00512173,0
7460,1,0.0054041594,0
7461,1,0.0054081483,0
7462,1,0.0055497056,0
7463,1,0.005680717,0
7464,1,0.005529304,0
7465,1,0.0054517644,0
7466,1,0.0056034923,0
7467,1,0.0056747566,0
7468,1,0.0058247265,0
7469,1,0.005884318,0
7470,1,0.006218566,0
7471,1,0.006384935,0
7472,1,0.0066082426,0
7473,1,0.006911045,0
7474,1,0.0067280727,0
7475,1,0.006724425,0
7476,1,0.0071099754,0
7477,1,0.0071119056,0
7478,1,0.0073277922,0
7479,1,0.0076891617,0
7480,1,0.008163129,0
7481,1,0.008705933,0
7482,1,0.008847935,0
7483,1,0.009243233,0
7484,1,0.009732545,0
7485,1,0.010035102,0
7486,1,0.010882569,0
7487,1,0.011663761,0
7488,1,0.012730432,1
7489,1,0.013973654,1
7490,0,0.012101346,0
7491,0,0.011948105,0
7492,0,0.011906044,0
7493,0,0.011812632,0
7494,0,0.011831431,0
7495,0,0.011898253,0
7496,0,0.010144418,0
7497,0,0.010187924,0
7498,0,0.010203098,0
7499,0,0.01017097,0
7500,0,0.010173833,0
7501,0,0.010165926,0
7502,0,0.010243075,0
7503,0,0.010206265,0
7504,0,0.010116145,0
7505,0,0.009901844,0
7506,0,0.01001467,0
7507,0,0.010013619,0
7508,0,0.009799422,0
7509,0,0.0097393505,0
7510,0,0.009793233,0
7511,0,0.009663956,0
7512,0,0.007808933,0
7513,0,0.007821923,0
7514,0,0.007746438,0
7515,0,0.0076440345,0
7516,0,0.005834741,0
7517,0,0.00590186,0
7518,0,0.0057914136,0
7519,0,0.0057640374,0
7520,0,0.0058502844,0
7521,0,0.003848991,0
7522,0,0.003828987,0
7523,0,0.003928669,0
7524,0,0.004054666,0
7525,0,0.004111384,0
7526,0,0.0041309763,0
7527,0,0.0041448087,0
7528,0,0.0041579274,0
7529,0,0.0040997625,0
7530,0,0.004303628,0
7531,0,0.004305735,0
7532,0,0.0042893067,0
7533,0,0.0043716314,0
7534,0,0.004556604,0
7535,0,0.0068075527,0
7536,0,0.006694547,0
7537,0,0.0067358324,0
7538,0,0.006674085,0
7539,0,0.0067238905,0
7540,0,0.0085845,0
7541,0,0.008627297,0
7542,0,0.00866339,0
7543,0,0.008638849,0
7544,0,0.01052028,0
7545,0,0.010441742,0
7546,0,0.01045244,0
7547,0,0.0103836125,0
7548,0,0.010384014,0
7549,0,0.010254557,0
7550,0,0.010095228,0
7551,0,0.010088694,0
7552,0,0.010105022,0
7553,0,0.011763378,0
7554,0,0.011700435,0
7555,0,0.01168038,0
7556,0,0.013300317,1
7557,0,0.013300299,1
7558,0,0.013215233,1
7559,0,0.013238546,1
7560,0,0.01304874,1
7561,0,0.013053931,1
7562,0,0.013000838,1
7563,0,0.012857087,1
7564,0,0.012819343,1
7565,0,0.01119143,0
7566,0,0.011249966,0
7567,0,0.011192822,0
7568,0,0.011217351,0
7569,0,0.011282885,0
7570,0,0.009656622,0
7571,0,0.009855701,0
7572,0,0.009848029,0
7573,0,0.009926103,0
7574,0,0.007907755,0
7575,0,0.008074643,0
7576,0,0.008120556,0
7577,0,0.00806031,0
7578,0,0.008236322,0
7579,0,0.008316503,0
7580,0,0.008319182,0
7581,0,0.008574521,0
7582,0,0.008503004,0
7583,0,0.006507773,0
7584,0,0.0064582126,0
7585,0,0.006436397,0
7586,0,0.004297765,0
7587,0,0.0044100867,0
7588,0,0.004427051,0
7589,0,0.0044807172,0
7590,0,0.0045332867,0
7591,0,0.0045276983,0
7592,0,0.004524943,0
7593,0,0.004554231,0
7594,0,0.0044647222,0
7595,0,0.0044253753,0
7596,0,0.0044730515,0
7597,0,0.0044499594,0
7598,0,0.004459527,0
7599,0,0.0044440636,0
7600,0,0.0043528974,0
7601,0,0.004072671,0
7602,0,0.0042068614,0
7603,0,0.004217046,0
7604,0,0.004262542,0
7605,0,0.004223343,0
7606,0,0.0041800914,0
7607,0,0.0040720967,0
7608,0,0.004023381,0
7609,0,0.004185865,0
7610,0,0.004252354,0
7611,0,0.0040385323,0
7612,0,0.004166778,0
7613,0,0.0043037646,0
7614,0,0.0042628776,0
7615,0,0.0042906604,0
7616,1,0.0043685497,0
7617,1,0.004154086,0
7618,1,0.004205331,0
7619,1,0.0041784346,0
7620,1,0.0040694685,0
7621,1,0.0040402412,0
7622,1,0.003973109,0
7623,1,0.003971552,0
7624,1,0.0039696866,0
7625,1,0.004012058,0
7626,1,0.0039747306,0
7627,1,0.0040415335,0
7628,1,0.003969594,0
7629,1,0.0040329825,0
7630,1,0.0040460196,0
7631,1,0.0040572523,0
7632,1,0.0040608654,0
7633,1,0.0039399844,0
7634,1,0.004087269,0
7635,1,0.0040606405,0
7636,1,0.0040318924,0
7637,1,0.004117675,0
7638,1,0.004103148,0
7639,1,0.0040129707,0
7640,1,0.0040116305,0
7641,1,0.003960366,0
7642,1,0.0039919387,0
7643,1,0.003873896,0
7644,1,0.0038811022,0
7645,1,0.00392355,0
7646,1,0.0038272347,0
7647,1,0.0039461385,0
7648,1,0.0038818212,0
7649,1,0.0039774203,0
7650,1,0.0040744743,0
7651,1,0.004039192,0
7652,1,0.004042818,0
7653,1,0.004234087,0
7654,1,0.0042846673,0
7655,1,0.0042528063,0
7656,1,0.0042339643,0
7657,1,0.004330766,0
7658,1,0.0042704237,0
7659,1,0.0042901644,0
7660,1,0.0041311174,0
7661,1,0.0039354893,0
7662,1,0.00388976,0
7663,1,0.0041101365,0
7664,1,0.0040379697,0
7665,1,0.0040392517,0
7666,1,0.0040523126,0
7667,1,0.00396394,0
7668,1,0.0039490256,0
7669,1,0.004100873,0
7670,1,0.004236456,0
7671,1,0.004356199,0
7672,1,0.0043619215,0
7673,1,0.0044568167,0
7674,1,0.0045195036,0
7675,1,0.004484273,0
7676,1,0.0045052036,0
7677,1,0.004614968,0
7678,1,0.004814642,0
7679,1,0.0049199117,0
7680,1,0.0049204384,0
7681,1,0.004998584,0
7682,1,0.004958455,0
7683,1,0.0047455705,0
7684,1,0.0046653803,0
7685,1,0.00489805,0
7686,1,0.004747256,0
7687,1,0.0049088765,0
7688,1,0.005034181,0
7689,1,0.0051308973,0
7690,1,0.005328416,0
7691,1,0.0054078493,0
7692,1,0.0053950334,0
7693,1,0.0054444247,0
7694,1,0.0055711167,0
7695,1,0.0057366276,0
7696,1,0.0058524422,0
7697,1,0.005922067,0
7698,1,0.005927333,0
7699,1,0.0060483874,0
7700,1,0.006273774,0
7701,1,0.006263491,0
7702,1,0.0066349567,0
7703,1,0.007004271,0
7704,1,0.007339453,0
7705,1,0.0077328016,0
7706,1,0.008182388,0
7707,1,0.008564474,0
7708,1,0.009029499,0
7709,1,0.009564528,0
7710,1,0.0101746805,0
7711,1,0.010872926,0
7712,1,0.01177905,0
7713,1,0.013065035,1
7714,1,0.0138895055,1
7715,1,0.014601366,1
7716,1,0.016019233,1
7717,0,0.010706482,0
7718,0,0.010691086,0
7719,0,0.010807349,0
7720,0,0.010903804,0
7721,0,0.010780619,0
7722,0,0.010876787,0
7723,0,0.0123934215,1
7724,0,0.012301809,0
7725,0,0.01034992,0
7726,0,0.010340202,0
7727,0,0.010326586,0
7728,0,0.010254615,0
7729,0,0.010293818,0
7730,0,0.010290191,0
7731,0,0.010194205,0
7732,0,0.010207897,0
7733,0,0.008312638,0
7734,0,0.008276862,0
7735,0,0.008157737,0
7736,0,0.008054476,0
7737,0,0.008094049,0
7738,0,0.008176686,0
7739,0,0.0081592575,0
7740,0,0.0061936225,0
7741,0,0.006270736,0
7742,0,0.006125358,0
7743,0,0.00812267,0
7744,0,0.007942169,0
7745,0,0.008031014,0
7746,0,0.00802341,0
7747,0,0.008004492,0
7748,0,0.008163516,0
7749,0,0.008006291,0
7750,0,0.009943496,0
7751,0,0.009790593,0
7752,0,0.009820501,0
7753,0,0.0079394635,0
7754,0,0.009929547,0
7755,0,0.009870325,0
7756,0,0.009957579,0
7757,0,0.0099765295,0
7758,0,0.010068229,0
7759,0,0.0102296155,0
7760,0,0.010281881,0
7761,0,0.01032566,0
7762,0,0.010444475,0
7763,0,0.010515873,0
7764,0,0.010530285,0
7765,0,0.010596244,0
7766,0,0.010671132,0
7767,0,0.010786329,0
7768,0,0.010684759,0
7769,0,0.010685767,0
7770,0,0.010729636,0
7771,0,0.0106762545,0
7772,0,0.010596189,0
7773,0,0.010622209,0
7774,0,0.0106764715,0
7775,0,0.010597219,0
7776,0,0.010687803,0
7777,0,0.010596642,0
7778,0,0.012135631,0
7779,0,0.012217357,0
7780,0,0.010371645,0
7781,0,0.010511284,0
7782,0,0.010492672,0
7783,0,0.010578774,0
7784,0,0.00856888,0
7785,0,0.008762846,0
7786,0,0.008670137,0
7787,0,0.008667201,0
7788,0,0.008648282,0
7789,0,0.008594856,0
7790,0,0.008719275,0
7791,0,0.008773302,0
7792,0,0.008695554,0
7793,0,0.008775015,0
7794,0,0.00878845,0
7795,0,0.00872836,0
7796,0,0.008763557,0
7797,0,0.008627407,0
7798,0,0.008684605,0
7799,0,0.008685573,0
7800,0,0.0086511,0
7801,1,0.008750285,0
7802,1,0.008809309,0
7803,1,0.006850817,0
7804,1,0.006814572,0
7805,1,0.0069616623,0
7806,1,0.007005498,0
7807,1,0.0070771687,0
7808,1,0.004913397,0
7809,1,0.0048835785,0
7810,1,0.004968559,0
7811,1,0.004978269,0
7812,1,0.0048468597,0
7813,1,0.0048425454,0
7814,1,0.0048593055,0
7815,1,0.004642573,0
7816,1,0.004633131,0
7817,1,0.004632984,0
7818,1,0.004588652,0
7819,1,0.0046133515,0
7820,1,0.004495378,0
7821,1,0.004431951,0
7822,1,0.0046381946,0
7823,1,0.004446745,0
7824,1,0.0044367053,0
7825,1,0.004500616,0
7826,1,0.0043503526,0
7827,1,0.0042190403,0
7828,1,0.0041856654,0
7829,1,0.004210381,0
7830,1,0.004224389,0
7831,1,0.0043008756,0
7832,1,0.004292724,0
7833,1,0.004226874,0
7834,1,0.00430981,0
7835,1,0.0040685437,0
7836,1,0.0038704851,0
7837,1,0.003796285,0
7838,1,0.003831904,0
7839,1,0.0037780325,0
7840,1,0.0038104418,0
7841,1,0.003927325,0
7842,1,0.0040575597,0
7843,1,0.0039607617,0
7844,1,0.003929957,0
7845,1,0.0042320876,0
7846,1,0.0042548524,0
7847,1,0.004260031,0
7848,1,0.0041947104,0
7849,1,0.0042164517,0
7850,1,0.004272701,0
7851,1,0.004463076,0
7852,1,0.004319707,0
7853,1,0.0043455036,0
7854,1,0.004397833,0
7855,1,0.004540116,0
7856,1,0.0045848168,0
7857,1,0.0045511858,0
7858,1,0.004463083,0
7859,1,0.0043201065,0
7860,1,0.0042498945,0
7861,1,0.004343555,0
7862,1,0.0043203738,0
7863,1,0.00443176,0
7864,1,0.0043157837,0
7865,1,0.004314609,0
7866,1,0.0042836596,0
7867,1,0.0043338886,0
7868,1,0.004411989,0
7869,1,0.004445723,0
7870,1,0.0046023633,0
7871,1,0.0046677864,0
7872,1,0.004744466,0
7873,1,0.0047624726,0
7874,1,0.004777394,0
7875,1,0.004803167,0
7876,1,0.00490868,0
7877,1,0.004853271,0
7878,1,0.004908626,0
7879,1,0.004948707,0
7880,1,0.005290944,0
7881,1,0.0056673987,0
7882,1,0.0058402456,0
7883,1,0.0061425115,0
7884,1,0.006472556,0
7885,1,0.0065255505,0
7886,1,0.0067898706,0
7887,1,0.007360822,0
7888,1,0.007586028,0
7889,1,0.007927864,0
7890,1,0.00830694,0
7891,1,0.008841723,0
7892,1,0.009362507,0
7893,1,0.0096635,0
7894,1,0.0105429245,0
7895,1,0.011305963,0
7896,1,0.011901377,0
7897,1,0.012633069,1
7898,1,0.01362732,1
7899,1,0.014077856,1
7900,1,0.015007022,1
7901,1,0.015809817,1
7902,0,0.010159459,0
7903,0,0.0101414565,0
7904,0,0.011799013,0
7905,0,0.011750237,0
7906,0,0.011729345,0
7907,0,0.011715866,0
7908,0,0.011771411,0
7909,0,0.013395482,1
7910,0,0.013310641,1
7911,0,0.013417105,1
7912,0,0.013247456,1
7913,0,0.014668561,1
7914,0,0.01468669,1
7915,0,0.014745664,1
7916,0,0.014761092,1
7917,0,0.013400277,1
7918,0,0.013447073,1
7919,0,0.013466107,1
7920,0,0.0134281,1
7921,0,0.013544747,1
7922,0,0.0134853115,1
7923,0,0.013561741,1
7924,0,0.013578994,1
7925,0,0.011867403,0
7926,0,0.011989261,0
7927,0,0.011986245,0
7928,0,0.01199646,0
7929,0,0.011998984,0
7930,0,0.011914811,0
7931,0,0.011880895,0
7932,0,0.013407044,1
7933,0,0.013387676,1
7934,0,0.011845918,0
7935,0,0.011876589,0
7936,0,0.01172247,0
7937,0,0.0116095105,0
7938,0,0.011681263,0
7939,0,0.011593845,0
7940,0,0.011573111,0
7941,0,0.011436255,0
7942,0,0.011531434,0
7943,0,0.009825734,0
7944,0,0.011464471,0
7945,0,0.011446943,0
7946,0,0.009787902,0
7947,0,0.009680949,0
7948,0,0.009781578,0
7949,0,0.009773011,0
7950,0,0.009820839,0
7951,0,0.009695969,0
7952,0,0.009748024,0
7953,0,0.009669687,0
7954,0,0.009717754,0
7955,0,0.009589653,0
7956,0,0.009482974,0
7957,0,0.009444499,0
7958,0,0.009401973,0
7959,0,0.009420081,0
7960,0,0.0094379,0
7961,0,0.0094210245,0
7962,0,0.007565186,0
7963,0,0.007761891,0
7964,0,0.0077362703,0
7965,0,0.0077029187,0
7966,0,0.007770153,0
7967,0,0.0077917473,0
7968,0,0.007686398,0
7969,0,0.005754455,0
7970,0,0.0058109304,0
7971,0,0.006002097,0
7972,0,0.005951606,0
7973,0,0.005925575,0
7974,0,0.003819542,0
7975,0,0.0038569325,0
7976,0,0.0038540708,0
7977,0,0.0038450314,0
7978,0,0.0037061735,0
7979,0,0.0037778898,0
7980,0,0.0038364232,0
7981,0,0.0039398754,0
7982,0,0.003964319,0
7983,0,0.003960844,0
7984,0,0.0039388663,0
7985,0,0.0039550248,0
7986,0,0.0038614518,0
7987,0,0.003864077,0
7988,0,0.0040468704,0
7989,0,0.004054204,0
7990,0,0.004081871,0
7991,0,0.0041925614,0
7992,0,0.004103247,0
7993,0,0.0039498606,0
7994,0,0.0039391555,0
7995,0,0.004003764,0
7996,0,0.0039995234,0
7997,0,0.0039130338,0
7998,0,0.003967637,0
7999,0,0.003972733,0
8000,0,0.003943985,0
8001,0,0.0038074332,0
8002,0,0.004008282,0
8003,1,0.0039889063,0
8004,1,0.004099967,0
8005,1,0.0041487925,0
8006,1,0.0041384194,0
8007,1,0.004255381,0
8008,1,0.0042364607,0
8009,1,0.00412464,0
8010,1,0.004103449,0
8011,1,0.003991535,0
8012,1,0.0039067077,0
8013,1,0.0038917072,0
8014,1,0.0062059085,0
8015,1,0.006187194,0
8016,1,0.0063407538,0
8017,1,0.0063560577,0
8018,1,0.0062508946,0
8019,1,0.0062425677,0
8020,1,0.0061487607,0
8021,1,0.006067287,0
8022,1,0.0062429416,0
8023,1,0.006242911,0
8024,1,0.0063881828,0
8025,1,0.0063987896,0
8026,1,0.0063015046,0
8027,1,0.006383476,0
8028,1,0.006428295,0
8029,1,0.0064942166,0
8030,1,0.0065593137,0
8031,1,0.006539967,0
8032,1,0.0063523087,0
8033,1,0.006366898,0
8034,1,0.006427847,0
8035,1,0.006436732,0
8036,1,0.00655333,0
8037,1,0.0066422625,0
8038,1,0.006665983,0
8039,1,0.006805937,0
8040,1,0.006736713,0
8041,1,0.0068934304,0
8042,1,0.007173122,0
8043,1,0.0072355056,0
8044,1,0.005077697,0
8045,1,0.005179352,0
8046,1,0.0050122496,0
8047,1,0.005044182,0
8048,1,0.0050380994,0
8049,1,0.0050606197,0
8050,1,0.005139042,0
8051,1,0.005120175,0
8052,1,0.00506173,0
8053,1,0.005200184,0
8054,1,0.0050932453,0
8055,1,0.005058061,0
8056,1,0.007221565,0
8057,1,0.0072751776,0
8058,1,0.0073269545,0
8059,1,0.0074326824,0
8060,1,0.0074268444,0
8061,1,0.0075274273,0
8062,1,0.007600865,0
8063,1,0.007725256,0
8064,1,0.0077563687,0
8065,1,0.007857253,0
8066,1,0.00815114,0
8067,1,0.00811161,0
8068,1,0.00824667,0
8069,1,0.008281403,0
8070,1,0.008523416,0
8071,1,0.008744678,0
8072,1,0.008562023,0
8073,1,0.008608288,0
8074,1,0.008720601,0
8075,1,0.008938423,0
8076,1,0.00929706,0
8077,1,0.009480119,0
8078,1,0.009750108,0
8079,1,0.010105371,0
8080,1,0.0103214225,0
8081,1,0.010882022,0
8082,1,0.011157492,0
8083,1,0.011553506,0
8084,1,0.011901446,0
8085,1,0.012251589,0
8086,1,0.010663139,0
8087,1,0.011403475,0
8088,1,0.011977242,0
8089,1,0.012616445,1
8090,1,0.013171368,1
8091,1,0.014074611,1
8092,1,0.014745012,1
8093,1,0.015533231,1
8094,1,0.016407507,1
8095,1,0.0175739,1
8096,1,0.01866784,1
8097,1,0.020088252,1
8098,1,0.021318484,1
8099,1,0.022682186,1
8100,1,0.024257762,1
8101,1,0.025833504,1
8102,1,0.02760301,1
8103,1,0.031800274,1
8104,0,0.0044240453,0
8105,0,0.004384987,0
8106,0,0.0043910057,0
8107,0,0.0044099116,0
8108,0,0.004333724,0
8109,0,0.0045563243,0
8110,0,0.004585306,0
8111,0,0.004550948,0
8112,0,0.004539993,0
8113,0,0.0045852005,0
8114,0,0.004529862,0
8115,0,0.004546117,0
8116,0,0.0044266814,0
8117,0,0.004149883,0
8118,0,0.0039838385,0
8119,0,0.003924968,0
8120,0,0.003964496,0
8121,0,0.004022037,0
8122,0,0.0038625053,0
8123,0,0.00389615,0
8124,0,0.0039004162,0
8125,0,0.0038975358,0
8126,0,0.0039792676,0
8127,0,0.003957996,0
8128,0,0.003770187,0
8129,0,0.0036870597,0
8130,0,0.0037184483,0
8131,0,0.0037458395,0
8132,0,0.0037517203,0
8133,0,0.0036290826,0
8134,0,0.0036993239,0
8135,0,0.003723573,0
8136,0,0.0036191687,0
8137,0,0.0035936963,0
8138,0,0.0037903478,0
8139,0,0.003499527,0
8140,0,0.0034174633,0
8141,0,0.0034967652,0
8142,0,0.0036687271,0
8143,0,0.0036919948,0
8144,0,0.0037591034,0
8145,0,0.003845483,0
8146,0,0.0039047785,0
8147,0,0.0039384183,0
8148,0,0.0039918255,0
8149,0,0.0040460113,0
8150,0,0.004027107,0
8151,0,0.0040235594,0
8152,0,0.0041554244,0
8153,0,0.003984762,0
8154,0,0.004012899,0
8155,0,0.0039889514,0
8156,0,0.0039395266,0
8157,0,0.004132582,0
8158,0,0.004118083,0
8159,0,0.0040939664,0
8160,0,0.0040715938,0
8161,0,0.0041194246,0
8162,0,0.0041140122,0
8163,0,0.0042023393,0
8164,0,0.0042203246,0
8165,0,0.0042129094,0
8166,0,0.0042919847,0
8167,0,0.004276067,0
8168,0,0.004178013,0
8169,0,0.004183471,0
8170,0,0.0041410807,0
8171,0,0.0040801093,0
8172,0,0.004101503,0
8173,0,0.0041367337,0
8174,0,0.0040961956,0
8175,0,0.004101102,0
8176,0,0.004166579,0
8177,0,0.0040787654,0
8178,0,0.004092665,0
8179,0,0.004078469,0
8180,0,0.004041976,0
8181,0,0.0039342344,0
8182,0,0.0040027597,0
8183,0,0.0040115598,0
8184,0,0.0040885783,0
8185,0,0.0040724427,0
8186,0,0.004042113,0
8187,0,0.003917864,0
8188,0,0.0038747687,0
8189,1,0.003959341,0
8190,1,0.003950592,0
8191,1,0.0039145304,0
8192,1,0.0039606695,0
8193,1,0.003893949,0
8194,1,0.0038032099,0
8195,1,0.0037557853,0
8196,1,0.0037059006,0
8197,1,0.0037574568,0
8198,1,0.0036874458,0
8199,1,0.0037191424,0
8200,1,0.0037753722,0
8201,1,0.003927054,0
8202,1,0.0038040106,0
8203,1,0.0038449743,0
8204,1,0.0038394874,0
8205,1,0.0037944939,0
8206,1,0.0037603846,0
8207,1,0.0039382405,0
8208,1,0.0038792414,0
8209,1,0.0039645126,0
8210,1,0.0039919955,0
8211,1,0.0040541543,0
8212,1,0.003932725,0
8213,1,0.0040121293,0
8214,1,0.003939612,0
8215,1,0.0039450196,0
8216,1,0.0039093425,0
8217,1,0.0038603884,0
8218,1,0.0038761797,0
8219,1,0.0038999962,0
8220,1,0.003975646,0
8221,1,0.003958464,0
8222,1,0.0042870347,0
8223,1,0.0043411376,0
8224,1,0.0043992177,0
8225,1,0.0046296404,0
8226,1,0.0045595616,0
8227,1,0.0044612195,0
8228,1,0.0044332007,0
8229,1,0.0044610696,0
8230,1,0.004431948,0
8231,1,0.004318484,0
8232,1,0.0043146233,0
8233,1,0.0042745317,0
8234,1,0.0043655187,0
8235,1,0.0045593013,0
8236,1,0.0047134412,0
8237,1,0.0048230183,0
8238,1,0.0048671337,0
8239,1,0.0048557273,0
8240,1,0.004822803,0
8241,1,0.0047421977,0
8242,1,0.004843425,0
8243,1,0.004906272,0
8244,1,0.004844967,0
8245,1,0.004747374,0
8246,1,0.0049202275,0
8247,1,0.004972853,0
8248,1,0.0050728195,0
8249,1,0.0050836913,0
8250,1,0.0051394105,0
8251,1,0.0052381577,0
8252,1,0.0051237573,0
8253,1,0.0051214187,0
8254,1,0.0050719283,0
8255,1,0.004876353,0
8256,1,0.005176429,0
8257,1,0.005346402,0
8258,1,0.0054667154,0
8259,1,0.0055564647,0
8260,1,0.005701977,0
8261,1,0.0058163293,0
8262,1,0.0061077136,0
8263,1,0.006098267,0
8264,1,0.0061969375,0
8265,1,0.00628424,0
8266,1,0.006358616,0
8267,1,0.006415584,0
8268,1,0.006780709,0
8269,1,0.0074500614,0
8270,1,0.0076332246,0
8271,1,0.008131666,0
8272,1,0.008301311,0
8273,1,0.008596677,0
8274,1,0.009034579,0
8275,1,0.009331085,0
8276,1,0.009633201,0
8277,1,0.010148507,0
8278,1,0.010737331,0
8279,1,0.01116154,0
8280,1,0.011898959,0
8281,1,0.012605255,1
8282,1,0.012912716,1
8283,1,0.013447037,1
8284,1,0.0139340665,1
8285,1,0.014840182,1
8286,1,0.014923316,1
8287,1,0.015637763,1
8288,1,0.016348442,1
8289,1,0.017491873,1
8290,0,0.0037360166,0
8291,0,0.0037157352,0
8292,0,0.0036729223,0
8293,0,0.0037180393,0
8294,0,0.003781425,0
8295,0,0.0038896734,0
8296,0,0.003903302,0
8297,0,0.006117315,0
8298,0,0.0060994616,0
8299,0,0.0060755275,0
8300,0,0.0061506676,0
8301,0,0.006009597,0
8302,0,0.0061201695,0
8303,0,0.006061121,0
8304,0,0.0060129613,0
8305,0,0.006164018,0
8306,0,0.00610471,0
8307,0,0.0061524273,0
8308,0,0.0061968327,0
8309,0,0.006368632,0
8310,0,0.0063951532,0
8311,0,0.0064641787,0
8312,0,0.006453955,0
8313,0,0.006388163,0
8314,0,0.0063946974,0
8315,0,0.0064920792,0
8316,0,0.006523532,0
8317,0,0.0066614547,0
8318,0,0.0066426178,0
8319,0,0.006663311,0
8320,0,0.0065831346,0
8321,0,0.0065199537,0
8322,0,0.006736084,0
8323,0,0.006696875,0
8324,0,0.006628275,0
8325,0,0.0065768496,0
8326,0,0.006547735,0
8327,0,0.0045025656,0
8328,0,0.00464495,0
8329,0,0.0047883363,0
8330,0,0.0047996384,0
8331,0,0.0047706086,0
8332,0,0.004594737,0
8333,0,0.0046069035,0
8334,0,0.0046943445,0
8335,0,0.00460797,0
8336,0,0.004669906,0
8337,0,0.00454182,0
8338,0,0.004539816,0
8339,0,0.004496225,0
8340,0,0.004432173,0
8341,0,0.0043727965,0
8342,0,0.004347732,0
8343,0,0.004400029,0
8344,0,0.0044446853,0
8345,0,0.004363762,0
8346,0,0.0042961063,0
8347,0,0.0042261034,0
8348,0,0.0042862105,0
8349,0,0.0042191474,0
8350,0,0.0041680676,0
8351,0,0.0041784523,0
8352,0,0.003998015,0
8353,0,0.004026294,0
8354,0,0.00409171,0
8355,0,0.0040207915,0
8356,0,0.0041343854,0
8357,0,0.0041220654,0
8358,1,0.004087807,0
8359,1,0.004040493,0
8360,1,0.00400254,0
8361,1,0.0039815735,0
8362,1,0.004035166,0
8363,1,0.00410869,0
8364,1,0.00415139,0
8365,1,0.004073155,0
8366,1,0.0040851007,0
8367,1,0.004047909,0
8368,1,0.004076656,0
8369,1,0.0040640635,0
8370,1,0.0040673683,0
8371,1,0.0040634978,0
8372,1,0.004065709,0
8373,1,0.0040534465,0
8374,1,0.004013397,0
8375,1,0.0039415634,0
8376,1,0.003950146,0
8377,1,0.00402789,0
8378,1,0.0040123095,0
8379,1,0.004027744,0
8380,1,0.004095479,0
8381,1,0.004107131,0
8382,1,0.0040668366,0
8383,1,0.0041678585,0
8384,1,0.0043942523,0
8385,1,0.0043705744,0
8386,1,0.0043430603,0
8387,1,0.0043742266,0
8388,1,0.004347523,0
8389,1,0.004272646,0
8390,1,0.0042891684,0
8391,1,0.00431702,0
8392,1,0.0042793103,0
8393,1,0.0041995994,0
8394,1,0.0040510423,0
8395,1,0.003999815,0
8396,1,0.0042102668,0
8397,1,0.004184564,0
8398,1,0.004376844,0
8399,1,0.00434662,0
8400,1,0.004318292,0
8401,1,0.0043351557,0
8402,1,0.004556639,0
8403,1,0.004598703,0
8404,1,0.004611703,0
8405,1,0.004675738,0
8406,1,0.0046209097,0
8407,1,0.0046828836,0
8408,1,0.004874624,0
8409,1,0.004909261,0
8410,1,0.004932535,0
8411,1,0.005043685,0
8412,1,0.0050252546,0
8413,1,0.0049334653,0
8414,1,0.004767113,0
8415,1,0.004808449,0
8416,1,0.004880757,0
8417,1,0.0048970464,0
8418,1,0.005107539,0
8419,1,0.0051708277,0
8420,1,0.00518753,0
8421,1,0.005196405,0
8422,1,0.005355687,0
8423,1,0.0054708794,0
8424,1,0.005579347,0
8425,1,0.005826485,0
8426,1,0.0057046874,0
8427,1,0.00581982,0
8428,1,0.0059660934,0
8429,1,0.006022538,0
8430,1,0.0061306246,0
8431,1,0.00624925,0
8432,1,0.006207533,0
8433,1,0.0063156225,0
8434,1,0.0064060725,0
8435,1,0.006517672,0
8436,1,0.0068503404,0
8437,1,0.0069185905,0
8438,1,0.006783777,0
8439,1,0.007426452,0
8440,1,0.0078113093,0
8441,1,0.008190945,0
8442,1,0.008662166,0
8443,1,0.009288625,0
8444,1,0.0097557735,0
8445,1,0.01029569,0
8446,1,0.010729259,0
8447,1,0.01136234,0
8448,1,0.011906105,0
8449,1,0.012872957,1
8450,1,0.013713264,1
8451,1,0.014509547,1
8452,1,0.015037109,1
8453,1,0.016206406,1
8454,1,0.017251989,1
8455,1,0.018408665,1
8456,1,0.019452998,1
8457,1,0.020691833,1
8458,1,0.0215351,1
8459,0,0.0063807224,0
8460,0,0.0063021937,0
8461,0,0.006299178,0
8462,0,0.004192016,0
8463,0,0.0040316693,0
8464,0,0.0040844665,0
8465,0,0.003800582,0
8466,0,0.00380363,0
8467,0,0.0037952128,0
8468,0,0.0037206174,0
8469,0,0.0038241846,0
8470,0,0.0038445971,0
8471,0,0.0038694981,0
8472,0,0.0061717634,0
8473,0,0.008040495,0
8474,0,0.008110838,0
8475,0,0.0081776045,0
8476,0,0.010048881,0
8477,0,0.010117183,0
8478,0,0.010095922,0
8479,0,0.009978259,0
8480,0,0.010002997,0
8481,0,0.011679541,0
8482,0,0.011677277,0
8483,0,0.011735555,0
8484,0,0.011739797,0
8485,0,0.011704551,0
8486,0,0.01178662,0
8487,0,0.011892887,0
8488,0,0.011877987,0
8489,0,0.011895388,0
8490,0,0.011811753,0
8491,0,0.0117102815,0
8492,0,0.01162738,0
8493,0,0.011756104,0
8494,0,0.0118485065,0
8495,0,0.011798431,0
8496,0,0.013401545,1
8497,0,0.013526419,1
8498,0,0.013480536,1
8499,0,0.01361247,1
8500,0,0.013592252,1
8501,0,0.013653067,1
8502,0,0.011980416,0
8503,0,0.010355118,0
8504,0,0.01037743,0
8505,0,0.010422851,0
8506,0,0.008631084,0
8507,0,0.008517089,0
8508,0,0.008519957,0
8509,0,0.008719075,0
8510,0,0.008694518,0
8511,0,0.0067689,0
8512,0,0.0068451427,0
8513,0,0.006989637,0
8514,0,0.006981352,0
8515,0,0.006956774,0
8516,0,0.008943039,0
8517,0,0.008752501,0
8518,0,0.008863998,0
8519,0,0.00895806,0
8520,0,0.0089725265,0
8521,0,0.009041582,0
8522,0,0.009087689,0
8523,0,0.008932027,0
8524,0,0.008789047,0
8525,0,0.008824588,0
8526,0,0.006860856,0
8527,0,0.0066766064,0
8528,0,0.0068399385,0
8529,0,0.0066524763,0
8530,0,0.006635602,0
8531,0,0.006650749,0
8532,0,0.006712257,0
8533,0,0.006670581,0
8534,0,0.0066184225,0
8535,0,0.0065269996,0
8536,0,0.006516047,0
8537,0,0.008576739,0
8538,0,0.008534573,0
8539,0,0.008430931,0
8540,0,0.0085957125,0
8541,0,0.00853643,0
8542,1,0.008532066,0
8543,1,0.008408844,0
8544,1,0.008330647,0
8545,1,0.008464797,0
8546,1,0.0065737343,0
8547,1,0.0066249296,0
8548,1,0.006533249,0
8549,1,0.0064105773,0
8550,1,0.0063880063,0
8551,1,0.006504889,0
8552,1,0.006516959,0
8553,1,0.0065066796,0
8554,1,0.006499543,0
8555,1,0.0064968634,0
8556,1,0.006422562,0
8557,1,0.006414564,0
8558,1,0.006276753,0
8559,1,0.0062460965,0
8560,1,0.0062425635,0
8561,1,0.0062319725,0
8562,1,0.0061398665,0
8563,1,0.0061566653,0
8564,1,0.0061929547,0
8565,1,0.0062055853,0
8566,1,0.0061524697,0
8567,1,0.003992557,0
8568,1,0.004035719,0
8569,1,0.0039799074,0
8570,1,0.0037616773,0
8571,1,0.0059821364,0
8572,1,0.005991205,0
8573,1,0.00587288,0
8574,1,0.0059806765,0
8575,1,0.005928734,0
8576,1,0.0059196544,0
8577,1,0.005922712,0
8578,1,0.0059307194,0
8579,1,0.0058475644,0
8580,1,0.005911397,0
8581,1,0.005717529,0
8582,1,0.0056912596,0
8583,1,0.0058517335,0
8584,1,0.0058729285,0
8585,1,0.005945967,0
8586,1,0.005918403,0
8587,1,0.006134182,0
8588,1,0.0062868013,0
8589,1,0.0062549617,0
8590,1,0.006269072,0
8591,1,0.0063154018,0
8592,1,0.0063356603,0
8593,1,0.006300063,0
8594,1,0.00627921,0
8595,1,0.0062955366,0
8596,1,0.0061728945,0
8597,1,0.0061447825,0
8598,1,0.006210492,0
8599,1,0.0063700704,0
8600,1,0.0065256637,0
8601,1,0.0045207874,0
8602,1,0.0045078686,0
8603,1,0.00459845,0
8604,1,0.004609602,0
8605,1,0.004645697,0
8606,1,0.004817519,0
8607,1,0.004908452,0
8608,1,0.0050612832,0
8609,1,0.0051285354,0
8610,1,0.005281552,0
8611,1,0.005364693,0
8612,1,0.005477789,0
8613,1,0.0057207067,0
8614,1,0.0059008496,0
8615,1,0.0061134575,0
8616,1,0.006370721,0
8617,1,0.006539574,0
8618,1,0.0066299047,0
8619,1,0.006909499,0
8620,1,0.00731941,0
8621,1,0.0076255505,0
8622,1,0.007814461,0
8623,1,0.008266988,0
8624,1,0.008880797,0
8625,1,0.009111065,0
8626,1,0.009531318,0
8627,1,0.010126017,0
8628,1,0.0104104895,0
8629,1,0.010782026,0
8630,1,0.011485895,0
8631,1,0.012315372,1
8632,1,0.013265277,1
8633,1,0.014003965,1
8634,1,0.014922562,1
8635,1,0.016067997,1
8636,1,0.016946537,1
8637,1,0.018369362,1
8638,1,0.01985561,1
8639,1,0.021504678,1
8640,1,0.024196638,1
8641,1,0.027699322,1
8642,1,0.03228835,1
8643,0,0.0069301436,0
8644,0,0.006929178,0
8645,0,0.0068255793,0
8646,0,0.006776298,0
8647,0,0.0065500727,0
8648,0,0.0062482962,0
8649,0,0.006275569,0
8650,0,0.0061897235,0
8651,0,0.006139511,0
8652,0,0.0061444994,0
8653,0,0.003982164,0
8654,0,0.003948412,0
8655,0,0.0039028788,0
8656,0,0.0038218684,0
8657,0,0.0037583713,0
8658,0,0.0036957378,0
8659,0,0.003772105,0
8660,0,0.0038599216,0
8661,0,0.0038419862,0
8662,0,0.0038592843,0
8663,0,0.0038994413,0
8664,0,0.003921733,0
8665,0,0.0038657708,0
8666,0,0.0038617703,0
8667,0,0.0037909579,0
8668,0,0.0037503832,0
8669,0,0.003806063,0
8670,0,0.0038074406,0
8671,0,0.0036512727,0
8672,0,0.0036271373,0
8673,0,0.0035947857,0
8674,0,0.0036018344,0
8675,0,0.0036348228,0
8676,0,0.0037468933,0
8677,0,0.003906944,0
8678,0,0.003987993,0
8679,0,0.0039992454,0
8680,0,0.003999601,0
8681,0,0.003931088,0
8682,0,0.0038770603,0
8683,0,0.004005552,0
8684,0,0.0038972797,0
8685,0,0.003941219,0
8686,0,0.0039549973,0
8687,0,0.0039829533,0
8688,0,0.003946679,0
8689,0,0.003957132,0
8690,0,0.0038894147,0
8691,0,0.0038009973,0
8692,0,0.0038300364,0
8693,0,0.0038893546,0
8694,0,0.0040324153,0
8695,0,0.0040747533,0
8696,0,0.004209232,0
8697,0,0.004191264,0
8698,0,0.0041641085,0
8699,0,0.004158089,0
8700,0,0.004299248,0
8701,0,0.004353208,0
8702,0,0.004372226,0
8703,0,0.004484581,0
8704,0,0.0044477517,0
8705,0,0.004508187,0
8706,0,0.0044596656,0
8707,0,0.0043013613,0
8708,0,0.0041925157,0
8709,0,0.004483815,0
8710,0,0.004552274,0
8711,0,0.004608519,0
8712,0,0.0045785313,0
8713,0,0.0046269265,0
8714,0,0.004732557,0
8715,0,0.004698598,0
8716,0,0.0046765553,0
8717,0,0.004688017,0
8718,0,0.004686758,0
8719,0,0.0046128104,0
8720,0,0.0045766444,0
8721,0,0.0045742416,0
8722,0,0.004716708,0
8723,0,0.0045155957,0
8724,0,0.004413505,0
8725,0,0.0044523417,0
8726,1,0.00436618,0
8727,1,0.0045194095,0
8728,1,0.0045402786,0
8729,1,0.004578631,0
8730,1,0.0044454006,0
8731,1,0.0043719625,0
8732,1,0.0043673175,0
8733,1,0.004211793,0
8734,1,0.004226831,0
8735,1,0.004130573,0
8736,1,0.00420881,0
8737,1,0.0042315586,0
8738,1,0.0043090344,0
8739,1,0.0039933873,0
8740,1,0.003930444,0
8741,1,0.0039448757,0
8742,1,0.0040256693,0
8743,1,0.003960547,0
8744,1,0.003970606,0
8745,1,0.004067225,0
8746,1,0.0039971494,0
8747,1,0.003973724,0
8748,1,0.0040268134,0
8749,1,0.004070506,0
8750,1,0.0041215364,0
8751,1,0.004106405,0
8752,1,0.004003201,0
8753,1,0.0040567676,0
8754,1,0.003961055,0
8755,1,0.0040262216,0
8756,1,0.003948716,0
8757,1,0.003873491,0
8758,1,0.0037861809,0
8759,1,0.0037848526,0
8760,1,0.0037212346,0
8761,1,0.0037361712,0
8762,1,0.003769931,0
8763,1,0.003896292,0
8764,1,0.0040638037,0
8765,1,0.00412216,0
8766,1,0.004309589,0
8767,1,0.0044786655,0
8768,1,0.0044748625,0
8769,1,0.0045976476,0
8770,1,0.0047445744,0
8771,1,0.0046893684,0
8772,1,0.0046128407,0
8773,1,0.004580585,0
8774,1,0.004700669,0
8775,1,0.0046686893,0
8776,1,0.0047008335,0
8777,1,0.0047541065,0
8778,1,0.004799124,0
8779,1,0.0048066718,0
8780,1,0.004814822,0
8781,1,0.0048927893,0
8782,1,0.005100057,0
8783,1,0.0052238726,0
8784,1,0.0052366904,0
8785,1,0.005079394,0
8786,1,0.0051932326,0
8787,1,0.005246754,0
8788,1,0.0054559633,0
8789,1,0.0055753244,0
8790,1,0.005619947,0
8791,1,0.0056782956,0
8792,1,0.0056939763,0
8793,1,0.005935027,0
8794,1,0.0058496646,0
8795,1,0.006016442,0
8796,1,0.00599758,0
8797,1,0.0061282483,0
8798,1,0.006132016,0
8799,1,0.0063712043,0
8800,1,0.006494233,0
8801,1,0.006962992,0
8802,1,0.00728229,0
8803,1,0.007504117,0
8804,1,0.0074624564,0
8805,1,0.0077991826,0
8806,1,0.008354122,0
8807,1,0.008761554,0
8808,1,0.009022393,0
8809,1,0.009416292,0
8810,1,0.009695136,0
8811,1,0.010129999,0
8812,1,0.010410023,0
8813,1,0.010721334,0
8814,1,0.011199804,0
8815,1,0.011709311,0
8816,1,0.012506988,1
8817,1,0.012957845,1
8818,1,0.013487431,1
8819,1,0.014330343,1
8820,1,0.015295487,1
8821,1,0.015874226,1
8822,1,0.017162884,1
8823,1,0.018178126,1
8824,1,0.019364744,1
8825,1,0.020354267,1
8826,1,0.021518793,1
8827,0,0.0034772744,0
8828,0,0.0055628596,0
8829,0,0.005460093,0
8830,0,0.0053631337,0
8831,0,0.0054870183,0
8832,0,0.005482824,0
8833,0,0.0054696486,0
8834,0,0.0054950644,0
8835,0,0.005536104,0
8836,0,0.0056717917,0
8837,0,0.0057322215,0
8838,0,0.005635995,0
8839,0,0.0055296305,0
8840,0,0.005570846,0
8841,0,0.005644702,0
8842,0,0.0058199815,0
8843,0,0.005813952,0
8844,0,0.005743984,0
8845,0,0.007705426,0
8846,0,0.007772011,0
8847,0,0.0096336175,0
8848,0,0.009672746,0
8849,0,0.009631155,0
8850,0,0.009741053,0
8851,0,0.009688234,0
8852,0,0.009721629,0
8853,0,0.009749027,0
8854,0,0.009948003,0
8855,0,0.010118917,0
8856,0,0.010103409,0
8857,0,0.010224003,0
8858,0,0.008455908,0
8859,0,0.008417549,0
8860,0,0.00846055,0
8861,0,0.008348338,0
8862,0,0.008397222,0
8863,0,0.008365609,0
8864,0,0.008418889,0
8865,0,0.008407782,0
8866,0,0.008357606,0
8867,0,0.008315945,0
8868,0,0.008409776,0
8869,0,0.00853985,0
8870,0,0.008493205,0
8871,0,0.008232972,0
8872,0,0.007951164,0
8873,0,0.007962166,0
8874,0,0.008068333,0
8875,0,0.0062399656,0
8876,0,0.0063408474,0
8877,0,0.004196906,0
8878,0,0.0041787494,0
8879,0,0.0041407296,0
8880,0,0.0041267714,0
8881,0,0.004131134,0
8882,0,0.004109917,0
8883,0,0.0042798016,0
8884,0,0.0040878956,0
8885,0,0.004179761,0
8886,0,0.004243627,0
8887,0,0.0042035608,0
8888,0,0.0040220656,0
8889,0,0.0040775924,0
8890,0,0.0040672696,0
8891,0,0.004027632,0
8892,1,0.0040062163,0
8893,1,0.0041975654,0
8894,1,0.0042630895,0
8895,1,0.0042842245,0
8896,1,0.004307914,0
8897,1,0.004294741,0
8898,1,0.004334687,0
8899,1,0.0040795687,0
8900,1,0.004178006,0
8901,1,0.0042095277,0
8902,1,0.004209023,0
8903,1,0.004188632,0
8904,1,0.004095283,0
8905,1,0.004000199,0
8906,1,0.003941169,0
8907,1,0.003973755,0
8908,1,0.0039430796,0
8909,1,0.0039772945,0
8910,1,0.003934911,0
8911,1,0.0039906185,0
8912,1,0.003957924,0
8913,1,0.0037924678,0
8914,1,0.0038744446,0
8915,1,0.003708989,0
8916,1,0.0036574786,0
8917,1,0.0036297701,0
8918,1,0.0037233825,0
8919,1,0.0036932535,0
8920,1,0.0038776966,0
8921,1,0.0039933273,0
8922,1,0.0041091912,0
8923,1,0.0038788237,0
8924,1,0.0036763593,0
8925,1,0.0036304868,0
8926,1,0.0035688768,0
8927,1,0.003655622,0
8928,1,0.0036463335,0
8929,1,0.0037700753,0
8930,1,0.003664154,0
8931,1,0.0037872088,0
8932,1,0.0038652963,0
8933,1,0.0039568185,0
8934,1,0.003983707,0
8935,1,0.0039369594,0
8936,1,0.0039639114,0
8937,1,0.0039313203,0
8938,1,0.0040596477,0
8939,1,0.004191576,0
8940,1,0.00430242,0
8941,1,0.0042963796,0
8942,1,0.0042689056,0
8943,1,0.0042738356,0
8944,1,0.0042577176,0
8945,1,0.0043049725,0
8946,1,0.004475643,0
8947,1,0.0045592054,0
8948,1,0.0046854233,0
8949,1,0.004677456,0
8950,1,0.004688276,0
8951,1,0.0046942504,0
8952,1,0.004751403,0
8953,1,0.0048512253,0
8954,1,0.005170402,0
8955,1,0.005193348,0
8956,1,0.00517586,0
8957,1,0.005211618,0
8958,1,0.005128179,0
8959,1,0.005241685,0
8960,1,0.005379325,0
8961,1,0.005479785,0
8962,1,0.0054314192,0
8963,1,0.0054312274,0
8964,1,0.0055785542,0
8965,1,0.005734967,0
8966,1,0.0061033075,0
8967,1,0.0063063283,0
8968,1,0.0064422144,0
8969,1,0.006559051,0
8970,1,0.006729744,0
8971,1,0.0069576423,0
8972,1,0.0071870307,0
8973,1,0.0073204013,0
8974,1,0.0075450125,0
8975,1,0.007797571,0
8976,1,0.0079145795,0
8977,1,0.008264479,0
8978,1,0.008610857,0
8979,1,0.009043422,0
8980,1,0.009712118,0
8981,1,0.010492587,0
8982,1,0.010910494,0
8983,1,0.011706023,0
8984,1,0.012164827,0
8985,1,0.013140884,1
8986,1,0.01467196,1
8987,1,0.015912961,1
8988,1,0.017354362,1
8989,1,0.018684158,1
8990,1,0.020410437,1
8991,1,0.021870703,1
8992,1,0.023893854,1
8993,0,0.0082186675,0
8994,0,0.008159304,0
8995,0,0.008214909,0
8996,0,0.008191503,0
8997,0,0.00821263,0
8998,0,0.008198988,0
8999,0,0.006278288,0
9000,0,0.0063073467,0
9001,0,0.0061887656,0
9002,0,0.0061974255,0
9003,0,0.0061134063,0
9004,0,0.006211633,0
9005,0,0.006242088,0
9006,0,0.0063581807,0
9007,0,0.0063071,0
9008,0,0.006245853,0
9009,0,0.006161264,0
9010,0,0.0062092235,0
9011,0,0.0062983027,0
9012,0,0.0063274894,0
9013,0,0.00620571,0
9014,0,0.0061395722,0
9015,0,0.0061024767,0
9016,0,0.0061528105,0
9017,0,0.0039986684,0
9018,0,0.004106508,0
9019,0,0.0040199296,0
9020,0,0.0040147305,0
9021,0,0.00404373,0
9022,0,0.003919507,0
9023,0,0.004025033,0
9024,0,0.0040602037,0
9025,0,0.003982451,0
9026,0,0.0041038883,0
9027,0,0.004258114,0
9028,0,0.004174312,0
9029,0,0.004174252,0
9030,0,0.0041502286,0
9031,0,0.0042048874,0
9032,0,0.004249492,0
9033,0,0.004414485,0
9034,0,0.0043057357,0
9035,0,0.004252156,0
9036,0,0.0041721603,0
9037,0,0.0063191373,0
9038,0,0.0063281115,0
9039,0,0.00634877,0
9040,0,0.006340309,0
9041,0,0.00625524,0
9042,0,0.006327929,0
9043,0,0.006361578,0
9044,0,0.0065446775,0
9045,0,0.006524247,0
9046,0,0.008449171,0
9047,0,0.008412165,0
9048,0,0.008361213,0
9049,0,0.008434233,0
9050,0,0.00856624,0
9051,0,0.008702954,0
9052,0,0.008851463,0
9053,0,0.008780783,0
9054,0,0.008716558,0
9055,0,0.008720174,0
9056,0,0.008590344,0
9057,0,0.008388296,0
9058,0,0.008374197,0
9059,0,0.00837111,0
9060,0,0.008367948,0
9061,0,0.008410469,0
9062,0,0.008423566,0
9063,0,0.008335654,0
9064,0,0.008391681,0
9065,0,0.008364423,0
9066,0,0.008480296,0
9067,0,0.006624535,0
9068,0,0.006556265,0
9069,0,0.006608261,0
9070,0,0.006573319,0
9071,0,0.0065621873,0
9072,0,0.006471829,0
9073,0,0.008423096,0
9074,0,0.0082306,0
9075,0,0.0081771845,0
9076,0,0.0063200113,0
9077,0,0.0064581106,0
9078,0,0.0064652786,0
9079,0,0.0065369746,0
9080,0,0.006335425,0
9081,0,0.006145416,0
9082,0,0.006043403,0
9083,0,0.006059327,0
9084,0,0.0060159634,0
9085,0,0.0060073985,0
9086,0,0.0060123564,0
9087,0,0.006046853,0
9088,0,0.006093758,0
9089,0,0.0060586887,0
9090,0,0.006224456,0
9091,0,0.006179541,0
9092,0,0.0061168727,0
9093,0,0.0061638653,0
9094,0,0.006161665,0
9095,0,0.006164694,0
9096,0,0.0061166044,0
9097,0,0.00597268,0
9098,0,0.0060120965,0
9099,0,0.005984666,0
9100,0,0.0060138158,0
9101,0,0.0059986496,0
9102,0,0.005902635,0
9103,0,0.0038370516,0
9104,0,0.0038390225,0
9105,0,0.0038444588,0
9106,0,0.0038694022,0
9107,0,0.0038076849,0
9108,0,0.0038333298,0
9109,0,0.003772249,0
9110,0,0.0037465026,0
9111,0,0.0038740186,0
9112,0,0.0037692378,0
9113,0,0.005799134,0
9114,0,0.0058582225,0
9115,0,0.0058749137,0
9116,0,0.0058473153,0
9117,0,0.005920612,0
9118,0,0.0058473493,0
9119,0,0.005884916,0
9120,1,0.005933303,0
9121,1,0.0059265117,0
9122,1,0.0058932495,0
9123,1,0.0059446287,0
9124,1,0.0059803585,0
9125,1,0.006049068,0
9126,1,0.006140869,0
9127,1,0.0062950696,0
9128,1,0.006287311,0
9129,1,0.0063003353,0
9130,1,0.006332772,0
9131,1,0.0064769094,0
9132,1,0.0065025087,0
9133,1,0.006559194,0
9134,1,0.006552409,0
9135,1,0.006464852,0
9136,1,0.006542248,0
9137,1,0.006545975,0
9138,1,0.0066613974,0
9139,1,0.0065656016,0
9140,1,0.0066052033,0
9141,1,0.006437475,0
9142,1,0.0063771163,0
9143,1,0.0065331184,0
9144,1,0.006628463,0
9145,1,0.0065913107,0
9146,1,0.006833924,0
9147,1,0.006741599,0
9148,1,0.0068095447,0
9149,1,0.0071785855,0
9150,1,0.0071611544,0
9151,1,0.0071233627,0
9152,1,0.0070931194,0
9153,1,0.007060892,0
9154,1,0.0068773953,0
9155,1,0.0067567965,0
9156,1,0.0067387517,0
9157,1,0.006618033,0
9158,1,0.006687543,0
9159,1,0.006657267,0
9160,1,0.006622794,0
9161,1,0.0065115425,0
9162,1,0.006569318,0
9163,1,0.006658125,0
9164,1,0.0067358264,0
9165,1,0.0067953174,0
9166,1,0.0067427573,0
9167,1,0.006843959,0
9168,1,0.006891752,0
9169,1,0.006960023,0
9170,1,0.006897649,0
9171,1,0.0069147362,0
9172,1,0.0069024134,0
9173,1,0.0048856842,0
9174,1,0.004724827,0
9175,1,0.0048456597,0
9176,1,0.0049095675,0
9177,1,0.005064701,0
9178,1,0.0050842087,0
9179,1,0.004856259,0
9180,1,0.0050042267,0
9181,1,0.0051723067,0
9182,1,0.005202249,0
9183,1,0.0053124856,0
9184,1,0.0055315243,0
9185,1,0.0056832475,0
9186,1,0.005654807,0
9187,1,0.0056825266,0
9188,1,0.0057897135,0
9189,1,0.0061053555,0
9190,1,0.0063199163,0
9191,1,0.0064379186,0
9192,1,0.0064486675,0
9193,1,0.006578111,0
9194,1,0.0066354945,0
9195,1,0.0068348795,0
9196,1,0.007074345,0
9197,1,0.0073760496,0
9198,1,0.007455486,0
9199,1,0.007579559,0
9200,1,0.007828135,0
9201,1,0.008401771,0
9202,1,0.008742888,0
9203,1,0.009178409,0
9204,1,0.009438264,0
9205,1,0.009814966,0
9206,1,0.010105711,0
9207,1,0.010991121,0
9208,1,0.011554619,0
9209,1,0.011984616,0
9210,1,0.012448307,1
9211,1,0.013068327,1
9212,1,0.014106765,1
9213,1,0.014808292,1
9214,1,0.01554423,1
9215,1,0.01674666,1
9216,1,0.017643163,1
9217,1,0.018789597,1
9218,1,0.020299539,1
9219,1,0.02113825,1
9220,1,0.022558272,1
9221,0,0.0045612827,0
9222,0,0.004554972,0
9223,0,0.0044881986,0
9224,0,0.0044907522,0
9225,0,0.004437463,0
9226,0,0.004446092,0
9227,0,0.0043283384,0
9228,0,0.004301199,0
9229,0,0.004329004,0
9230,0,0.0042875814,0
9231,0,0.004359936,0
9232,0,0.0044666356,0
9233,0,0.004490551,0
9234,0,0.004420532,0
9235,0,0.0043507256,0
9236,0,0.0044818344,0
9237,0,0.0042838184,0
9238,0,0.004262473,0
9239,0,0.0044510397,0
9240,0,0.0043169507,0
9241,0,0.0044139605,0
9242,0,0.0043594777,0
9243,0,0.004143411,0
9244,0,0.0042284937,0
9245,0,0.0041805794,0
9246,0,0.0041442327,0
9247,0,0.004124315,0
9248,0,0.004102685,0
9249,0,0.0041797166,0
9250,0,0.004222807,0
9251,0,0.0041111503,0
9252,0,0.004136764,0
9253,0,0.004151426,0
9254,0,0.0041282102,0
9255,0,0.004260121,0
9256,0,0.004313301,0
9257,0,0.004282748,0
9258,0,0.0042386265,0
9259,0,0.00418585,0
9260,0,0.0041677286,0
9261,0,0.00412712,0
9262,0,0.004107587,0
9263,0,0.004025602,0
9264,0,0.003948597,0
9265,0,0.00420257,0
9266,0,0.0041047875,0
9267,0,0.004165812,0
9268,0,0.004188584,0
9269,0,0.0040223864,0
9270,0,0.004235085,0
9271,0,0.0041949344,0
9272,0,0.0042934283,0
9273,0,0.004437448,0
9274,0,0.0043876427,0
9275,0,0.0042783218,0
9276,0,0.0044141714,0
9277,0,0.0044210358,0
9278,0,0.004521658,0
9279,0,0.004505468,0
9280,0,0.004462685,0
9281,0,0.004510036,0
9282,0,0.0045430874,0
9283,0,0.004533076,0
9284,1,0.004535781,0
9285,1,0.004505998,0
9286,1,0.00456022,0
9287,1,0.004632692,0
9288,1,0.0045851194,0
9289,1,0.0046177516,0
9290,1,0.004483799,0
9291,1,0.004515224,0
9292,1,0.0044546844,0
9293,1,0.0046227477,0
9294,1,0.004655571,0
9295,1,0.0044827336,0
9296,1,0.0043803193,0
9297,1,0.00453784,0
9298,1,0.0045744325,0
9299,1,0.004648139,0
9300,1,0.0044789393,0
9301,1,0.004490731,0
9302,1,0.004412303,0
9303,1,0.0043079033,0
9304,1,0.004335725,0
9305,1,0.004316939,0
9306,1,0.0041823406,0
9307,1,0.0041053873,0
9308,1,0.0041109496,0
9309,1,0.0041074385,0
9310,1,0.0040535503,0
9311,1,0.0040627015,0
9312,1,0.004080649,0
9313,1,0.004019744,0
9314,1,0.0040428806,0
9315,1,0.0039561256,0
9316,1,0.004005696,0
9317,1,0.0039526545,0
9318,1,0.004055674,0
9319,1,0.0040866025,0
9320,1,0.004183336,0
9321,1,0.0041958475,0
9322,1,0.0043143444,0
9323,1,0.004152516,0
9324,1,0.0041578193,0
9325,1,0.0043129926,0
9326,1,0.0043797316,0
9327,1,0.0042988537,0
9328,1,0.0043894914,0
9329,1,0.0043480704,0
9330,1,0.004358813,0
9331,1,0.0043550776,0
9332,1,0.004278234,0
9333,1,0.0043152785,0
9334,1,0.0043915813,0
9335,1,0.004386731,0
9336,1,0.00453852,0
9337,1,0.0045683533,0
9338,1,0.0045270016,0
9339,1,0.004653595,0
9340,1,0.0047085127,0
9341,1,0.0046487376,0
9342,1,0.004756851,0
9343,1,0.004841266,0
9344,1,0.004943183,0
9345,1,0.004937253,0
9346,1,0.0048676333,0
9347,1,0.0049615856,0
9348,1,0.0050668004,0
9349,1,0.0052562514,0
9350,1,0.0053888615,0
9351,1,0.005498857,0
9352,1,0.0054487186,0
9353,1,0.0054971273,0
9354,1,0.0057592955,0
9355,1,0.0057254285,0
9356,1,0.0058179903,0
9357,1,0.006013312,0
9358,1,0.0059787882,0
9359,1,0.006136781,0
9360,1,0.00626297,0
9361,1,0.0064401617,0
9362,1,0.0067576156,0
9363,1,0.0069509195,0
9364,1,0.007353571,0
9365,1,0.0077362056,0
9366,1,0.00796173,0
9367,1,0.008186967,0
9368,1,0.008714276,0
9369,1,0.008903769,0
9370,1,0.009546566,0
9371,1,0.01047355,0
9372,1,0.01130551,0
9373,1,0.012031967,0
9374,1,0.012873383,1
9375,1,0.01378209,1
9376,1,0.014645148,1
9377,1,0.015884675,1
9378,1,0.016923646,1
9379,1,0.018000368,1
9380,1,0.019291326,1
9381,1,0.02134558,1
9382,1,0.022554792,1
9383,1,0.024486873,1
9384,1,0.026256269,1
9385,0,0.00399376,0
9386,0,0.003962653,0
9387,0,0.0039219083,0
9388,0,0.0039059354,0
9389,0,0.0039662016,0
9390,0,0.0039691767,0
9391,0,0.0038595446,0
9392,0,0.003952494,0
9393,0,0.0038316005,0
9394,0,0.0038857043,0
9395,0,0.003822892,0
9396,0,0.0038821984,0
9397,0,0.0040189563,0
9398,0,0.004020536,0
9399,0,0.004042771,0
9400,0,0.0040663215,0
9401,0,0.004012017,0
9402,0,0.0040217126,0
9403,0,0.003881075,0
9404,0,0.00399205,0
9405,0,0.0041755713,0
9406,0,0.0042768647,0
9407,0,0.0042511504,0
9408,0,0.004152737,0
9409,0,0.004129708,0
9410,0,0.004138531,0
9411,0,0.0041894866,0
9412,0,0.00425623,0
9413,0,0.0042927195,0
9414,0,0.0042068553,0
9415,0,0.004312837,0
9416,0,0.0042725955,0
9417,0,0.0044264128,0
9418,0,0.004443068,0
9419,0,0.0044006943,0
9420,0,0.004403718,0
9421,0,0.004416523,0
9422,0,0.0044827736,0
9423,0,0.0045273714,0
9424,0,0.0044268067,0
9425,0,0.00454162,0
9426,0,0.0046588676,0
9427,0,0.0045946715,0
9428,0,0.0046787322,0
9429,0,0.0046445485,0
9430,0,0.0046356437,0
9431,0,0.004667082,0
9432,0,0.0046563908,0
9433,0,0.0047050016,0
9434,0,0.0045673,0
9435,0,0.004369957,0
9436,0,0.0043659904,0
9437,0,0.004400282,0
9438,0,0.0043767923,0
9439,0,0.004325438,0
9440,0,0.0043277815,0
9441,0,0.0043972624,0
9442,0,0.0042864457,0
9443,0,0.004245227,0
9444,0,0.004254449,0
9445,0,0.0042066635,0
9446,0,0.004147002,0
9447,0,0.0039635566,0
9448,0,0.003912826,0
9449,0,0.0038731676,0
9450,0,0.0038278291,0
9451,0,0.0037723228,0
9452,0,0.0037133303,0
9453,0,0.0037132958,0
9454,0,0.0037726439,0
9455,0,0.0036373273,0
9456,0,0.0035240336,0
9457,0,0.0035831225,0
9458,0,0.0035137753,0
9459,0,0.0036536749,0
9460,0,0.0036607033,0
9461,0,0.0036152129,0
9462,0,0.0036218984,0
9463,0,0.0035893966,0
9464,0,0.0036732976,0
9465,0,0.0038145883,0
9466,0,0.0037524488,0
9467,0,0.0036329872,0
9468,0,0.00376391,0
9469,0,0.0039025121,0
9470,0,0.0039722505,0
9471,0,0.0038508924,0
9472,0,0.003972329,0
9473,0,0.003986595,0
9474,0,0.0040769004,0
9475,0,0.0042146393,0
9476,0,0.00424361,0
9477,0,0.004255701,0
9478,0,0.0043002362,0
9479,0,0.0044678412,0
9480,0,0.0044866726,0
9481,0,0.0046558105,0
9482,0,0.00459835,0
9483,0,0.004559588,0
9484,0,0.004501778,0
9485,0,0.004607381,0
9486,0,0.004525196,0
9487,0,0.0045697573,0
9488,0,0.004632322,0
9489,0,0.004602122,0
9490,0,0.004628885,0
9491,0,0.0046553696,0
9492,0,0.0047200676,0
9493,0,0.004725403,0
9494,0,0.0046958937,0
9495,0,0.0046592564,0
9496,0,0.0046216464,0
9497,0,0.0046685557,0
9498,0,0.004495482,0
9499,0,0.0044136117,0
9500,0,0.0043447176,0
9501,0,0.004267503,0
9502,0,0.004102255,0
9503,0,0.0040403293,0
9504,0,0.0040749665,0
9505,0,0.003982763,0
9506,0,0.0039693774,0
9507,0,0.0039858376,0
9508,0,0.003990655,0
9509,0,0.0037958284,0
9510,0,0.0039241984,0
9511,0,0.0038211744,0
9512,0,0.0037458169,0
9513,0,0.0037573318,0
9514,0,0.0037991547,0
9515,0,0.0039051634,0
9516,0,0.0039449297,0
9517,0,0.0038583942,0
9518,0,0.003887115,0
9519,0,0.0037569164,0
9520,0,0.0037389142,0
9521,0,0.0037792563,0
9522,0,0.0038958052,0
9523,0,0.0039067427,0
9524,0,0.0039074966,0
9525,0,0.0039707543,0
9526,0,0.003970149,0
9527,0,0.003949962,0
9528,0,0.00392577,0
9529,0,0.003875558,0
9530,1,0.0038890557,0
9531,1,0.0038578992,0
9532,1,0.0038299107,0
9533,1,0.0038877155,0
9534,1,0.0037286368,0
9535,1,0.0037887564,0
9536,1,0.0038399217,0
9537,1,0.0039288965,0
9538,1,0.0038693466,0
9539,1,0.004012622,0
9540,1,0.0040213433,0
9541,1,0.0039446666,0
9542,1,0.0039695143,0
9543,1,0.00391308,0
9544,1,0.0039149695,0
9545,1,0.0037769456,0
9546,1,0.0037829035,0
9547,1,0.0038365803,0
9548,1,0.0037781207,0
9549,1,0.0037261527,0
9550,1,0.0037636973,0
9551,1,0.0037851657,0
9552,1,0.0036868367,0
9553,1,0.003860125,0
9554,1,0.0037824346,0
9555,1,0.0036813668,0
9556,1,0.003655681,0
9557,1,0.0036373886,0
9558,1,0.0036824078,0
9559,1,0.003813996,0
9560,1,0.004037776,0
9561,1,0.004087108,0
9562,1,0.0041957167,0
9563,1,0.004182637,0
9564,1,0.0042814557,0
9565,1,0.0042959037,0
9566,1,0.0044014286,0
9567,1,0.0043761367,0
9568,1,0.004504799,0
9569,1,0.0047393735,0
9570,1,0.004747995,0
9571,1,0.0048261876,0
9572,1,0.0049015093,0
9573,1,0.005036643,0
9574,1,0.005210144,0
9575,1,0.005240982,0
9576,1,0.0053245663,0
9577,1,0.005312123,0
9578,1,0.0054637264,0
9579,1,0.0055862726,0
9580,1,0.0056273546,0
9581,1,0.005713873,0
9582,1,0.0059343604,0
9583,1,0.005872542,0
9584,1,0.0060096555,0
9585,1,0.006366706,0
9586,1,0.006601945,0
9587,1,0.0070072166,0
9588,1,0.007287066,0
9589,1,0.0075015407,0
9590,1,0.0074725826,0
9591,1,0.007679841,0
9592,1,0.007786842,0
9593,1,0.008053353,0
9594,1,0.008331719,0
9595,1,0.008790913,0
9596,1,0.009139131,0
9597,1,0.009511659,0
9598,1,0.009899981,0
9599,1,0.009905212,0
9600,1,0.010167914,0
9601,1,0.01038757,0
9602,1,0.010611725,0
9603,1,0.010984947,0
9604,1,0.01109136,0
9605,1,0.01176345,0
9606,1,0.012324308,1
9607,1,0.012706325,1
9608,1,0.012887921,1
9609,1,0.0135384835,1
9610,1,0.013939535,1
9611,1,0.014611636,1
9612,1,0.015218853,1
9613,1,0.015855053,1
9614,1,0.01647798,1
9615,1,0.016974803,1
9616,1,0.017710306,1
9617,1,0.018258922,1
9618,1,0.0192061,1
9619,1,0.019730492,1
9620,1,0.02034968,1
9621,1,0.021032955,1
9622,1,0.02178883,1
9623,1,0.02268323,1
9624,1,0.023434164,1
9625,1,0.02409724,1
9626,1,0.025257612,1
9627,1,0.0259888,1
9628,1,0.02692301,1
9629,1,0.027743032,1
9630,1,0.029103586,1
9631,0,0.00599327,0
9632,0,0.0060613956,0
9633,0,0.006101374,0
9634,0,0.0061598006,0
9635,0,0.0061607505,0
9636,0,0.006078678,0
9637,0,0.0060450514,0
9638,1,0.0060907723,0
9639,1,0.0061752005,0
9640,1,0.006095715,0
9641,1,0.006177721,0
9642,1,0.0062474697,0
9643,1,0.006241152,0
9644,1,0.00639827,0
9645,1,0.006416641,0
9646,1,0.006534353,0
9647,1,0.006457835,0
9648,1,0.006486089,0
9649,1,0.006507468,0
9650,1,0.0064321887,0
9651,1,0.006476266,0
9652,1,0.006573677,0
9653,1,0.006507718,0
9654,1,0.006609474,0
9655,1,0.0066633066,0
9656,1,0.0066721416,0
9657,1,0.0045894315,0
9658,1,0.0045919875,0
9659,1,0.004643344,0
9660,1,0.0046987096,0
9661,1,0.0046253246,0
9662,1,0.006782857,0
9663,1,0.0068144435,0
9664,1,0.006723192,0
9665,1,0.006735357,0
9666,1,0.006848922,0
9667,1,0.0068814387,0
9668,1,0.006774053,0
9669,1,0.00678653,0
9670,1,0.006838396,0
9671,1,0.0067960974,0
9672,1,0.0068660527,0
9673,1,0.0068286774,0
9674,1,0.0068883137,0
9675,1,0.00673628,0
9676,1,0.006581586,0
9677,1,0.0067948895,0
9678,1,0.0068803737,0
9679,1,0.006889678,0
9680,1,0.0069118193,0
9681,1,0.0069623934,0
9682,1,0.0069593894,0
9683,1,0.006931924,0
9684,1,0.006888538,0
9685,1,0.0069462154,0
9686,1,0.006797928,0
9687,1,0.0067397235,0
9688,1,0.006713052,0
9689,1,0.0066843815,0
9690,1,0.0067466367,0
9691,1,0.006727274,0
9692,1,0.004646881,0
9693,1,0.0046290793,0
9694,1,0.0047359457,0
9695,1,0.004709353,0
9696,1,0.004583787,0
9697,1,0.004605216,0
9698,1,0.0047673252,0
9699,1,0.0046475735,0
9700,1,0.0046195807,0
9701,1,0.004617679,0
9702,1,0.0045446404,0
9703,1,0.004640783,0
9704,1,0.0046073343,0
9705,1,0.0047325334,0
9706,1,0.004925367,0
9707,1,0.0049844882,0
9708,1,0.0048227333,0
9709,1,0.0049814316,0
9710,1,0.005250868,0
9711,1,0.005283127,0
9712,1,0.005420789,0
9713,1,0.0054436135,0
9714,1,0.0053087776,0
9715,1,0.0051796553,0
9716,1,0.005241164,0
9717,1,0.005288122,0
9718,1,0.0052516474,0
9719,1,0.0053879195,0
9720,1,0.005426184,0
9721,1,0.0056080823,0
9722,1,0.0058178785,0
9723,1,0.0061502713,0
9724,1,0.0065858704,0
9725,1,0.0066489847,0
9726,1,0.0066611893,0
9727,1,0.0067520672,0
9728,1,0.006993134,0
9729,1,0.007164892,0
9730,1,0.0071267695,0
9731,1,0.007452324,0
9732,1,0.007884878,0
9733,1,0.008641892,0
9734,1,0.009270513,0
9735,1,0.010160268,0
9736,1,0.011002684,0
9737,1,0.0123154195,1
9738,1,0.013816234,1
9739,0,0.004528721,0
9740,0,0.004447602,0
9741,0,0.004439767,0
9742,0,0.004392318,0
9743,0,0.0044997293,0
9744,0,0.004554698,0
9745,0,0.004512733,0
9746,0,0.004605212,0
9747,0,0.00453556,0
9748,0,0.0047665164,0
9749,0,0.0046288483,0
9750,0,0.0045913113,0
9751,0,0.004780603,0
9752,0,0.004707344,0
9753,0,0.0046391706,0
9754,0,0.004856728,0
9755,0,0.0049115466,0
9756,1,0.00489778,0
9757,1,0.0048380163,0
9758,1,0.0047571203,0
9759,1,0.0048639416,0
9760,1,0.004800226,0
9761,1,0.0047096857,0
9762,1,0.004707102,0
9763,1,0.004688365,0
9764,1,0.00480503,0
9765,1,0.0047264337,0
9766,1,0.004852167,0
9767,1,0.004773576,0
9768,1,0.004804604,0
9769,1,0.0048247874,0
9770,1,0.0049595567,0
9771,1,0.004934374,0
9772,1,0.0049642585,0
9773,1,0.0048729917,0
9774,1,0.0049573677,0
9775,1,0.004982186,0
9776,1,0.004834162,0
9777,1,0.0048171785,0
9778,1,0.004518378,0
9779,1,0.004552145,0
9780,1,0.004635042,0
9781,1,0.0044327597,0
9782,1,0.004429426,0
9783,1,0.0043157544,0
9784,1,0.00423181,0
9785,1,0.004173916,0
9786,1,0.004180324,0
9787,1,0.004188471,0
9788,1,0.0039880225,0
9789,1,0.0040143062,0
9790,1,0.003983627,0
9791,1,0.0039821793,0
9792,1,0.004026683,0
9793,1,0.004025885,0
9794,1,0.003956822,0
9795,1,0.0040484173,0
9796,1,0.003952249,0
9797,1,0.0039191865,0
9798,1,0.0038626317,0
9799,1,0.003809953,0
9800,1,0.0037255508,0
9801,1,0.0037625977,0
9802,1,0.0037066923,0
9803,1,0.0038295395,0
9804,1,0.0038433436,0
9805,1,0.003796625,0
9806,1,0.0038686953,0
9807,1,0.003996403,0
9808,1,0.00394292,0
9809,1,0.0038854107,0
9810,1,0.0038402856,0
9811,1,0.0039232033,0
9812,1,0.003995278,0
9813,1,0.004008103,0
9814,1,0.003996496,0
9815,1,0.0041702418,0
9816,1,0.0042382204,0
9817,1,0.004290354,0
9818,1,0.0042861323,0
9819,1,0.0044266717,0
9820,1,0.004460234,0
9821,1,0.0046776463,0
9822,1,0.004606046,0
9823,1,0.004599761,0
9824,1,0.004548206,0
9825,1,0.0045272117,0
9826,1,0.0046738125,0
9827,1,0.0048179533,0
9828,1,0.004726028,0
9829,1,0.004867481,0
9830,1,0.0049112723,0
9831,1,0.0049008317,0
9832,1,0.0048564235,0
9833,1,0.004938306,0
9834,1,0.00500413,0
9835,1,0.004984082,0
9836,1,0.0049475543,0
9837,1,0.004945249,0
9838,1,0.004925485,0
9839,1,0.0050180294,0
9840,1,0.005038077,0
9841,1,0.0052743526,0
9842,1,0.0053436933,0
9843,1,0.005221563,0
9844,1,0.005292351,0
9845,1,0.00575785,0
9846,1,0.0061538094,0
9847,1,0.006304296,0
9848,1,0.006662841,0
9849,1,0.007239089,0
9850,1,0.007513269,0
9851,1,0.00817763,0
9852,1,0.008603194,0
9853,1,0.009615733,0
9854,1,0.010772627,0
9855,1,0.01138168,0
9856,1,0.012377429,1
9857,0,0.009943593,0
9858,0,0.011645374,0
9859,0,0.011609258,0
9860,0,0.011514317,0
9861,0,0.01152647,0
9862,0,0.0114955725,0
9863,0,0.011606968,0
9864,0,0.011742361,0
9865,0,0.011716124,0
9866,0,0.011721356,0
9867,0,0.01181223,0
9868,0,0.011911536,0
9869,0,0.011937271,0
9870,0,0.011997761,0
9871,0,0.013563451,1
9872,0,0.013683601,1
9873,0,0.013560128,1
9874,0,0.013675167,1
9875,0,0.01211537,0
9876,0,0.012130507,0
9877,0,0.0103344945,0
9878,0,0.010314418,0
9879,0,0.010241195,0
9880,0,0.010156938,0
9881,0,0.010104391,0
9882,0,0.010134982,0
9883,0,0.010077054,0
9884,0,0.009938069,0
9885,0,0.009894969,0
9886,0,0.009776163,0
9887,0,0.00983925,0
9888,0,0.008031829,0
9889,0,0.007953637,0
9890,0,0.008090215,0
9891,0,0.006353649,0
9892,0,0.0063551227,0
9893,0,0.006265632,0
9894,0,0.00619202,0
9895,0,0.0061660972,0
9896,0,0.006283861,0
9897,0,0.0063533336,0
9898,0,0.0062804595,0
9899,0,0.006244083,0
9900,0,0.006130648,0
9901,0,0.003992353,0
9902,0,0.0038323742,0
9903,0,0.0037822686,0
9904,0,0.004057255,0
9905,0,0.006142925,0
9906,0,0.008421511,0
9907,0,0.008450731,0
9908,0,0.008479436,0
9909,0,0.008420961,0
9910,0,0.010336156,0
9911,0,0.011968729,0
9912,0,0.011947135,0
9913,0,0.011987058,0
9914,0,0.012032054,0
9915,0,0.011964312,0
9916,0,0.011835704,0
9917,0,0.011741384,0
9918,0,0.011803733,0
9919,0,0.011882714,0
9920,0,0.011779936,0
9921,0,0.011607639,0
9922,0,0.011621506,0
9923,0,0.011721506,0
9924,0,0.011707116,0
9925,0,0.01180627,0
9926,0,0.011671016,0
9927,0,0.011530093,0
9928,0,0.01140989,0
9929,0,0.011426606,0
9930,0,0.011386874,0
9931,0,0.011388616,0
9932,0,0.0114018535,0
9933,0,0.011417181,0
9934,0,0.011257511,0
9935,0,0.00961674,0
9936,0,0.0075881677,0
9937,0,0.007584022,0
9938,0,0.007499266,0
9939,0,0.0075376933,0
9940,0,0.007621037,0
9941,0,0.005777257,0
9942,0,0.0058278157,0
9943,0,0.007789323,0
9944,0,0.007837184,0
9945,0,0.007880793,0
9946,0,0.007879905,0
9947,0,0.007981037,0
9948,0,0.0081012985,0
9949,0,0.008186235,0
9950,0,0.008259111,0
9951,0,0.008282937,0
9952,0,0.0082508605,0
9953,0,0.008276297,0
9954,0,0.008266001,0
9955,0,0.008136066,0
9956,0,0.008240101,0
9957,0,0.008282954,0
9958,1,0.008368988,0
9959,1,0.008315378,0
9960,1,0.008392911,0
9961,1,0.008438627,0
9962,1,0.008410773,0
9963,1,0.008493004,0
9964,1,0.008433072,0
9965,1,0.0084137,0
9966,1,0.008272923,0
9967,1,0.008255301,0
9968,1,0.008253756,0
9969,1,0.008284223,0
9970,1,0.006207643,0
9971,1,0.0061902455,0
9972,1,0.0062358356,0
9973,1,0.00409761,0
9974,1,0.0040439097,0
9975,1,0.0039990675,0
9976,1,0.00397599,0
9977,1,0.003962928,0
9978,1,0.0038193148,0
9979,1,0.0037915308,0
9980,1,0.0036899284,0
9981,1,0.003697142,0
9982,1,0.0038692914,0
9983,1,0.0039849402,0
9984,1,0.0038893204,0
9985,1,0.003948539,0
9986,1,0.0041675796,0
9987,1,0.0042186207,0
9988,1,0.004199848,0
9989,1,0.004192895,0
9990,1,0.004111264,0
9991,1,0.0041697314,0
9992,1,0.0041516265,0
9993,1,0.0042050546,0
9994,1,0.0042597465,0
9995,1,0.004321921,0
9996,1,0.004281174,0
9997,1,0.0045045763,0
9998,1,0.0046983487,0
9999,1,0.004833978,0
10000,1,0.0047029555,0
10001,1,0.0047606174,0
10002,1,0.0047176913,0
10003,1,0.0048081707,0
10004,1,0.0048608864,0
10005,1,0.0049303714,0
10006,1,0.004985402,0
10007,1,0.0048782625,0
10008,1,0.0047216164,0
10009,1,0.004606957,0
10010,1,0.0046944683,0
10011,1,0.0048253485,0
10012,1,0.004775607,0
10013,1,0.0047501544,0
10014,1,0.004896276,0
10015,1,0.0048568263,0
10016,1,0.004822414,0
10017,1,0.004758121,0
10018,1,0.004812982,0
10019,1,0.0046153218,0
10020,1,0.0048189154,0
10021,1,0.004751769,0
10022,1,0.0047670812,0
10023,1,0.0049235513,0
10024,1,0.004992685,0
10025,1,0.004888686,0
10026,1,0.004919208,0
10027,1,0.0049801054,0
10028,1,0.0050580995,0
10029,1,0.0052262414,0
10030,1,0.005234754,0
10031,1,0.005374084,0
10032,1,0.0053798184,0
10033,1,0.0053119776,0
10034,1,0.0054089306,0
10035,1,0.0056237676,0
10036,1,0.005513262,0
10037,1,0.0056021805,0
10038,1,0.005716303,0
10039,1,0.0057268464,0
10040,1,0.0056486246,0
10041,1,0.0057487986,0
10042,1,0.0059833988,0
10043,1,0.00613241,0
10044,1,0.0062491386,0
10045,1,0.0066673197,0
10046,1,0.006879867,0
10047,1,0.007312478,0
10048,1,0.007470075,0
10049,1,0.007818727,0
10050,1,0.008255416,0
10051,1,0.008608761,0
10052,1,0.009113413,0
10053,1,0.009472566,0
10054,1,0.010046866,0
10055,1,0.010732723,0
10056,1,0.011733479,0
10057,1,0.0126223825,1
10058,1,0.013435983,1
10059,0,0.0045011775,0
10060,0,0.004393212,0
10061,0,0.004359228,0
10062,0,0.00439819,0
10063,0,0.004303253,0
10064,0,0.004206175,0
10065,0,0.0042234147,0
10066,0,0.004210857,0
10067,0,0.004318606,0
10068,0,0.004161912,0
10069,0,0.004086618,0
10070,0,0.0041257916,0
10071,0,0.003931298,0
10072,0,0.003994864,0
10073,0,0.0038715724,0
10074,0,0.0038695193,0
10075,0,0.0038992157,0
10076,0,0.0037984606,0
10077,0,0.003953777,0
10078,0,0.003940267,0
10079,0,0.004039927,0
10080,0,0.0041298587,0
10081,0,0.0041750884,0
10082,0,0.0041517587,0
10083,0,0.004180363,0
10084,0,0.0040855636,0
10085,0,0.004166867,0
10086,0,0.00419466,0
10087,0,0.004136566,0
10088,0,0.004196208,0
10089,0,0.004110448,0
10090,0,0.0041123447,0
10091,0,0.004185873,0
10092,0,0.0040913615,0
10093,0,0.0041257353,0
10094,0,0.004301917,0
10095,0,0.004336025,0
10096,0,0.0045569856,0
10097,0,0.0043673534,0
10098,0,0.0043024695,0
10099,0,0.004319599,0
10100,0,0.004321771,0
10101,1,0.0044213654,0
10102,1,0.0043732855,0
10103,1,0.004391538,0
10104,1,0.0043206676,0
10105,1,0.004242853,0
10106,1,0.00436671,0
10107,1,0.0043888693,0
10108,1,0.0042638225,0
10109,1,0.004420182,0
10110,1,0.0044111838,0
10111,1,0.0043655247,0
10112,1,0.0044118594,0
10113,1,0.0043546255,0
10114,1,0.004388384,0
10115,1,0.0042441664,0
10116,1,0.004230867,0
10117,1,0.004198815,0
10118,1,0.004436863,0
10119,1,0.004452288,0
10120,1,0.0045590154,0
10121,1,0.0046073003,0
10122,1,0.004622142,0
10123,1,0.0048025004,0
10124,1,0.0046570944,0
10125,1,0.004583735,0
10126,1,0.004343062,0
10127,1,0.004456039,0
10128,1,0.0044530244,0
10129,1,0.004405345,0
10130,1,0.0045154807,0
10131,1,0.0044983258,0
10132,1,0.004379861,0
10133,1,0.0045120358,0
10134,1,0.0044400264,0
10135,1,0.004412599,0
10136,1,0.0043220306,0
10137,1,0.0041781026,0
10138,1,0.0041984236,0
10139,1,0.0039682672,0
10140,1,0.00403765,0
10141,1,0.0040521813,0
10142,1,0.0040509133,0
10143,1,0.003976909,0
10144,1,0.0039177956,0
10145,1,0.003915994,0
10146,1,0.0039274152,0
10147,1,0.004036135,0
10148,1,0.003882708,0
10149,1,0.0039991126,0
10150,1,0.004008374,0
10151,1,0.004069204,0
10152,1,0.004094681,0
10153,1,0.0041235727,0
10154,1,0.0041664713,0
10155,1,0.0041195443,0
10156,1,0.0041293795,0
10157,1,0.0041487473,0
10158,1,0.004184744,0
10159,1,0.0043732766,0
10160,1,0.004263901,0
10161,1,0.004425562,0
10162,1,0.0045251027,0
10163,1,0.0045039826,0
10164,1,0.0046308143,0
10165,1,0.0047170557,0
10166,1,0.0046118572,0
10167,1,0.004565515,0
10168,1,0.0045869043,0
10169,1,0.0045336774,0
10170,1,0.0044538574,0
10171,1,0.0044945762,0
10172,1,0.0045010154,0
10173,1,0.004575086,0
10174,1,0.0046283146,0
10175,1,0.004892734,0
10176,1,0.0050140256,0
10177,1,0.0050764033,0
10178,1,0.005202562,0
10179,1,0.0054115043,0
10180,1,0.0056861574,0
10181,1,0.0058720103,0
10182,1,0.006109972,0
10183,1,0.0062477556,0
10184,1,0.0064339885,0
10185,1,0.0067328266,0
10186,1,0.0075396667,0
10187,1,0.007876625,0
10188,1,0.008550589,0
10189,1,0.00909155,0
10190,1,0.00987421,0
10191,1,0.010293764,0
10192,1,0.010955535,0
10193,1,0.011659725,0
10194,1,0.012330676,1
10195,1,0.0129297,1
10196,1,0.0137921525,1
10197,1,0.014776702,1
10198,1,0.015738972,1
10199,1,0.016723236,1
10200,1,0.018086886,1
10201,1,0.01970595,1
10202,0,0.010177004,0
10203,0,0.010219381,0
10204,0,0.010157188,0
10205,0,0.010149136,0
10206,0,0.011869793,0
10207,0,0.011972856,0
10208,0,0.012053865,0
10209,0,0.012015019,0
10210,0,0.012128148,0
10211,0,0.012151437,0
10212,0,0.013664491,1
10213,0,0.012019894,0
10214,0,0.012081607,0
10215,0,0.012207822,0
10216,0,0.012173758,0
10217,0,0.012209329,0
10218,0,0.012289835,0
10219,0,0.01225849,0
10220,0,0.012155603,0
10221,0,0.012169707,0
10222,0,0.012252593,0
10223,0,0.012190514,0
10224,0,0.012093994,0
10225,0,0.012179752,0
10226,0,0.012180574,0
10227,0,0.013633946,1
10228,0,0.0122369705,0
10229,0,0.012247455,0
10230,0,0.012305927,1
10231,0,0.013949451,1
10232,0,0.012406546,1
10233,0,0.012482428,1
10234,0,0.012418724,1
10235,0,0.013941962,1
10236,0,0.012431499,1
10237,0,0.013992163,1
10238,0,0.0139262015,1
10239,0,0.013906317,1
10240,0,0.013785473,1
10241,0,0.0138957575,1
10242,0,0.012278094,0
10243,0,0.012229042,0
10244,0,0.012223527,0
10245,0,0.012022327,0
10246,0,0.012077985,0
10247,0,0.012126145,0
10248,0,0.012084351,0
10249,0,0.012054396,0
10250,0,0.011909251,0
10251,0,0.011926527,0
10252,0,0.011793499,0
10253,0,0.011786782,0
10254,0,0.011951366,0
10255,0,0.013335555,1
10256,0,0.013318477,1
10257,1,0.011752933,0
10258,1,0.011680688,0
10259,1,0.011561916,0
10260,1,0.011549887,0
10261,1,0.009748596,0
10262,1,0.009754753,0
10263,1,0.00962684,0
10264,1,0.009658858,0
10265,1,0.007806787,0
10266,1,0.0077565345,0
10267,1,0.005713508,0
10268,1,0.005627074,0
10269,1,0.005654253,0
10270,1,0.0056470507,0
10271,1,0.005707456,0
10272,1,0.0057038357,0
10273,1,0.00579207,0
10274,1,0.005848361,0
10275,1,0.005920672,0
10276,1,0.0058007604,0
10277,1,0.005771688,0
10278,1,0.0057779155,0
10279,1,0.007905491,0
10280,1,0.007847337,0
10281,1,0.007734478,0
10282,1,0.0077815047,0
10283,1,0.007876616,0
10284,1,0.0077387546,0
10285,1,0.005768355,0
10286,1,0.006072891,0
10287,1,0.0062458953,0
10288,1,0.006210123,0
10289,1,0.0064325174,0
10290,1,0.0066688647,0
10291,1,0.0067460644,0
10292,1,0.0067253634,0
10293,1,0.006713204,0
10294,1,0.006938254,0
10295,1,0.0069718463,0
10296,1,0.0070970575,0
10297,1,0.007185851,0
10298,1,0.0071723205,0
10299,1,0.00723076,0
10300,1,0.0071998374,0
10301,1,0.007108753,0
10302,1,0.0069655026,0
10303,1,0.007102964,0
10304,1,0.006967233,0
10305,1,0.007067769,0
10306,1,0.0071172733,0
10307,1,0.0073695467,0
10308,1,0.0073840115,0
10309,1,0.005329319,0
10310,1,0.0055578975,0
10311,1,0.0055915755,0
10312,1,0.00544958,0
10313,1,0.0054282476,0
10314,1,0.005262719,0
10315,1,0.0053310785,0
10316,1,0.005058099,0
10317,1,0.005050084,0
10318,1,0.004971381,0
10319,1,0.004929902,0
10320,1,0.0048747933,0
10321,1,0.0051226676,0
10322,1,0.0053434707,0
10323,1,0.0052442066,0
10324,1,0.005146965,0
10325,1,0.0052791387,0
10326,1,0.0051578903,0
10327,1,0.0052399216,0
10328,1,0.0055272807,0
10329,1,0.0058227046,0
10330,1,0.005721922,0
10331,1,0.0059609246,0
10332,1,0.0059609194,0
10333,1,0.0060582506,0
10334,1,0.005836181,0
10335,1,0.0056146635,0
10336,1,0.0055841054,0
10337,1,0.0059093274,0
10338,1,0.006058662,0
10339,1,0.006155249,0
10340,1,0.0063937646,0
10341,1,0.0066414685,0
10342,1,0.006928675,0
10343,1,0.007242731,0
10344,1,0.0072218827,0
10345,1,0.007418511,0
10346,1,0.0076466096,0
10347,1,0.007789111,0
10348,1,0.00821576,0
10349,1,0.008141142,0
10350,1,0.008355686,0
10351,1,0.008701537,0
10352,1,0.009449543,0
10353,1,0.009787727,0
10354,1,0.010937672,0
10355,1,0.011408603,0
10356,1,0.011908964,0
10357,1,0.01286569,1
10358,0,0.003892552,0
10359,0,0.0039934083,0
10360,0,0.003915349,0
10361,0,0.0039696414,0
10362,0,0.004008149,0
10363,0,0.0039912085,0
10364,0,0.0041199606,0
10365,0,0.0041747666,0
10366,0,0.0041914876,0
10367,0,0.0042696684,0
10368,0,0.0041468744,0
10369,0,0.00416177,0
10370,0,0.004167764,0
10371,0,0.0041447366,0
10372,0,0.0041107778,0
10373,0,0.004167661,0
10374,0,0.004089894,0
10375,0,0.0038949838,0
10376,0,0.0038500011,0
10377,0,0.0039220303,0
10378,0,0.003942719,0
10379,0,0.0039899484,0
10380,0,0.0038596084,0
10381,0,0.0039292253,0
10382,0,0.0039508846,0
10383,0,0.0040267194,0
10384,0,0.004074711,0
10385,0,0.0040573403,0
10386,0,0.00418477,0
10387,0,0.0041045262,0
10388,0,0.0041860114,0
10389,0,0.004089755,0
10390,0,0.0042321067,0
10391,0,0.0043201707,0
10392,0,0.0043276274,0
10393,0,0.004319888,0
10394,0,0.004186467,0
10395,0,0.0042483406,0
10396,0,0.0041507925,0
10397,0,0.004139132,0
10398,0,0.004203117,0
10399,0,0.0042557893,0
10400,0,0.0042886483,0
10401,0,0.00429815,0
10402,0,0.004290694,0
10403,0,0.004362508,0
10404,0,0.0043891203,0
10405,0,0.0044202358,0
10406,0,0.0044752876,0
10407,0,0.0045039197,0
10408,1,0.004377449,0
10409,1,0.0042964597,0
10410,1,0.004343909,0
10411,1,0.0043043527,0
10412,1,0.004382506,0
10413,1,0.0043525724,0
10414,1,0.004434706,0
10415,1,0.004495794,0
10416,1,0.004474427,0
10417,1,0.004518736,0
10418,1,0.0045215813,0
10419,1,0.0044445936,0
10420,1,0.004457457,0
10421,1,0.0044072536,0
10422,1,0.0044508926,0
10423,1,0.0045144963,0
10424,1,0.004532121,0
10425,1,0.0044557415,0
10426,1,0.0044560987,0
10427,1,0.0044632955,0
10428,1,0.004448468,0
10429,1,0.004358316,0
10430,1,0.004286646,0
10431,1,0.004312772,0
10432,1,0.004295478,0
10433,1,0.004272721,0
10434,1,0.0042252396,0
10435,1,0.0041891853,0
10436,1,0.0041580275,0
10437,1,0.0039692908,0
10438,1,0.0041408585,0
10439,1,0.0042783865,0
10440,1,0.00427394,0
10441,1,0.0042463993,0
10442,1,0.0042785066,0
10443,1,0.00422509,0
10444,1,0.0041519576,0
10445,1,0.0041422304,0
10446,1,0.004041678,0
10447,1,0.004073569,0
10448,1,0.0039735287,0
10449,1,0.0040172497,0
10450,1,0.0038927016,0
10451,1,0.0038858457,0
10452,1,0.0037704231,0
10453,1,0.0037930177,0
10454,1,0.0040107006,0
10455,1,0.004060495,0
10456,1,0.0042057377,0
10457,1,0.0041175564,0
10458,1,0.00413501,0
10459,1,0.004316699,0
10460,1,0.004364153,0
10461,1,0.0043086065,0
10462,1,0.0044729854,0
10463,1,0.0045434954,0
10464,1,0.004582203,0
10465,1,0.0045479806,0
10466,1,0.0045635514,0
10467,1,0.004756497,0
10468,1,0.004615524,0
10469,1,0.0045686257,0
10470,1,0.004601248,0
10471,1,0.00495952,0
10472,1,0.004986158,0
10473,1,0.004916108,0
10474,1,0.0051596006,0
10475,1,0.005442325,0
10476,1,0.005629722,0
10477,1,0.0055680717,0
10478,1,0.005668454,0
10479,1,0.0058814655,0
10480,1,0.0059806136,0
10481,1,0.0061008697,0
10482,1,0.006256279,0
10483,1,0.00636214,0
10484,1,0.006325735,0
10485,1,0.0064067557,0
10486,1,0.006476428,0
10487,1,0.006674151,0
10488,1,0.006944318,0
10489,1,0.007109228,0
10490,1,0.007271336,0
10491,1,0.007599392,0
10492,1,0.008056466,0
10493,1,0.008291933,0
10494,1,0.00866383,0
10495,1,0.009053542,0
10496,1,0.009534732,0
10497,1,0.010089148,0
10498,1,0.010748749,0
10499,1,0.011294423,0
10500,1,0.011964532,0
10501,1,0.012063089,0
10502,1,0.012677713,1
10503,1,0.01367604,1
10504,1,0.014098229,1
10505,1,0.014377639,1
10506,1,0.014775932,1
10507,1,0.015645346,1
10508,1,0.01647146,1
10509,0,0.00436707,0
10510,0,0.004428757,0
10511,0,0.0043893894,0
10512,0,0.004314959,0
10513,0,0.0044375523,0
10514,0,0.0043965145,0
10515,0,0.0045289644,0
10516,0,0.0045730295,0
10517,0,0.0046207053,0
10518,0,0.0045065586,0
10519,0,0.0044744173,0
10520,0,0.0044055367,0
10521,0,0.004707564,0
10522,0,0.004800416,0
10523,0,0.004885648,0
10524,0,0.004930594,0
10525,0,0.004821852,0
10526,0,0.0046132472,0
10527,0,0.0043089874,0
10528,0,0.00447141,0
10529,0,0.0045765676,0
10530,0,0.004587414,0
10531,0,0.0045330245,0
10532,0,0.0045194724,0
10533,0,0.004504354,0
10534,0,0.0046258536,0
10535,0,0.0046623126,0
10536,0,0.00461904,0
10537,0,0.004636578,0
10538,0,0.0046058362,0
10539,0,0.004691001,0
10540,0,0.004574123,0
10541,0,0.004684659,0
10542,0,0.0047251605,0
10543,0,0.0045371195,0
10544,0,0.0045666043,0
10545,0,0.004479753,0
10546,0,0.004438943,0
10547,0,0.0043540215,0
10548,0,0.0043722,0
10549,0,0.004436925,0
10550,0,0.00444069,0
10551,0,0.004150844,0
10552,0,0.004096187,0
10553,1,0.004183631,0
10554,1,0.00410738,0
10555,1,0.0040719793,0
10556,1,0.0041475436,0
10557,1,0.004137731,0
10558,1,0.0039568283,0
10559,1,0.0038412365,0
10560,1,0.0040496862,0
10561,1,0.0041689323,0
10562,1,0.004106298,0
10563,1,0.004228279,0
10564,1,0.0041536717,0
10565,1,0.0040793247,0
10566,1,0.0041442234,0
10567,1,0.004050641,0
10568,1,0.003973396,0
10569,1,0.0039811297,0
10570,1,0.004083766,0
10571,1,0.0039770617,0
10572,1,0.003942627,0
10573,1,0.003971148,0
10574,1,0.00394871,0
10575,1,0.0039840667,0
10576,1,0.0040090107,0
10577,1,0.0041434285,0
10578,1,0.0042774337,0
10579,1,0.004310316,0
10580,1,0.004329739,0
10581,1,0.004298572,0
10582,1,0.0043680356,0
10583,1,0.004266595,0
10584,1,0.0043422375,0
10585,1,0.004333779,0
10586,1,0.004322904,0
10587,1,0.004313015,0
10588,1,0.00436181,0
10589,1,0.0044902465,0
10590,1,0.0042320443,0
10591,1,0.0041953623,0
10592,1,0.00429978,0
10593,1,0.0041562347,0
10594,1,0.0042438544,0
10595,1,0.004263714,0
10596,1,0.0042533535,0
10597,1,0.0044471887,0
10598,1,0.0044631427,0
10599,1,0.0045039197,0
10600,1,0.0044426536,0
10601,1,0.0045180083,0
10602,1,0.0043596677,0
10603,1,0.00421016,0
10604,1,0.004188007,0
10605,1,0.0041073035,0
10606,1,0.004119115,0
10607,1,0.004007814,0
10608,1,0.0039336635,0
10609,1,0.0038612364,0
10610,1,0.0039302553,0
10611,1,0.0040230253,0
10612,1,0.004028227,0
10613,1,0.0039850567,0
10614,1,0.003986151,0
10615,1,0.0041200086,0
10616,1,0.0041878307,0
10617,1,0.00425233,0
10618,1,0.0043543484,0
10619,1,0.0043625766,0
10620,1,0.004500953,0
10621,1,0.0047214245,0
10622,1,0.0047731395,0
10623,1,0.0051242113,0
10624,1,0.005154792,0
10625,1,0.0052650664,0
10626,1,0.005404215,0
10627,1,0.0054834406,0
10628,1,0.0056950045,0
10629,1,0.0057871705,0
10630,1,0.0060667675,0
10631,1,0.0063928124,0
10632,1,0.0066012857,0
10633,1,0.0067980215,0
10634,1,0.007033892,0
10635,1,0.0073965816,0
10636,1,0.0077652754,0
10637,1,0.008133025,0
10638,1,0.008411764,0
10639,1,0.008742043,0
10640,1,0.00908766,0
10641,1,0.009552868,0
10642,1,0.010387705,0
10643,1,0.011099332,0
10644,1,0.011867004,0
10645,1,0.012802423,1
10646,1,0.01382782,1
10647,1,0.014900906,1
10648,1,0.01603013,1
10649,1,0.017448703,1
10650,1,0.018811498,1
10651,1,0.020315655,1
10652,1,0.022352643,1
10653,1,0.023618046,1
10654,0,0.006368854,0
10655,0,0.0063683796,0
10656,0,0.0062764767,0
10657,0,0.0063604247,0
10658,0,0.006389778,0
10659,0,0.006301345,0
10660,0,0.006396949,0
10661,0,0.0063608247,0
10662,0,0.0041594952,0
10663,0,0.0041390895,0
10664,0,0.004054657,0
10665,0,0.0040584994,0
10666,0,0.004042993,0
10667,0,0.0037863806,0
10668,0,0.003863953,0
10669,0,0.0038080541,0
10670,0,0.003981571,0
10671,0,0.003780495,0
10672,0,0.0037474253,0
10673,0,0.0037013749,0
10674,0,0.0037926182,0
10675,0,0.003849956,0
10676,0,0.003802157,0
10677,0,0.0036255668,0
10678,0,0.0037592193,0
10679,0,0.0039051718,0
10680,0,0.003993234,0
10681,0,0.00401132,0
10682,0,0.0039733923,0
10683,0,0.003970808,0
10684,0,0.0038390956,0
10685,0,0.003895399,0
10686,0,0.0039601796,0
10687,0,0.0039511975,0
10688,0,0.0039874855,0
10689,0,0.0039798296,0
10690,0,0.003947502,0
10691,0,0.004123196,0
10692,0,0.004112098,0
10693,0,0.004133724,0
10694,0,0.0042172982,0
10695,0,0.0041594435,0
10696,0,0.004108067,0
10697,0,0.004163961,0
10698,0,0.004175238,0
10699,0,0.0041342345,0
10700,0,0.0038859437,0
10701,0,0.003939811,0
10702,0,0.0040153093,0
10703,0,0.0040655513,0
10704,0,0.004142576,0
10705,0,0.00405637,0
10706,0,0.0041012196,0
10707,0,0.0040926873,0
10708,0,0.0038919975,0
10709,0,0.0037517163,0
10710,0,0.003657685,0
10711,0,0.0037375798,0
10712,0,0.003714537,0
10713,0,0.0036550462,0
10714,0,0.0037155987,0
10715,0,0.0036428315,0
10716,0,0.00370745,0
10717,0,0.0036816925,0
10718,0,0.0035931075,0
10719,0,0.0037112036,0
10720,0,0.0036879191,0
10721,0,0.0035054223,0
10722,0,0.0034685263,0
10723,0,0.0035271856,0
10724,0,0.0035299154,0
10725,0,0.003534736,0
10726,0,0.0035261821,0
10727,0,0.003577972,0
10728,0,0.0035517646,0
10729,0,0.0035743618,0
10730,0,0.0037453345,0
10731,0,0.0037844437,0
10732,0,0.0038828321,0
10733,0,0.0039738966,0
10734,0,0.003761497,0
10735,0,0.0039632884,0
10736,0,0.0039699767,0
10737,0,0.003982529,0
10738,0,0.0040316717,0
10739,0,0.0041764746,0
10740,0,0.004146799,0
10741,0,0.004103296,0
10742,0,0.0040818173,0
10743,0,0.0041695633,0
10744,0,0.0041619507,0
10745,0,0.0042532426,0
10746,0,0.0042935684,0
10747,0,0.0042532664,0
10748,0,0.0042828163,0
10749,0,0.004214549,0
10750,0,0.0042683845,0
10751,0,0.0044265687,0
10752,0,0.0045193555,0
10753,0,0.0044239056,0
10754,0,0.004357779,0
10755,0,0.004430592,0
10756,0,0.004451834,0
10757,0,0.0044241315,0
10758,0,0.004457297,0
10759,0,0.0045178425,0
10760,0,0.004449106,0
10761,0,0.004503234,0
10762,0,0.004503656,0
10763,0,0.004302405,0
10764,0,0.0043379455,0
10765,0,0.00405232,0
10766,0,0.004039226,0
10767,0,0.0040473505,0
10768,0,0.0040149633,0
10769,0,0.0039199907,0
10770,0,0.0038910718,0
10771,0,0.0038529658,0
10772,0,0.0039772685,0
10773,0,0.0040036477,0
10774,0,0.004087082,0
10775,0,0.0040224697,0
10776,0,0.003978982,0
10777,0,0.004117711,0
10778,0,0.0041412916,0
10779,0,0.004132604,0
10780,0,0.0042117317,0
10781,0,0.004047046,0
10782,0,0.0040378645,0
10783,0,0.004135807,0
10784,0,0.004280873,0
10785,0,0.0042362395,0
10786,0,0.004215209,0
10787,0,0.004124312,0
10788,0,0.004087006,0
10789,0,0.004083912,0
10790,0,0.0040358407,0
10791,0,0.0038609463,0
10792,0,0.003711974,0
10793,0,0.0038001428,0
10794,0,0.0039026462,0
10795,0,0.0041064997,0
10796,0,0.004123832,0
10797,0,0.0041109384,0
10798,0,0.004173382,0
10799,0,0.0041584745,0
10800,0,0.004132071,0
10801,0,0.004183398,0
10802,0,0.0040815086,0
10803,0,0.0039655706,0
10804,0,0.0038682772,0
10805,0,0.0038849185,0
10806,0,0.0037709803,0
10807,1,0.0036149174,0
10808,1,0.0035623377,0
10809,1,0.0036610947,0
10810,1,0.0035917622,0
10811,1,0.0035975107,0
10812,1,0.0035406097,0
10813,1,0.0035368588,0
10814,1,0.0034794135,0
10815,1,0.0035031459,0
10816,1,0.0036650104,0
10817,1,0.003856518,0
10818,1,0.003892745,0
10819,1,0.004085613,0
10820,1,0.004043169,0
10821,1,0.0041841976,0
10822,1,0.0042033987,0
10823,1,0.0040703537,0
10824,1,0.003966839,0
10825,1,0.0038921542,0
10826,1,0.003937196,0
10827,1,0.0039035173,0
10828,1,0.0038853374,0
10829,1,0.0038556035,0
10830,1,0.0041056634,0
10831,1,0.004056812,0
10832,1,0.004119295,0
10833,1,0.004245919,0
10834,1,0.004253644,0
10835,1,0.004310268,0
10836,1,0.0043819686,0
10837,1,0.0045240126,0
10838,1,0.0045891902,0
10839,1,0.0046658283,0
10840,1,0.004783876,0
10841,1,0.0048598554,0
10842,1,0.0047947746,0
10843,1,0.004871356,0
10844,1,0.004882717,0
10845,1,0.005041267,0
10846,1,0.004999964,0
10847,1,0.0048099468,0
10848,1,0.004796096,0
10849,1,0.00481749,0
10850,1,0.0048791924,0
10851,1,0.0049118823,0
10852,1,0.0050878166,0
10853,1,0.005248992,0
10854,1,0.005316096,0
10855,1,0.005474579,0
10856,1,0.0054130913,0
10857,1,0.0055658473,0
10858,1,0.005716569,0
10859,1,0.0058124587,0
10860,1,0.005780676,0
10861,1,0.0059744576,0
10862,1,0.0060983533,0
10863,1,0.0061429096,0
10864,1,0.0066478276,0
10865,1,0.006695421,0
10866,1,0.0067339614,0
10867,1,0.0066682505,0
10868,1,0.0067622536,0
10869,1,0.0067419307,0
10870,1,0.006877202,0
10871,1,0.0069851824,0
10872,1,0.0071699717,0
10873,1,0.0072560236,0
10874,1,0.0072774207,0
10875,1,0.00731521,0
10876,1,0.0076360917,0
10877,1,0.007869343,0
10878,1,0.008322104,0
10879,1,0.008616707,0
10880,1,0.00875761,0
10881,1,0.009099193,0
10882,1,0.009283127,0
10883,1,0.009766879,0
10884,1,0.010142318,0
10885,1,0.010541827,0
10886,1,0.011030728,0
10887,1,0.011133532,0
10888,1,0.011453155,0
10889,1,0.011703412,0
10890,1,0.012323007,1
10891,1,0.012647462,1
10892,1,0.013144336,1
10893,1,0.013754794,1
10894,1,0.0140032,1
10895,1,0.014811139,1
10896,1,0.015296949,1
10897,1,0.016260512,1
10898,1,0.017015964,1
10899,1,0.017529039,1
10900,1,0.017929386,1
10901,1,0.018828714,1
10902,1,0.019704673,1
10903,1,0.020653907,1
10904,1,0.021724897,1
10905,1,0.0226321,1
10906,1,0.023332965,1
10907,1,0.024371302,1
10908,0,0.008124921,0
10909,0,0.009962686,0
10910,0,0.0100407135,0
10911,0,0.010007112,0
10912,0,0.009967181,0
10913,0,0.009906239,0
10914,0,0.009958619,0
10915,0,0.00988945,0
10916,0,0.009930742,0
10917,0,0.010025802,0
10918,0,0.009870666,0
10919,0,0.009890783,0
10920,0,0.009968546,0
10921,0,0.010068339,0
10922,0,0.010011359,0
10923,0,0.008133915,0
10924,0,0.008050896,0
10925,0,0.008057522,0
10926,0,0.008045311,0
10927,0,0.009974067,0
10928,0,0.009863964,0
10929,0,0.00969532,0
10930,0,0.009907714,0
10931,1,0.009829983,0
10932,1,0.009879352,0
10933,1,0.009952659,0
10934,1,0.008114219,0
10935,1,0.008256033,0
10936,1,0.008250376,0
10937,1,0.008267293,0
10938,1,0.008208513,0
10939,1,0.006373522,0
10940,1,0.006330768,0
10941,1,0.0062189274,0
10942,1,0.006244728,0
10943,1,0.006279971,0
10944,1,0.006254166,0
10945,1,0.006356227,0
10946,1,0.0062561035,0
10947,1,0.0063270126,0
10948,1,0.006188888,0
10949,1,0.006289227,0
10950,1,0.008220925,0
10951,1,0.0081551075,0
10952,1,0.008131725,0
10953,1,0.008133899,0
10954,1,0.008255172,0
10955,1,0.008237576,0
10956,1,0.008228123,0
10957,1,0.006226299,0
10958,1,0.006281095,0
10959,1,0.0062810215,0
10960,1,0.006217734,0
10961,1,0.0062714606,0
10962,1,0.0062486664,0
10963,1,0.006270782,0
10964,1,0.0062235887,0
10965,1,0.006109461,0
10966,1,0.006190677,0
10967,1,0.006138285,0
10968,1,0.0061803455,0
10969,1,0.0060776733,0
10970,1,0.0061219614,0
10971,1,0.0061809006,0
10972,1,0.006032228,0
10973,1,0.0060371826,0
10974,1,0.0060793837,0
10975,1,0.0060063065,0
10976,1,0.0060261562,0
10977,1,0.006092377,0
10978,1,0.0061692293,0
10979,1,0.006235913,0
10980,1,0.004273502,0
10981,1,0.004193929,0
10982,1,0.0041846326,0
10983,1,0.0041017747,0
10984,1,0.0042577446,0
10985,1,0.004312752,0
10986,1,0.0043352875,0
10987,1,0.0047579375,0
10988,1,0.0046975003,0
10989,1,0.004776545,0
10990,1,0.004823083,0
10991,1,0.0049086963,0
10992,1,0.004899251,0
10993,1,0.0049414807,0
10994,1,0.004943329,0
10995,1,0.0050841724,0
10996,1,0.00508437,0
10997,1,0.005071958,0
10998,1,0.005026023,0
10999,1,0.0050210995,0
11000,1,0.005121603,0
11001,1,0.0052405084,0
11002,1,0.0052888114,0
11003,1,0.0053290646,0
11004,1,0.005276894,0
11005,1,0.005560059,0
11006,1,0.005531365,0
11007,1,0.0056168213,0
11008,1,0.00577141,0
11009,1,0.0058336873,0
11010,1,0.0059563243,0
11011,1,0.005849373,0
11012,1,0.0061629834,0
11013,1,0.0063705044,0
11014,1,0.00642847,0
11015,1,0.006581799,0
11016,1,0.0068347985,0
11017,1,0.007263562,0
11018,1,0.007515546,0
11019,1,0.0075085354,0
11020,1,0.00760399,0
11021,1,0.007941331,0
11022,1,0.008169955,0
11023,1,0.008536924,0
11024,1,0.00885927,0
11025,1,0.009149395,0
11026,1,0.009553824,0
11027,1,0.010203551,0
11028,1,0.010530029,0
11029,1,0.011253904,0
11030,1,0.01170443,0
11031,1,0.012449906,1
11032,0,0.004239184,0
11033,0,0.0043955157,0
11034,0,0.004364976,0
11035,0,0.0043205186,0
11036,0,0.00422164,0
11037,0,0.004316932,0
11038,0,0.004390727,0
11039,0,0.004400799,0
11040,0,0.004475118,0
11041,0,0.004480497,0
11042,0,0.0043523926,0
11043,0,0.004260492,0
11044,0,0.004050479,0
11045,0,0.0040711365,0
11046,0,0.0040852237,0
11047,0,0.004017721,0
11048,0,0.0039281407,0
11049,0,0.003866611,0
11050,0,0.0038843304,0
11051,0,0.0038100656,0
11052,0,0.0038884787,0
11053,0,0.0040299143,0
11054,0,0.003984521,0
11055,0,0.003946972,0
11056,0,0.0038898592,0
11057,0,0.0038574915,0
11058,0,0.0039812964,0
11059,0,0.0039761574,0
11060,0,0.0038251868,0
11061,0,0.0059895595,0
11062,0,0.005978684,0
11063,0,0.005937389,0
11064,0,0.005943137,0
11065,0,0.005954413,0
11066,0,0.005932391,0
11067,0,0.005851922,0
11068,0,0.005708433,0
11069,0,0.005764875,0
11070,0,0.005614515,0
11071,0,0.0058720754,0
11072,0,0.0059258877,0
11073,0,0.0060212254,0
11074,0,0.0060484484,0
11075,0,0.006018785,0
11076,0,0.0061042216,0
11077,0,0.0062559843,0
11078,0,0.0062887585,0
11079,0,0.00653711,0
11080,0,0.006556128,0
11081,0,0.006587413,0
11082,0,0.0064850133,0
11083,0,0.0063604973,0
11084,0,0.006361726,0
11085,0,0.0063889846,0
11086,0,0.006364293,0
11087,0,0.0063074,0
11088,0,0.0062806327,0
11089,0,0.0062805084,0
11090,0,0.006288432,0
11091,0,0.0038879341,0
11092,0,0.0038702334,0
11093,0,0.003952405,0
11094,0,0.003928376,0
11095,0,0.003850511,0
11096,0,0.0039486587,0
11097,0,0.004042513,0
11098,0,0.0040242644,0
11099,0,0.0041318084,0
11100,0,0.004248143,0
11101,0,0.0041587497,0
11102,0,0.0042175883,0
11103,0,0.004242615,0
11104,1,0.0042001805,0
11105,1,0.0043311254,0
11106,1,0.00430018,0
11107,1,0.0041827997,0
11108,1,0.004318315,0
11109,1,0.0041088536,0
11110,1,0.0042219874,0
11111,1,0.004172893,0
11112,1,0.00414449,0
11113,1,0.0041344995,0
11114,1,0.0041746194,0
11115,1,0.0043276893,0
11116,1,0.0043726917,0
11117,1,0.004535121,0
11118,1,0.0046279654,0
11119,1,0.0047079097,0
11120,1,0.0047648665,0
11121,1,0.0047834343,0
11122,1,0.0049715214,0
11123,1,0.0048145195,0
11124,1,0.0047893375,0
11125,1,0.004850135,0
11126,1,0.00487529,0
11127,1,0.004798529,0
11128,1,0.004888535,0
11129,1,0.0048269294,0
11130,1,0.004786463,0
11131,1,0.0048376624,0
11132,1,0.004780814,0
11133,1,0.004794913,0
11134,1,0.0047844187,0
11135,1,0.0047761323,0
11136,1,0.004677317,0
11137,1,0.00466555,0
11138,1,0.004592447,0
11139,1,0.0047228145,0
11140,1,0.00457527,0
11141,1,0.0045612603,0
11142,1,0.0046323235,0
11143,1,0.0047535975,0
11144,1,0.004762553,0
11145,1,0.0045797746,0
11146,1,0.004654012,0
11147,1,0.004580885,0
11148,1,0.004599476,0
11149,1,0.004690715,0
11150,1,0.004630643,0
11151,1,0.004768947,0
11152,1,0.004624655,0
11153,1,0.0046741413,0
11154,1,0.004802026,0
11155,1,0.004870255,0
11156,1,0.004791262,0
11157,1,0.0048620775,0
11158,1,0.004976099,0
11159,1,0.004954849,0
11160,1,0.0050381925,0
11161,1,0.005021776,0
11162,1,0.005194574,0
11163,1,0.0053224247,0
11164,1,0.005557503,0
11165,1,0.0054238355,0
11166,1,0.005645662,0
11167,1,0.005753071,0
11168,1,0.0058288537,0
11169,1,0.005975885,0
11170,1,0.0061928253,0
11171,1,0.0063302964,0
11172,1,0.0065182294,0
11173,1,0.0065814094,0
11174,1,0.0067626955,0
11175,1,0.0069930884,0
11176,1,0.006901968,0
11177,1,0.0071435464,0
11178,1,0.0070848498,0
11179,1,0.0072684097,0
11180,1,0.007433458,0
11181,1,0.007702746,0
11182,1,0.007918473,0
11183,1,0.008307846,0
11184,1,0.008546787,0
11185,1,0.008937108,0
11186,1,0.009428533,0
11187,1,0.009750259,0
11188,1,0.009942867,0
11189,1,0.01032704,0
11190,1,0.010583901,0
11191,1,0.011058613,0
11192,1,0.011503834,0
11193,1,0.011889295,0
11194,1,0.012465707,1
11195,1,0.01299206,1
11196,1,0.0136774415,1
11197,1,0.014045826,1
11198,1,0.014646753,1
11199,1,0.015136414,1
11200,1,0.015586466,1
11201,1,0.016274884,1
11202,1,0.016778568,1
11203,1,0.017656082,1
11204,1,0.018374197,1
11205,0,0.004992307,0
11206,0,0.004834795,0
11207,0,0.0048156735,0
11208,0,0.004636698,0
11209,0,0.0046242843,0
11210,0,0.004564906,0
11211,0,0.0045464537,0
11212,0,0.0045546936,0
11213,0,0.004465309,0
11214,0,0.004318061,0
11215,0,0.0043682694,0
11216,0,0.004249338,0
11217,0,0.0042238263,0
11218,0,0.0042610248,0
11219,0,0.004244462,0
11220,0,0.0042703836,0
11221,0,0.0043983916,0
11222,0,0.0044858954,0
11223,0,0.004286083,0
11224,0,0.0044024284,0
11225,0,0.0046753897,0
11226,0,0.004692825,0
11227,0,0.0046633244,0
11228,0,0.004710621,0
11229,0,0.004477732,0
11230,0,0.0044457098,0
11231,0,0.004493601,0
11232,0,0.0044542146,0
11233,0,0.004308895,0
11234,0,0.0042551174,0
11235,0,0.0040698056,0
11236,0,0.0042156116,0
11237,0,0.004309599,0
11238,0,0.0045940983,0
11239,0,0.004626953,0
11240,0,0.004592004,0
11241,0,0.004541843,0
11242,0,0.0044673975,0
11243,0,0.0045284303,0
11244,0,0.004649959,0
11245,0,0.004626263,0
11246,0,0.0046339366,0
11247,0,0.004680587,0
11248,0,0.0047211894,0
11249,0,0.0047358996,0
11250,0,0.0048085935,0
11251,0,0.004687535,0
11252,0,0.0045839315,0
11253,0,0.0045778276,0
11254,0,0.004511406,0
11255,0,0.004253072,0
11256,0,0.0042464696,0
11257,0,0.0042652753,0
11258,0,0.004160887,0
11259,0,0.00431686,0
11260,0,0.004513579,0
11261,0,0.004483954,0
11262,0,0.0044865245,0
11263,0,0.004561746,0
11264,0,0.0066606863,0
11265,0,0.0066726115,0
11266,0,0.0066005243,0
11267,0,0.0064362264,0
11268,0,0.006230841,0
11269,0,0.0061799474,0
11270,0,0.00632198,0
11271,0,0.006376607,0
11272,0,0.00634638,0
11273,0,0.006345091,0
11274,0,0.006342544,0
11275,0,0.0062640714,0
11276,0,0.006311671,0
11277,0,0.0063289898,0
11278,0,0.0062747323,0
11279,0,0.0061677764,0
11280,0,0.0060562645,0
11281,0,0.006029554,0
11282,0,0.0060861385,0
11283,0,0.0061023575,0
11284,0,0.0061371657,0
11285,0,0.006145254,0
11286,0,0.0060318597,0
11287,0,0.0059589134,0
11288,0,0.0059729447,0
11289,0,0.005799128,0
11290,0,0.0056385538,0
11291,0,0.0055619837,0
11292,0,0.005626772,0
11293,0,0.005568392,0
11294,0,0.003490119,0
11295,0,0.0034910382,0
11296,0,0.0035334623,0
11297,0,0.0035277929,0
11298,0,0.003448932,0
11299,0,0.0035789749,0
11300,0,0.0034934015,0
11301,0,0.003516071,0
11302,0,0.0034897027,0
11303,0,0.0034938152,0
11304,0,0.0034483094,0
11305,0,0.0034217692,0
11306,0,0.0033552963,0
11307,0,0.0032967848,0
11308,0,0.0033548265,0
11309,0,0.0034338222,0
11310,0,0.003427832,0
11311,0,0.0034359635,0
11312,0,0.0033974194,0
11313,0,0.0034058746,0
11314,0,0.0034625228,0
11315,0,0.003524924,0
11316,0,0.0036562155,0
11317,0,0.003726035,0
11318,0,0.0037685172,0
11319,0,0.003763966,0
11320,0,0.003797061,0
11321,0,0.0039158356,0
11322,0,0.0039004902,0
11323,0,0.0039875335,0
11324,0,0.0041634343,0
11325,0,0.004105451,0
11326,0,0.0040888865,0
11327,0,0.0041737077,0
11328,0,0.00419267,0
11329,0,0.0041024038,0
11330,0,0.0040743044,0
11331,0,0.0041657663,0
11332,0,0.0043308926,0
11333,0,0.004233804,0
11334,0,0.0043855985,0
11335,0,0.0045120157,0
11336,0,0.004490609,0
11337,0,0.0045834803,0
11338,0,0.0045518973,0
11339,0,0.00453044,0
11340,0,0.00454709,0
11341,0,0.004590556,0
11342,0,0.0046270373,0
11343,0,0.004566543,0
11344,0,0.004438553,0
11345,0,0.004499476,0
11346,0,0.0044768895,0
11347,0,0.0044926824,0
11348,0,0.0044801845,0
11349,0,0.0045290664,0
11350,0,0.0047042645,0
11351,0,0.004686784,0
11352,0,0.0047672824,0
11353,0,0.004707224,0
11354,0,0.004495516,0
11355,0,0.0044952147,0
11356,0,0.004498907,0
11357,0,0.004422639,0
11358,0,0.0043732463,0
11359,0,0.0044017257,0
11360,0,0.004685947,0
11361,0,0.00451691,0
11362,0,0.004536674,0
11363,0,0.004610177,0
11364,0,0.0045035486,0
11365,0,0.0046362444,0
11366,0,0.0046770438,0
11367,0,0.0048181238,0
11368,0,0.0047128727,0
11369,0,0.0047380757,0
11370,0,0.004755812,0
11371,0,0.004701371,0
11372,0,0.0049392013,0
11373,0,0.0049527436,0
11374,0,0.005000264,0
11375,0,0.0048427107,0
11376,0,0.0048065768,0
11377,0,0.0047900425,0
11378,0,0.0047816616,0
11379,0,0.004775792,0
11380,0,0.004647534,0
11381,0,0.0046585035,0
11382,0,0.0045039426,0
11383,0,0.0045899604,0
11384,0,0.0046675093,0
11385,0,0.0047795535,0
11386,0,0.004840391,0
11387,0,0.004834494,0
11388,1,0.004867858,0
11389,1,0.004774446,0
11390,1,0.00452875,0
11391,1,0.0045318827,0
11392,1,0.004446659,0
11393,1,0.0043266364,0
11394,1,0.004342828,0
11395,1,0.0042246543,0
11396,1,0.004205796,0
11397,1,0.004050411,0
11398,1,0.004135992,0
11399,1,0.004206984,0
11400,1,0.0041172304,0
11401,1,0.004151568,0
11402,1,0.0039359196,0
11403,1,0.003893124,0
11404,1,0.003888322,0
11405,1,0.0039635794,0
11406,1,0.003975303,0
11407,1,0.0039964123,0
11408,1,0.0040261266,0
11409,1,0.004037673,0
11410,1,0.0040150946,0
11411,1,0.0040595834,0
11412,1,0.004006646,0
11413,1,0.003960472,0
11414,1,0.0040646004,0
11415,1,0.0039479216,0
11416,1,0.0040899767,0
11417,1,0.0043918546,0
11418,1,0.004417935,0
11419,1,0.004401338,0
11420,1,0.004510268,0
11421,1,0.00461884,0
11422,1,0.0044560283,0
11423,1,0.004639972,0
11424,1,0.004642601,0
11425,1,0.004519286,0
11426,1,0.0045323647,0
11427,1,0.0044335094,0
11428,1,0.004361051,0
11429,1,0.004347433,0
11430,1,0.004376238,0
11431,1,0.0044035534,0
11432,1,0.0044129523,0
11433,1,0.004520054,0
11434,1,0.0046021594,0
11435,1,0.00463101,0
11436,1,0.004635084,0
11437,1,0.0047972924,0
11438,1,0.0048107477,0
11439,1,0.004836026,0
11440,1,0.0048652366,0
11441,1,0.0047646947,0
11442,1,0.0050191097,0
11443,1,0.0052826726,0
11444,1,0.0051462026,0
11445,1,0.0051822253,0
11446,1,0.005303316,0
11447,1,0.0051497547,0
11448,1,0.0053220014,0
11449,1,0.0055083404,0
11450,1,0.0056218193,0
11451,1,0.005759947,0
11452,1,0.005901908,0
11453,1,0.0059299376,0
11454,1,0.0061319894,0
11455,1,0.0064778253,0
11456,1,0.0066284495,0
11457,1,0.0067533026,0
11458,1,0.0072463704,0
11459,1,0.007554811,0
11460,1,0.0076853153,0
11461,1,0.007914752,0
11462,1,0.008292767,0
11463,1,0.0085116895,0
11464,1,0.008698852,0
11465,1,0.008712468,0
11466,1,0.00896713,0
11467,1,0.009255779,0
11468,1,0.009523804,0
11469,1,0.009955593,0
11470,1,0.010158336,0
11471,1,0.010797286,0
11472,1,0.011509813,0
11473,1,0.011769774,0
11474,1,0.012232321,0
11475,1,0.012870888,1
11476,1,0.013276696,1
11477,1,0.013746989,1
11478,1,0.014164869,1
11479,1,0.014823403,1
11480,1,0.015229733,1
11481,1,0.015626863,1
11482,1,0.015968075,1
11483,1,0.016528394,1
11484,1,0.017085025,1
11485,1,0.017484354,1
11486,1,0.018080292,1
11487,1,0.018628389,1
11488,1,0.019012734,1
11489,0,0.003947569,0
11490,0,0.003909162,0
11491,0,0.003921653,0
11492,0,0.0038815595,0
11493,0,0.004043062,0
11494,0,0.0040305946,0
11495,0,0.004084404,0
11496,0,0.0040448327,0
11497,0,0.0061315126,0
11498,0,0.006259163,0
11499,0,0.0063080355,0
11500,0,0.0063270386,0
11501,0,0.006506877,0
11502,0,0.006585671,0
11503,0,0.0065344265,0
11504,0,0.0064515974,0
11505,0,0.006565039,0
11506,0,0.0066219857,0
11507,0,0.0067011965,0
11508,0,0.006623817,0
11509,0,0.0066595175,0
11510,0,0.0066458946,0
11511,0,0.0064304625,0
11512,0,0.0063297437,0
11513,0,0.006377141,0
11514,0,0.006252854,0
11515,0,0.0062717176,0
11516,0,0.0063114204,0
11517,0,0.0061979177,0
11518,0,0.006104977,0
11519,0,0.006225601,0
11520,0,0.0061414624,0
11521,0,0.0061389282,0
11522,0,0.006278353,0
11523,0,0.0062301247,0
11524,0,0.0062127262,0
11525,0,0.0061895745,0
11526,0,0.00627561,0
11527,0,0.0041933325,0
11528,0,0.004150811,0
11529,0,0.0041480935,0
11530,0,0.004210073,0
11531,0,0.00402567,0
11532,0,0.00391698,0
11533,0,0.0039783427,0
11534,0,0.0040934393,0
11535,0,0.0040621357,0
11536,0,0.0040528704,0
11537,0,0.0039921054,0
11538,0,0.004074693,0
11539,0,0.003981965,0
11540,0,0.0039069466,0
11541,0,0.0038706574,0
11542,0,0.0038842054,0
11543,0,0.0039552017,0
11544,0,0.004024142,0
11545,0,0.004189912,0
11546,0,0.004112344,0
11547,0,0.004154376,0
11548,0,0.004187602,0
11549,0,0.004155126,0
11550,0,0.004180285,0
11551,0,0.004284146,0
11552,0,0.0042413347,0
11553,0,0.0041246517,0
11554,0,0.0042618383,0
11555,0,0.0063880095,0
11556,0,0.006303248,0
11557,0,0.0062466683,0
11558,1,0.0062478003,0
11559,1,0.0062897787,0
11560,1,0.006186141,0
11561,1,0.006376446,0
11562,1,0.00636689,0
11563,1,0.006334127,0
11564,1,0.0062244,0
11565,1,0.0061319987,0
11566,1,0.0060295053,0
11567,1,0.0059917592,0
11568,1,0.005961364,0
11569,1,0.0060054157,0
11570,1,0.0059913243,0
11571,1,0.0060353223,0
11572,1,0.0061594266,0
11573,1,0.006085026,0
11574,1,0.006135125,0
11575,1,0.005960324,0
11576,1,0.006022639,0
11577,1,0.0060855974,0
11578,1,0.0062149344,0
11579,1,0.00622647,0
11580,1,0.006285727,0
11581,1,0.006193003,0
11582,1,0.0060753296,0
11583,1,0.0064245,0
11584,1,0.006234594,0
11585,1,0.0040793777,0
11586,1,0.004196005,0
11587,1,0.0042170538,0
11588,1,0.0042259796,0
11589,1,0.0041393195,0
11590,1,0.0041703926,0
11591,1,0.0040559317,0
11592,1,0.004163418,0
11593,1,0.0041512153,0
11594,1,0.0042029303,0
11595,1,0.004307234,0
11596,1,0.004436167,0
11597,1,0.0044502425,0
11598,1,0.00457631,0
11599,1,0.004700345,0
11600,1,0.0046812687,0
11601,1,0.0046828506,0
11602,1,0.0047351625,0
11603,1,0.0046501565,0
11604,1,0.0045943838,0
11605,1,0.0047243107,0
11606,1,0.004798047,0
11607,1,0.004742575,0
11608,1,0.004608523,0
11609,1,0.00476364,0
11610,1,0.0047271824,0
11611,1,0.004819513,0
11612,1,0.004924359,0
11613,1,0.004798472,0
11614,1,0.004873079,0
11615,1,0.005075787,0
11616,1,0.0051377784,0
11617,1,0.0052230502,0
11618,1,0.005127656,0
11619,1,0.0053477827,0
11620,1,0.005516585,0
11621,1,0.005695723,0
11622,1,0.005823485,0
11623,1,0.0060752607,0
11624,1,0.00612305,0
11625,1,0.0063527334,0
11626,1,0.0064986157,0
11627,1,0.00665287,0
11628,1,0.0068966113,0
11629,1,0.0067943865,0
11630,1,0.006938136,0
11631,1,0.007146134,0
11632,1,0.0072186417,0
11633,1,0.0075031854,0
11634,1,0.007891178,0
11635,1,0.0079546515,0
11636,1,0.008076159,0
11637,1,0.008382911,0
11638,1,0.008797374,0
11639,1,0.008859476,0
11640,1,0.009409645,0
11641,1,0.009685976,0
11642,1,0.010276068,0
11643,1,0.010716583,0
11644,1,0.011204693,0
11645,1,0.011599344,0
11646,1,0.012500102,1
11647,1,0.013347696,1
11648,1,0.0145651335,1
11649,1,0.015059845,1
11650,1,0.015914164,1
11651,1,0.016519118,1
11652,1,0.016984593,1
11653,1,0.017925622,1
11654,1,0.019223459,1
11655,1,0.020558968,1
11656,1,0.0219806,1
11657,1,0.02356556,1
11658,1,0.024967665,1
11659,0,0.004200443,0
11660,0,0.004239292,0
11661,0,0.0041136416,0
11662,0,0.0041234437,0
11663,0,0.004177568,0
11664,0,0.0041856146,0
11665,0,0.0043257447,0
11666,0,0.0043276516,0
11667,0,0.0043594255,0
11668,0,0.004404732,0
11669,0,0.0045449133,0
11670,0,0.0044748466,0
11671,0,0.0043462543,0
11672,0,0.0043948386,0
11673,0,0.0043425085,0
11674,0,0.00444915,0
11675,0,0.004477589,0
11676,0,0.0044519524,0
11677,0,0.0044566737,0
11678,0,0.004562557,0
11679,0,0.0045265974,0
11680,0,0.004564443,0
11681,0,0.0047147186,0
11682,0,0.004620761,0
11683,0,0.004594215,0
11684,0,0.0045367675,0
11685,0,0.0044264416,0
11686,0,0.0045763655,0
11687,0,0.004515538,0
11688,0,0.0044530234,0
11689,0,0.0043324945,0
11690,0,0.0044111796,0
11691,0,0.004531175,0
11692,0,0.0045172274,0
11693,0,0.004478015,0
11694,0,0.004552854,0
11695,0,0.0043948926,0
11696,0,0.004451712,0
11697,0,0.0044589057,0
11698,0,0.0043087266,0
11699,0,0.004217982,0
11700,0,0.0064044953,0
11701,0,0.006506868,0
11702,0,0.0064592734,0
11703,0,0.006563935,0
11704,0,0.0064807613,0
11705,0,0.0064784437,0
11706,0,0.0065204166,0
11707,0,0.006682943,0
11708,0,0.006563108,0
11709,0,0.00646296,0
11710,0,0.0064437487,0
11711,0,0.0062172455,0
11712,0,0.0062175486,0
11713,0,0.0061775846,0
11714,0,0.0061397455,0
11715,0,0.0060641547,0
11716,0,0.005983654,0
11717,0,0.0059752455,0
11718,0,0.0059411465,0
11719,0,0.0059328633,0
11720,0,0.005934421,0
11721,0,0.005794508,0
11722,0,0.0057534473,0
11723,0,0.0076313964,0
11724,0,0.0076917745,0
11725,0,0.007812611,0
11726,0,0.007769871,0
11727,0,0.0077657504,0
11728,0,0.0077866293,0
11729,0,0.007784832,0
11730,0,0.0057969964,0
11731,0,0.005728716,0
11732,0,0.0057942807,0
11733,0,0.0058207554,0
11734,0,0.00574463,0
11735,0,0.0057182894,0
11736,0,0.005723297,0
11737,0,0.0055704345,0
11738,0,0.0075495937,0
11739,0,0.007578778,0
11740,0,0.007663474,0
11741,0,0.0077644764,0
11742,0,0.007837884,0
11743,0,0.007766303,0
11744,0,0.0078112367,0
11745,0,0.008002309,0
11746,0,0.007960413,0
11747,0,0.0097734975,0
11748,0,0.0098248655,0
11749,0,0.009773972,0
11750,0,0.009687637,0
11751,0,0.009822773,0
11752,0,0.009917365,0
11753,0,0.008000844,0
11754,0,0.008060567,0
11755,0,0.007978351,0
11756,0,0.008079728,0
11757,0,0.008077582,0
11758,0,0.008088405,0
11759,0,0.008076957,0
11760,0,0.007985105,0
11761,0,0.007895012,0
11762,0,0.007827165,0
11763,0,0.007711879,0
11764,0,0.007686858,0
11765,0,0.0076419343,0
11766,0,0.0076848217,0
11767,0,0.0077232677,0
11768,0,0.0058436394,0
11769,0,0.0059317173,0
11770,0,0.0058634873,0
11771,0,0.00576645,0
11772,0,0.005720109,0
11773,0,0.0058729723,0
11774,0,0.0058592455,0
11775,0,0.005765638,0
11776,0,0.0059382557,0
11777,0,0.0039328826,0
11778,0,0.0040665907,0
11779,0,0.0042542676,0
11780,0,0.0042318143,0
11781,0,0.00412985,0
11782,0,0.0042024394,0
11783,0,0.0042073787,0
11784,0,0.0040741833,0
11785,0,0.004066062,0
11786,0,0.003931275,0
11787,0,0.0039480985,0
11788,0,0.003953221,0
11789,0,0.004025796,0
11790,0,0.0040372694,0
11791,0,0.004201238,0
11792,0,0.004226019,0
11793,0,0.004315504,0
11794,0,0.0042771692,0
11795,0,0.0043224487,0
11796,0,0.004372162,0
11797,0,0.004355494,0
11798,0,0.0043080943,0
11799,0,0.004276071,0
11800,0,0.0042270315,0
11801,0,0.0044807843,0
11802,0,0.0045920247,0
11803,0,0.0045484067,0
11804,0,0.0045645237,0
11805,0,0.004587326,0
11806,0,0.0044432348,0
11807,0,0.004403651,0
11808,0,0.004219203,0
11809,0,0.0040117926,0
11810,0,0.004035831,0
11811,0,0.004056177,0
11812,0,0.0039781295,0
11813,0,0.003973004,0
11814,0,0.0040771733,0
11815,0,0.00401207,0
11816,0,0.0040859813,0
11817,0,0.0040957583,0
11818,0,0.0040800553,0
11819,0,0.004070735,0
11820,0,0.004123625,0
11821,0,0.0040751826,0
11822,0,0.0041060797,0
11823,0,0.0041357568,0
11824,0,0.0042003454,0
11825,0,0.0041462323,0
11826,0,0.0040742913,0
11827,0,0.0043324404,0
11828,0,0.0043307445,0
11829,0,0.0043044467,0
11830,0,0.0044560297,0
11831,0,0.0042342953,0
11832,0,0.0040577105,0
11833,0,0.0039988663,0
11834,0,0.003957354,0
11835,0,0.003920423,0
11836,0,0.0038720618,0
11837,0,0.004015694,0
11838,0,0.0040607103,0
11839,0,0.004228988,0
11840,0,0.004216264,0
11841,0,0.004226218,0
11842,0,0.0042285263,0
11843,0,0.004295517,0
11844,0,0.0043763597,0
11845,0,0.004448167,0
11846,0,0.004530562,0
11847,0,0.0044839517,0
11848,0,0.0044253976,0
11849,0,0.004328642,0
11850,0,0.004302453,0
11851,0,0.004308982,0
11852,0,0.0044434145,0
11853,0,0.004349898,0
11854,0,0.0043596476,0
11855,0,0.0043441853,0
11856,0,0.004445951,0
11857,0,0.0043041734,0
11858,0,0.004297903,0
11859,0,0.004294042,0
11860,0,0.0042645484,0
11861,0,0.0042363512,0
11862,0,0.0042700754,0
11863,0,0.0044137742,0
11864,0,0.004607768,0
11865,0,0.0045520235,0
11866,0,0.004631922,0
11867,0,0.004470825,0
11868,0,0.0046619046,0
11869,0,0.004675252,0
11870,0,0.004722982,0
11871,0,0.0046844822,0
11872,0,0.0047489447,0
11873,0,0.0047000283,0
11874,0,0.0045406385,0
11875,0,0.004639825,0
11876,0,0.004494487,0
11877,0,0.0044249548,0
11878,0,0.0045248717,0
11879,0,0.0045366217,0
11880,0,0.0046747457,0
11881,0,0.0047644423,0
11882,0,0.0046496144,0
11883,0,0.0046061953,0
11884,0,0.004741818,0
11885,0,0.004729996,0
11886,0,0.004676391,0
11887,0,0.00460065,0
11888,0,0.004720054,0
11889,0,0.0047671963,0
11890,0,0.004748581,0
11891,1,0.0047659683,0
11892,1,0.0047775274,0
11893,1,0.0047039744,0
11894,1,0.004500565,0
11895,1,0.004514658,0
11896,1,0.004387879,0
11897,1,0.0043276283,0
11898,1,0.004145642,0
11899,1,0.0041984757,0
11900,1,0.0042728633,0
11901,1,0.004379657,0
11902,1,0.004288782,0
11903,1,0.004442285,0
11904,1,0.004538776,0
11905,1,0.004597817,0
11906,1,0.0047843317,0
11907,1,0.0048123365,0
11908,1,0.004749734,0
11909,1,0.0047398866,0
11910,1,0.0044276286,0
11911,1,0.0044028377,0
11912,1,0.004413783,0
11913,1,0.004522328,0
11914,1,0.00432724,0
11915,1,0.0043721856,0
11916,1,0.0045362315,0
11917,1,0.0046491665,0
11918,1,0.0045724576,0
11919,1,0.0044511636,0
11920,1,0.0045076306,0
11921,1,0.0045443196,0
11922,1,0.0045440965,0
11923,1,0.0046896334,0
11924,1,0.0047556707,0
11925,1,0.0047118613,0
11926,1,0.0047779907,0
11927,1,0.004743305,0
11928,1,0.0049266852,0
11929,1,0.0048494055,0
11930,1,0.0047508497,0
11931,1,0.004780653,0
11932,1,0.0047942493,0
11933,1,0.0045747184,0
11934,1,0.004525919,0
11935,1,0.004455616,0
11936,1,0.004351318,0
11937,1,0.004381918,0
11938,1,0.0043497714,0
11939,1,0.0043737944,0
11940,1,0.004501126,0
11941,1,0.0047910805,0
11942,1,0.005036594,0
11943,1,0.0051646237,0
11944,1,0.0053761494,0
11945,1,0.005473594,0
11946,1,0.005453179,0
11947,1,0.0053311638,0
11948,1,0.0053778905,0
11949,1,0.005525756,0
11950,1,0.0055740164,0
11951,1,0.005716775,0
11952,1,0.00586935,0
11953,1,0.005980018,0
11954,1,0.005967244,0
11955,1,0.0061544515,0
11956,1,0.0062559075,0
11957,1,0.006455088,0
11958,1,0.0065212767,0
11959,1,0.006722541,0
11960,1,0.006979799,0
11961,1,0.0073551713,0
11962,1,0.007519973,0
11963,1,0.007991135,0
11964,1,0.00809631,0
11965,1,0.008495829,0
11966,1,0.008759686,0
11967,1,0.009138075,0
11968,1,0.009482937,0
11969,1,0.010020928,0
11970,1,0.010437361,0
11971,1,0.010633795,0
11972,1,0.01089904,0
11973,1,0.011272229,0
11974,1,0.01187209,0
11975,1,0.012273946,0
11976,1,0.012748447,1
11977,1,0.01333797,1
11978,1,0.0136425635,1
11979,1,0.014195913,1
11980,1,0.014693182,1
11981,1,0.015035389,1
11982,1,0.015306337,1
11983,1,0.016176991,1
11984,1,0.016869191,1
11985,1,0.01727456,1
11986,1,0.01809027,1
11987,1,0.0189723,1
11988,1,0.019617781,1
11989,1,0.020343866,1
11990,1,0.020933084,1
11991,1,0.02147714,1
11992,0,0.0047247875,0
11993,0,0.004721204,0
11994,0,0.004602906,0
11995,0,0.004770987,0
11996,0,0.0047580237,0
11997,0,0.004682703,0
11998,0,0.004704318,0
11999,1,0.0046070116,0
12000,1,0.0047107646,0
12001,1,0.004571117,0
12002,1,0.0044868337,0
12003,1,0.004402172,0
12004,1,0.0044011963,0
12005,1,0.0044117915,0
12006,1,0.0042771487,0
12007,1,0.0042334604,0
12008,1,0.0041881264,0
12009,1,0.004189987,0
12010,1,0.0040449216,0
12011,1,0.004121973,0
12012,1,0.004112794,0
12013,1,0.004173981,0
12014,1,0.004137027,0
12015,1,0.0040059234,0
12016,1,0.0040119174,0
12017,1,0.004039687,0
12018,1,0.003885817,0
12019,1,0.003911257,0
12020,1,0.003846966,0
12021,1,0.0038009179,0
12022,1,0.0038885814,0
12023,1,0.0038978052,0
12024,1,0.0038962797,0
12025,1,0.003859281,0
12026,1,0.0039161895,0
12027,1,0.003925079,0
12028,1,0.0039146105,0
12029,1,0.0038720784,0
12030,1,0.0037886305,0
12031,1,0.0037364182,0
12032,1,0.0037520144,0
12033,1,0.0037252582,0
12034,1,0.0036599513,0
12035,1,0.0037068634,0
12036,1,0.0038261998,0
12037,1,0.0037626917,0
12038,1,0.0036920796,0
12039,1,0.0036408543,0
12040,1,0.0036828932,0
12041,1,0.0036431379,0
12042,1,0.0037275145,0
12043,1,0.0036975967,0
12044,1,0.003749228,0
12045,1,0.0036439535,0
12046,1,0.0036690393,0
12047,1,0.0036474038,0
12048,1,0.0036915569,0
12049,1,0.0037828695,0
12050,1,0.003797376,0
12051,1,0.0038485965,0
12052,1,0.003844264,0
12053,1,0.0037947737,0
12054,1,0.003928407,0
12055,1,0.0039190743,0
12056,1,0.0040320484,0
12057,1,0.0039927927,0
12058,1,0.00404242,0
12059,1,0.004108397,0
12060,1,0.0043735723,0
12061,1,0.0044143843,0
12062,1,0.0045984415,0
12063,1,0.00464107,0
12064,1,0.004763777,0
12065,1,0.0048132017,0
12066,1,0.0049270685,0
12067,1,0.004981875,0
12068,1,0.0050151604,0
12069,1,0.00516822,0
12070,1,0.005243147,0
12071,1,0.0051709404,0
12072,1,0.0051730922,0
12073,1,0.005140675,0
12074,1,0.005152968,0
12075,1,0.0052649532,0
12076,1,0.00528151,0
12077,1,0.005344777,0
12078,1,0.0052730097,0
12079,1,0.0053922147,0
12080,1,0.005348655,0
12081,1,0.0054197153,0
12082,1,0.00560484,0
12083,1,0.005841335,0
12084,1,0.0059211985,0
12085,1,0.0060831024,0
12086,1,0.006292746,0
12087,1,0.0067663463,0
12088,1,0.0069377795,0
12089,1,0.007317057,0
12090,1,0.007782472,0
12091,1,0.008244479,0
12092,1,0.008833439,0
12093,1,0.009363826,0
12094,1,0.010060389,0
12095,1,0.010849346,0
12096,1,0.011988176,0
12097,1,0.012581747,1
12098,1,0.013847409,1
12099,1,0.01464938,1
12100,0,0.0044594663,0
12101,0,0.004472994,0
12102,0,0.004712834,0
12103,0,0.0046683834,0
12104,0,0.004643586,0
12105,0,0.004616457,0
12106,0,0.004622227,0
12107,0,0.0043589,0
12108,0,0.004278285,0
12109,0,0.0040906114,0
12110,0,0.0040769614,0
12111,0,0.004172106,0
12112,0,0.004064914,0
12113,0,0.0041288775,0
12114,0,0.004094585,0
12115,0,0.0041245245,0
12116,0,0.0040956778,0
12117,0,0.0040791444,0
12118,0,0.0040380303,0
12119,0,0.0039516054,0
12120,0,0.003992211,0
12121,0,0.004012043,0
12122,0,0.003942878,0
12123,0,0.0040264903,0
12124,0,0.00397119,0
12125,0,0.0039526713,0
12126,0,0.0039270683,0
12127,0,0.004023628,0
12128,0,0.0039687743,0
12129,0,0.0039060724,0
12130,0,0.0038075522,0
12131,0,0.0037098832,0
12132,0,0.0034305616,0
12133,0,0.0034634077,0
12134,0,0.0036102438,0
12135,0,0.0036508038,0
12136,0,0.0035741096,0
12137,0,0.0036785593,0
12138,0,0.0036559047,0
12139,0,0.0036130021,0
12140,0,0.003664582,0
12141,0,0.0035609538,0
12142,0,0.0036071222,0
12143,0,0.0035854864,0
12144,0,0.0035611046,0
12145,0,0.0036000034,0
12146,0,0.003551457,0
12147,0,0.0034824442,0
12148,0,0.0035240129,0
12149,0,0.0036110373,0
12150,0,0.0035220392,0
12151,0,0.0035324881,0
12152,0,0.0035154757,0
12153,0,0.0035305857,0
12154,0,0.0036280958,0
12155,0,0.0036435483,0
12156,0,0.0036547645,0
12157,0,0.003445725,0
12158,0,0.0033628084,0
12159,0,0.0033391751,0
12160,0,0.0034251262,0
12161,0,0.0034346704,0
12162,0,0.003458469,0
12163,0,0.003539475,0
12164,0,0.0033559292,0
12165,0,0.0033336673,0
12166,0,0.0034905095,0
12167,0,0.0033791612,0
12168,0,0.0034925758,0
12169,0,0.0034943204,0
12170,0,0.0033977455,0
12171,0,0.0034215169,0
12172,0,0.0034222822,0
12173,0,0.0033014216,0
12174,0,0.003277319,0
12175,0,0.0033207126,0
12176,0,0.0033704021,0
12177,0,0.0033002917,0
12178,1,0.0033032857,0
12179,1,0.003183305,0
12180,1,0.0032332796,0
12181,1,0.0032485253,0
12182,1,0.0032323478,0
12183,1,0.0031505125,0
12184,1,0.0030273309,0
12185,1,0.0030758735,0
12186,1,0.0030708204,0
12187,1,0.0030383987,0
12188,1,0.0032349518,0
12189,1,0.003280136,0
12190,1,0.0033526677,0
12191,1,0.0034552845,0
12192,1,0.003540925,0
12193,1,0.0035707161,0
12194,1,0.0037275336,0
12195,1,0.0037676038,0
12196,1,0.0038166207,0
12197,1,0.0039829006,0
12198,1,0.003986463,0
12199,1,0.0040438906,0
12200,1,0.00403907,0
12201,1,0.0041119647,0
12202,1,0.004206401,0
12203,1,0.004456772,0
12204,1,0.004551975,0
12205,1,0.004555485,0
12206,1,0.0045255865,0
12207,1,0.004531388,0
12208,1,0.0045635947,0
12209,1,0.004586665,0
12210,1,0.0046014516,0
12211,1,0.00468792,0
12212,1,0.0047728517,0
12213,1,0.004882015,0
12214,1,0.004965136,0
12215,1,0.004868926,0
12216,1,0.0048446157,0
12217,1,0.0049565975,0
12218,1,0.0050065806,0
12219,1,0.004979272,0
12220,1,0.0048771985,0
12221,1,0.0049370835,0
12222,1,0.0049683587,0
12223,1,0.005020952,0
12224,1,0.0048930985,0
12225,1,0.004895724,0
12226,1,0.0048535634,0
12227,1,0.00476512,0
12228,1,0.004675363,0
12229,1,0.004769473,0
12230,1,0.004958118,0
12231,1,0.0049321484,0
12232,1,0.00479832,0
12233,1,0.0046960977,0
12234,1,0.0046522375,0
12235,1,0.004651977,0
12236,1,0.004695498,0
12237,1,0.0047692587,0
12238,1,0.0047390144,0
12239,1,0.004833301,0
12240,1,0.0047975997,0
12241,1,0.0048954617,0
12242,1,0.004838271,0
12243,1,0.0049516386,0
12244,1,0.004912804,0
12245,1,0.005220513,0
12246,1,0.005352856,0
12247,1,0.005477882,0
12248,1,0.0053416477,0
12249,1,0.0055634235,0
12250,1,0.006013383,0
12251,1,0.0060470817,0
12252,1,0.006332221,0
12253,1,0.0066046757,0
12254,1,0.006805302,0
12255,1,0.006904908,0
12256,1,0.0069410945,0
12257,1,0.0073770448,0
12258,1,0.007813213,0
12259,1,0.008010865,0
12260,1,0.00808071,0
12261,1,0.00878094,0
12262,1,0.0092738215,0
12263,1,0.009484381,0
12264,1,0.009878173,0
12265,1,0.0103468895,0
12266,1,0.011088826,0
12267,1,0.011780546,0
12268,1,0.01233024,1
12269,1,0.013030635,1
12270,1,0.013904028,1
12271,1,0.01476698,1
12272,1,0.015677571,1
12273,1,0.016579011,1
12274,1,0.017525157,1
12275,1,0.018362533,1
12276,1,0.019629842,1
12277,1,0.020984652,1
12278,1,0.02268595,1
12279,0,0.006262135,0
12280,0,0.006133939,0
12281,0,0.00618655,0
12282,0,0.0061895233,0
12283,0,0.006121708,0
12284,0,0.006046937,0
12285,0,0.0059484527,0
12286,0,0.00594376,0
12287,0,0.0058603943,0
12288,0,0.005622308,0
12289,0,0.005538866,0
12290,0,0.00367215,0
12291,0,0.0037297218,0
12292,0,0.0036584735,0
12293,0,0.003643832,0
12294,0,0.0035999066,0
12295,0,0.0037336438,0
12296,0,0.003863887,0
12297,0,0.0038499294,0
12298,0,0.003736603,0
12299,0,0.0037287537,0
12300,0,0.0035776908,0
12301,0,0.0037320505,0
12302,0,0.0037260894,0
12303,0,0.0037520805,0
12304,0,0.0037322904,0
12305,0,0.0037288174,0
12306,0,0.0036796543,0
12307,0,0.005967265,0
12308,0,0.0060363756,0
12309,0,0.0058021713,0
12310,0,0.0058806804,0
12311,0,0.005684622,0
12312,0,0.005798238,0
12313,0,0.005827818,0
12314,0,0.0058939615,0
12315,0,0.0058785714,0
12316,0,0.0060883663,0
12317,0,0.0060542417,0
12318,0,0.006235678,0
12319,0,0.006213857,0
12320,0,0.0059692,0
12321,0,0.005925228,0
12322,0,0.00596044,0
12323,0,0.00593933,0
12324,0,0.005961056,0
12325,0,0.0058716233,0
12326,0,0.005868637,0
12327,0,0.005808565,0
12328,0,0.006178629,0
12329,0,0.006251904,0
12330,0,0.0062866826,0
12331,0,0.0062384605,0
12332,0,0.0064284494,0
12333,0,0.0064308527,0
12334,0,0.006524795,0
12335,0,0.0065479386,0
12336,0,0.0065744654,0
12337,0,0.004422046,0
12338,0,0.0043360596,0
12339,0,0.004318628,0
12340,0,0.0043125385,0
12341,0,0.004422756,0
12342,0,0.004400861,0
12343,0,0.004503514,0
12344,0,0.004418696,0
12345,0,0.004724911,0
12346,0,0.004611183,0
12347,0,0.006901086,0
12348,0,0.0066819848,0
12349,0,0.0066973423,0
12350,0,0.006776887,0
12351,0,0.0067589567,0
12352,0,0.0067345155,0
12353,0,0.006719065,0
12354,0,0.0068941675,0
12355,0,0.0069151064,0
12356,0,0.006884765,0
12357,0,0.0071021877,0
12358,0,0.006801061,0
12359,0,0.0067131044,0
12360,0,0.0065860194,0
12361,0,0.0065936954,0
12362,1,0.006434666,0
12363,1,0.0065672644,0
12364,1,0.0063831406,0
12365,1,0.0063784393,0
12366,1,0.0063066706,0
12367,1,0.0062467195,0
12368,1,0.0064652096,0
12369,1,0.0065824795,0
12370,1,0.006553366,0
12371,1,0.0066028046,0
12372,1,0.00661253,0
12373,1,0.006463474,0
12374,1,0.00644775,0
12375,1,0.0062881606,0
12376,1,0.0062138992,0
12377,1,0.003968405,0
12378,1,0.0039741923,0
12379,1,0.004123649,0
12380,1,0.004113436,0
12381,1,0.0041422774,0
12382,1,0.004292092,0
12383,1,0.0042198324,0
12384,1,0.0042868047,0
12385,1,0.0042816293,0
12386,1,0.004313708,0
12387,1,0.00416799,0
12388,1,0.004189107,0
12389,1,0.004298439,0
12390,1,0.004286492,0
12391,1,0.0042144377,0
12392,1,0.004172821,0
12393,1,0.004048146,0
12394,1,0.0040975315,0
12395,1,0.0040590526,0
12396,1,0.0041495194,0
12397,1,0.004158981,0
12398,1,0.0040802713,0
12399,1,0.0039560194,0
12400,1,0.003957188,0
12401,1,0.0039438074,0
12402,1,0.0038889293,0
12403,1,0.0038669417,0
12404,1,0.0038330355,0
12405,1,0.0038893085,0
12406,1,0.0039348598,0
12407,1,0.003993832,0
12408,1,0.0040881503,0
12409,1,0.004109274,0
12410,1,0.0041358834,0
12411,1,0.0040947595,0
12412,1,0.004036699,0
12413,1,0.0042705033,0
12414,1,0.0043212185,0
12415,1,0.0043074875,0
12416,1,0.0043511786,0
12417,1,0.0044824276,0
12418,1,0.004546888,0
12419,1,0.004520468,0
12420,1,0.004524187,0
12421,1,0.004562858,0
12422,1,0.004811416,0
12423,1,0.004888526,0
12424,1,0.0049731745,0
12425,1,0.0049175336,0
12426,1,0.005137053,0
12427,1,0.005285256,0
12428,1,0.0053471164,0
12429,1,0.00524208,0
12430,1,0.005338924,0
12431,1,0.0053483476,0
12432,1,0.0055064717,0
12433,1,0.0054849456,0
12434,1,0.005505966,0
12435,1,0.0054156305,0
12436,1,0.00552577,0
12437,1,0.00561681,0
12438,1,0.005807988,0
12439,1,0.005863795,0
12440,1,0.006146131,0
12441,1,0.006246281,0
12442,1,0.0063357484,0
12443,1,0.006452312,0
12444,1,0.006595079,0
12445,1,0.0070727244,0
12446,1,0.0072727576,0
12447,1,0.0074524614,0
12448,1,0.007851383,0
12449,1,0.008264518,0
12450,1,0.008498234,0
12451,1,0.008993755,0
12452,1,0.009495354,0
12453,1,0.0099995,0
12454,1,0.010373965,0
12455,1,0.011025024,0
12456,1,0.012213951,0
12457,1,0.012340552,1
12458,1,0.013308891,1
12459,1,0.0140258055,1
12460,1,0.0148683265,1
12461,1,0.015751395,1
12462,1,0.016598122,1
12463,0,0.0038121687,0
12464,0,0.003893376,0
12465,0,0.0039015193,0
12466,0,0.0039448906,0
12467,0,0.0039531123,0
12468,0,0.0039117937,0
12469,0,0.003948691,0
12470,0,0.0039618094,0
12471,0,0.0039548045,0
12472,0,0.0040970882,0
12473,0,0.00405008,0
12474,0,0.0038931558,0
12475,0,0.0038966532,0
12476,0,0.003912851,0
12477,0,0.0038157501,0
12478,0,0.0038730628,0
12479,0,0.0038017745,0
12480,0,0.0037826407,0
12481,0,0.003798452,0
12482,0,0.0037613558,0
12483,0,0.003784762,0
12484,0,0.0037713167,0
12485,0,0.0038507674,0
12486,0,0.0041204384,0
12487,0,0.004138328,0
12488,0,0.0041471873,0
12489,0,0.0041441554,0
12490,0,0.0043242355,0
12491,0,0.004332887,0
12492,0,0.004301116,0
12493,0,0.0042198156,0
12494,0,0.0041420218,0
12495,0,0.0043061334,0
12496,0,0.004241309,0
12497,0,0.0041431137,0
12498,0,0.0041450383,0
12499,0,0.004029187,0
12500,0,0.004059354,0
12501,0,0.0040848264,0
12502,0,0.0040619723,0
12503,0,0.0041304417,0
12504,0,0.0041803583,0
12505,0,0.004150023,0
12506,0,0.0042191646,0
12507,0,0.0042913053,0
12508,0,0.0043028365,0
12509,0,0.004372818,0
12510,0,0.004440626,0
12511,0,0.004296005,0
12512,0,0.0041965935,0
12513,0,0.004099936,0
12514,0,0.0041653994,0
12515,0,0.0041632154,0
12516,0,0.0039499225,0
12517,0,0.0038598753,0
12518,0,0.0038748246,0
12519,0,0.003917015,0
12520,0,0.0038611004,0
12521,0,0.0038471492,0
12522,0,0.0039068516,0
12523,0,0.0039159483,0
12524,0,0.003976186,0
12525,0,0.0038820342,0
12526,0,0.0039544306,0
12527,0,0.004012015,0
12528,0,0.0039741895,0
12529,0,0.0039920155,0
12530,0,0.004010103,0
12531,0,0.004005858,0
12532,0,0.003910407,0
12533,0,0.0039243405,0
12534,0,0.004012765,0
12535,0,0.004101269,0
12536,0,0.004039194,0
12537,0,0.003982329,0
12538,0,0.0039415876,0
12539,0,0.0039366665,0
12540,0,0.003863521,0
12541,0,0.0039773425,0
12542,0,0.004024479,0
12543,0,0.003973065,0
12544,0,0.0039095813,0
12545,0,0.0037499582,0
12546,1,0.0038974348,0
12547,1,0.004014479,0
12548,1,0.003931361,0
12549,1,0.0038813793,0
12550,1,0.0038887952,0
12551,1,0.0039057033,0
12552,1,0.0039191647,0
12553,1,0.0039678635,0
12554,1,0.003947961,0
12555,1,0.0040178336,0
12556,1,0.0040548802,0
12557,1,0.0040725204,0
12558,1,0.004156849,0
12559,1,0.004208409,0
12560,1,0.004201979,0
12561,1,0.0041320017,0
12562,1,0.0041097715,0
12563,1,0.004023021,0
12564,1,0.0039450806,0
12565,1,0.0041541425,0
12566,1,0.0042294445,0
12567,1,0.0042729406,0
12568,1,0.00431626,0
12569,1,0.0043305927,0
12570,1,0.0044273767,0
12571,1,0.004327076,0
12572,1,0.0042778854,0
12573,1,0.004430761,0
12574,1,0.004491668,0
12575,1,0.004705009,0
12576,1,0.0045777867,0
12577,1,0.0045478307,0
12578,1,0.0046302075,0
12579,1,0.0047157328,0
12580,1,0.0046318946,0
12581,1,0.0046578147,0
12582,1,0.004653542,0
12583,1,0.004643082,0
12584,1,0.0046965275,0
12585,1,0.0046147634,0
12586,1,0.004551467,0
12587,1,0.004545567,0
12588,1,0.0045383917,0
12589,1,0.004506973,0
12590,1,0.0046310215,0
12591,1,0.004701794,0
12592,1,0.004705975,0
12593,1,0.004797075,0
12594,1,0.004877436,0
12595,1,0.0047390577,0
12596,1,0.00489629,0
12597,1,0.0048946855,0
12598,1,0.004982187,0
12599,1,0.0051160357,0
12600,1,0.0050560883,0
12601,1,0.0051335017,0
12602,1,0.00551791,0
12603,1,0.005527643,0
12604,1,0.005705908,0
12605,1,0.0058911634,0
12606,1,0.0060033207,0
12607,1,0.0061659506,0
12608,1,0.0062854737,0
12609,1,0.006391464,0
12610,1,0.0065027345,0
12611,1,0.00673842,0
12612,1,0.0069803284,0
12613,1,0.007105666,0
12614,1,0.0072007063,0
12615,1,0.0074277883,0
12616,1,0.007541243,0
12617,1,0.007959271,0
12618,1,0.0080239605,0
12619,1,0.008395468,0
12620,1,0.008652826,0
12621,1,0.00872428,0
12622,1,0.008940221,0
12623,1,0.009327694,0
12624,1,0.009585259,0
12625,1,0.009827599,0
12626,1,0.010095996,0
12627,1,0.010474766,0
12628,1,0.01081905,0
12629,1,0.011171341,0
12630,1,0.011626322,0
12631,1,0.012140809,0
12632,1,0.012183279,0
12633,1,0.012804098,1
12634,1,0.013134197,1
12635,1,0.013546736,1
12636,1,0.014108193,1
12637,1,0.014618401,1
12638,1,0.01504563,1
12639,1,0.015638635,1
12640,1,0.016295703,1
12641,1,0.017100468,1
12642,1,0.017626932,1
12643,1,0.01828973,1
12644,1,0.019241074,1
12645,1,0.019990576,1
12646,1,0.020499462,1
12647,0,0.010066181,0
12648,0,0.010037325,0
12649,0,0.010043322,0
12650,0,0.010088681,0
12651,0,0.010131597,0
12652,0,0.010078915,0
12653,0,0.010181093,0
12654,0,0.010074927,0
12655,0,0.010008029,0
12656,0,0.009919805,0
12657,0,0.009897976,0
12658,0,0.00992271,0
12659,0,0.009915295,0
12660,0,0.009910881,0
12661,0,0.009820293,0
12662,0,0.009719917,0
12663,0,0.009547572,0
12664,0,0.009610638,0
12665,0,0.007862953,0
12666,0,0.005915019,0
12667,0,0.0058368025,0
12668,0,0.006075907,0
12669,0,0.006081039,0
12670,0,0.006072179,0
12671,0,0.0061793,0
12672,0,0.0061910534,0
12673,0,0.0040088757,0
12674,0,0.0042172684,0
12675,0,0.004227262,0
12676,0,0.004201136,0
12677,0,0.004148685,0
12678,0,0.0041542845,0
12679,0,0.0040809764,0
12680,0,0.0040176613,0
12681,0,0.0039702635,0
12682,0,0.003910676,0
12683,1,0.003962296,0
12684,1,0.0041353297,0
12685,1,0.0041706054,0
12686,1,0.0041916287,0
12687,1,0.004248862,0
12688,1,0.0042638103,0
12689,1,0.0041747317,0
12690,1,0.004271027,0
12691,1,0.004273296,0
12692,1,0.004217201,0
12693,1,0.0043304735,0
12694,1,0.0042700525,0
12695,1,0.004341051,0
12696,1,0.0043582553,0
12697,1,0.004419532,0
12698,1,0.0042208857,0
12699,1,0.004325716,0
12700,1,0.004391682,0
12701,1,0.0043963133,0
12702,1,0.0044706,0
12703,1,0.0044131335,0
12704,1,0.0042799776,0
12705,1,0.0043243305,0
12706,1,0.0044196057,0
12707,1,0.004475254,0
12708,1,0.0044868984,0
12709,1,0.004586297,0
12710,1,0.004587252,0
12711,1,0.0047073946,0
12712,1,0.0047300546,0
12713,1,0.004544642,0
12714,1,0.0046058167,0
12715,1,0.004727286,0
12716,1,0.004764892,0
12717,1,0.0047410745,0
12718,1,0.0047166976,0
12719,1,0.004713726,0
12720,1,0.004653688,0
12721,1,0.004572151,0
12722,1,0.0045549916,0
12723,1,0.004429843,0
12724,1,0.004390006,0
12725,1,0.0043374533,0
12726,1,0.0042881966,0
12727,1,0.004305006,0
12728,1,0.0044898596,0
12729,1,0.0044358047,0
12730,1,0.004364638,0
12731,1,0.004211009,0
12732,1,0.004213436,0
12733,1,0.0041832365,0
12734,1,0.0043153646,0
12735,1,0.0042621642,0
12736,1,0.0042553493,0
12737,1,0.004196764,0
12738,1,0.004126864,0
12739,1,0.004064991,0
12740,1,0.0040353443,0
12741,1,0.00403116,0
12742,1,0.004087731,0
12743,1,0.004073888,0
12744,1,0.0040024957,0
12745,1,0.0042773467,0
12746,1,0.0042529297,0
12747,1,0.0043982784,0
12748,1,0.004485525,0
12749,1,0.0046867803,0
12750,1,0.0046856995,0
12751,1,0.004846787,0
12752,1,0.0047722273,0
12753,1,0.004730738,0
12754,1,0.00474652,0
12755,1,0.0047040754,0
12756,1,0.004763223,0
12757,1,0.004855909,0
12758,1,0.005268409,0
12759,1,0.0052762693,0
12760,1,0.0054739793,0
12761,1,0.005370409,0
12762,1,0.0053807027,0
12763,1,0.0055815964,0
12764,1,0.0055834507,0
12765,1,0.005726525,0
12766,1,0.0060043004,0
12767,1,0.0063892356,0
12768,1,0.0064829243,0
12769,1,0.0064104493,0
12770,1,0.0066872407,0
12771,1,0.0067089526,0
12772,1,0.0068986164,0
12773,1,0.0072610127,0
12774,1,0.007504188,0
12775,1,0.007840175,0
12776,1,0.0081029795,0
12777,1,0.008413604,0
12778,1,0.008902693,0
12779,1,0.009401453,0
12780,1,0.010261508,0
12781,1,0.011134074,0
12782,1,0.011842728,0
12783,1,0.0129549345,1
12784,0,0.0039813947,0
12785,0,0.003979335,0
12786,0,0.003955224,0
12787,0,0.003980497,0
12788,0,0.004007404,0
12789,0,0.004011574,0
12790,0,0.004166801,0
12791,0,0.0041159643,0
12792,0,0.004086284,0
12793,0,0.0039835507,0
12794,0,0.0039394437,0
12795,0,0.003962675,0
12796,0,0.0037521215,0
12797,0,0.003824147,0
12798,0,0.003753163,0
12799,0,0.0038571712,0
12800,0,0.0038523276,0
12801,0,0.0039260876,0
12802,0,0.003998371,0
12803,0,0.003811163,0
12804,0,0.0037844474,0
12805,0,0.0036955676,0
12806,0,0.0037178814,0
12807,0,0.003723536,0
12808,0,0.0038053773,0
12809,0,0.0037767205,0
12810,0,0.0038566252,0
12811,0,0.0039606905,0
12812,0,0.0039869794,0
12813,0,0.0040407656,0
12814,0,0.003978708,0
12815,0,0.0040172776,0
12816,0,0.0040341364,0
12817,0,0.0040727486,0
12818,0,0.0040302207,0
12819,0,0.0040245526,0
12820,0,0.0039454554,0
12821,0,0.0039405557,0
12822,0,0.0039969822,0
12823,0,0.0039334735,0
12824,0,0.003982343,0
12825,0,0.0039658356,0
12826,0,0.0039280686,0
12827,0,0.003870243,0
12828,0,0.003978786,0
12829,0,0.003917692,0
12830,0,0.0038932187,0
12831,0,0.0039484967,0
12832,0,0.0039754636,0
12833,0,0.0039783637,0
12834,0,0.004040314,0
12835,0,0.0041103284,0
12836,0,0.004119161,0
12837,0,0.0041523883,0
12838,0,0.0041001015,0
12839,0,0.004087625,0
12840,0,0.0041464623,0
12841,0,0.0040678005,0
12842,0,0.0040602684,0
12843,0,0.004011258,0
12844,0,0.0040364065,0
12845,0,0.0039767004,0
12846,0,0.003913735,0
12847,0,0.0038114632,0
12848,0,0.0038558429,0
12849,0,0.003923876,0
12850,0,0.0039042623,0
12851,0,0.0038916436,0
12852,0,0.003938713,0
12853,0,0.004027111,0
12854,0,0.0041058054,0
12855,0,0.0041648885,0
12856,0,0.0042366036,0
12857,0,0.0042669023,0
12858,0,0.0042926283,0
12859,0,0.0043094778,0
12860,0,0.0043081893,0
12861,0,0.0042683054,0
12862,0,0.0041892207,0
12863,0,0.004143279,0
12864,0,0.004269322,0
12865,0,0.004382091,0
12866,0,0.0044001243,0
12867,0,0.004413609,0
12868,0,0.004477836,0
12869,0,0.0045537665,0
12870,0,0.004659532,0
12871,0,0.0046819593,0
12872,0,0.004708944,0
12873,0,0.004675505,0
12874,0,0.004633118,0
12875,0,0.004656054,0
12876,0,0.0046515693,0
12877,0,0.004745082,0
12878,0,0.004784486,0
12879,0,0.0046592304,0
12880,0,0.0046693976,0
12881,0,0.0046050656,0
12882,0,0.004492762,0
12883,1,0.0044717756,0
12884,1,0.00454783,0
12885,1,0.0044060047,0
12886,1,0.0043467134,0
12887,1,0.004390219,0
12888,1,0.0043619312,0
12889,1,0.0043260516,0
12890,1,0.0043149176,0
12891,1,0.0044338023,0
12892,1,0.0044811238,0
12893,1,0.0045390613,0
12894,1,0.0043811775,0
12895,1,0.004352419,0
12896,1,0.0043927934,0
12897,1,0.0042937114,0
12898,1,0.0042400802,0
12899,1,0.0041793804,0
12900,1,0.0040384,0
12901,1,0.004234206,0
12902,1,0.004221678,0
12903,1,0.0043097795,0
12904,1,0.004383175,0
12905,1,0.004419305,0
12906,1,0.00440247,0
12907,1,0.0043295803,0
12908,1,0.004241119,0
12909,1,0.0042847716,0
12910,1,0.0042686244,0
12911,1,0.0043671415,0
12912,1,0.004409515,0
12913,1,0.004378884,0
12914,1,0.004363818,0
12915,1,0.004311914,0
12916,1,0.004307118,0
12917,1,0.004291197,0
12918,1,0.004495771,0
12919,1,0.0045530675,0
12920,1,0.004579713,0
12921,1,0.0044087083,0
12922,1,0.004460393,0
12923,1,0.0045057978,0
12924,1,0.004501507,0
12925,1,0.004571983,0
12926,1,0.0046934,0
12927,1,0.004870767,0
12928,1,0.004879117,0
12929,1,0.0049736416,0
12930,1,0.004928878,0
12931,1,0.0048105395,0
12932,1,0.004847392,0
12933,1,0.0048355265,0
12934,1,0.004799845,0
12935,1,0.004869428,0
12936,1,0.005114387,0
12937,1,0.005205013,0
12938,1,0.0053314334,0
12939,1,0.0054510124,0
12940,1,0.0055062254,0
12941,1,0.0055514676,0
12942,1,0.005593004,0
12943,1,0.005742767,0
12944,1,0.0056794807,0
12945,1,0.0058809216,0
12946,1,0.006074104,0
12947,1,0.006185004,0
12948,1,0.006145464,0
12949,1,0.006214099,0
12950,1,0.006420283,0
12951,1,0.006765118,0
12952,1,0.0068919864,0
12953,1,0.0070602307,0
12954,1,0.007371563,0
12955,1,0.0075202584,0
12956,1,0.007555467,0
12957,1,0.0078063854,0
12958,1,0.00826305,0
12959,1,0.008630327,0
12960,1,0.0090179555,0
12961,1,0.009266777,0
12962,1,0.009723293,0
12963,1,0.010147809,0
12964,1,0.010387633,0
12965,1,0.010813612,0
12966,1,0.010856711,0
12967,1,0.0111858165,0
12968,1,0.011704231,0
12969,1,0.012045682,0
12970,1,0.012334297,1
12971,1,0.012650758,1
12972,1,0.013040415,1
12973,1,0.013516509,1
12974,1,0.014129631,1
12975,1,0.014790983,1
12976,1,0.015240977,1
12977,1,0.015616576,1
12978,1,0.016472448,1
12979,1,0.017293978,1
12980,1,0.017877234,1
12981,1,0.018522732,1
12982,1,0.01937472,1
12983,1,0.02006438,1
12984,0,0.0040317816,0
12985,0,0.0041000796,0
12986,0,0.004222417,0
12987,0,0.0041459366,0
12988,0,0.0040967176,0
12989,0,0.0041503683,0
12990,0,0.0041380567,0
12991,0,0.0040680147,0
12992,0,0.0040152064,0
12993,0,0.004050283,0
12994,0,0.004033229,0
12995,0,0.003911657,0
12996,0,0.003918899,0
12997,0,0.0038607207,0
12998,0,0.003816365,0
12999,0,0.0039023187,0
13000,0,0.003985495,0
13001,0,0.004121623,0
13002,0,0.004214128,0
13003,0,0.0042267106,0
13004,0,0.0040603275,0
13005,0,0.0040264535,0
13006,0,0.0040578535,0
13007,0,0.0039032078,0
13008,0,0.00393806,0
13009,0,0.004041748,0
13010,0,0.0041192304,0
13011,0,0.004164431,0
13012,0,0.004189593,0
13013,0,0.004418424,0
13014,0,0.004434853,0
13015,0,0.0045216447,0
13016,0,0.0043740105,0
13017,0,0.0044629723,0
13018,0,0.004455626,0
13019,0,0.004580779,0
13020,0,0.004586011,0
13021,0,0.0046929987,0
13022,0,0.004892473,0
13023,0,0.004985444,0
13024,0,0.0048256074,0
13025,0,0.0048948363,0
13026,0,0.0049632783,0
13027,0,0.005017375,0
13028,0,0.0050635594,0
13029,0,0.0050060125,0
13030,0,0.005013786,0
13031,0,0.00486015,0
13032,0,0.0048707016,0
13033,0,0.0048910114,0
13034,0,0.004994449,0
13035,0,0.0050327918,0
13036,0,0.005025148,0
13037,0,0.005119024,0
13038,0,0.0051445486,0
13039,0,0.005077315,0
13040,0,0.0048389426,0
13041,0,0.0047569205,0
13042,0,0.0048658554,0
13043,0,0.004776635,0
13044,0,0.004874152,0
13045,0,0.0048025735,0
13046,0,0.0048638145,0
13047,0,0.0047653783,0
13048,0,0.0046361373,0
13049,0,0.00439917,0
13050,0,0.0043663788,0
13051,0,0.0042833867,0
13052,0,0.0042427974,0
13053,0,0.0041756555,0
13054,0,0.004341911,0
13055,0,0.00432763,0
13056,0,0.0043491186,0
13057,0,0.004284259,0
13058,0,0.0043139807,0
13059,0,0.004350495,0
13060,0,0.004427696,0
13061,0,0.004582952,0
13062,0,0.0045831134,0
13063,0,0.004464632,0
13064,1,0.0043360516,0
13065,1,0.0043045864,0
13066,1,0.004303286,0
13067,1,0.004219785,0
13068,1,0.0041188817,0
13069,1,0.0040986706,0
13070,1,0.0042057666,0
13071,1,0.0042246366,0
13072,1,0.0040045865,0
13073,1,0.00390011,0
13074,1,0.0038659605,0
13075,1,0.0038331368,0
13076,1,0.0038230142,0
13077,1,0.0038828396,0
13078,1,0.0039493535,0
13079,1,0.0039708195,0
13080,1,0.004085874,0
13081,1,0.0040884707,0
13082,1,0.004089982,0
13083,1,0.004047854,0
13084,1,0.0039725904,0
13085,1,0.0040555294,0
13086,1,0.004057873,0
13087,1,0.004250498,0
13088,1,0.004216808,0
13089,1,0.0042104893,0
13090,1,0.003943134,0
13091,1,0.0038652902,0
13092,1,0.0038400884,0
13093,1,0.003994331,0
13094,1,0.0041266214,0
13095,1,0.0040632514,0
13096,1,0.0040707323,0
13097,1,0.004047258,0
13098,1,0.004077321,0
13099,1,0.0040734415,0
13100,1,0.0040897806,0
13101,1,0.0042921924,0
13102,1,0.004350668,0
13103,1,0.00425268,0
13104,1,0.004237043,0
13105,1,0.004237119,0
13106,1,0.004404009,0
13107,1,0.004360844,0
13108,1,0.0045461114,0
13109,1,0.0044997353,0
13110,1,0.0043605943,0
13111,1,0.004345993,0
13112,1,0.0042932183,0
13113,1,0.004383359,0
13114,1,0.004413544,0
13115,1,0.0043617375,0
13116,1,0.004412962,0
13117,1,0.004389484,0
13118,1,0.00442774,0
13119,1,0.004494731,0
13120,1,0.004654004,0
13121,1,0.004665751,0
13122,1,0.004937631,0
13123,1,0.0049121752,0
13124,1,0.0048364494,0
13125,1,0.004894056,0
13126,1,0.004998075,0
13127,1,0.0052551073,0
13128,1,0.005325947,0
13129,1,0.0053570718,0
13130,1,0.0055406676,0
13131,1,0.005496679,0
13132,1,0.0057143425,0
13133,1,0.0059093083,0
13134,1,0.0059210844,0
13135,1,0.0061274357,0
13136,1,0.0062828637,0
13137,1,0.0063626864,0
13138,1,0.006348587,0
13139,1,0.0065659457,0
13140,1,0.00695386,0
13141,1,0.0072970768,0
13142,1,0.0077020763,0
13143,1,0.008020293,0
13144,1,0.008195921,0
13145,1,0.008497174,0
13146,1,0.00875578,0
13147,1,0.008900667,0
13148,1,0.009070636,0
13149,1,0.0095868455,0
13150,1,0.009864589,0
13151,1,0.010259101,0
13152,1,0.010561927,0
13153,1,0.011170746,0
13154,1,0.011548305,0
13155,1,0.01199594,0
13156,1,0.012609651,1
13157,1,0.013037394,1
13158,1,0.013828243,1
13159,1,0.014460275,1
13160,1,0.015047896,1
13161,1,0.015634846,1
13162,1,0.016233599,1
13163,1,0.016889522,1
13164,1,0.017603643,1
13165,0,0.0063474122,0
13166,0,0.006391648,0
13167,0,0.0063015167,0
13168,0,0.0063943146,0
13169,0,0.0064503383,0
13170,0,0.00678476,0
13171,0,0.006771091,0
13172,0,0.0065456303,0
13173,0,0.0066157836,0
13174,0,0.006607296,0
13175,0,0.0065625594,0
13176,0,0.0064237216,0
13177,0,0.0063204793,0
13178,0,0.0062542357,0
13179,0,0.006202858,0
13180,0,0.0061478023,0
13181,0,0.0060058767,0
13182,0,0.005927599,0
13183,0,0.005949391,0
13184,0,0.0059606503,0
13185,0,0.006154959,0
13186,0,0.0062120953,0
13187,0,0.006259136,0
13188,0,0.0040371106,0
13189,1,0.0041463603,0
13190,1,0.00424692,0
13191,1,0.004140906,0
13192,1,0.0041685104,0
13193,1,0.0043015587,0
13194,1,0.0044152685,0
13195,1,0.004570629,0
13196,1,0.0047956975,0
13197,1,0.0048604487,0
13198,1,0.004706777,0
13199,1,0.0046917023,0
13200,1,0.004266611,0
13201,1,0.004294451,0
13202,1,0.004400946,0
13203,1,0.004423336,0
13204,1,0.0044491193,0
13205,1,0.0044580386,0
13206,1,0.0044903206,0
13207,1,0.0045817704,0
13208,1,0.004659924,0
13209,1,0.004708815,0
13210,1,0.004742388,0
13211,1,0.00475717,0
13212,1,0.004767937,0
13213,1,0.0048056487,0
13214,1,0.0047521223,0
13215,1,0.0049308334,0
13216,1,0.004842464,0
13217,1,0.004815391,0
13218,1,0.004943149,0
13219,1,0.004822927,0
13220,1,0.0047854595,0
13221,1,0.0049326303,0
13222,1,0.004824319,0
13223,1,0.0048494055,0
13224,1,0.0048269955,0
13225,1,0.0047542094,0
13226,1,0.004486538,0
13227,1,0.004453389,0
13228,1,0.00450486,0
13229,1,0.0045779557,0
13230,1,0.0047950004,0
13231,1,0.0049260347,0
13232,1,0.004883303,0
13233,1,0.004948189,0
13234,1,0.0051539326,0
13235,1,0.0052166563,0
13236,1,0.0052107554,0
13237,1,0.005109998,0
13238,1,0.004998671,0
13239,1,0.004985951,0
13240,1,0.0051467596,0
13241,1,0.0051185694,0
13242,1,0.005155211,0
13243,1,0.005111681,0
13244,1,0.005185146,0
13245,1,0.0048219804,0
13246,1,0.0047837375,0
13247,1,0.0046748044,0
13248,1,0.004587883,0
13249,1,0.004708961,0
13250,1,0.0046619587,0
13251,1,0.004581208,0
13252,1,0.0047457702,0
13253,1,0.004828422,0
13254,1,0.004699818,0
13255,1,0.0046573863,0
13256,1,0.0046873908,0
13257,1,0.0046293857,0
13258,1,0.004635626,0
13259,1,0.0046254965,0
13260,1,0.0046560504,0
13261,1,0.004515227,0
13262,1,0.00465147,0
13263,1,0.0047257356,0
13264,1,0.0048262193,0
13265,1,0.004802512,0
13266,1,0.004811541,0
13267,1,0.005023044,0
13268,1,0.0051127765,0
13269,1,0.005091115,0
13270,1,0.005141396,0
13271,1,0.005520417,0
13272,1,0.005669895,0
13273,1,0.005885201,0
13274,1,0.0060668257,0
13275,1,0.0063765952,0
13276,1,0.006632599,0
13277,1,0.0067200344,0
13278,1,0.0069019496,0
13279,1,0.007289419,0
13280,1,0.0075959926,0
13281,1,0.007996121,0
13282,1,0.008383667,0
13283,1,0.008806689,0
13284,1,0.009886124,0
13285,1,0.0108083915,0
13286,1,0.011238824,0
13287,1,0.011796477,0
13288,1,0.012886151,1
13289,1,0.014048759,1
13290,0,0.015952883,1
13291,0,0.015966356,1
13292,0,0.014766277,1
13293,0,0.013359627,1
13294,0,0.011596316,0
13295,0,0.013069846,1
13296,0,0.014523263,1
13297,0,0.0147405565,1
13298,0,0.0148696285,1
13299,0,0.014721006,1
13300,0,0.014925814,1
13301,0,0.01340349,1
13302,0,0.013339566,1
13303,0,0.013410217,1
13304,0,0.013424971,1
13305,0,0.014995754,1
13306,0,0.0149959745,1
13307,0,0.014990828,1
13308,0,0.0148990275,1
13309,0,0.015095162,1
13310,0,0.013564379,1
13311,0,0.012023065,0
13312,0,0.013650672,1
13313,0,0.0150177255,1
13314,0,0.014997973,1
13315,0,0.0151701635,1
13316,0,0.015145847,1
13317,0,0.015263208,1
13318,0,0.015513113,1
13319,0,0.01546296,1
13320,0,0.015312186,1
13321,0,0.015213662,1
13322,0,0.015163372,1
13323,0,0.015182738,1
13324,0,0.0153089035,1
13325,0,0.013970243,1
13326,0,0.012282272,0
13327,0,0.012049085,0
13328,0,0.011938744,0
13329,0,0.011986624,0
13330,0,0.011972025,0
13331,0,0.011904015,0
13332,0,0.013501145,1
13333,0,0.013406004,1
13334,0,0.013479976,1
13335,0,0.011715013,0
13336,0,0.011728031,0
13337,0,0.011748779,0
13338,0,0.013267545,1
13339,0,0.013353802,1
13340,0,0.013475219,1
13341,0,0.013584226,1
13342,0,0.012039469,0
13343,0,0.010322298,0
13344,0,0.010347366,0
13345,0,0.0102479495,0
13346,0,0.008532956,0
13347,0,0.00841732,0
13348,0,0.008276316,0
13349,0,0.008314232,0
13350,0,0.008439253,0
13351,0,0.008653742,0
13352,0,0.010399935,0
13353,0,0.012216366,0
13354,0,0.012352526,1
13355,0,0.012290817,0
13356,0,0.012352671,1
13357,0,0.012323011,1
13358,0,0.0123428665,1
13359,0,0.012313116,1
13360,0,0.012307199,1
13361,0,0.01239336,1
13362,0,0.010596036,0
13363,0,0.010548344,0
13364,0,0.010541251,0
13365,0,0.010524279,0
13366,0,0.010418716,0
13367,0,0.01222027,0
13368,0,0.010500663,0
13369,0,0.010327786,0
13370,0,0.010166844,0
13371,0,0.010061378,0
13372,0,0.010076942,0
13373,0,0.010196343,0
13374,0,0.01030667,0
13375,0,0.010363508,0
13376,0,0.01024995,0
13377,0,0.01046481,0
13378,0,0.010504565,0
13379,0,0.010442511,0
13380,0,0.010374454,0
13381,0,0.010308009,0
13382,0,0.008565376,0
13383,0,0.006563207,0
13384,0,0.00632988,0
13385,0,0.0063706744,0
13386,0,0.0064315614,0
13387,0,0.006551033,0
13388,0,0.006482655,0
13389,0,0.008449478,0
13390,0,0.00833454,0
13391,1,0.00843906,0
13392,1,0.008462677,0
13393,1,0.008440595,0
13394,1,0.00857993,0
13395,1,0.008533652,0
13396,1,0.008578917,0
13397,1,0.0066351914,0
13398,1,0.0085146725,0
13399,1,0.008433579,0
13400,1,0.008594525,0
13401,1,0.008597911,0
13402,1,0.0085262945,0
13403,1,0.008324928,0
13404,1,0.008316686,0
13405,1,0.008289853,0
13406,1,0.008228848,0
13407,1,0.007951424,0
13408,1,0.009755365,0
13409,1,0.009776873,0
13410,1,0.009785035,0
13411,1,0.009797272,0
13412,1,0.0097659705,0
13413,1,0.009810844,0
13414,1,0.0098105045,0
13415,1,0.009892242,0
13416,1,0.009841523,0
13417,1,0.009709267,0
13418,1,0.009735484,0
13419,1,0.007927275,0
13420,1,0.008124848,0
13421,1,0.007957542,0
13422,1,0.0079972325,0
13423,1,0.008055922,0
13424,1,0.007829851,0
13425,1,0.0078075104,0
13426,1,0.007921031,0
13427,1,0.0079382695,0
13428,1,0.006067926,0
13429,1,0.0061326083,0
13430,1,0.0062574777,0
13431,1,0.0062128548,0
13432,1,0.0062560393,0
13433,1,0.006385896,0
13434,1,0.0063985307,0
13435,1,0.0065265275,0
13436,1,0.006542598,0
13437,1,0.006479028,0
13438,1,0.004287911,0
13439,1,0.0044096094,0
13440,1,0.004602966,0
13441,1,0.0047458583,0
13442,1,0.004673072,0
13443,1,0.0047802767,0
13444,1,0.0048198504,0
13445,1,0.004809153,0
13446,1,0.004787012,0
13447,1,0.004896197,0
13448,1,0.004892805,0
13449,1,0.0049046683,0
13450,1,0.004986736,0
13451,1,0.0050842064,0
13452,1,0.0048745912,0
13453,1,0.0049348897,0
13454,1,0.0048702513,0
13455,1,0.004869144,0
13456,1,0.0047741816,0
13457,1,0.004716196,0
13458,1,0.0047299415,0
13459,1,0.004758052,0
13460,1,0.004784106,0
13461,1,0.004769054,0
13462,1,0.004664077,0
13463,1,0.0047473875,0
13464,1,0.004734189,0
13465,1,0.00492422,0
13466,1,0.004761448,0
13467,1,0.0049148584,0
13468,1,0.00490269,0
13469,1,0.005040132,0
13470,1,0.0053340155,0
13471,1,0.0054710396,0
13472,1,0.0057076076,0
13473,1,0.0058853384,0
13474,1,0.0060013086,0
13475,1,0.0060646767,0
13476,1,0.006399711,0
13477,1,0.006736989,0
13478,1,0.0072366926,0
13479,1,0.0076319887,0
13480,1,0.007698585,0
13481,1,0.007934197,0
13482,1,0.008617373,0
13483,1,0.009188997,0
13484,1,0.009668287,0
13485,1,0.010576795,0
13486,1,0.011207634,0
13487,1,0.012007728,0
13488,1,0.01262004,1
13489,1,0.013174642,1
13490,1,0.01413023,1
13491,1,0.015072226,1
13492,0,0.009887046,0
13493,0,0.010021747,0
13494,0,0.010225246,0
13495,0,0.00850711,0
13496,0,0.0085986275,0
13497,0,0.010481962,0
13498,0,0.010524564,0
13499,0,0.010443256,0
13500,0,0.010364005,0
13501,0,0.0103373965,0
13502,0,0.010339938,0
13503,0,0.010262638,0
13504,0,0.008487295,0
13505,0,0.008436605,0
13506,0,0.008390239,0
13507,0,0.006443394,0
13508,0,0.006413378,0
13509,0,0.006456811,0
13510,0,0.006405526,0
13511,0,0.006417578,0
13512,0,0.006290169,0
13513,0,0.0065190583,0
13514,0,0.0065808664,0
13515,0,0.0065704226,0
13516,0,0.0065457397,0
13517,0,0.006515457,0
13518,0,0.0065079806,0
13519,0,0.0065035466,0
13520,0,0.0063760164,0
13521,0,0.006498205,0
13522,0,0.006439719,0
13523,0,0.006270842,0
13524,0,0.006229525,0
13525,0,0.008193141,0
13526,0,0.0080484785,0
13527,0,0.006119515,0
13528,0,0.00614967,0
13529,0,0.00620751,0
13530,0,0.0062375665,0
13531,0,0.006229778,0
13532,0,0.0062365253,0
13533,0,0.006389917,0
13534,0,0.0063400716,0
13535,0,0.006424676,0
13536,0,0.0063473736,0
13537,0,0.0063135675,0
13538,0,0.0064602587,0
13539,0,0.0065366956,0
13540,0,0.0065977513,0
13541,0,0.00656884,0
13542,0,0.008560535,0
13543,0,0.008499177,0
13544,0,0.010428319,0
13545,0,0.010470702,0
13546,0,0.010523615,0
13547,0,0.010479864,0
13548,0,0.01220601,0
13549,0,0.0123334015,1
13550,0,0.012321759,1
13551,0,0.012455283,1
13552,0,0.012517014,1
13553,0,0.01264138,1
13554,0,0.01257914,1
13555,0,0.0108103305,0
13556,0,0.010819103,0
13557,0,0.010894705,0
13558,0,0.011016621,0
13559,0,0.011004461,0
13560,0,0.011188173,0
13561,1,0.0111535685,0
13562,1,0.011141883,0
13563,1,0.01105214,0
13564,1,0.011084695,0
13565,1,0.010983853,0
13566,1,0.011104529,0
13567,1,0.011086028,0
13568,1,0.010834651,0
13569,1,0.01097452,0
13570,1,0.010922816,0
13571,1,0.010874501,0
13572,1,0.010959494,0
13573,1,0.0107499715,0
13574,1,0.008780561,0
13575,1,0.008823011,0
13576,1,0.008857863,0
13577,1,0.01065713,0
13578,1,0.008753726,0
13579,1,0.008674056,0
13580,1,0.008644235,0
13581,1,0.008523883,0
13582,1,0.008700617,0
13583,1,0.00848763,0
13584,1,0.008613678,0
13585,1,0.008592502,0
13586,1,0.008604124,0
13587,1,0.008488554,0
13588,1,0.008427089,0
13589,1,0.008416852,0
13590,1,0.0081254635,0
13591,1,0.008084003,0
13592,1,0.00806137,0
13593,1,0.0081979465,0
13594,1,0.008127836,0
13595,1,0.008348103,0
13596,1,0.008313386,0
13597,1,0.008324728,0
13598,1,0.008310804,0
13599,1,0.010294343,0
13600,1,0.010255913,0
13601,1,0.010307589,0
13602,1,0.008473827,0
13603,1,0.008515152,0
13604,1,0.008632619,0
13605,1,0.008588118,0
13606,1,0.008602062,0
13607,1,0.0066260104,0
13608,1,0.0066038663,0
13609,1,0.0064988085,0
13610,1,0.006680882,0
13611,1,0.00674635,0
13612,1,0.0067232805,0
13613,1,0.0068086223,0
13614,1,0.0067916904,0
13615,1,0.006825434,0
13616,1,0.006879901,0
13617,1,0.006881977,0
13618,1,0.006631653,0
13619,1,0.0069231247,0
13620,1,0.006870489,0
13621,1,0.006793148,0
13622,1,0.006820825,0
13623,1,0.006879745,0
13624,1,0.006966429,0
13625,1,0.006962257,0
13626,1,0.0069907974,0
13627,1,0.007048448,0
13628,1,0.0071104895,0
13629,1,0.0048326715,0
13630,1,0.004983867,0
13631,1,0.005078337,0
13632,1,0.005129224,0
13633,1,0.00524342,0
13634,1,0.005259474,0
13635,1,0.005475801,0
13636,1,0.005378272,0
13637,1,0.005451475,0
13638,1,0.005230887,0
13639,1,0.005406315,0
13640,1,0.005531355,0
13641,1,0.0054318756,0
13642,1,0.0055147656,0
13643,1,0.0056109386,0
13644,1,0.005897089,0
13645,1,0.006248126,0
13646,1,0.0063557597,0
13647,1,0.006786603,0
13648,1,0.007231118,0
13649,1,0.0074528665,0
13650,1,0.00764745,0
13651,1,0.007921658,0
13652,1,0.008240506,0
13653,1,0.008622058,0
13654,1,0.009029157,0
13655,1,0.009560385,0
13656,1,0.010186079,0
13657,1,0.010726209,0
13658,1,0.011725672,0
13659,1,0.012429849,1
13660,1,0.013346587,1
13661,1,0.014303072,1
13662,0,0.0050212597,0
13663,0,0.004870619,0
13664,0,0.004928545,0
13665,0,0.0048324503,0
13666,0,0.0047528334,0
13667,0,0.004693414,0
13668,0,0.0045775343,0
13669,0,0.004641527,0
13670,0,0.004591408,0
13671,0,0.004505169,0
13672,0,0.0045307605,0
13673,0,0.0046000113,0
13674,0,0.0044251974,0
13675,0,0.0043824953,0
13676,0,0.0044021425,0
13677,0,0.004419833,0
13678,0,0.0043610493,0
13679,0,0.004416992,0
13680,0,0.004395391,0
13681,0,0.004496655,0
13682,0,0.00453541,0
13683,0,0.004511831,0
13684,0,0.004427935,0
13685,0,0.004363162,0
13686,0,0.0044179833,0
13687,0,0.004460868,0
13688,0,0.0044127568,0
13689,0,0.0042977184,0
13690,0,0.004274065,0
13691,0,0.0041803033,0
13692,0,0.004256788,0
13693,0,0.0042070383,0
13694,0,0.0041884864,0
13695,0,0.004123086,0
13696,0,0.0041374937,0
13697,0,0.004118637,0
13698,0,0.004284394,0
13699,0,0.004197923,0
13700,0,0.0041644485,0
13701,0,0.004157006,0
13702,0,0.0040013646,0
13703,0,0.0040038656,0
13704,0,0.004064476,0
13705,0,0.0040216506,0
13706,0,0.0041781375,0
13707,0,0.004265826,0
13708,0,0.0042652483,0
13709,0,0.004201361,0
13710,0,0.0041426225,0
13711,0,0.004037815,0
13712,0,0.0041453335,0
13713,0,0.0040305243,0
13714,0,0.004060154,0
13715,0,0.004054016,0
13716,0,0.00397784,0
13717,1,0.0039117537,0
13718,1,0.003974168,0
13719,1,0.004042762,0
13720,1,0.0040426333,0
13721,1,0.004051916,0
13722,1,0.003944164,0
13723,1,0.003966952,0
13724,1,0.0040213955,0
13725,1,0.0039679343,0
13726,1,0.0040541915,0
13727,1,0.004083367,0
13728,1,0.003993262,0
13729,1,0.004047725,0
13730,1,0.0041332017,0
13731,1,0.004208185,0
13732,1,0.004154705,0
13733,1,0.0040996457,0
13734,1,0.004111111,0
13735,1,0.004082717,0
13736,1,0.0038691433,0
13737,1,0.003929836,0
13738,1,0.003985493,0
13739,1,0.0040809037,0
13740,1,0.0041947677,0
13741,1,0.004235095,0
13742,1,0.0041263704,0
13743,1,0.0041348347,0
13744,1,0.004074674,0
13745,1,0.0041330634,0
13746,1,0.004106964,0
13747,1,0.004167333,0
13748,1,0.004185749,0
13749,1,0.0042319563,0
13750,1,0.0042126724,0
13751,1,0.0042413375,0
13752,1,0.004251253,0
13753,1,0.004318354,0
13754,1,0.0042818054,0
13755,1,0.0044000987,0
13756,1,0.004458788,0
13757,1,0.004340344,0
13758,1,0.0043173363,0
13759,1,0.004308238,0
13760,1,0.0043431097,0
13761,1,0.004260824,0
13762,1,0.004282992,0
13763,1,0.004410797,0
13764,1,0.0042555933,0
13765,1,0.004331253,0
13766,1,0.0042479946,0
13767,1,0.0041063824,0
13768,1,0.0042157485,0
13769,1,0.0042890226,0
13770,1,0.0042748414,0
13771,1,0.0043641683,0
13772,1,0.004379749,0
13773,1,0.0044268235,0
13774,1,0.0044242204,0
13775,1,0.0044230814,0
13776,1,0.004447865,0
13777,1,0.0045909924,0
13778,1,0.004837394,0
13779,1,0.0048431354,0
13780,1,0.0049465466,0
13781,1,0.005107993,0
13782,1,0.0051080333,0
13783,1,0.005172649,0
13784,1,0.0052707344,0
13785,1,0.0052430686,0
13786,1,0.005375369,0
13787,1,0.0055243736,0
13788,1,0.005610552,0
13789,1,0.0058233384,0
13790,1,0.005928684,0
13791,1,0.005996798,0
13792,1,0.006346565,0
13793,1,0.0067869467,0
13794,1,0.007146542,0
13795,1,0.0071964203,0
13796,1,0.0075209746,0
13797,1,0.007887062,0
13798,1,0.0080781095,0
13799,1,0.008485999,0
13800,1,0.008741682,0
13801,1,0.009008512,0
13802,1,0.009707027,0
13803,1,0.010281322,0
13804,1,0.010834684,0
13805,1,0.0114780255,0
13806,1,0.011944491,0
13807,1,0.012666682,1
13808,1,0.013010017,1
13809,1,0.013931608,1
13810,1,0.014737939,1
13811,1,0.015742166,1
13812,1,0.016936697,1
13813,1,0.01823912,1
13814,1,0.019944929,1
13815,1,0.021553561,1
13816,1,0.022709446,1
13817,1,0.024369732,1
13818,0,0.0044898554,0
13819,0,0.00451156,0
13820,0,0.0045244424,0
13821,0,0.0044662897,0
13822,0,0.004462194,0
13823,0,0.0043409467,0
13824,0,0.0042709988,0
13825,0,0.004187361,0
13826,0,0.004200193,0
13827,0,0.0041258163,0
13828,0,0.004024067,0
13829,0,0.0041739964,0
13830,0,0.0041854633,0
13831,0,0.004216956,0
13832,0,0.0041296873,0
13833,0,0.0042115776,0
13834,0,0.0042316364,0
13835,0,0.0041333097,0
13836,0,0.004106401,0
13837,0,0.0041656555,0
13838,0,0.0043315548,0
13839,0,0.004388458,0
13840,0,0.004482948,0
13841,0,0.0043767216,0
13842,0,0.0044772592,0
13843,0,0.0045087594,0
13844,0,0.0046370784,0
13845,0,0.004623927,0
13846,0,0.0046482044,0
13847,0,0.004581188,0
13848,0,0.004513675,0
13849,0,0.0045673735,0
13850,0,0.0046100453,0
13851,0,0.0045950236,0
13852,0,0.0045187864,0
13853,0,0.0043951934,0
13854,0,0.0044521885,0
13855,0,0.004446906,0
13856,0,0.00441457,0
13857,0,0.0043587256,0
13858,0,0.004386353,0
13859,0,0.004191562,0
13860,0,0.0042477082,0
13861,0,0.004181401,0
13862,0,0.004150249,0
13863,0,0.004066601,0
13864,0,0.0041085696,0
13865,0,0.00404381,0
13866,0,0.0042151683,0
13867,0,0.0042224037,0
13868,0,0.004136186,0
13869,0,0.004094022,0
13870,0,0.00400194,0
13871,0,0.0043202154,0
13872,0,0.0063734073,0
13873,0,0.00645455,0
13874,0,0.006381851,0
13875,0,0.0064187874,0
13876,0,0.0064344057,0
13877,0,0.0065553477,0
13878,0,0.006570834,0
13879,0,0.006534257,0
13880,0,0.0064642048,0
13881,0,0.006454014,0
13882,0,0.0065932134,0
13883,0,0.006653031,0
13884,0,0.006689339,0
13885,0,0.006748171,0
13886,0,0.0068282476,0
13887,0,0.0068406356,0
13888,0,0.006742413,0
13889,0,0.0066981795,0
13890,0,0.006723052,0
13891,0,0.0067904093,0
13892,0,0.006874082,0
13893,0,0.0068474463,0
13894,0,0.006923477,0
13895,0,0.0070537534,0
13896,0,0.0069270646,0
13897,0,0.0070445375,0
13898,0,0.0069422727,0
13899,0,0.0069937888,0
13900,0,0.0070655793,0
13901,0,0.006751177,0
13902,0,0.0045752386,0
13903,0,0.0046210303,0
13904,0,0.0046330267,0
13905,0,0.004586441,0
13906,0,0.0046959505,0
13907,0,0.0046928483,0
13908,0,0.0048563373,0
13909,0,0.0049659284,0
13910,0,0.0050990903,0
13911,0,0.0050702416,0
13912,0,0.005000691,0
13913,0,0.0049573868,0
13914,0,0.004875503,0
13915,0,0.004829013,0
13916,0,0.00480132,0
13917,0,0.004796904,0
13918,0,0.004961193,0
13919,0,0.0049774228,0
13920,0,0.0048874454,0
13921,0,0.0048532295,0
13922,0,0.0049083647,0
13923,0,0.0048418576,0
13924,0,0.0048046126,0
13925,0,0.0049647777,0
13926,0,0.0049736905,0
13927,0,0.004814398,0
13928,1,0.004834009,0
13929,1,0.0048246775,0
13930,1,0.004844725,0
13931,1,0.0049710535,0
13932,1,0.0051291524,0
13933,1,0.005127249,0
13934,1,0.0049945964,0
13935,1,0.0050265365,0
13936,1,0.004914017,0
13937,1,0.004876382,0
13938,1,0.0047436114,0
13939,1,0.004590514,0
13940,1,0.0045903376,0
13941,1,0.0045809736,0
13942,1,0.0045672143,0
13943,1,0.004588993,0
13944,1,0.0046697473,0
13945,1,0.0048226346,0
13946,1,0.004775716,0
13947,1,0.0047659934,0
13948,1,0.004562545,0
13949,1,0.0045282017,0
13950,1,0.0044650654,0
13951,1,0.004581744,0
13952,1,0.0044989474,0
13953,1,0.0044730585,0
13954,1,0.004392578,0
13955,1,0.0041601392,0
13956,1,0.004218861,0
13957,1,0.0042599738,0
13958,1,0.004307263,0
13959,1,0.0043385117,0
13960,1,0.0043110265,0
13961,1,0.0041764486,0
13962,1,0.00402382,0
13963,1,0.004099915,0
13964,1,0.0041980613,0
13965,1,0.004195937,0
13966,1,0.0042684115,0
13967,1,0.0043862825,0
13968,1,0.004362161,0
13969,1,0.0044467826,0
13970,1,0.00441724,0
13971,1,0.0043059527,0
13972,1,0.0042246506,0
13973,1,0.004399133,0
13974,1,0.0042137806,0
13975,1,0.004086335,0
13976,1,0.0040637143,0
13977,1,0.0040908344,0
13978,1,0.004107052,0
13979,1,0.004226247,0
13980,1,0.0043498203,0
13981,1,0.0043615713,0
13982,1,0.0045166365,0
13983,1,0.0045605926,0
13984,1,0.0045667468,0
13985,1,0.0047690934,0
13986,1,0.0047488534,0
13987,1,0.004884686,0
13988,1,0.0048193587,0
13989,1,0.0048062,0
13990,1,0.0047899587,0
13991,1,0.0049534235,0
13992,1,0.0050812755,0
13993,1,0.005014971,0
13994,1,0.0049440125,0
13995,1,0.0051818206,0
13996,1,0.0052045053,0
13997,1,0.005339295,0
13998,1,0.005551383,0
13999,1,0.0058568288,0
14000,1,0.005887356,0
14001,1,0.0060948785,0
14002,1,0.006467559,0
14003,1,0.006576542,0
14004,1,0.0069301734,0
14005,1,0.0072940877,0
14006,1,0.0076024598,0
14007,1,0.007994804,0
14008,1,0.008206256,0
14009,1,0.008332639,0
14010,1,0.008477061,0
14011,1,0.008921884,0
14012,1,0.009137692,0
14013,1,0.009308299,0
14014,1,0.009635283,0
14015,1,0.009860197,0
14016,1,0.010267509,0
14017,1,0.010531601,0
14018,1,0.010860383,0
14019,1,0.011190707,0
14020,1,0.011815438,0
14021,1,0.012161658,0
14022,1,0.012577762,1
14023,1,0.013339533,1
14024,1,0.013982242,1
14025,1,0.014728787,1
14026,1,0.01537849,1
14027,1,0.016599927,1
14028,1,0.017500488,1
14029,0,0.008403837,0
14030,0,0.008460427,0
14031,0,0.00849443,0
14032,0,0.010429879,0
14033,0,0.01034961,0
14034,0,0.010338169,0
14035,0,0.010223287,0
14036,0,0.010227776,0
14037,0,0.010149362,0
14038,0,0.011830738,0
14039,0,0.010023562,0
14040,0,0.01016518,0
14041,0,0.010089806,0
14042,0,0.010085363,0
14043,0,0.011839732,0
14044,0,0.0118414285,0
14045,0,0.011826264,0
14046,0,0.011603116,0
14047,0,0.011707453,0
14048,0,0.010024632,0
14049,0,0.009930462,0
14050,0,0.009896415,0
14051,0,0.0099111255,0
14052,0,0.00989257,0
14053,0,0.009955668,0
14054,0,0.010007207,0
14055,0,0.009846412,0
14056,0,0.009825502,0
14057,0,0.009907689,0
14058,0,0.009842254,0
14059,0,0.009959271,0
14060,0,0.009861039,0
14061,0,0.009893826,0
14062,0,0.008070594,0
14063,0,0.00805847,0
14064,0,0.008018779,0
14065,0,0.008022283,0
14066,0,0.007966614,0
14067,0,0.007957072,0
14068,0,0.0062244865,0
14069,0,0.0063181734,0
14070,0,0.0062101427,0
14071,0,0.0062178336,0
14072,0,0.0063148076,0
14073,0,0.0041977228,0
14074,0,0.0041892175,0
14075,0,0.0041631954,0
14076,0,0.00430392,0
14077,0,0.0041863406,0
14078,0,0.0041597625,0
14079,0,0.0041993116,0
14080,0,0.0042817653,0
14081,0,0.0042465325,0
14082,0,0.0063579455,0
14083,0,0.006250288,0
14084,0,0.006230543,0
14085,0,0.006311467,0
14086,0,0.006358429,0
14087,0,0.008322077,0
14088,0,0.008313191,0
14089,0,0.008157311,0
14090,0,0.008060952,0
14091,0,0.008080948,0
14092,0,0.0081660375,0
14093,0,0.008172112,0
14094,0,0.008318792,0
14095,0,0.008339728,0
14096,0,0.008562897,0
14097,0,0.008530047,0
14098,0,0.0083092265,0
14099,0,0.008170964,0
14100,0,0.008239411,0
14101,0,0.008190389,0
14102,0,0.008107436,0
14103,0,0.008129475,0
14104,0,0.008014907,0
14105,0,0.007946053,0
14106,0,0.007825653,0
14107,0,0.007907376,0
14108,0,0.00971724,0
14109,0,0.0097592035,0
14110,0,0.00969496,0
14111,0,0.0097364085,0
14112,0,0.007915075,0
14113,1,0.007929611,0
14114,1,0.007849179,0
14115,1,0.007900029,0
14116,1,0.0080527915,0
14117,1,0.006089985,0
14118,1,0.0060876,0
14119,1,0.0061630323,0
14120,1,0.00621144,0
14121,1,0.006219495,0
14122,1,0.008174024,0
14123,1,0.008175368,0
14124,1,0.009964585,0
14125,1,0.01184285,0
14126,1,0.01170663,0
14127,1,0.011725032,0
14128,1,0.011750965,0
14129,1,0.011802562,0
14130,1,0.011826193,0
14131,1,0.01187279,0
14132,1,0.011864136,0
14133,1,0.012069425,0
14134,1,0.012061672,0
14135,1,0.012242555,0
14136,1,0.012322417,1
14137,1,0.012351305,1
14138,1,0.010613886,0
14139,1,0.0106699,0
14140,1,0.01070229,0
14141,1,0.010672837,0
14142,1,0.0106191905,0
14143,1,0.010607033,0
14144,1,0.010622515,0
14145,1,0.010600198,0
14146,1,0.010602825,0
14147,1,0.010586759,0
14148,1,0.01066307,0
14149,1,0.010673042,0
14150,1,0.010655883,0
14151,1,0.010649084,0
14152,1,0.008812938,0
14153,1,0.008852544,0
14154,1,0.006764694,0
14155,1,0.0046682134,0
14156,1,0.0047198534,0
14157,1,0.0046567875,0
14158,1,0.004706496,0
14159,1,0.0046468503,0
14160,1,0.00456177,0
14161,1,0.004623109,0
14162,1,0.0046897847,0
14163,1,0.0047251713,0
14164,1,0.0047838716,0
14165,1,0.0047227438,0
14166,1,0.0049462887,0
14167,1,0.0048853313,0
14168,1,0.0050994703,0
14169,1,0.0051793065,0
14170,1,0.005249471,0
14171,1,0.0052606678,0
14172,1,0.0053324914,0
14173,1,0.005590114,0
14174,1,0.0056238114,0
14175,1,0.0055431896,0
14176,1,0.005564018,0
14177,1,0.005525738,0
14178,1,0.005543672,0
14179,1,0.005502997,0
14180,1,0.0054821987,0
14181,1,0.0055817175,0
14182,1,0.0055139586,0
14183,1,0.0055549257,0
14184,1,0.00581634,0
14185,1,0.0059435307,0
14186,1,0.0060379133,0
14187,1,0.006190759,0
14188,1,0.0062781577,0
14189,1,0.0064966697,0
14190,1,0.0067082946,0
14191,1,0.0068978905,0
14192,1,0.007002254,0
14193,1,0.007295064,0
14194,1,0.00798872,0
14195,1,0.008381044,0
14196,1,0.008674706,0
14197,1,0.009428216,0
14198,1,0.0098752435,0
14199,1,0.010307179,0
14200,1,0.011024051,0
14201,1,0.011895536,0
14202,1,0.012726564,1
14203,1,0.013028164,1
14204,1,0.0138544915,1
14205,1,0.014738681,1
14206,1,0.015790435,1
14207,1,0.017379401,1
14208,1,0.018950019,1
14209,1,0.020697035,1
14210,1,0.022314673,1
14211,1,0.023715327,1
14212,1,0.025558308,1
14213,1,0.027783036,1
14214,0,0.0133287655,1
14215,0,0.013425992,1
14216,0,0.013353255,1
14217,0,0.013478943,1
14218,0,0.013409121,1
14219,0,0.013461836,1
14220,0,0.013563317,1
14221,0,0.014914601,1
14222,0,0.015021892,1
14223,0,0.013575126,1
14224,0,0.013575396,1
14225,0,0.013480447,1
14226,0,0.011773789,0
14227,0,0.011836266,0
14228,0,0.010154974,0
14229,0,0.008391137,0
14230,0,0.0064262836,0
14231,0,0.0063988264,0
14232,0,0.006345644,0
14233,0,0.006346762,0
14234,0,0.0064953594,0
14235,0,0.008691958,0
14236,0,0.00859037,0
14237,0,0.008634213,0
14238,0,0.008667024,0
14239,0,0.008676436,0
14240,0,0.008684354,0
14241,0,0.008702589,0
14242,0,0.008837884,0
14243,0,0.008996303,0
14244,0,0.009016296,0
14245,0,0.008937194,0
14246,0,0.008890375,0
14247,0,0.008810869,0
14248,0,0.008800149,0
14249,0,0.008719261,0
14250,0,0.008662928,0
14251,0,0.006826526,0
14252,0,0.008797496,0
14253,0,0.008792097,0
14254,0,0.008696384,0
14255,0,0.008694577,0
14256,0,0.008732479,0
14257,0,0.008703889,0
14258,0,0.008596921,0
14259,0,0.008655279,0
14260,0,0.008716974,0
14261,0,0.008721692,0
14262,0,0.008686276,0
14263,0,0.008575003,0
14264,0,0.008296278,0
14265,0,0.0061772927,0
14266,0,0.0062149824,0
14267,0,0.0060537914,0
14268,0,0.006116402,0
14269,0,0.006127226,0
14270,0,0.0061161597,0
14271,0,0.0061046137,0
14272,0,0.0060870615,0
14273,0,0.005921309,0
14274,0,0.007934074,0
14275,0,0.009905369,0
14276,0,0.009879823,0
14277,0,0.009854041,0
14278,0,0.011592675,0
14279,0,0.011629242,0
14280,0,0.011509008,0
14281,0,0.013094365,1
14282,0,0.011505216,0
14283,0,0.011555299,0
14284,0,0.011667412,0
14285,0,0.011788924,0
14286,0,0.011868395,0
14287,0,0.011884488,0
14288,0,0.011914035,0
14289,0,0.01185629,0
14290,0,0.01185088,0
14291,0,0.011853748,0
14292,0,0.011883305,0
14293,0,0.011867736,0
14294,0,0.011869644,0
14295,0,0.011865163,0
14296,0,0.011828449,0
14297,0,0.011843804,0
14298,0,0.011660157,0
14299,0,0.0115805315,0
14300,0,0.011530705,0
14301,0,0.011634499,0
14302,0,0.01157917,0
14303,0,0.011653504,0
14304,0,0.011633979,0
14305,0,0.009959975,0
14306,0,0.009983274,0
14307,0,0.009981284,0
14308,0,0.008311662,0
14309,0,0.00826911,0
14310,0,0.0082751205,0
14311,0,0.006317213,0
14312,0,0.0065719523,0
14313,0,0.006484373,0
14314,0,0.0064208,0
14315,0,0.0062852097,0
14316,0,0.006186558,0
14317,0,0.0061605405,0
14318,0,0.006156348,0
14319,0,0.006256137,0
14320,0,0.0062122056,0
14321,0,0.006241946,0
14322,0,0.006301494,0
14323,0,0.008277354,0
14324,0,0.008247981,0
14325,0,0.008265376,0
14326,0,0.0082122125,0
14327,0,0.008172699,0
14328,0,0.010120738,0
14329,0,0.010144473,0
14330,0,0.01006215,0
14331,0,0.009946594,0
14332,0,0.009929109,0
14333,0,0.01000788,0
14334,0,0.008191939,0
14335,0,0.008083849,0
14336,0,0.008157763,0
14337,0,0.00810239,0
14338,0,0.008069731,0
14339,0,0.008051241,0
14340,0,0.00796261,0
14341,0,0.00792783,0
14342,0,0.0079140095,0
14343,0,0.0078656655,0
14344,0,0.007792244,0
14345,0,0.007955874,0
14346,0,0.008071998,0
14347,0,0.008108493,0
14348,0,0.008095068,0
14349,0,0.007991336,0
14350,0,0.007972698,0
14351,0,0.008035472,0
14352,0,0.008081299,0
14353,0,0.006170973,0
14354,0,0.008216935,0
14355,0,0.008181623,0
14356,0,0.008194936,0
14357,0,0.008335705,0
14358,0,0.0064967293,0
14359,0,0.0065162745,0
14360,0,0.0066755,0
14361,0,0.0066156443,0
14362,0,0.006574703,0
14363,0,0.0065544075,0
14364,0,0.0066126212,0
14365,0,0.0067385505,0
14366,0,0.0066783465,0
14367,0,0.0067183464,0
14368,0,0.006728458,0
14369,0,0.006664313,0
14370,0,0.0068546995,0
14371,0,0.0068783644,0
14372,0,0.0067983507,0
14373,0,0.0068773525,0
14374,0,0.006895252,0
14375,0,0.0067584263,0
14376,0,0.006786806,0
14377,1,0.0069867694,0
14378,1,0.006960599,0
14379,1,0.006794968,0
14380,1,0.0068842676,0
14381,1,0.006816123,0
14382,1,0.006676412,0
14383,1,0.0068118507,0
14384,1,0.004814938,0
14385,1,0.004942152,0
14386,1,0.004977768,0
14387,1,0.0048316903,0
14388,1,0.00479391,0
14389,1,0.0048861247,0
14390,1,0.0046648793,0
14391,1,0.00474089,0
14392,1,0.004862017,0
14393,1,0.004811105,0
14394,1,0.004715149,0
14395,1,0.004557137,0
14396,1,0.004531524,0
14397,1,0.00453275,0
14398,1,0.0044727945,0
14399,1,0.0045313803,0
14400,1,0.004519082,0
14401,1,0.0044645336,0
14402,1,0.0045471936,0
14403,1,0.0044618538,0
14404,1,0.004619851,0
14405,1,0.004729806,0
14406,1,0.0046746945,0
14407,1,0.004482853,0
14408,1,0.0045394963,0
14409,1,0.004531856,0
14410,1,0.0045179804,0
14411,1,0.00465152,0
14412,1,0.0048006186,0
14413,1,0.0047478145,0
14414,1,0.00472817,0
14415,1,0.00461849,0
14416,1,0.0047306553,0
14417,1,0.00472538,0
14418,1,0.0047530704,0
14419,1,0.00466647,0
14420,1,0.004765055,0
14421,1,0.004866953,0
14422,1,0.004766281,0
14423,1,0.004724455,0
14424,1,0.0047380566,0
14425,1,0.004864907,0
14426,1,0.0049334723,0
14427,1,0.0049943225,0
14428,1,0.005065934,0
14429,1,0.0050946777,0
14430,1,0.005050661,0
14431,1,0.005109782,0
14432,1,0.00508045,0
14433,1,0.005064976,0
14434,1,0.004937454,0
14435,1,0.004880589,0
14436,1,0.004964693,0
14437,1,0.0050408114,0
14438,1,0.0051490804,0
14439,1,0.005205274,0
14440,1,0.005037842,0
14441,1,0.0049539646,0
14442,1,0.004968988,0
14443,1,0.0048628817,0
14444,1,0.0049809637,0
14445,1,0.005108063,0
14446,1,0.0054695797,0
14447,1,0.005553823,0
14448,1,0.005531753,0
14449,1,0.005682832,0
14450,1,0.0056514232,0
14451,1,0.0058379048,0
14452,1,0.0059204656,0
14453,1,0.0063377717,0
14454,1,0.0064718714,0
14455,1,0.006615175,0
14456,1,0.006774588,0
14457,1,0.006901799,0
14458,1,0.0071681193,0
14459,1,0.0072169476,0
14460,1,0.007150711,0
14461,1,0.0071567274,0
14462,1,0.0077396585,0
14463,1,0.008165585,0
14464,1,0.0082754735,0
14465,1,0.008769033,0
14466,1,0.009205075,0
14467,1,0.009645742,0
14468,1,0.010155838,0
14469,1,0.010412822,0
14470,1,0.010857662,0
14471,1,0.0114569,0
14472,1,0.011815629,0
14473,1,0.012384635,1
14474,1,0.013165955,1
14475,1,0.014145087,1
14476,1,0.014555942,1
14477,1,0.015446397,1
14478,0,0.004157739,0
14479,0,0.0038919332,0
14480,0,0.003836963,0
14481,0,0.0038982742,0
14482,0,0.003937194,0
14483,0,0.0038939076,0
14484,0,0.00405248,0
14485,0,0.004029743,0
14486,0,0.0040379977,0
14487,0,0.0041404506,0
14488,0,0.0042066695,0
14489,0,0.004197335,0
14490,0,0.004094049,0
14491,0,0.0041597793,0
14492,0,0.0041956995,0
14493,0,0.0040626517,0
14494,0,0.0040650233,0
14495,0,0.00405232,0
14496,0,0.003926746,0
14497,0,0.0039237356,0
14498,0,0.0039762696,0
14499,0,0.0040341024,0
14500,0,0.0040593725,0
14501,0,0.004089515,0
14502,0,0.004239873,0
14503,0,0.0043210355,0
14504,0,0.004168756,0
14505,0,0.004000932,0
14506,0,0.0038839565,0
14507,0,0.003996255,0
14508,0,0.0038136428,0
14509,0,0.003952607,0
14510,0,0.003935643,0
14511,0,0.0038677508,0
14512,0,0.0037959402,0
14513,0,0.003828794,0
14514,0,0.0037328594,0
14515,0,0.0038069834,0
14516,0,0.0037919914,0
14517,0,0.0036443055,0
14518,0,0.0036345616,0
14519,0,0.0036740778,0
14520,0,0.0036625932,0
14521,0,0.0036527284,0
14522,0,0.0036614388,0
14523,0,0.003667484,0
14524,0,0.0036529966,0
14525,0,0.0037055723,0
14526,0,0.0037869974,0
14527,0,0.0039190743,0
14528,0,0.0039851638,0
14529,0,0.003990141,0
14530,0,0.003973954,0
14531,0,0.003925241,0
14532,0,0.0039083585,0
14533,0,0.0037703111,0
14534,0,0.0036686787,0
14535,0,0.003655083,0
14536,0,0.0037363723,0
14537,0,0.0037164555,0
14538,0,0.0039458093,0
14539,0,0.0038434023,0
14540,0,0.0039052481,0
14541,0,0.0039210827,0
14542,0,0.00392163,0
14543,0,0.0038927863,0
14544,0,0.0039532497,0
14545,0,0.0038682432,0
14546,0,0.0039125653,0
14547,0,0.003908296,0
14548,0,0.0039475653,0
14549,0,0.0039811856,0
14550,0,0.0039463765,0
14551,0,0.0038585803,0
14552,0,0.0039660754,0
14553,0,0.004033756,0
14554,0,0.0040353546,0
14555,0,0.004158457,0
14556,0,0.0040980736,0
14557,0,0.003961309,0
14558,0,0.0038890291,0
14559,0,0.004071911,0
14560,0,0.004051738,0
14561,0,0.004024087,0
14562,0,0.003840934,0
14563,0,0.0039019103,0
14564,0,0.004221577,0
14565,0,0.0042203856,0
14566,0,0.004186804,0
14567,0,0.004142287,0
14568,0,0.0039788093,0
14569,0,0.0040424736,0
14570,0,0.0041503296,0
14571,0,0.0043211947,0
14572,0,0.0044737635,0
14573,0,0.0044650068,0
14574,0,0.0043976675,0
14575,0,0.0044516935,0
14576,0,0.0044973674,0
14577,0,0.004625249,0
14578,0,0.004602605,0
14579,0,0.0045216717,0
14580,0,0.0045287823,0
14581,0,0.0046671066,0
14582,0,0.0045201937,0
14583,0,0.0044721533,0
14584,0,0.0047113122,0
14585,0,0.0046332926,0
14586,0,0.0046839025,0
14587,0,0.004615406,0
14588,0,0.0046615335,0
14589,0,0.004481623,0
14590,0,0.004540327,0
14591,0,0.0044376506,0
14592,0,0.004688244,0
14593,0,0.0046776324,0
14594,0,0.0043188888,0
14595,0,0.0043337173,0
14596,0,0.0043900236,0
14597,0,0.0043537193,0
14598,0,0.0043364656,0
14599,0,0.004360994,0
14600,0,0.004199796,0
14601,0,0.0040968023,0
14602,0,0.0040553,0
14603,0,0.0041067344,0
14604,0,0.004153312,0
14605,0,0.004248353,0
14606,0,0.004242573,0
14607,0,0.004217641,0
14608,0,0.004138835,0
14609,0,0.0041336347,0
14610,0,0.0041704522,0
14611,0,0.004038361,0
14612,0,0.0040907417,0
14613,0,0.004156432,0
14614,0,0.003931503,0
14615,1,0.003938481,0
14616,1,0.0038783872,0
14617,1,0.0038804621,0
14618,1,0.003937683,0
14619,1,0.0039021363,0
14620,1,0.0039462945,0
14621,1,0.003953576,0
14622,1,0.0037530537,0
14623,1,0.0037324494,0
14624,1,0.0037562682,0
14625,1,0.0037734977,0
14626,1,0.0039203633,0
14627,1,0.003932165,0
14628,1,0.004032024,0
14629,1,0.0041362406,0
14630,1,0.004240301,0
14631,1,0.004188383,0
14632,1,0.004128818,0
14633,1,0.0041955556,0
14634,1,0.004197692,0
14635,1,0.0040895743,0
14636,1,0.004018028,0
14637,1,0.0038974022,0
14638,1,0.0038809576,0
14639,1,0.0038828359,0
14640,1,0.003843603,0
14641,1,0.0039072796,0
14642,1,0.003991127,0
14643,1,0.004031262,0
14644,1,0.0040825643,0
14645,1,0.004118266,0
14646,1,0.00403155,0
14647,1,0.004077076,0
14648,1,0.00405129,0
14649,1,0.0041682688,0
14650,1,0.004168992,0
14651,1,0.004451634,0
14652,1,0.004675041,0
14653,1,0.00484302,0
14654,1,0.0049521225,0
14655,1,0.00501947,0
14656,1,0.0048678876,0
14657,1,0.004895647,0
14658,1,0.00492878,0
14659,1,0.0047921003,0
14660,1,0.004678809,0
14661,1,0.0046869563,0
14662,1,0.0048265634,0
14663,1,0.004825445,0
14664,1,0.004826105,0
14665,1,0.0049359906,0
14666,1,0.0049637384,0
14667,1,0.005045485,0
14668,1,0.005116044,0
14669,1,0.005192666,0
14670,1,0.0054211095,0
14671,1,0.0054126154,0
14672,1,0.0054949163,0
14673,1,0.0054652034,0
14674,1,0.0056096036,0
14675,1,0.0057015903,0
14676,1,0.005859889,0
14677,1,0.0059230127,0
14678,1,0.006066384,0
14679,1,0.006257744,0
14680,1,0.0062364186,0
14681,1,0.006076368,0
14682,1,0.0060773976,0
14683,1,0.0060754768,0
14684,1,0.006301113,0
14685,1,0.006525268,0
14686,1,0.0069126408,0
14687,1,0.006983971,0
14688,1,0.006983248,0
14689,1,0.007457862,0
14690,1,0.007752406,0
14691,1,0.008215286,0
14692,1,0.008462671,0
14693,1,0.008669604,0
14694,1,0.0088044265,0
14695,1,0.009310277,0
14696,1,0.009582118,0
14697,1,0.009997142,0
14698,1,0.010543026,0
14699,1,0.010800811,0
14700,1,0.010982083,0
14701,1,0.011462001,0
14702,1,0.011806412,0
14703,1,0.012075806,0
14704,1,0.012350644,1
14705,1,0.012655078,1
14706,1,0.01348213,1
14707,1,0.014100526,1
14708,1,0.014746603,1
14709,1,0.015295085,1
14710,1,0.015938243,1
14711,1,0.016687814,1
14712,1,0.017145405,1
14713,1,0.01789669,1
14714,1,0.018490821,1
14715,1,0.019191034,1
14716,0,0.0058907,0
14717,0,0.0058885035,0
14718,0,0.005875629,0
14719,0,0.005931562,0
14720,0,0.005849267,0
14721,0,0.0058137793,0
14722,0,0.0057124537,0
14723,0,0.0058700945,0
14724,0,0.005753415,0
14725,0,0.0034936722,0
14726,0,0.0034707997,0
14727,0,0.0034786272,0
14728,0,0.0034331752,0
14729,0,0.0035296078,0
14730,0,0.003533676,0
14731,0,0.003590925,0
14732,0,0.0035131725,0
14733,0,0.0034272987,0
14734,0,0.0034989438,0
14735,0,0.0034809064,0
14736,0,0.0035048134,0
14737,0,0.0035102651,0
14738,0,0.0035559237,0
14739,0,0.003617545,0
14740,0,0.0038553579,0
14741,0,0.0037853252,0
14742,0,0.0036641678,0
14743,0,0.0037048755,0
14744,0,0.0036903063,0
14745,0,0.003655524,0
14746,0,0.0037391402,0
14747,0,0.0037816206,0
14748,0,0.0037973453,0
14749,0,0.0038398807,0
14750,0,0.00404192,0
14751,0,0.0040729376,0
14752,0,0.0041872505,0
14753,0,0.0039851633,0
14754,0,0.004030282,0
14755,0,0.004057829,0
14756,0,0.0040874896,0
14757,0,0.004051236,0
14758,0,0.0040303166,0
14759,0,0.0040145926,0
14760,0,0.004112236,0
14761,0,0.0042318674,0
14762,0,0.00429474,0
14763,0,0.0042863567,0
14764,0,0.0041738832,0
14765,0,0.0042238194,0
14766,0,0.0041500796,0
14767,0,0.004275908,0
14768,0,0.004242446,0
14769,0,0.004224537,0
14770,0,0.0042633084,0
14771,0,0.004258017,0
14772,0,0.004321389,0
14773,0,0.004253829,0
14774,1,0.0043081394,0
14775,1,0.0042817425,0
14776,1,0.004217466,0
14777,1,0.0041615465,0
14778,1,0.0040954305,0
14779,1,0.004149646,0
14780,1,0.004175679,0
14781,1,0.004157832,0
14782,1,0.0040799542,0
14783,1,0.004120754,0
14784,1,0.004077554,0
14785,1,0.004287577,0
14786,1,0.0042322283,0
14787,1,0.0043618465,0
14788,1,0.0044031045,0
14789,1,0.0044100382,0
14790,1,0.00427536,0
14791,1,0.0041377256,0
14792,1,0.0040345527,0
14793,1,0.0041467743,0
14794,1,0.0043328297,0
14795,1,0.004307137,0
14796,1,0.0043940814,0
14797,1,0.0043907785,0
14798,1,0.004433456,0
14799,1,0.004394793,0
14800,1,0.0042425934,0
14801,1,0.004209878,0
14802,1,0.0042133103,0
14803,1,0.004280375,0
14804,1,0.004288679,0
14805,1,0.004280597,0
14806,1,0.004213526,0
14807,1,0.004209753,0
14808,1,0.004333889,0
14809,1,0.004309366,0
14810,1,0.00407458,0
14811,1,0.004104701,0
14812,1,0.004079318,0
14813,1,0.0041012326,0
14814,1,0.0041459263,0
14815,1,0.003992003,0
14816,1,0.0039617913,0
14817,1,0.0039020428,0
14818,1,0.0038692846,0
14819,1,0.0038644641,0
14820,1,0.0040534968,0
14821,1,0.004135579,0
14822,1,0.0041447175,0
14823,1,0.0040910686,0
14824,1,0.0038404518,0
14825,1,0.0038428404,0
14826,1,0.0037433784,0
14827,1,0.0035427038,0
14828,1,0.00352612,0
14829,1,0.0036384675,0
14830,1,0.0035763648,0
14831,1,0.0034362036,0
14832,1,0.0034246424,0
14833,1,0.0034373628,0
14834,1,0.0036047306,0
14835,1,0.0035918115,0
14836,1,0.0036298654,0
14837,1,0.0036599727,0
14838,1,0.0037993845,0
14839,1,0.0038553833,0
14840,1,0.003935635,0
14841,1,0.004080272,0
14842,1,0.004011322,0
14843,1,0.003965433,0
14844,1,0.004169605,0
14845,1,0.0041257036,0
14846,1,0.004378687,0
14847,1,0.004528868,0
14848,1,0.0045350883,0
14849,1,0.0047460105,0
14850,1,0.004688739,0
14851,1,0.004852018,0
14852,1,0.0049203495,0
14853,1,0.005016336,0
14854,1,0.005243152,0
14855,1,0.0053965664,0
14856,1,0.005666717,0
14857,1,0.0056727203,0
14858,1,0.005979815,0
14859,1,0.0061131692,0
14860,1,0.006458797,0
14861,1,0.0069994866,0
14862,1,0.0073606544,0
14863,1,0.0076306514,0
14864,1,0.007887617,0
14865,1,0.0083998665,0
14866,1,0.008614072,0
14867,1,0.008975778,0
14868,1,0.009369641,0
14869,1,0.009732401,0
14870,1,0.010306318,0
14871,1,0.010635721,0
14872,1,0.011388973,0
14873,1,0.012752167,1
14874,1,0.013566545,1
14875,0,0.006802532,0
14876,0,0.006710753,0
14877,0,0.00448334,0
14878,0,0.0045267753,0
14879,0,0.004476957,0
14880,0,0.004360579,0
14881,0,0.004327903,0
14882,0,0.0044787205,0
14883,0,0.00430672,0
14884,0,0.004359961,0
14885,0,0.004380716,0
14886,0,0.004341227,0
14887,0,0.0043397243,0
14888,0,0.004645243,0
14889,0,0.004509898,0
14890,0,0.004567725,0
14891,0,0.004613184,0
14892,0,0.004537647,0
14893,0,0.0045061843,0
14894,0,0.004414138,0
14895,0,0.004351151,0
14896,0,0.004286478,0
14897,0,0.004257076,0
14898,0,0.0042280685,0
14899,0,0.0042814245,0
14900,0,0.0041541457,0
14901,0,0.0040221172,0
14902,0,0.0040447656,0
14903,0,0.0040254295,0
14904,0,0.003966435,0
14905,0,0.003927669,0
14906,0,0.0039521432,0
14907,0,0.0038393054,0
14908,0,0.0038119338,0
14909,0,0.0039067045,0
14910,0,0.00393394,0
14911,0,0.003920879,0
14912,0,0.003759059,0
14913,0,0.0037653346,0
14914,0,0.003645994,0
14915,0,0.0036435165,0
14916,0,0.0037254966,0
14917,0,0.0036484285,0
14918,0,0.0033426424,0
14919,0,0.0034437038,0
14920,0,0.0034025575,0
14921,0,0.0033481927,0
14922,0,0.0034042646,0
14923,0,0.0034315228,0
14924,0,0.0035316069,0
14925,0,0.0036286833,0
14926,0,0.0037918617,0
14927,0,0.003796825,0
14928,0,0.0038361556,0
14929,0,0.0037573518,0
14930,0,0.0037645511,0
14931,0,0.0038653216,0
14932,0,0.0038532321,0
14933,0,0.0038677629,0
14934,0,0.0038764763,0
14935,0,0.0038682213,0
14936,0,0.0038630264,0
14937,0,0.0038689375,0
14938,0,0.004013643,0
14939,0,0.004064656,0
14940,0,0.004156154,0
14941,0,0.0040525696,0
14942,0,0.0040109092,0
14943,0,0.004053731,0
14944,0,0.004051635,0
14945,0,0.0040411376,0
14946,0,0.003991875,0
14947,0,0.004111769,0
14948,0,0.0041864244,0
14949,0,0.004189511,0
14950,0,0.0041636955,0
14951,0,0.0042391843,0
14952,0,0.004207665,0
14953,0,0.004163095,0
14954,0,0.0040933085,0
14955,0,0.003966872,0
14956,0,0.0038384455,0
14957,0,0.0038567695,0
14958,0,0.0038520864,0
14959,0,0.0038492118,0
14960,0,0.0039173714,0
14961,0,0.003922673,0
14962,0,0.003950568,0
14963,0,0.0038516093,0
14964,0,0.0038087093,0
14965,0,0.0038032809,0
14966,0,0.00381552,0
14967,0,0.003881496,0
14968,0,0.0037357628,0
14969,0,0.0035831246,0
14970,0,0.003599505,0
14971,0,0.0035278613,0
14972,0,0.0036230627,0
14973,0,0.0036513081,0
14974,0,0.0035561107,0
14975,0,0.0035188738,0
14976,0,0.0035979503,0
14977,0,0.0036880632,0
14978,0,0.0035627442,0
14979,0,0.0035057736,0
14980,0,0.0034887893,0
14981,0,0.003429132,0
14982,0,0.003406754,0
14983,0,0.0034220894,0
14984,0,0.0034066415,0
14985,0,0.0034534705,0
14986,0,0.0034393328,0
14987,0,0.003560156,0
14988,0,0.0035646583,0
14989,0,0.003666072,0
14990,0,0.0036837056,0
14991,0,0.0036530946,0
14992,0,0.0036663616,0
14993,0,0.0037475643,0
14994,0,0.003959378,0
14995,0,0.0039082514,0
14996,0,0.0039042523,0
14997,0,0.0040251464,0
14998,0,0.004050909,0
14999,0,0.0041344166,0
15000,0,0.0040440164,0
15001,0,0.004105928,0
15002,0,0.004156048,0
15003,0,0.0041041826,0
15004,0,0.004140273,0
15005,0,0.004244416,0
15006,0,0.0041937674,0
15007,0,0.0040812,0
15008,0,0.0040976703,0
15009,0,0.0041190544,0
15010,0,0.0040786644,0
15011,0,0.004007652,0
15012,0,0.004024093,0
15013,0,0.0041178497,0
15014,0,0.0042277714,0
15015,0,0.004247706,0
15016,0,0.0043387217,0
15017,0,0.00444024,0
15018,0,0.004474661,0
15019,0,0.004409916,0
15020,0,0.004482122,0
15021,0,0.00446497,0
15022,0,0.0045126504,0
15023,1,0.00447351,0
15024,1,0.0044253203,0
15025,1,0.0044891094,0
15026,1,0.0045356182,0
15027,1,0.0046915584,0
15028,1,0.0047000125,0
15029,1,0.0046704994,0
15030,1,0.0046802633,0
15031,1,0.004769091,0
15032,1,0.0046805874,0
15033,1,0.0048687607,0
15034,1,0.0049572466,0
15035,1,0.0048587467,0
15036,1,0.0047352626,0
15037,1,0.00458861,0
15038,1,0.004583503,0
15039,1,0.0046779444,0
15040,1,0.004773672,0
15041,1,0.004808459,0
15042,1,0.00475184,0
15043,1,0.0048138686,0
15044,1,0.0048315492,0
15045,1,0.00485932,0
15046,1,0.0047943825,0
15047,1,0.004649673,0
15048,1,0.0046089045,0
15049,1,0.0046780547,0
15050,1,0.0046191667,0
15051,1,0.0047612637,0
15052,1,0.0048096175,0
15053,1,0.004907587,0
15054,1,0.004869702,0
15055,1,0.0047828783,0
15056,1,0.0047903075,0
15057,1,0.0044880663,0
15058,1,0.0045841276,0
15059,1,0.0046459762,0
15060,1,0.0046976646,0
15061,1,0.0045864885,0
15062,1,0.004667508,0
15063,1,0.004541363,0
15064,1,0.0044670934,0
15065,1,0.004643385,0
15066,1,0.004694922,0
15067,1,0.0047904807,0
15068,1,0.0051180087,0
15069,1,0.005140566,0
15070,1,0.0050855875,0
15071,1,0.005082304,0
15072,1,0.005159403,0
15073,1,0.0050200163,0
15074,1,0.0050243475,0
15075,1,0.0049490696,0
15076,1,0.0049772453,0
15077,1,0.0050813346,0
15078,1,0.0052340687,0
15079,1,0.005274746,0
15080,1,0.0052939216,0
15081,1,0.0052641146,0
15082,1,0.005519005,0
15083,1,0.0057568955,0
15084,1,0.0058291317,0
15085,1,0.006032207,0
15086,1,0.005980705,0
15087,1,0.0062583545,0
15088,1,0.0061724563,0
15089,1,0.0062934984,0
15090,1,0.0064230463,0
15091,1,0.0066915946,0
15092,1,0.006789177,0
15093,1,0.0070679393,0
15094,1,0.0074228244,0
15095,1,0.0075612483,0
15096,1,0.007713746,0
15097,1,0.007924899,0
15098,1,0.007781317,0
15099,1,0.007949433,0
15100,1,0.008228409,0
15101,1,0.008536641,0
15102,1,0.008914285,0
15103,1,0.009128582,0
15104,1,0.009528866,0
15105,1,0.009876362,0
15106,1,0.010359476,0
15107,1,0.0107332105,0
15108,1,0.011217546,0
15109,1,0.011974115,0
15110,1,0.012327295,1
15111,1,0.013206105,1
15112,1,0.013433893,1
15113,1,0.013962982,1
15114,1,0.014328488,1
15115,1,0.014727706,1
15116,1,0.015195781,1
15117,1,0.015676651,1
15118,1,0.016320623,1
15119,1,0.016707642,1
15120,1,0.017130885,1
15121,1,0.017390681,1
15122,1,0.018031057,1
15123,1,0.018592348,1
15124,0,0.0039385804,0
15125,0,0.0037787892,0
15126,0,0.0039603175,0
15127,0,0.004032267,0
15128,0,0.0040445807,0
15129,0,0.0041142604,0
15130,0,0.004081661,0
15131,0,0.004067163,0
15132,0,0.004182478,0
15133,0,0.0043487335,0
15134,0,0.0043624653,0
15135,0,0.004308127,0
15136,0,0.0044588833,0
15137,0,0.004462851,0
15138,0,0.0043603913,0
15139,0,0.00434932,0
15140,0,0.004252038,0
15141,0,0.0043761604,0
15142,0,0.0044308114,0
15143,0,0.004427241,0
15144,0,0.0042372867,0
15145,0,0.0042590518,0
15146,0,0.004382509,0
15147,0,0.004345447,0
15148,0,0.00430679,0
15149,0,0.004204118,0
15150,0,0.004298214,0
15151,0,0.004298574,0
15152,0,0.004199447,0
15153,0,0.004212224,0
15154,0,0.0041845273,0
15155,0,0.00409378,0
15156,0,0.003971719,0
15157,0,0.004074112,0
15158,0,0.0042038723,0
15159,0,0.0041922447,0
15160,0,0.004206633,0
15161,0,0.004221999,0
15162,0,0.0041949083,0
15163,0,0.0040713903,0
15164,0,0.0042095566,0
15165,0,0.0041209147,0
15166,0,0.004038725,0
15167,0,0.0040194876,0
15168,0,0.0040282803,0
15169,0,0.0041065863,0
15170,0,0.0040781875,0
15171,0,0.003970445,0
15172,1,0.0039414433,0
15173,1,0.0038843434,0
15174,1,0.0038761266,0
15175,1,0.0038073694,0
15176,1,0.0037768758,0
15177,1,0.0038247174,0
15178,1,0.0037856025,0
15179,1,0.0038652967,0
15180,1,0.0038474095,0
15181,1,0.0038904932,0
15182,1,0.0039773164,0
15183,1,0.00400373,0
15184,1,0.0041085933,0
15185,1,0.0040978766,0
15186,1,0.0040797675,0
15187,1,0.0040458976,0
15188,1,0.004048582,0
15189,1,0.0040946514,0
15190,1,0.004110555,0
15191,1,0.004228799,0
15192,1,0.0043213107,0
15193,1,0.0042793658,0
15194,1,0.0040776893,0
15195,1,0.0042111296,0
15196,1,0.0042468794,0
15197,1,0.0043689026,0
15198,1,0.0043383883,0
15199,1,0.004308114,0
15200,1,0.0043348297,0
15201,1,0.0043368153,0
15202,1,0.004331174,0
15203,1,0.004383299,0
15204,1,0.0044687632,0
15205,1,0.0047011366,0
15206,1,0.004694752,0
15207,1,0.004873872,0
15208,1,0.0048517566,0
15209,1,0.0050040446,0
15210,1,0.004997297,0
15211,1,0.004922831,0
15212,1,0.0049980166,0
15213,1,0.004956944,0
15214,1,0.004939235,0
15215,1,0.0050335894,0
15216,1,0.0050274073,0
15217,1,0.004896247,0
15218,1,0.004793977,0
15219,1,0.0048326217,0
15220,1,0.0048865774,0
15221,1,0.0048040026,0
15222,1,0.0046824184,0
15223,1,0.0047389846,0
15224,1,0.004736691,0
15225,1,0.0047194418,0
15226,1,0.0046001747,0
15227,1,0.00472925,0
15228,1,0.004680184,0
15229,1,0.0046392274,0
15230,1,0.0046222345,0
15231,1,0.004543047,0
15232,1,0.00449275,0
15233,1,0.0045053493,0
15234,1,0.00440239,0
15235,1,0.0043159523,0
15236,1,0.0042671976,0
15237,1,0.0041263313,0
15238,1,0.0042659515,0
15239,1,0.0041235723,0
15240,1,0.0041041244,0
15241,1,0.0041938587,0
15242,1,0.0041304543,0
15243,1,0.00442725,0
15244,1,0.004487259,0
15245,1,0.004489595,0
15246,1,0.004553012,0
15247,1,0.0045427727,0
15248,1,0.0047842204,0
15249,1,0.0048074555,0
15250,1,0.00474133,0
15251,1,0.0051039048,0
15252,1,0.005413971,0
15253,1,0.0058103865,0
15254,1,0.006042141,0
15255,1,0.0062364275,0
15256,1,0.006408129,0
15257,1,0.006634246,0
15258,1,0.00697238,0
15259,1,0.0072312383,0
15260,1,0.0074694683,0
15261,1,0.007891892,0
15262,1,0.008265118,0
15263,1,0.0084201945,0
15264,1,0.008942296,0
15265,1,0.009535051,0
15266,1,0.010195914,0
15267,1,0.010561823,0
15268,1,0.011348786,0
15269,1,0.012252098,0
15270,1,0.012921728,1
15271,1,0.013854743,1
15272,1,0.014581052,1
15273,0,0.0065844734,0
15274,0,0.004436809,0
15275,0,0.0044603273,0
15276,0,0.0044878954,0
15277,0,0.004420311,0
15278,0,0.004383383,0
15279,0,0.0043806015,0
15280,0,0.004382672,0
15281,0,0.0040577035,0
15282,0,0.004040673,0
15283,0,0.004023858,0
15284,0,0.0040326444,0
15285,0,0.0040394217,0
15286,0,0.00406864,0
15287,0,0.0040506274,0
15288,0,0.003929878,0
15289,0,0.0039456612,0
15290,0,0.003906942,0
15291,0,0.0059687416,0
15292,0,0.0059801443,0
15293,0,0.0061873617,0
15294,0,0.0060972553,0
15295,0,0.005887209,0
15296,0,0.0060032816,0
15297,0,0.0058220928,0
15298,0,0.0059261704,0
15299,0,0.005942899,0
15300,0,0.005884675,0
15301,0,0.005839294,0
15302,0,0.005854395,0
15303,0,0.0058632693,0
15304,0,0.005911204,0
15305,0,0.005882109,0
15306,0,0.0059122774,0
15307,0,0.0059407246,0
15308,0,0.0059044533,0
15309,0,0.005873933,0
15310,0,0.005891194,0
15311,0,0.005929854,0
15312,0,0.005989636,0
15313,0,0.0060353475,0
15314,0,0.0059942394,0
15315,0,0.005864705,0
15316,0,0.005899773,0
15317,0,0.0060589523,0
15318,0,0.0061517553,0
15319,0,0.006249205,0
15320,0,0.0063362354,0
15321,0,0.004262583,0
15322,0,0.004250772,0
15323,0,0.004219983,0
15324,0,0.004342764,0
15325,0,0.0043858658,0
15326,0,0.004332172,0
15327,0,0.0043367124,0
15328,0,0.004269227,0
15329,0,0.004182795,0
15330,0,0.004132133,0
15331,0,0.004183191,0
15332,0,0.004177201,0
15333,0,0.004136407,0
15334,0,0.0039951457,0
15335,0,0.0040751877,0
15336,0,0.004123839,0
15337,0,0.0041855453,0
15338,0,0.0042737895,0
15339,0,0.004280185,0
15340,0,0.0043441225,0
15341,0,0.004287928,0
15342,0,0.004188195,0
15343,0,0.0041593146,0
15344,0,0.0043289526,0
15345,0,0.0042889914,0
15346,0,0.0043520536,0
15347,0,0.0041465056,0
15348,0,0.004096666,0
15349,0,0.003930614,0
15350,0,0.0039623403,0
15351,0,0.004017576,0
15352,0,0.0041257604,0
15353,0,0.0040181954,0
15354,0,0.0039587566,0
15355,0,0.0040778634,0
15356,1,0.0040907273,0
15357,1,0.004187144,0
15358,1,0.004357279,0
15359,1,0.0044006133,0
15360,1,0.0044833748,0
15361,1,0.0044768704,0
15362,1,0.004549894,0
15363,1,0.0045534275,0
15364,1,0.004565896,0
15365,1,0.0044598235,0
15366,1,0.004472964,0
15367,1,0.0044694934,0
15368,1,0.0043533584,0
15369,1,0.0044316975,0
15370,1,0.0045978506,0
15371,1,0.0045651635,0
15372,1,0.004585029,0
15373,1,0.0045632566,0
15374,1,0.0045515443,0
15375,1,0.004672236,0
15376,1,0.0045440546,0
15377,1,0.004519715,0
15378,1,0.004646582,0
15379,1,0.004792168,0
15380,1,0.0046583014,0
15381,1,0.0046490007,0
15382,1,0.0046235193,0
15383,1,0.0046210387,0
15384,1,0.0046714745,0
15385,1,0.00456993,0
15386,1,0.0045872303,0
15387,1,0.004538911,0
15388,1,0.0043290905,0
15389,1,0.004412967,0
15390,1,0.004564232,0
15391,1,0.00449097,0
15392,1,0.0044281236,0
15393,1,0.0045356336,0
15394,1,0.00463977,0
15395,1,0.0045632008,0
15396,1,0.004483543,0
15397,1,0.004493461,0
15398,1,0.0045755534,0
15399,1,0.004516637,0
15400,1,0.004397469,0
15401,1,0.0045201154,0
15402,1,0.0044549066,0
15403,1,0.00441523,0
15404,1,0.0043073767,0
15405,1,0.0041628345,0
15406,1,0.004319732,0
15407,1,0.004379876,0
15408,1,0.004285632,0
15409,1,0.0042172177,0
15410,1,0.004220384,0
15411,1,0.0042263423,0
15412,1,0.0042218175,0
15413,1,0.0043249116,0
15414,1,0.0043722223,0
15415,1,0.0043536345,0
15416,1,0.004247794,0
15417,1,0.004381695,0
15418,1,0.0043990323,0
15419,1,0.004491209,0
15420,1,0.0043109073,0
15421,1,0.004521236,0
15422,1,0.0046304925,0
15423,1,0.0046155085,0
15424,1,0.0046474542,0
15425,1,0.004896432,0
15426,1,0.0050150766,0
15427,1,0.005121138,0
15428,1,0.005275819,0
15429,1,0.0054325834,0
15430,1,0.0059204856,0
15431,1,0.0059062615,0
15432,1,0.006047183,0
15433,1,0.0062995497,0
15434,1,0.0066081854,0
15435,1,0.0069289934,0
15436,1,0.007155085,0
15437,1,0.007501915,0
15438,1,0.008181271,0
15439,1,0.008870452,0
15440,1,0.009418857,0
15441,1,0.009924687,0
15442,1,0.01053993,0
15443,1,0.01123786,0
15444,1,0.011789765,0
15445,1,0.012345138,1
15446,1,0.013133602,1
15447,1,0.013865254,1
15448,1,0.01458628,1
15449,1,0.015451436,1
15450,1,0.016457707,1
15451,1,0.017103594,1
15452,1,0.018114615,1
15453,1,0.019088525,1
15454,1,0.020149622,1
15455,1,0.021160787,1
15456,1,0.022823885,1
15457,0,0.010171867,0
15458,0,0.008255213,0
15459,0,0.006347506,0
15460,0,0.006219152,0
15461,0,0.00402187,0
15462,0,0.0040838667,0
15463,0,0.0040302835,0
15464,0,0.0040666456,0
15465,0,0.0040157093,0
15466,0,0.0039437125,0
15467,0,0.003941024,0
15468,0,0.0039730784,0
15469,0,0.0041748052,0
15470,0,0.0041478947,0
15471,0,0.0041168146,0
15472,0,0.0041167103,0
15473,0,0.0040606335,0
15474,0,0.003982451,0
15475,0,0.0039687534,0
15476,0,0.0039437027,0
15477,0,0.003785655,0
15478,0,0.0037982126,0
15479,0,0.0038074562,0
15480,0,0.0038446973,0
15481,0,0.004033123,0
15482,0,0.0039674966,0
15483,0,0.003963893,0
15484,0,0.0040801885,0
15485,0,0.004087046,0
15486,0,0.004170439,0
15487,0,0.0040848646,0
15488,0,0.004139632,0
15489,0,0.0041681514,0
15490,0,0.004198411,0
15491,0,0.004143026,0
15492,0,0.0039165784,0
15493,0,0.004020399,0
15494,0,0.004008762,0
15495,0,0.0039988263,0
15496,0,0.0040544276,0
15497,0,0.004033501,0
15498,0,0.0039820755,0
15499,0,0.0038823737,0
15500,0,0.0038903926,0
15501,0,0.0039267256,0
15502,0,0.0060020015,0
15503,0,0.006200733,0
15504,0,0.0060526356,0
15505,0,0.006086191,0
15506,0,0.0060961894,0
15507,0,0.008108731,0
15508,0,0.008147332,0
15509,0,0.008208705,0
15510,0,0.008232704,0
15511,0,0.00809999,0
15512,0,0.008132942,0
15513,0,0.008205415,0
15514,0,0.008117126,0
15515,0,0.008082775,0
15516,0,0.007932659,0
15517,0,0.0080411825,0
15518,0,0.0079925135,0
15519,0,0.007937163,0
15520,0,0.008005935,0
15521,0,0.00797861,0
15522,0,0.0080146985,0
15523,0,0.007984378,0
15524,0,0.007893258,0
15525,0,0.007918499,0
15526,0,0.007969472,0
15527,0,0.008045604,0
15528,0,0.008064747,0
15529,0,0.008099253,0
15530,0,0.008047045,0
15531,0,0.008044891,0
15532,0,0.006086175,0
15533,0,0.005990296,0
15534,0,0.0060684355,0
15535,0,0.006045133,0
15536,0,0.006029663,0
15537,0,0.0040140185,0
15538,0,0.0040465775,0
15539,0,0.0040007136,0
15540,0,0.004212922,0
15541,0,0.0043493574,0
15542,0,0.0042849425,0
15543,0,0.0042261644,0
15544,1,0.004234676,0
15545,1,0.0043685767,0
15546,1,0.00444268,0
15547,1,0.004451392,0
15548,1,0.004596918,0
15549,1,0.00453624,0
15550,1,0.0046111657,0
15551,1,0.00465806,0
15552,1,0.0045896885,0
15553,1,0.004522483,0
15554,1,0.004580752,0
15555,1,0.004509698,0
15556,1,0.0045014108,0
15557,1,0.004496626,0
15558,1,0.0044802586,0
15559,1,0.0043702833,0
15560,1,0.004537152,0
15561,1,0.0044390853,0
15562,1,0.004483693,0
15563,1,0.0045765815,0
15564,1,0.0045042727,0
15565,1,0.0044924594,0
15566,1,0.004632502,0
15567,1,0.004590173,0
15568,1,0.004586504,0
15569,1,0.0045056557,0
15570,1,0.004303883,0
15571,1,0.004241697,0
15572,1,0.0042523094,0
15573,1,0.0042151366,0
15574,1,0.004246427,0
15575,1,0.004120723,0
15576,1,0.004210776,0
15577,1,0.0041892556,0
15578,1,0.004143744,0
15579,1,0.0041770246,0
15580,1,0.004176413,0
15581,1,0.0044528698,0
15582,1,0.0045784297,0
15583,1,0.004681314,0
15584,1,0.004643517,0
15585,1,0.0045279036,0
15586,1,0.004600832,0
15587,1,0.004580501,0
15588,1,0.0045372415,0
15589,1,0.0046145325,0
15590,1,0.0045299605,0
15591,1,0.0045184065,0
15592,1,0.004589811,0
15593,1,0.004618163,0
15594,1,0.004464386,0
15595,1,0.004357529,0
15596,1,0.0043505593,0
15597,1,0.0042978306,0
15598,1,0.004206002,0
15599,1,0.004264705,0
15600,1,0.0044054813,0
15601,1,0.0042809327,0
15602,1,0.0044172355,0
15603,1,0.004445963,0
15604,1,0.0043040253,0
15605,1,0.004418865,0
15606,1,0.00432329,0
15607,1,0.0042847362,0
15608,1,0.0042878645,0
15609,1,0.0043295585,0
15610,1,0.0043076784,0
15611,1,0.004278146,0
15612,1,0.00443994,0
15613,1,0.0043995786,0
15614,1,0.0043766103,0
15615,1,0.0044872896,0
15616,1,0.004514286,0
15617,1,0.0045624054,0
15618,1,0.0046222485,0
15619,1,0.0045983414,0
15620,1,0.0043922993,0
15621,1,0.0045361742,0
15622,1,0.004672694,0
15623,1,0.0048427563,0
15624,1,0.005006587,0
15625,1,0.0053147827,0
15626,1,0.005690131,0
15627,1,0.0059878016,0
15628,1,0.006108553,0
15629,1,0.0067206724,0
15630,1,0.0073241647,0
15631,1,0.007808792,0
15632,1,0.008024442,0
15633,1,0.008453269,0
15634,1,0.009148752,0
15635,1,0.009432435,0
15636,1,0.010037297,0
15637,1,0.010511215,0
15638,1,0.010965877,0
15639,1,0.011665536,0
15640,1,0.012680218,1
15641,1,0.013090253,1
15642,1,0.014053073,1
15643,1,0.014874099,1
15644,1,0.01601942,1
15645,0,0.0082104085,0
15646,0,0.008293494,0
15647,0,0.008299059,0
15648,0,0.008314394,0
15649,0,0.008313424,0
15650,0,0.008336121,0
15651,0,0.008419058,0
15652,0,0.0082707545,0
15653,0,0.008353039,0
15654,0,0.008343484,0
15655,0,0.008314999,0
15656,0,0.008442453,0
15657,0,0.008452985,0
15658,0,0.008438481,0
15659,0,0.008618884,0
15660,0,0.008615059,0
15661,0,0.008552604,0
15662,0,0.008485856,0
15663,0,0.00856723,0
15664,0,0.008704937,0
15665,0,0.008687297,0
15666,0,0.008717938,0
15667,0,0.0068567786,0
15668,0,0.006843001,0
15669,1,0.0068453015,0
15670,1,0.0048429305,0
15671,1,0.0048143454,0
15672,1,0.0047403895,0
15673,1,0.004566946,0
15674,1,0.004628245,0
15675,1,0.0046410295,0
15676,1,0.0045439927,0
15677,1,0.00460902,0
15678,1,0.0045725135,0
15679,1,0.004592679,0
15680,1,0.0046717837,0
15681,1,0.004660457,0
15682,1,0.004641131,0
15683,1,0.0046083163,0
15684,1,0.0045894654,0
15685,1,0.004703609,0
15686,1,0.004649733,0
15687,1,0.004619583,0
15688,1,0.004450236,0
15689,1,0.0044157156,0
15690,1,0.00444853,0
15691,1,0.0045645623,0
15692,1,0.004643912,0
15693,1,0.0046716067,0
15694,1,0.004541199,0
15695,1,0.0044093262,0
15696,1,0.004402869,0
15697,1,0.004335253,0
15698,1,0.004356189,0
15699,1,0.0042847916,0
15700,1,0.0042611747,0
15701,1,0.0064801453,0
15702,1,0.0066589215,0
15703,1,0.0068313614,0
15704,1,0.0069340044,0
15705,1,0.00688898,0
15706,1,0.006844614,0
15707,1,0.0067593204,0
15708,1,0.006785979,0
15709,1,0.006888076,0
15710,1,0.006895017,0
15711,1,0.006939589,0
15712,1,0.0070412257,0
15713,1,0.007082675,0
15714,1,0.00701807,0
15715,1,0.0068070833,0
15716,1,0.0067268186,0
15717,1,0.006716775,0
15718,1,0.0068544974,0
15719,1,0.0068306597,0
15720,1,0.0066843936,0
15721,1,0.0067310925,0
15722,1,0.0068085343,0
15723,1,0.006616725,0
15724,1,0.006674935,0
15725,1,0.006928176,0
15726,1,0.006832484,0
15727,1,0.006961768,0
15728,1,0.0069047273,0
15729,1,0.0069676572,0
15730,1,0.0069379956,0
15731,1,0.0047474196,0
15732,1,0.004724681,0
15733,1,0.004632502,0
15734,1,0.0046229004,0
15735,1,0.0047404226,0
15736,1,0.004741309,0
15737,1,0.004737162,0
15738,1,0.0046781604,0
15739,1,0.0045995405,0
15740,1,0.004587835,0
15741,1,0.0047036563,0
15742,1,0.0045864736,0
15743,1,0.004606722,0
15744,1,0.0046710535,0
15745,1,0.0047551454,0
15746,1,0.004889015,0
15747,1,0.005135252,0
15748,1,0.0051779635,0
15749,1,0.005432201,0
15750,1,0.0054822788,0
15751,1,0.005611972,0
15752,1,0.005622016,0
15753,1,0.00564274,0
15754,1,0.005894943,0
15755,1,0.0059196153,0
15756,1,0.005991027,0
15757,1,0.0063615576,0
15758,1,0.006550416,0
15759,1,0.006636318,0
15760,1,0.0068041296,0
15761,1,0.0070099714,0
15762,1,0.0071463166,0
15763,1,0.007151611,0
15764,1,0.0075010564,0
15765,1,0.00785802,0
15766,1,0.008179138,0
15767,1,0.008853659,0
15768,1,0.010132449,0
15769,1,0.011377805,0
15770,0,0.004687667,0
15771,0,0.0046889544,0
15772,0,0.0047097937,0
15773,0,0.0047110207,0
15774,0,0.0047030314,0
15775,1,0.004593119,0
15776,1,0.0045379982,0
15777,1,0.004343517,0
15778,1,0.004267607,0
15779,1,0.004277209,0
15780,1,0.0042428873,0
15781,1,0.004227196,0
15782,1,0.0045113363,0
15783,1,0.0045544067,0
15784,1,0.004627888,0
15785,1,0.004451802,0
15786,1,0.0044486756,0
15787,1,0.004401679,0
15788,1,0.0044036605,0
15789,1,0.0045084893,0
15790,1,0.0046152864,0
15791,1,0.0046763094,0
15792,1,0.0046993317,0
15793,1,0.004604014,0
15794,1,0.0045456616,0
15795,1,0.004666351,0
15796,1,0.0045324718,0
15797,1,0.0045319097,0
15798,1,0.0044729807,0
15799,1,0.004429431,0
15800,1,0.004304499,0
15801,1,0.00421914,0
15802,1,0.0041114385,0
15803,1,0.004083503,0
15804,1,0.0040855645,0
15805,1,0.0041542505,0
15806,1,0.0041064373,0
15807,1,0.00409813,0
15808,1,0.003998067,0
15809,1,0.003999514,0
15810,1,0.0040456615,0
15811,1,0.004027942,0
15812,1,0.0037559113,0
15813,1,0.0038377373,0
15814,1,0.0037848619,0
15815,1,0.0038490985,0
15816,1,0.00386103,0
15817,1,0.0038908748,0
15818,1,0.003964785,0
15819,1,0.0039637806,0
15820,1,0.0038418088,0
15821,1,0.0037867508,0
15822,1,0.0037272964,0
15823,1,0.0037643434,0
15824,1,0.0038305325,0
15825,1,0.0039510187,0
15826,1,0.0040620374,0
15827,1,0.0040869853,0
15828,1,0.004058136,0
15829,1,0.004061777,0
15830,1,0.0041118423,0
15831,1,0.004124117,0
15832,1,0.0042359307,0
15833,1,0.004378006,0
15834,1,0.004405621,0
15835,1,0.004438581,0
15836,1,0.0043890094,0
15837,1,0.0043205754,0
15838,1,0.004345283,0
15839,1,0.004399899,0
15840,1,0.0044448976,0
15841,1,0.004479631,0
15842,1,0.0045520705,0
15843,1,0.004499205,0
15844,1,0.0045727487,0
15845,1,0.004673443,0
15846,1,0.0047425767,0
15847,1,0.0047354875,0
15848,1,0.004769495,0
15849,1,0.0051140976,0
15850,1,0.0052035027,0
15851,1,0.0054511377,0
15852,1,0.0055516437,0
15853,1,0.005784396,0
15854,1,0.006026426,0
15855,1,0.0060086753,0
15856,1,0.006109858,0
15857,1,0.006184664,0
15858,1,0.0065840674,0
15859,1,0.0069379974,0
15860,1,0.00708031,0
15861,1,0.007389145,0
15862,1,0.0076566455,0
15863,1,0.007938166,0
15864,1,0.008374341,0
15865,1,0.008638862,0
15866,1,0.009503545,0
15867,1,0.01035671,0
15868,1,0.011009276,0
15869,1,0.0115824025,0
15870,1,0.011955366,0
15871,1,0.0123766875,1
15872,1,0.013265822,1
15873,1,0.014434089,1
15874,1,0.015635896,1
15875,1,0.016782336,1
15876,0,0.0043703546,0
15877,0,0.0043572173,0
15878,0,0.004307327,0
15879,0,0.0042778626,0
15880,0,0.0042204326,0
15881,0,0.004161225,0
15882,0,0.004035408,0
15883,0,0.004042318,0
15884,0,0.004004138,0
15885,0,0.0040196967,0
15886,0,0.0039707315,0
15887,0,0.0041208128,0
15888,0,0.0041966382,0
15889,0,0.004259695,0
15890,0,0.0042195534,0
15891,0,0.004326057,0
15892,0,0.0043506715,0
15893,0,0.0043552998,0
15894,0,0.004516893,0
15895,0,0.0044404254,0
15896,0,0.0043859286,0
15897,0,0.0043949513,0
15898,0,0.004365802,0
15899,0,0.004571499,0
15900,0,0.004664486,0
15901,0,0.0046873596,0
15902,0,0.004609054,0
15903,0,0.004577376,0
15904,0,0.004450751,0
15905,0,0.0044380827,0
15906,0,0.004412598,0
15907,0,0.0044293287,0
15908,0,0.004260228,0
15909,0,0.0041419566,0
15910,0,0.0041316235,0
15911,0,0.0041421694,0
15912,0,0.004149443,0
15913,0,0.0042105303,0
15914,0,0.0043288134,0
15915,0,0.004451256,0
15916,0,0.004564912,0
15917,0,0.0044325017,0
15918,0,0.0043297294,0
15919,0,0.0043749027,0
15920,0,0.0044573965,0
15921,0,0.00436852,0
15922,0,0.004383535,0
15923,0,0.0044545685,0
15924,0,0.004314571,0
15925,0,0.004460187,0
15926,0,0.0044542365,0
15927,0,0.004485921,0
15928,0,0.0044199494,0
15929,0,0.004340233,0
15930,0,0.0042428193,0
15931,0,0.0043167225,0
15932,0,0.004184629,0
15933,0,0.004062912,0
15934,0,0.0041351835,0
15935,0,0.0040859547,0
15936,0,0.003988451,0
15937,0,0.00393687,0
15938,0,0.0039565107,0
15939,0,0.006118019,0
15940,0,0.006150825,0
15941,0,0.006069533,0
15942,0,0.0061038677,0
15943,0,0.006035868,0
15944,0,0.0059863045,0
15945,0,0.00594675,0
15946,0,0.0059529752,0
15947,0,0.005958497,0
15948,0,0.0059542796,0
15949,0,0.0058648353,0
15950,0,0.0059158877,0
15951,0,0.005925832,0
15952,0,0.0059722485,0
15953,0,0.005976586,0
15954,0,0.0059230365,0
15955,0,0.0060521583,0
15956,0,0.0062211156,0
15957,0,0.006154989,0
15958,0,0.0061767315,0
15959,0,0.0060369023,0
15960,0,0.006016701,0
15961,0,0.0059854737,0
15962,0,0.0061051175,0
15963,0,0.006192637,0
15964,0,0.0061846394,0
15965,0,0.0061580064,0
15966,0,0.0062629934,0
15967,0,0.0063307015,0
15968,0,0.006321428,0
15969,0,0.0041573914,0
15970,0,0.0042017843,0
15971,0,0.0044134553,0
15972,0,0.004465202,0
15973,0,0.004498734,0
15974,0,0.0044700685,0
15975,0,0.004404057,0
15976,0,0.004379231,0
15977,0,0.004478036,0
15978,0,0.0046036444,0
15979,0,0.004795828,0
15980,0,0.0046929074,0
15981,0,0.0046281656,0
15982,0,0.004534646,0
15983,0,0.0045214505,0
15984,0,0.004597431,0
15985,0,0.0043465355,0
15986,0,0.004167009,0
15987,0,0.004166289,0
15988,0,0.0042365496,0
15989,0,0.0042540873,0
15990,0,0.004315903,0
15991,0,0.004358504,0
15992,0,0.004308837,0
15993,0,0.004232504,0
15994,0,0.004234332,0
15995,0,0.0042333575,0
15996,0,0.0041354923,0
15997,0,0.0041195834,0
15998,0,0.0042147217,0
15999,0,0.0043059606,0
16000,0,0.004205589,0
16001,0,0.004020395,0
16002,0,0.0039262497,0
16003,0,0.0038843886,0
16004,0,0.003985156,0
16005,0,0.0040018614,0
16006,0,0.0040002507,0
16007,0,0.0039507295,0
16008,0,0.0038205173,0
16009,0,0.003602142,0
16010,0,0.0035811574,0
16011,0,0.0035630404,0
16012,0,0.0035274613,0
16013,0,0.0035345778,0
16014,0,0.00348517,0
16015,0,0.0035083063,0
16016,0,0.003548593,0
16017,0,0.0034969957,0
16018,0,0.0034339959,0
16019,0,0.0034269989,0
16020,0,0.0034336082,0
16021,0,0.0034453664,0
16022,0,0.0034526805,0
16023,0,0.0034325437,0
16024,0,0.0034203988,0
16025,0,0.003516647,0
16026,0,0.0038197704,0
16027,0,0.0037458134,0
16028,0,0.0037101344,0
16029,0,0.0036402761,0
16030,0,0.0037569604,0
16031,0,0.003761954,0
16032,0,0.0039311214,0
16033,0,0.003995924,0
16034,0,0.0039233966,0
16035,0,0.004014865,0
16036,0,0.0040621096,0
16037,0,0.004125109,0
16038,0,0.004274637,0
16039,0,0.004375471,0
16040,0,0.0043187807,0
16041,0,0.0045647104,0
16042,0,0.0047700424,0
16043,0,0.004697927,0
16044,0,0.004716706,0
16045,0,0.0048003388,0
16046,0,0.004796464,0
16047,0,0.004882351,0
16048,0,0.0047723996,0
16049,0,0.004776506,0
16050,0,0.004694039,0
16051,0,0.0047063753,0
16052,0,0.0047874814,0
16053,0,0.004784092,0
16054,0,0.004759114,0
16055,0,0.004734055,0
16056,0,0.004541909,0
16057,0,0.0045347055,0
16058,0,0.0045173015,0
16059,0,0.0045266366,0
16060,0,0.0044418,0
16061,0,0.00449857,0
16062,0,0.004362224,0
16063,0,0.004351058,0
16064,0,0.0044516013,0
16065,0,0.004351678,0
16066,0,0.004233917,0
16067,0,0.004215757,0
16068,0,0.004081746,0
16069,0,0.0040918645,0
16070,0,0.0041613947,0
16071,0,0.004044485,0
16072,0,0.003930549,0
16073,0,0.0039734496,0
16074,0,0.003973124,0
16075,0,0.003871362,0
16076,0,0.0037794325,0
16077,0,0.0038199741,0
16078,0,0.0038101,0
16079,0,0.003834653,0
16080,0,0.0039073266,0
16081,0,0.0038586035,0
16082,0,0.003816065,0
16083,0,0.0039173802,0
16084,0,0.0039555677,0
16085,0,0.0038827348,0
16086,0,0.0038622166,0
16087,1,0.0039107874,0
16088,1,0.0039011713,0
16089,1,0.0039628935,0
16090,1,0.0039967853,0
16091,1,0.003948017,0
16092,1,0.003970783,0
16093,1,0.003984808,0
16094,1,0.003919402,0
16095,1,0.0039885524,0
16096,1,0.004068844,0
16097,1,0.004004398,0
16098,1,0.0040257024,0
16099,1,0.003952576,0
16100,1,0.0039899526,0
16101,1,0.003925202,0
16102,1,0.0039309766,0
16103,1,0.0039259135,0
16104,1,0.0039035918,0
16105,1,0.0039162836,0
16106,1,0.0039549335,0
16107,1,0.003910957,0
16108,1,0.0040155738,0
16109,1,0.004098854,0
16110,1,0.003986972,0
16111,1,0.004109572,0
16112,1,0.004055167,0
16113,1,0.0040562325,0
16114,1,0.0039737094,0
16115,1,0.0039652167,0
16116,1,0.0040031215,0
16117,1,0.0040137786,0
16118,1,0.0039330493,0
16119,1,0.0038749545,0
16120,1,0.0040044053,0
16121,1,0.004039383,0
16122,1,0.0041350527,0
16123,1,0.0042970674,0
16124,1,0.0043193516,0
16125,1,0.0042459685,0
16126,1,0.004201104,0
16127,1,0.004186434,0
16128,1,0.0041431426,0
16129,1,0.004301322,0
16130,1,0.0042771543,0
16131,1,0.004401875,0
16132,1,0.004456519,0
16133,1,0.004568946,0
16134,1,0.0048744655,0
16135,1,0.0050892932,0
16136,1,0.005200846,0
16137,1,0.005177881,0
16138,1,0.0051818974,0
16139,1,0.0053124907,0
16140,1,0.0054202774,0
16141,1,0.0055559087,0
16142,1,0.0057825716,0
16143,1,0.0061102975,0
16144,1,0.006355488,0
16145,1,0.0065599657,0
16146,1,0.006632764,0
16147,1,0.0066761184,0
16148,1,0.0068219537,0
16149,1,0.007024524,0
16150,1,0.0071352813,0
16151,1,0.00728047,0
16152,1,0.0075248997,0
16153,1,0.007917245,0
16154,1,0.008077325,0
16155,1,0.008377163,0
16156,1,0.008674169,0
16157,1,0.00897518,0
16158,1,0.009407559,0
16159,1,0.009548625,0
16160,1,0.0098387,0
16161,1,0.0099953655,0
16162,1,0.010436567,0
16163,1,0.010840442,0
16164,1,0.010965536,0
16165,1,0.011376384,0
16166,1,0.012018348,0
16167,1,0.012855006,1
16168,1,0.013240832,1
16169,1,0.013599279,1
16170,1,0.014127537,1
16171,1,0.0145988185,1
16172,1,0.01503571,1
16173,1,0.01541118,1
16174,1,0.016199496,1
16175,1,0.01654615,1
16176,1,0.01683033,1
16177,1,0.017438568,1
16178,1,0.018089732,1
16179,1,0.018658414,1
16180,1,0.019371323,1
16181,1,0.020332856,1
16182,1,0.021188892,1
16183,1,0.021402232,1
16184,1,0.022564579,1
16185,1,0.023505673,1
16186,1,0.024538163,1
16187,1,0.02577588,1
16188,0,0.006420146,0
16189,0,0.006468445,0
16190,0,0.0065276506,0
16191,0,0.0064537176,0
16192,0,0.0064410367,0
16193,0,0.006408349,0
16194,0,0.0064059393,0
16195,0,0.0063537555,0
16196,0,0.0063150506,0
16197,0,0.0062386636,0
16198,0,0.006322881,0
16199,0,0.006383337,0
16200,0,0.006321228,0
16201,0,0.0063489554,0
16202,0,0.006340488,0
16203,0,0.0063824668,0
16204,0,0.0063560815,0
16205,0,0.006547805,0
16206,0,0.006446911,0
16207,0,0.006484764,0
16208,0,0.006747762,0
16209,0,0.0066858632,0
16210,0,0.006644776,0
16211,0,0.004719108,0
16212,0,0.0046794754,0
16213,1,0.0068704775,0
16214,1,0.0069716093,0
16215,1,0.0070205526,0
16216,1,0.0070642787,0
16217,1,0.0068181576,0
16218,1,0.0069550844,0
16219,1,0.006956369,0
16220,1,0.006955255,0
16221,1,0.009034142,0
16222,1,0.008977156,0
16223,1,0.009038373,0
16224,1,0.009016204,0
16225,1,0.0091333175,0
16226,1,0.009123396,0
16227,1,0.009040787,0
16228,1,0.009095949,0
16229,1,0.009011703,0
16230,1,0.008960061,0
16231,1,0.008981683,0
16232,1,0.008961473,0
16233,1,0.008776942,0
16234,1,0.008835613,0
16235,1,0.008835438,0
16236,1,0.008731259,0
16237,1,0.008688803,0
16238,1,0.008630417,0
16239,1,0.0086967815,0
16240,1,0.008669663,0
16241,1,0.00851044,0
16242,1,0.008423614,0
16243,1,0.006248287,0
16244,1,0.00613442,0
16245,1,0.006316077,0
16246,1,0.0062750266,0
16247,1,0.006329144,0
16248,1,0.0061914288,0
16249,1,0.0061490154,0
16250,1,0.006191487,0
16251,1,0.0041007204,0
16252,1,0.0040354305,0
16253,1,0.0039344053,0
16254,1,0.003838679,0
16255,1,0.0037342703,0
16256,1,0.0037811522,0
16257,1,0.0036995448,0
16258,1,0.0037373553,0
16259,1,0.0037174665,0
16260,1,0.0038978294,0
16261,1,0.0039491113,0
16262,1,0.00409584,0
16263,1,0.004249006,0
16264,1,0.0042686923,0
16265,1,0.0041559977,0
16266,1,0.0041671596,0
16267,1,0.004152708,0
16268,1,0.0040930873,0
16269,1,0.004173706,0
16270,1,0.0045115463,0
16271,1,0.00461753,0
16272,1,0.004901912,0
16273,1,0.004965117,0
16274,1,0.0050231363,0
16275,1,0.005039883,0
16276,1,0.005220783,0
16277,1,0.005448261,0
16278,1,0.0054561077,0
16279,1,0.005300953,0
16280,1,0.005252442,0
16281,1,0.005267365,0
16282,1,0.005364629,0
16283,1,0.00562738,0
16284,1,0.005602505,0
16285,1,0.0054352283,0
16286,1,0.0053963927,0
16287,1,0.00533277,0
16288,1,0.00534209,0
16289,1,0.0054554925,0
16290,1,0.005726237,0
16291,1,0.005879236,0
16292,1,0.0056815483,0
16293,1,0.0058038216,0
16294,1,0.0059619425,0
16295,1,0.0061930805,0
16296,1,0.0063442956,0
16297,1,0.0064396085,0
16298,1,0.0067154802,0
16299,1,0.0066920007,0
16300,1,0.006589033,0
16301,1,0.006693917,0
16302,1,0.0069748946,0
16303,1,0.0073864954,0
16304,1,0.0074742055,0
16305,1,0.0079111215,0
16306,1,0.00854072,0
16307,1,0.009080003,0
16308,1,0.0095722,0
16309,1,0.0103315,0
16310,1,0.010808634,0
16311,1,0.011322545,0
16312,1,0.012371212,1
16313,1,0.013076165,1
16314,0,0.003880345,0
16315,0,0.00404068,0
16316,0,0.00403834,0
16317,0,0.00409143,0
16318,0,0.004172503,0
16319,0,0.004099213,0
16320,0,0.004125274,0
16321,0,0.0041326745,0
16322,0,0.004173919,0
16323,0,0.0041986997,0
16324,0,0.0040667206,0
16325,0,0.00409238,0
16326,0,0.004176088,0
16327,0,0.0038911945,0
16328,0,0.003925654,0
16329,0,0.0040055546,0
16330,0,0.0039327526,0
16331,0,0.0039047054,0
16332,0,0.003895524,0
16333,0,0.0039724745,0
16334,0,0.0039465586,0
16335,0,0.004033447,0
16336,0,0.0039837,0
16337,0,0.004050088,0
16338,0,0.004000253,0
16339,0,0.003965803,0
16340,0,0.0040235394,0
16341,0,0.0040597213,0
16342,0,0.004066114,0
16343,0,0.0041985894,0
16344,0,0.0040494874,0
16345,0,0.0040191333,0
16346,0,0.004046396,0
16347,0,0.004034665,0
16348,0,0.0041119335,0
16349,0,0.0042399764,0
16350,0,0.0042939787,0
16351,0,0.004263868,0
16352,0,0.004275037,0
16353,0,0.004335108,0
16354,0,0.0043300833,0
16355,0,0.004437111,0
16356,0,0.0044615106,0
16357,0,0.004510772,0
16358,0,0.0045857066,0
16359,0,0.0045060213,0
16360,0,0.0045554936,0
16361,0,0.004550833,0
16362,0,0.004400576,0
16363,0,0.004325613,0
16364,0,0.004325689,0
16365,0,0.0041496167,0
16366,0,0.0042887162,0
16367,0,0.0041361405,0
16368,0,0.004108948,0
16369,0,0.004053768,0
16370,0,0.0040078755,0
16371,0,0.0039621466,0
16372,0,0.0040294947,0
16373,0,0.0040401737,0
16374,0,0.0041676825,0
16375,0,0.004200513,0
16376,0,0.0042580008,0
16377,0,0.0042672963,0
16378,0,0.0043312693,0
16379,0,0.004195438,0
16380,0,0.0041515743,0
16381,0,0.00421418,0
16382,0,0.0041214684,0
16383,0,0.0041352105,0
16384,0,0.004097923,0
16385,0,0.00410755,0
16386,0,0.0040625036,0
16387,0,0.003991018,0
16388,0,0.0039590006,0
16389,0,0.00401812,0
16390,0,0.0040211147,0
16391,0,0.0040833987,0
16392,0,0.004111878,0
16393,0,0.0040989667,0
16394,0,0.004125205,0
16395,0,0.004134274,0
16396,0,0.0039915824,0
16397,0,0.004012369,0
16398,0,0.0040301923,0
16399,0,0.0040044854,0
16400,0,0.004017186,0
16401,0,0.0040860767,0
16402,0,0.004060342,0
16403,0,0.003976945,0
16404,0,0.0040010344,0
16405,0,0.003909137,0
16406,0,0.003973239,0
16407,0,0.00398741,0
16408,0,0.0038872203,0
16409,0,0.0039345548,0
16410,0,0.0038943358,0
16411,0,0.003854258,0
16412,0,0.0038508445,0
16413,0,0.0038989992,0
16414,0,0.003918333,0
16415,0,0.0039085816,0
16416,0,0.003831916,0
16417,0,0.003909327,0
16418,0,0.003890053,0
16419,0,0.003898416,0
16420,0,0.003855152,0
16421,0,0.0037945027,0
16422,0,0.0037489564,0
16423,0,0.004035586,0
16424,0,0.0043930616,0
16425,0,0.004475553,0
16426,0,0.004464636,0
16427,0,0.0046163513,0
16428,0,0.004702687,0
16429,0,0.00473151,0
16430,0,0.004746063,0
16431,0,0.0047865454,0
16432,0,0.004704545,0
16433,0,0.004678924,0
16434,0,0.0045757634,0
16435,0,0.0045660585,0
16436,0,0.004408693,0
16437,0,0.00436665,0
16438,0,0.0043930304,0
16439,0,0.0044134655,0
16440,0,0.0045057195,0
16441,0,0.0045589935,0
16442,1,0.004685907,0
16443,1,0.004709974,0
16444,1,0.0048414264,0
16445,1,0.004677063,0
16446,1,0.0047361613,0
16447,1,0.004648001,0
16448,1,0.0045844954,0
16449,1,0.0045809927,0
16450,1,0.004644201,0
16451,1,0.0047495747,0
16452,1,0.004784188,0
16453,1,0.004511459,0
16454,1,0.0041645984,0
16455,1,0.004269449,0
16456,1,0.004364962,0
16457,1,0.0042656288,0
16458,1,0.0041809543,0
16459,1,0.004166509,0
16460,1,0.004122948,0
16461,1,0.0039527626,0
16462,1,0.0039735143,0
16463,1,0.0039076405,0
16464,1,0.003910661,0
16465,1,0.003990181,0
16466,1,0.0039956085,0
16467,1,0.004004578,0
16468,1,0.0039702724,0
16469,1,0.0039821346,0
16470,1,0.003934967,0
16471,1,0.0038951496,0
16472,1,0.0038364066,0
16473,1,0.0038605887,0
16474,1,0.003809611,0
16475,1,0.004005057,0
16476,1,0.00403551,0
16477,1,0.0041213636,0
16478,1,0.004389262,0
16479,1,0.004471938,0
16480,1,0.0043998184,0
16481,1,0.00440258,0
16482,1,0.0045628045,0
16483,1,0.0047274446,0
16484,1,0.004740321,0
16485,1,0.004660704,0
16486,1,0.0046832953,0
16487,1,0.004808388,0
16488,1,0.00487374,0
16489,1,0.0049190694,0
16490,1,0.004902376,0
16491,1,0.005177823,0
16492,1,0.005353731,0
16493,1,0.0054810373,0
16494,1,0.0055960338,0
16495,1,0.0055528367,0
16496,1,0.005670903,0
16497,1,0.0058285496,0
16498,1,0.006099335,0
16499,1,0.006098287,0
16500,1,0.006257601,0
16501,1,0.00653886,0
16502,1,0.006709735,0
16503,1,0.006842966,0
16504,1,0.0069292686,0
16505,1,0.006842584,0
16506,1,0.007051825,0
16507,1,0.0074164984,0
16508,1,0.0074139163,0
16509,1,0.007563365,0
16510,1,0.007680679,0
16511,1,0.007888352,0
16512,1,0.008128147,0
16513,1,0.008344075,0
16514,1,0.008588403,0
16515,1,0.008870602,0
16516,1,0.009138726,0
16517,1,0.009348583,0
16518,1,0.009815886,0
16519,1,0.010140902,0
16520,1,0.010675997,0
16521,1,0.011267196,0
16522,1,0.011419893,0
16523,1,0.011923811,0
16524,1,0.012616002,1
16525,1,0.012896545,1
16526,1,0.013531809,1
16527,1,0.013903943,1
16528,1,0.014258253,1
16529,1,0.014806299,1
16530,1,0.015664313,1
16531,1,0.01634881,1
16532,1,0.017122554,1
16533,1,0.017833075,1
16534,1,0.018703058,1
16535,1,0.01973495,1
16536,1,0.020704223,1
16537,1,0.021654423,1
16538,1,0.022459166,1
16539,1,0.023527509,1
16540,1,0.024876779,1
16541,1,0.026309641,1
16542,1,0.027793953,1
16543,0,0.014715426,1
16544,0,0.013292997,1
16545,0,0.0118261445,0
16546,0,0.011767194,0
16547,0,0.0116805425,0
16548,0,0.011667303,0
16549,0,0.011679692,0
16550,0,0.009970947,0
16551,0,0.0082098795,0
16552,0,0.010043015,0
16553,0,0.0101757115,0
16554,0,0.010248151,0
16555,0,0.010108497,0
16556,0,0.0101683745,0
16557,0,0.010074815,0
16558,0,0.009919152,0
16559,0,0.009751719,0
16560,0,0.011533487,0
16561,0,0.011410362,0
16562,0,0.0131036285,1
16563,0,0.013147284,1
16564,0,0.014611579,1
16565,0,0.013151375,1
16566,0,0.013055778,1
16567,0,0.013121941,1
16568,0,0.013139648,1
16569,0,0.013154052,1
16570,0,0.0131654,1
16571,0,0.01332914,1
16572,0,0.013371939,1
16573,0,0.013348652,1
16574,0,0.013267159,1
16575,0,0.013433149,1
16576,0,0.011792963,0
16577,0,0.013320745,1
16578,0,0.014864882,1
16579,0,0.014853342,1
16580,0,0.014808174,1
16581,0,0.014909071,1
16582,0,0.013412088,1
16583,0,0.014711559,1
16584,0,0.014629266,1
16585,0,0.01452654,1
16586,0,0.014477005,1
16587,0,0.014489081,1
16588,0,0.014582932,1
16589,0,0.014666773,1
16590,0,0.013302019,1
16591,0,0.013398894,1
16592,0,0.011660466,0
16593,0,0.013261914,1
16594,0,0.011551073,0
16595,0,0.011581429,0
16596,0,0.011637069,0
16597,0,0.01162043,0
16598,0,0.011624555,0
16599,0,0.011728891,0
16600,0,0.01177453,0
16601,0,0.011666018,0
16602,0,0.011652855,0
16603,0,0.011655549,0
16604,0,0.011626139,0
16605,0,0.013172821,1
16606,0,0.013314689,1
16607,0,0.011886732,0
16608,0,0.010132304,0
16609,0,0.010229319,0
16610,0,0.010318009,0
16611,0,0.010201641,0
16612,0,0.010287321,0
16613,0,0.008511587,0
16614,0,0.008555582,0
16615,0,0.008513879,0
16616,0,0.0085103195,0
16617,0,0.008514589,0
16618,0,0.010360541,0
16619,0,0.010454302,0
16620,0,0.010296443,0
16621,0,0.010188701,0
16622,0,0.010279672,0
16623,0,0.008498601,0
16624,0,0.008585973,0
16625,0,0.008600393,0
16626,0,0.008572228,0
16627,0,0.008522812,0
16628,0,0.008522578,0
16629,0,0.008407992,0
16630,0,0.008415746,0
16631,0,0.008447155,0
16632,0,0.008424671,0
16633,0,0.008468303,0
16634,0,0.008507702,0
16635,0,0.0064805457,0
16636,0,0.0063562966,0
16637,0,0.0061807684,0
16638,0,0.00611805,0
16639,0,0.0059700627,0
16640,0,0.0059787054,0
16641,0,0.005980151,0
16642,0,0.006011225,0
16643,0,0.008027292,0
16644,0,0.008009841,0
16645,0,0.008001438,0
16646,0,0.007921661,0
16647,0,0.007932486,0
16648,0,0.0059406175,0
16649,0,0.005957795,0
16650,0,0.0059498395,0
16651,0,0.0059811496,0
16652,0,0.006048664,0
16653,0,0.005945313,0
16654,0,0.0059030578,0
16655,0,0.0058874367,0
16656,0,0.005897252,0
16657,0,0.005890456,0
16658,0,0.005896081,0
16659,0,0.0059390455,0
16660,0,0.0059398897,0
16661,0,0.0059011662,0
16662,0,0.0059029018,0
16663,0,0.0059093195,0
16664,0,0.0059042126,0
16665,0,0.00593627,0
16666,0,0.005974565,0
16667,0,0.006116312,0
16668,0,0.0061799963,0
16669,0,0.006345768,0
16670,0,0.0063721957,0
16671,0,0.0064193336,0
16672,0,0.006438628,0
16673,0,0.0045155925,0
16674,0,0.0045792344,0
16675,0,0.004580558,0
16676,0,0.004579378,0
16677,0,0.004569413,0
16678,0,0.0045325505,0
16679,0,0.0045915516,0
16680,0,0.004655391,0
16681,0,0.0046810354,0
16682,0,0.0045765126,0
16683,0,0.004553891,0
16684,0,0.004575235,0
16685,0,0.004484704,0
16686,0,0.004486486,0
16687,0,0.0044591185,0
16688,0,0.004437715,0
16689,0,0.004388454,0
16690,0,0.0043987175,0
16691,0,0.0043379907,0
16692,0,0.004341351,0
16693,0,0.0042735958,0
16694,0,0.004317983,0
16695,0,0.004251383,0
16696,1,0.004148294,0
16697,1,0.00415915,0
16698,1,0.004243732,0
16699,1,0.0044272044,0
16700,1,0.004363075,0
16701,1,0.004381672,0
16702,1,0.004338191,0
16703,1,0.0042532277,0
16704,1,0.0042722123,0
16705,1,0.004227244,0
16706,1,0.0042907456,0
16707,1,0.0042584045,0
16708,1,0.0043326,0
16709,1,0.0042440677,0
16710,1,0.004275285,0
16711,1,0.004410288,0
16712,1,0.004385723,0
16713,1,0.0043807058,0
16714,1,0.0043427018,0
16715,1,0.004355728,0
16716,1,0.0042719375,0
16717,1,0.0042250846,0
16718,1,0.0042850627,0
16719,1,0.004266665,0
16720,1,0.004149099,0
16721,1,0.0041983,0
16722,1,0.004237168,0
16723,1,0.0042891987,0
16724,1,0.0042626457,0
16725,1,0.004514938,0
16726,1,0.0046169674,0
16727,1,0.004614208,0
16728,1,0.0046526287,0
16729,1,0.0044449107,0
16730,1,0.0045078383,0
16731,1,0.0044864547,0
16732,1,0.0043541496,0
16733,1,0.0043273196,0
16734,1,0.0043290225,0
16735,1,0.0043864097,0
16736,1,0.004276709,0
16737,1,0.004228567,0
16738,1,0.0042605754,0
16739,1,0.004148062,0
16740,1,0.0041280435,0
16741,1,0.0041744993,0
16742,1,0.0041336403,0
16743,1,0.0042426325,0
16744,1,0.004255398,0
16745,1,0.0045156553,0
16746,1,0.0047259927,0
16747,1,0.0047503253,0
16748,1,0.004751054,0
16749,1,0.0047871354,0
16750,1,0.0048207985,0
16751,1,0.005046309,0
16752,1,0.005121599,0
16753,1,0.005112079,0
16754,1,0.0051336726,0
16755,1,0.0051231957,0
16756,1,0.0050722877,0
16757,1,0.0053407224,0
16758,1,0.0053483793,0
16759,1,0.005387846,0
16760,1,0.0054469067,0
16761,1,0.005458291,0
16762,1,0.0055818274,0
16763,1,0.0058116065,0
16764,1,0.005902061,0
16765,1,0.005885225,0
16766,1,0.0059595336,0
16767,1,0.0061121285,0
16768,1,0.00612196,0
16769,1,0.0062384573,0
16770,1,0.0062797084,0
16771,1,0.0068092514,0
16772,1,0.0069070784,0
16773,1,0.0071154637,0
16774,1,0.0072469693,0
16775,1,0.0073778224,0
16776,1,0.0074560703,0
16777,1,0.0077831396,0
16778,1,0.008055911,0
16779,1,0.00822792,0
16780,1,0.008599528,0
16781,1,0.008766721,0
16782,1,0.009060189,0
16783,1,0.009709973,0
16784,1,0.010411166,0
16785,1,0.01078384,0
16786,1,0.011523124,0
16787,1,0.011783679,0
16788,1,0.012581323,1
16789,1,0.013357534,1
16790,1,0.013677415,1
16791,1,0.014640929,1
16792,1,0.015352275,1
16793,1,0.016077742,1
16794,1,0.016803106,1
16795,1,0.017978907,1
16796,1,0.019253884,1
16797,0,0.0057279915,0
16798,0,0.00566304,0
16799,0,0.0056261425,0
16800,0,0.0056081424,0
16801,0,0.0057485867,0
16802,0,0.005825956,0
16803,0,0.0057441285,0
16804,0,0.0057519353,0
16805,0,0.005765096,0
16806,0,0.005747117,0
16807,0,0.005665886,0
16808,0,0.005696947,0
16809,0,0.003569178,0
16810,0,0.0037805436,0
16811,0,0.0036801752,0
16812,0,0.0038280718,0
16813,0,0.0037721184,0
16814,0,0.0037582344,0
16815,0,0.0037478867,0
16816,0,0.0038116656,0
16817,0,0.0038660625,0
16818,0,0.004071998,0
16819,0,0.0040330216,0
16820,0,0.003966476,0
16821,0,0.003989404,0
16822,0,0.0039857994,0
16823,0,0.003985242,0
16824,0,0.0039401366,0
16825,0,0.004184244,0
16826,0,0.0041145342,0
16827,0,0.004035259,0
16828,0,0.0063010333,0
16829,0,0.0063289152,0
16830,0,0.006324273,0
16831,0,0.006231341,0
16832,0,0.006356053,0
16833,0,0.006456835,0
16834,0,0.0064946394,0
16835,0,0.006433071,0
16836,0,0.0065129623,0
16837,0,0.00664217,0
16838,0,0.0066149784,0
16839,0,0.006649289,0
16840,0,0.0066508316,0
16841,0,0.006796062,0
16842,0,0.0066272537,0
16843,0,0.006575353,0
16844,0,0.0065250113,0
16845,0,0.006416648,0
16846,0,0.006330765,0
16847,0,0.0063426867,0
16848,0,0.006376361,0
16849,0,0.006523357,0
16850,0,0.0064893845,0
16851,0,0.006540537,0
16852,0,0.006511679,0
16853,0,0.00852095,0
16854,0,0.008699975,0
16855,0,0.008467134,0
16856,0,0.008531266,0
16857,0,0.008652815,0
16858,0,0.0065247766,0
16859,0,0.0065171653,0
16860,0,0.0065968037,0
16861,0,0.00670588,0
16862,0,0.006705004,0
16863,0,0.0066729207,0
16864,0,0.0066744667,0
16865,0,0.006740548,0
16866,0,0.006815299,0
16867,0,0.006636725,0
16868,0,0.0066177878,0
16869,0,0.0065698074,0
16870,0,0.0064152977,0
16871,0,0.0064488794,0
16872,0,0.0064604157,0
16873,0,0.0064429156,0
16874,0,0.00640838,0
16875,0,0.006431348,0
16876,0,0.0064487,0
16877,0,0.0065999096,0
16878,0,0.006445796,0
16879,0,0.0062550856,0
16880,0,0.006282703,0
16881,0,0.006475962,0
16882,0,0.0064549088,0
16883,0,0.0044499375,0
16884,0,0.0044285646,0
16885,0,0.0044251336,0
16886,0,0.0043938723,0
16887,0,0.004272985,0
16888,0,0.0042978274,0
16889,0,0.0043369657,0
16890,0,0.004377305,0
16891,0,0.004265799,0
16892,0,0.004041313,0
16893,0,0.0040411497,0
16894,0,0.004008004,0
16895,0,0.0039527775,0
16896,0,0.0040588547,0
16897,0,0.004178691,0
16898,0,0.004152233,0
16899,0,0.004181526,0
16900,0,0.0042624683,0
16901,0,0.004193878,0
16902,0,0.004358122,0
16903,0,0.0044248416,0
16904,0,0.004632187,0
16905,0,0.004676498,0
16906,0,0.0047371024,0
16907,0,0.0045458023,0
16908,0,0.004615309,0
16909,0,0.004665255,0
16910,0,0.0046265954,0
16911,0,0.0044242837,0
16912,0,0.004466501,0
16913,0,0.0043898574,0
16914,0,0.0044253552,0
16915,0,0.0045014257,0
16916,0,0.004710044,0
16917,0,0.004712397,0
16918,0,0.0046908646,0
16919,0,0.0046067187,0
16920,0,0.0044658366,0
16921,0,0.0044531133,0
16922,0,0.0044829,0
16923,0,0.004429696,0
16924,0,0.0044175508,0
16925,0,0.004498361,0
16926,0,0.004602767,0
16927,0,0.0044905813,0
16928,0,0.0045837103,0
16929,0,0.0046172985,0
16930,0,0.004559071,0
16931,0,0.004505832,0
16932,0,0.0043701846,0
16933,0,0.0043716915,0
16934,0,0.0044179084,0
16935,0,0.004500915,0
16936,0,0.0043973173,0
16937,0,0.004371658,0
16938,0,0.004404345,0
16939,0,0.0043413234,0
16940,0,0.00435527,0
16941,0,0.00437339,0
16942,0,0.0043403013,0
16943,0,0.0043061054,0
16944,0,0.0042448128,0
16945,0,0.004220088,0
16946,0,0.004080811,0
16947,0,0.00407199,0
16948,0,0.0040801247,0
16949,0,0.00637801,0
16950,0,0.0063992077,0
16951,0,0.0064130113,0
16952,0,0.0064307023,0
16953,0,0.0065252273,0
16954,0,0.006435458,0
16955,0,0.006479798,0
16956,0,0.006307289,0
16957,0,0.006385017,0
16958,0,0.0062430226,0
16959,0,0.006249234,0
16960,0,0.006275295,0
16961,0,0.006241447,0
16962,0,0.0062569384,0
16963,0,0.0062339953,0
16964,0,0.0060522463,0
16965,0,0.006002492,0
16966,0,0.0059509664,0
16967,0,0.0059104124,0
16968,0,0.005849899,0
16969,0,0.0059320442,0
16970,0,0.006042576,0
16971,0,0.0061153355,0
16972,0,0.006047653,0
16973,0,0.0061396845,0
16974,0,0.006148627,0
16975,0,0.0060891407,0
16976,0,0.005961977,0
16977,0,0.00605244,0
16978,0,0.0060631037,0
16979,0,0.003880563,0
16980,0,0.003887574,0
16981,0,0.003940261,0
16982,0,0.0039110826,0
16983,0,0.004004282,0
16984,0,0.0040738084,0
16985,0,0.0040892563,0
16986,0,0.0040351716,0
16987,0,0.0040162816,0
16988,0,0.00396867,0
16989,0,0.0039094174,0
16990,0,0.0039339704,0
16991,0,0.003874374,0
16992,0,0.0038298091,0
16993,0,0.003909925,0
16994,0,0.003951119,0
16995,0,0.003923234,0
16996,0,0.004036895,0
16997,0,0.004014129,0
16998,0,0.0040487302,0
16999,0,0.0040153293,0
17000,0,0.0040294514,0
17001,0,0.0039955154,0
17002,0,0.0040485216,0
17003,1,0.0041007805,0
17004,1,0.004041386,0
17005,1,0.0041034515,0
17006,1,0.0040966254,0
17007,1,0.004116322,0
17008,1,0.0040949164,0
17009,1,0.004171816,0
17010,1,0.0042353384,0
17011,1,0.0042275228,0
17012,1,0.004381424,0
17013,1,0.0042850394,0
17014,1,0.004205032,0
17015,1,0.0041889646,0
17016,1,0.004332511,0
17017,1,0.004324294,0
17018,1,0.00441223,0
17019,1,0.0045564296,0
17020,1,0.004581404,0
17021,1,0.0046437616,0
17022,1,0.0047117304,0
17023,1,0.0045440057,0
17024,1,0.004464107,0
17025,1,0.0044139656,0
17026,1,0.0045731016,0
17027,1,0.0047422536,0
17028,1,0.0047504823,0
17029,1,0.0047449516,0
17030,1,0.004652242,0
17031,1,0.004639909,0
17032,1,0.004665523,0
17033,1,0.004549501,0
17034,1,0.004556119,0
17035,1,0.004466276,0
17036,1,0.0044378033,0
17037,1,0.004431623,0
17038,1,0.0044932473,0
17039,1,0.004346243,0
17040,1,0.0044500767,0
17041,1,0.0044140606,0
17042,1,0.0042215534,0
17043,1,0.0043082256,0
17044,1,0.0044348356,0
17045,1,0.004413978,0
17046,1,0.0043025496,0
17047,1,0.0043342337,0
17048,1,0.0043238304,0
17049,1,0.0042291735,0
17050,1,0.0043576183,0
17051,1,0.004494593,0
17052,1,0.004510499,0
17053,1,0.0046597025,0
17054,1,0.0047279317,0
17055,1,0.0047918283,0
17056,1,0.0048679705,0
17057,1,0.0048737098,0
17058,1,0.005043338,0
17059,1,0.005042338,0
17060,1,0.0052465885,0
17061,1,0.005482851,0
17062,1,0.00571576,0
17063,1,0.005964267,0
17064,1,0.006082918,0
17065,1,0.0062089725,0
17066,1,0.006389668,0
17067,1,0.006582364,0
17068,1,0.0068010474,0
17069,1,0.006933788,0
17070,1,0.0069949874,0
17071,1,0.0072360625,0
17072,1,0.007452397,0
17073,1,0.0074934033,0
17074,1,0.007589653,0
17075,1,0.007734985,0
17076,1,0.007966145,0
17077,1,0.008306142,0
17078,1,0.008355608,0
17079,1,0.008740375,0
17080,1,0.008802704,0
17081,1,0.009171152,0
17082,1,0.009622825,0
17083,1,0.009785135,0
17084,1,0.010094997,0
17085,1,0.010282385,0
17086,1,0.010347858,0
17087,1,0.010630308,0
17088,1,0.010573741,0
17089,1,0.010939267,0
17090,1,0.011192573,0
17091,1,0.011606035,0
17092,1,0.012475881,1
17093,1,0.01276282,1
17094,1,0.0132945655,1
17095,1,0.013918006,1
17096,1,0.014483244,1
17097,1,0.015045745,1
17098,1,0.015441719,1
17099,1,0.01608974,1
17100,1,0.016934346,1
17101,1,0.017303783,1
17102,1,0.01807574,1
17103,1,0.019180976,1
17104,0,0.0041629835,0
17105,0,0.00425771,0
17106,0,0.004266667,0
17107,0,0.004271764,0
17108,0,0.0041860784,0
17109,0,0.0041954163,0
17110,0,0.004157567,0
17111,0,0.0040993276,0
17112,0,0.0041812435,0
17113,0,0.004136532,0
17114,0,0.004016313,0
17115,0,0.0040155705,0
17116,0,0.004043877,0
17117,0,0.00627175,0
17118,0,0.006288254,0
17119,0,0.0062664705,0
17120,0,0.0060720425,0
17121,0,0.006055442,0
17122,0,0.006072505,0
17123,0,0.006041904,0
17124,0,0.0060061105,0
17125,0,0.005970954,0
17126,0,0.0059575452,0
17127,0,0.0060167275,0
17128,0,0.0059681465,0
17129,0,0.005993077,0
17130,0,0.0061533144,0
17131,0,0.0061461944,0
17132,0,0.006274454,0
17133,0,0.0061096377,0
17134,0,0.006026075,0
17135,0,0.0059029087,0
17136,0,0.005895584,0
17137,0,0.0058832685,0
17138,0,0.0060228473,0
17139,0,0.005967036,0
17140,0,0.0059977723,0
17141,0,0.0059618624,0
17142,0,0.005906855,0
17143,0,0.0058750506,0
17144,0,0.006053597,0
17145,0,0.006078792,0
17146,0,0.005814695,0
17147,0,0.0037081607,0
17148,0,0.0037154194,0
17149,0,0.0038081687,0
17150,0,0.0039025487,0
17151,0,0.003948748,0
17152,0,0.0039569978,0
17153,0,0.003923849,0
17154,0,0.0039176536,0
17155,0,0.0040156944,0
17156,0,0.0039763995,0
17157,0,0.003915022,0
17158,0,0.003927603,0
17159,0,0.0038872163,0
17160,0,0.003907718,0
17161,0,0.003927165,0
17162,0,0.0039560464,0
17163,0,0.00623045,0
17164,0,0.0062265364,0
17165,0,0.0062781186,0
17166,0,0.006286863,0
17167,0,0.0062861177,0
17168,0,0.006262112,0
17169,0,0.0064077773,0
17170,0,0.0063362643,0
17171,0,0.0063209534,0
17172,0,0.0062478296,0
17173,0,0.006484407,0
17174,0,0.0062986873,0
17175,0,0.00623251,0
17176,1,0.006307406,0
17177,1,0.0062658014,0
17178,1,0.0062494087,0
17179,1,0.006170487,0
17180,1,0.0061082686,0
17181,1,0.0060293595,0
17182,1,0.0061333654,0
17183,1,0.0060998322,0
17184,1,0.0060329624,0
17185,1,0.0063208025,0
17186,1,0.0063230433,0
17187,1,0.0063031577,0
17188,1,0.006267494,0
17189,1,0.0063778306,0
17190,1,0.0063605383,0
17191,1,0.0062460327,0
17192,1,0.006260717,0
17193,1,0.0040935157,0
17194,1,0.004085358,0
17195,1,0.0040202904,0
17196,1,0.004027114,0
17197,1,0.004068847,0
17198,1,0.0040225447,0
17199,1,0.0039172065,0
17200,1,0.004037144,0
17201,1,0.004061739,0
17202,1,0.0042221295,0
17203,1,0.00398141,0
17204,1,0.0039636623,0
17205,1,0.00396037,0
17206,1,0.003928856,0
17207,1,0.0039191456,0
17208,1,0.0039793835,0
17209,1,0.004032012,0
17210,1,0.0039968677,0
17211,1,0.0040286784,0
17212,1,0.0040472676,0
17213,1,0.004055593,0
17214,1,0.004143709,0
17215,1,0.0039522615,0
17216,1,0.004035417,0
17217,1,0.004071857,0
17218,1,0.0041648154,0
17219,1,0.0040607248,0
17220,1,0.004104512,0
17221,1,0.004396969,0
17222,1,0.004380093,0
17223,1,0.004439312,0
17224,1,0.0044323704,0
17225,1,0.004494533,0
17226,1,0.004510123,0
17227,1,0.0045958394,0
17228,1,0.00463861,0
17229,1,0.004597706,0
17230,1,0.0046249074,0
17231,1,0.0046526007,0
17232,1,0.004639884,0
17233,1,0.004679738,0
17234,1,0.0051000225,0
17235,1,0.005191788,0
17236,1,0.005280504,0
17237,1,0.0053722123,0
17238,1,0.0052800677,0
17239,1,0.005288477,0
17240,1,0.0052305902,0
17241,1,0.0051992945,0
17242,1,0.005017264,0
17243,1,0.005071942,0
17244,1,0.005078372,0
17245,1,0.0049120015,0
17246,1,0.0048569907,0
17247,1,0.0049745296,0
17248,1,0.005067665,0
17249,1,0.00518864,0
17250,1,0.0055394047,0
17251,1,0.005560713,0
17252,1,0.0057683913,0
17253,1,0.005923054,0
17254,1,0.0064536817,0
17255,1,0.0065109176,0
17256,1,0.0065889284,0
17257,1,0.0068009873,0
17258,1,0.007345715,0
17259,1,0.007622066,0
17260,1,0.007924396,0
17261,1,0.008381567,0
17262,1,0.008823202,0
17263,1,0.00941234,0
17264,1,0.009821257,0
17265,1,0.010527958,0
17266,1,0.011631924,0
17267,1,0.01237366,1
17268,1,0.013112297,1
17269,1,0.014278996,1
17270,1,0.015124196,1
17271,1,0.0164724,1
17272,1,0.01847721,1
17273,1,0.020581914,1
17274,1,0.022254027,1
17275,1,0.024302494,1
17276,1,0.02653937,1
17277,0,0.0043775383,0
17278,0,0.0043531065,0
17279,0,0.004249358,0
17280,0,0.00416821,0
17281,0,0.004214495,0
17282,0,0.0041279877,0
17283,0,0.0061762575,0
17284,0,0.0060574193,0
17285,0,0.006200867,0
17286,0,0.006350013,0
17287,0,0.0062652626,0
17288,0,0.0062877918,0
17289,0,0.0062971627,0
17290,0,0.0062449127,0
17291,0,0.008162013,0
17292,0,0.008125457,0
17293,0,0.007978293,0
17294,0,0.008110197,0
17295,0,0.008059443,0
17296,0,0.008043715,0
17297,0,0.008134344,0
17298,0,0.008191582,0
17299,0,0.008208153,0
17300,0,0.008209119,0
17301,0,0.008253543,0
17302,0,0.008339959,0
17303,1,0.008394887,0
17304,1,0.008325405,0
17305,1,0.008207025,0
17306,1,0.008170778,0
17307,1,0.008111868,0
17308,1,0.0082031535,0
17309,1,0.008184511,0
17310,1,0.008352338,0
17311,1,0.008248329,0
17312,1,0.008216596,0
17313,1,0.0063768886,0
17314,1,0.006517651,0
17315,1,0.0063508013,0
17316,1,0.006276255,0
17317,1,0.006328963,0
17318,1,0.0062921853,0
17319,1,0.0063384827,0
17320,1,0.006394647,0
17321,1,0.00431654,0
17322,1,0.0043294,0
17323,1,0.0064835497,0
17324,1,0.006409291,0
17325,1,0.0064396937,0
17326,1,0.006628947,0
17327,1,0.006453064,0
17328,1,0.0065529067,0
17329,1,0.0064874412,0
17330,1,0.0064036883,0
17331,1,0.0064276587,0
17332,1,0.006390153,0
17333,1,0.006457432,0
17334,1,0.006482187,0
17335,1,0.0064998954,0
17336,1,0.006351186,0
17337,1,0.0063545373,0
17338,1,0.0063461885,0
17339,1,0.0064082826,0
17340,1,0.0063683363,0
17341,1,0.006610186,0
17342,1,0.006665215,0
17343,1,0.0065405243,0
17344,1,0.0065719234,0
17345,1,0.006788435,0
17346,1,0.0069900216,0
17347,1,0.0070010326,0
17348,1,0.0070985057,0
17349,1,0.0070448876,0
17350,1,0.0069605247,0
17351,1,0.0069895806,0
17352,1,0.0069459467,0
17353,1,0.004792632,0
17354,1,0.004749743,0
17355,1,0.0048495256,0
17356,1,0.0048639923,0
17357,1,0.0049304343,0
17358,1,0.0049410756,0
17359,1,0.00487689,0
17360,1,0.005089615,0
17361,1,0.004994479,0
17362,1,0.0049676835,0
17363,1,0.0049693626,0
17364,1,0.005027902,0
17365,1,0.0051974785,0
17366,1,0.005470751,0
17367,1,0.0054765,0
17368,1,0.0054921433,0
17369,1,0.005652622,0
17370,1,0.0055926265,0
17371,1,0.00528226,0
17372,1,0.0052418415,0
17373,1,0.005255592,0
17374,1,0.005169292,0
17375,1,0.0049449075,0
17376,1,0.0050293608,0
17377,1,0.0051406226,0
17378,1,0.0052421126,0
17379,1,0.0052289157,0
17380,1,0.0051772846,0
17381,1,0.0050884616,0
17382,1,0.0051385183,0
17383,1,0.0052727754,0
17384,1,0.00521856,0
17385,1,0.005246077,0
17386,1,0.0055088177,0
17387,1,0.005417896,0
17388,1,0.005761531,0
17389,1,0.005720303,0
17390,1,0.00573264,0
17391,1,0.005910861,0
17392,1,0.006054034,0
17393,1,0.0059828814,0
17394,1,0.006769907,0
17395,1,0.0072002644,0
17396,1,0.0072849295,0
17397,1,0.0075379014,0
17398,1,0.008040317,0
17399,1,0.008654553,0
17400,1,0.009145383,0
17401,1,0.009510675,0
17402,1,0.010326091,0
17403,1,0.0112023465,0
17404,0,0.0060641617,0
17405,0,0.006129582,0
17406,0,0.006140747,0
17407,0,0.0062256316,0
17408,0,0.006184288,0
17409,0,0.006290497,0
17410,0,0.006239458,0
17411,0,0.004079828,0
17412,0,0.004151442,0
17413,0,0.0041109524,0
17414,0,0.004071622,0
17415,0,0.0063143624,0
17416,0,0.0063750995,0
17417,0,0.0063798698,0
17418,0,0.0063295737,0
17419,0,0.0060513695,0
17420,0,0.006001121,0
17421,0,0.005941164,0
17422,0,0.0059066755,0
17423,0,0.005914683,0
17424,0,0.0059228116,0
17425,0,0.0059998417,0
17426,0,0.006189714,0
17427,0,0.006159425,0
17428,0,0.0061441064,0
17429,0,0.0061003813,0
17430,0,0.006096348,0
17431,0,0.0061450982,0
17432,0,0.00606048,0
17433,0,0.0061446517,0
17434,0,0.006111244,0
17435,0,0.0059646596,0
17436,0,0.0060442914,0
17437,0,0.006081034,0
17438,0,0.0062433765,0
17439,0,0.0062624128,0
17440,0,0.0062320298,0
17441,0,0.006315615,0
17442,0,0.0062387655,0
17443,0,0.006219292,0
17444,0,0.00623608,0
17445,0,0.0040547834,0
17446,0,0.004100248,0
17447,0,0.004113862,0
17448,0,0.004100402,0
17449,0,0.00425621,0
17450,0,0.004297881,0
17451,0,0.0043277266,0
17452,0,0.0043244897,0
17453,0,0.0043025273,0
17454,0,0.0042631035,0
17455,0,0.004144132,0
17456,0,0.0039928486,0
17457,0,0.0040089795,0
17458,0,0.0039006404,0
17459,1,0.0042028627,0
17460,1,0.004169665,0
17461,1,0.0041313777,0
17462,1,0.0041731237,0
17463,1,0.0041835327,0
17464,1,0.0042532412,0
17465,1,0.0043046786,0
17466,1,0.004204745,0
17467,1,0.004065157,0
17468,1,0.0040141423,0
17469,1,0.0038985424,0
17470,1,0.0037918817,0
17471,1,0.0038408588,0
17472,1,0.003813658,0
17473,1,0.0039022253,0
17474,1,0.00392813,0
17475,1,0.003962723,0
17476,1,0.0039841817,0
17477,1,0.0040272004,0
17478,1,0.004024346,0
17479,1,0.0041438285,0
17480,1,0.0040874872,0
17481,1,0.0041695996,0
17482,1,0.004149995,0
17483,1,0.0042754323,0
17484,1,0.004348232,0
17485,1,0.004423986,0
17486,1,0.004448639,0
17487,1,0.004505683,0
17488,1,0.004767504,0
17489,1,0.00457546,0
17490,1,0.0045959414,0
17491,1,0.0046373256,0
17492,1,0.0045518973,0
17493,1,0.0044883685,0
17494,1,0.0043928027,0
17495,1,0.00426002,0
17496,1,0.004336526,0
17497,1,0.004416362,0
17498,1,0.0043480597,0
17499,1,0.004410251,0
17500,1,0.004329216,0
17501,1,0.0041545965,0
17502,1,0.004119942,0
17503,1,0.004094897,0
17504,1,0.0041186223,0
17505,1,0.0042272187,0
17506,1,0.0043066004,0
17507,1,0.0043937694,0
17508,1,0.0043489938,0
17509,1,0.004246508,0
17510,1,0.004264442,0
17511,1,0.00432315,0
17512,1,0.0045197015,0
17513,1,0.0044602016,0
17514,1,0.004498728,0
17515,1,0.0044636503,0
17516,1,0.0044224784,0
17517,1,0.0043032398,0
17518,1,0.0042525106,0
17519,1,0.0045981705,0
17520,1,0.004571451,0
17521,1,0.004543296,0
17522,1,0.004386176,0
17523,1,0.004486611,0
17524,1,0.004300936,0
17525,1,0.0043192543,0
17526,1,0.0043969406,0
17527,1,0.0045222538,0
17528,1,0.0045582773,0
17529,1,0.0044676955,0
17530,1,0.004570788,0
17531,1,0.004574508,0
17532,1,0.004718053,0
17533,1,0.0048274403,0
17534,1,0.004818628,0
17535,1,0.004984884,0
17536,1,0.005032019,0
17537,1,0.005331545,0
17538,1,0.0052757435,0
17539,1,0.0053327587,0
17540,1,0.005534403,0
17541,1,0.0057686213,0
17542,1,0.00600893,0
17543,1,0.006150179,0
17544,1,0.006301486,0
17545,1,0.0065797716,0
17546,1,0.0067370497,0
17547,1,0.006990103,0
17548,1,0.007314935,0
17549,1,0.0075910836,0
17550,1,0.007747965,0
17551,1,0.008012738,0
17552,1,0.008469086,0
17553,1,0.009077896,0
17554,1,0.010527688,0
17555,1,0.01114488,0
17556,1,0.012143813,0
17557,1,0.0131254755,1
17558,1,0.014117985,1
17559,1,0.01504081,1
17560,0,0.0064826477,0
17561,0,0.00643712,0
17562,0,0.0042200554,0
17563,0,0.004041122,0
17564,0,0.004011562,0
17565,0,0.003818775,0
17566,0,0.0037440134,0
17567,0,0.0036422226,0
17568,0,0.0036342342,0
17569,0,0.0037412725,0
17570,0,0.0037574854,0
17571,0,0.003817935,0
17572,0,0.0039351685,0
17573,0,0.0040114378,0
17574,0,0.0039845076,0
17575,0,0.0040329453,0
17576,0,0.00400181,0
17577,0,0.0039549894,0
17578,0,0.0040778657,0
17579,0,0.0040717563,0
17580,0,0.0041002017,0
17581,0,0.0039743977,0
17582,0,0.0039698184,0
17583,0,0.0040453793,0
17584,0,0.0038608466,0
17585,0,0.0038601372,0
17586,0,0.0037804255,0
17587,0,0.0038453136,0
17588,0,0.003875609,0
17589,0,0.0038477657,0
17590,0,0.006159075,0
17591,0,0.0061852313,0
17592,0,0.0061879996,0
17593,0,0.0062285345,0
17594,0,0.006236147,0
17595,0,0.006319241,0
17596,0,0.006288199,0
17597,0,0.0063905027,0
17598,0,0.006399707,0
17599,0,0.006435158,0
17600,0,0.006395039,0
17601,0,0.006304837,0
17602,0,0.0061248345,0
17603,0,0.0061282795,0
17604,0,0.0061405078,0
17605,0,0.0060624434,0
17606,0,0.006049431,0
17607,0,0.006111744,0
17608,0,0.005941812,0
17609,0,0.005930658,0
17610,0,0.006330912,0
17611,0,0.006357868,0
17612,0,0.0064752675,0
17613,0,0.0065734843,0
17614,0,0.0066661085,0
17615,0,0.006669754,0
17616,0,0.006740899,0
17617,0,0.006730002,0
17618,0,0.0067532375,0
17619,0,0.00677908,0
17620,0,0.0046677515,0
17621,0,0.0046246857,0
17622,0,0.004595234,0
17623,0,0.004571226,0
17624,0,0.004587236,0
17625,0,0.004469774,0
17626,0,0.0045463247,0
17627,0,0.004518641,0
17628,0,0.0044367937,0
17629,0,0.004366723,0
17630,1,0.0044801175,0
17631,1,0.004496112,0
17632,1,0.0045969393,0
17633,1,0.004657561,0
17634,1,0.004627905,0
17635,1,0.004548522,0
17636,1,0.0044913017,0
17637,1,0.0044566127,0
17638,1,0.0045648087,0
17639,1,0.004562765,0
17640,1,0.0044458127,0
17641,1,0.004466115,0
17642,1,0.0044296496,0
17643,1,0.0044357893,0
17644,1,0.00442739,0
17645,1,0.0043930067,0
17646,1,0.0043043094,0
17647,1,0.004314917,0
17648,1,0.0042344606,0
17649,1,0.004226292,0
17650,1,0.004176927,0
17651,1,0.0041682012,0
17652,1,0.0042719417,0
17653,1,0.0044006077,0
17654,1,0.0043490287,0
17655,1,0.0044520763,0
17656,1,0.004367476,0
17657,1,0.0043467977,0
17658,1,0.004464597,0
17659,1,0.004449654,0
17660,1,0.0042850133,0
17661,1,0.0043371115,0
17662,1,0.0042666146,0
17663,1,0.004178456,0
17664,1,0.0042773546,0
17665,1,0.004493532,0
17666,1,0.0045220386,0
17667,1,0.0046597864,0
17668,1,0.0045193303,0
17669,1,0.0043763146,0
17670,1,0.004219086,0
17671,1,0.004124653,0
17672,1,0.0041215927,0
17673,1,0.0041507357,0
17674,1,0.004101409,0
17675,1,0.0041187517,0
17676,1,0.004089401,0
17677,1,0.004196889,0
17678,1,0.00414962,0
17679,1,0.004364334,0
17680,1,0.0044365292,0
17681,1,0.004495496,0
17682,1,0.004406751,0
17683,1,0.0042227125,0
17684,1,0.0042141713,0
17685,1,0.0043678926,0
17686,1,0.00450013,0
17687,1,0.0045328587,0
17688,1,0.0046213637,0
17689,1,0.0046725734,0
17690,1,0.0047974167,0
17691,1,0.004778535,0
17692,1,0.004794535,0
17693,1,0.005009427,0
17694,1,0.005044168,0
17695,1,0.005205569,0
17696,1,0.005266656,0
17697,1,0.0051654954,0
17698,1,0.005292438,0
17699,1,0.005375387,0
17700,1,0.005550725,0
17701,1,0.0056210216,0
17702,1,0.005761557,0
17703,1,0.005935263,0
17704,1,0.006092427,0
17705,1,0.0062474855,0
17706,1,0.0063720956,0
17707,1,0.0065685613,0
17708,1,0.0067195105,0
17709,1,0.006769003,0
17710,1,0.006792989,0
17711,1,0.007021153,0
17712,1,0.0073372102,0
17713,1,0.00762423,0
17714,1,0.00795516,0
17715,1,0.008052431,0
17716,1,0.00825458,0
17717,1,0.008457555,0
17718,1,0.009044269,0
17719,1,0.009457423,0
17720,1,0.009841671,0
17721,1,0.010751548,0
17722,1,0.011310435,0
17723,1,0.011791594,0
17724,1,0.012227839,0
17725,1,0.013010782,1
17726,1,0.013723066,1
17727,1,0.014468783,1
17728,1,0.015592736,1
17729,1,0.016651515,1
17730,1,0.017468981,1
