unit,cycle,rul,label,reconstruction_error,predicted_label,rul_range
88.0,87.0,125.0,0,0.046522684,0,120+
56.0,132.0,125.0,0,0.04947627,0,120+
17.0,142.0,125.0,0,0.04847965,0,120+
95.0,87.0,125.0,0,0.056512322,0,120+
2.0,143.0,125.0,0,0.052486345,0,120+
10.0,43.0,125.0,0,0.058114808,1,120+
72.0,59.0,125.0,0,0.045704905,0,120+
9.0,70.0,125.0,0,0.04770136,0,120+
10.0,83.0,125.0,0,0.053488284,0,120+
46.0,135.0,121.0,0,0.047182348,0,120+
85.0,43.0,125.0,0,0.04434609,0,120+
69.0,68.0,125.0,0,0.048840955,0,120+
61.0,56.0,125.0,0,0.058725193,1,120+
84.0,97.0,125.0,0,0.045864318,0,120+
94.0,30.0,125.0,0,0.043398015,0,120+
21.0,54.0,125.0,0,0.048887324,0,120+
85.0,54.0,125.0,0,0.046509527,0,120+
95.0,131.0,125.0,0,0.049965777,0,120+
2.0,119.0,125.0,0,0.04952969,0,120+
10.0,55.0,125.0,0,0.05775184,0,120+
32.0,43.0,125.0,0,0.047801174,0,120+
30.0,39.0,125.0,0,0.060371067,1,120+
16.0,50.0,125.0,0,0.047076255,0,120+
72.0,53.0,125.0,0,0.043620903,0,120+
82.0,54.0,125.0,0,0.053515974,0,120+
54.0,47.0,125.0,0,0.049482882,0,120+
6.0,52.0,125.0,0,0.04561835,0,120+
53.0,38.0,125.0,0,0.044544373,0,120+
35.0,30.0,125.0,0,0.045575496,0,120+
96.0,192.0,125.0,0,0.048582535,0,120+
86.0,67.0,125.0,0,0.04601202,0,120+
95.0,68.0,125.0,0,0.061071992,1,120+
69.0,231.0,125.0,0,0.046729103,0,120+
92.0,125.0,125.0,0,0.04847384,0,120+
4.0,58.0,125.0,0,0.04894779,0,120+
76.0,31.0,125.0,0,0.0477058,0,120+
78.0,50.0,125.0,0,0.057843074,1,120+
81.0,76.0,125.0,0,0.0474691,0,120+
15.0,35.0,125.0,0,0.057764404,0,120+
47.0,82.0,125.0,0,0.05623259,0,120+
10.0,81.0,125.0,0,0.053602178,0,120+
76.0,37.0,125.0,0,0.046690766,0,120+
20.0,56.0,125.0,0,0.04615415,0,120+
99.0,61.0,124.0,0,0.047899358,0,120+
69.0,52.0,125.0,0,0.049404014,0,120+
31.0,72.0,125.0,0,0.05662284,0,120+
59.0,104.0,125.0,0,0.05222152,0,120+
5.0,103.0,125.0,0,0.053946298,0,120+
54.0,78.0,125.0,0,0.048654407,0,120+
35.0,57.0,124.0,0,0.04762575,0,120+
92.0,59.0,125.0,0,0.04790459,0,120+
32.0,56.0,125.0,0,0.044061363,0,120+
76.0,53.0,125.0,0,0.04532847,0,120+
56.0,51.0,125.0,0,0.048432074,0,120+
43.0,45.0,125.0,0,0.056467865,0,120+
14.0,45.0,125.0,0,0.047628477,0,120+
79.0,45.0,125.0,0,0.050240427,0,120+
51.0,36.0,125.0,0,0.044555463,0,120+
47.0,35.0,125.0,0,0.05663186,0,120+
88.0,49.0,125.0,0,0.04691461,0,120+
4.0,52.0,125.0,0,0.050361693,0,120+
69.0,227.0,125.0,0,0.047089204,0,120+
100.0,30.0,125.0,0,0.04994006,0,120+
9.0,47.0,125.0,0,0.050973278,0,120+
55.0,60.0,125.0,0,0.04723615,0,120+
14.0,41.0,125.0,0,0.04796895,0,120+
92.0,193.0,125.0,0,0.04697396,0,120+
6.0,67.0,121.0,0,0.044385068,0,120+
96.0,46.0,125.0,0,0.043765258,0,120+
17.0,148.0,125.0,0,0.049945246,0,120+
64.0,75.0,125.0,0,0.046456248,0,120+
17.0,156.0,120.0,0,0.04866011,0,90-120
7.0,121.0,125.0,0,0.04836954,0,120+
42.0,38.0,125.0,0,0.050669428,0,120+
88.0,33.0,125.0,0,0.046637066,0,120+
86.0,65.0,125.0,0,0.047081213,0,120+
26.0,50.0,125.0,0,0.049591176,0,120+
38.0,47.0,125.0,0,0.045232236,0,120+
85.0,53.0,125.0,0,0.04553838,0,120+
35.0,60.0,121.0,0,0.049040202,0,120+
2.0,155.0,125.0,0,0.054571982,0,120+
69.0,141.0,125.0,0,0.047436684,0,120+
99.0,54.0,125.0,0,0.048779607,0,120+
89.0,68.0,125.0,0,0.044921152,0,120+
94.0,105.0,125.0,0,0.04679737,0,120+
92.0,150.0,125.0,0,0.047236998,0,120+
96.0,69.0,125.0,0,0.04937723,0,120+
100.0,77.0,123.0,0,0.04830228,0,120+
20.0,103.0,125.0,0,0.046138596,0,120+
2.0,88.0,125.0,0,0.06013409,1,120+
69.0,32.0,125.0,0,0.04645723,0,120+
61.0,36.0,125.0,0,0.05871627,1,120+
59.0,84.0,125.0,0,0.055961754,0,120+
88.0,85.0,125.0,0,0.047596205,0,120+
43.0,56.0,125.0,0,0.05261389,0,120+
15.0,37.0,125.0,0,0.05840773,1,120+
47.0,64.0,125.0,0,0.050343603,0,120+
2.0,164.0,123.0,0,0.047604244,0,120+
92.0,151.0,125.0,0,0.047302175,0,120+
51.0,35.0,125.0,0,0.045821838,0,120+
20.0,71.0,125.0,0,0.04508994,0,120+
72.0,55.0,125.0,0,0.04376381,0,120+
72.0,63.0,125.0,0,0.045078736,0,120+
64.0,31.0,125.0,0,0.04853707,0,120+
92.0,112.0,125.0,0,0.04754905,0,120+
2.0,144.0,125.0,0,0.05230595,0,120+
16.0,65.0,125.0,0,0.048506133,0,120+
9.0,39.0,125.0,0,0.04822759,0,120+
38.0,32.0,125.0,0,0.049682025,0,120+
59.0,91.0,125.0,0,0.05505539,0,120+
78.0,39.0,125.0,0,0.05881665,1,120+
31.0,106.0,125.0,0,0.050616592,0,120+
95.0,71.0,125.0,0,0.060097747,1,120+
2.0,67.0,125.0,0,0.052256275,0,120+
46.0,48.0,125.0,0,0.05085088,0,120+
34.0,62.0,125.0,0,0.048202023,0,120+
66.0,31.0,125.0,0,0.048818517,0,120+
44.0,52.0,125.0,0,0.04902202,0,120+
47.0,38.0,125.0,0,0.054531623,0,120+
30.0,60.0,125.0,0,0.05303027,0,120+
10.0,68.0,125.0,0,0.05972823,1,120+
75.0,38.0,125.0,0,0.046246797,0,120+
40.0,40.0,125.0,0,0.045879595,0,120+
31.0,69.0,125.0,0,0.059899326,1,120+
67.0,31.0,125.0,0,0.050009783,0,120+
40.0,49.0,125.0,0,0.046019882,0,120+
54.0,89.0,125.0,0,0.053465188,0,120+
83.0,111.0,125.0,0,0.056119375,0,120+
28.0,42.0,123.0,0,0.05230199,0,120+
92.0,195.0,125.0,0,0.048012596,0,120+
47.0,46.0,125.0,0,0.0509985,0,120+
50.0,34.0,125.0,0,0.045929972,0,120+
23.0,45.0,123.0,0,0.049279038,0,120+
96.0,158.0,125.0,0,0.04971661,0,120+
35.0,43.0,125.0,0,0.046247248,0,120+
6.0,32.0,125.0,0,0.04643028,0,120+
52.0,76.0,125.0,0,0.045049585,0,120+
95.0,148.0,125.0,0,0.046263386,0,120+
18.0,66.0,125.0,0,0.047661483,0,120+
56.0,121.0,125.0,0,0.047199786,0,120+
95.0,58.0,125.0,0,0.058887694,1,120+
84.0,36.0,125.0,0,0.04562211,0,120+
46.0,59.0,125.0,0,0.046869796,0,120+
62.0,51.0,125.0,0,0.045032952,0,120+
78.0,103.0,125.0,0,0.054297358,0,120+
87.0,39.0,125.0,0,0.047532894,0,120+
94.0,110.0,125.0,0,0.048252497,0,120+
81.0,68.0,125.0,0,0.047644172,0,120+
26.0,53.0,125.0,0,0.049206484,0,120+
79.0,49.0,125.0,0,0.050104287,0,120+
69.0,126.0,125.0,0,0.04985099,0,120+
1.0,44.0,125.0,0,0.04530269,0,120+
81.0,70.0,125.0,0,0.048075855,0,120+
96.0,127.0,125.0,0,0.045048777,0,120+
100.0,40.0,125.0,0,0.044947147,0,120+
3.0,48.0,125.0,0,0.04728173,0,120+
69.0,226.0,125.0,0,0.046681207,0,120+
67.0,172.0,125.0,0,0.047870442,0,120+
68.0,31.0,125.0,0,0.04625973,0,120+
83.0,41.0,125.0,0,0.058542695,1,120+
92.0,86.0,125.0,0,0.047778882,0,120+
4.0,40.0,125.0,0,0.04725358,0,120+
81.0,37.0,125.0,0,0.0476189,0,120+
31.0,111.0,123.0,0,0.05239135,0,120+
96.0,150.0,125.0,0,0.050616786,0,120+
63.0,45.0,125.0,0,0.049504016,0,120+
79.0,78.0,121.0,0,0.0499679,0,120+
96.0,190.0,125.0,0,0.049085464,0,120+
31.0,91.0,125.0,0,0.050186273,0,120+
2.0,154.0,125.0,0,0.05525939,0,120+
5.0,98.0,125.0,0,0.053433508,0,120+
2.0,52.0,125.0,0,0.048491236,0,120+
69.0,33.0,125.0,0,0.046710562,0,120+
47.0,73.0,125.0,0,0.05319765,0,120+
82.0,37.0,125.0,0,0.054955907,0,120+
2.0,66.0,125.0,0,0.051839706,0,120+
67.0,134.0,125.0,0,0.042758822,0,120+
82.0,92.0,122.0,0,0.05023852,0,120+
84.0,104.0,125.0,0,0.045836043,0,120+
53.0,75.0,120.0,0,0.05148521,0,90-120
99.0,65.0,120.0,0,0.048911955,0,90-120
17.0,61.0,125.0,0,0.04755653,0,120+
53.0,67.0,125.0,0,0.05177941,0,120+
92.0,31.0,125.0,0,0.048426,0,120+
22.0,38.0,125.0,0,0.04434353,0,120+
50.0,78.0,120.0,0,0.04947004,0,90-120
38.0,43.0,125.0,0,0.04653597,0,120+
25.0,94.0,125.0,0,0.04848731,0,120+
49.0,77.0,125.0,0,0.045062203,0,120+
96.0,70.0,125.0,0,0.050156064,0,120+
64.0,60.0,125.0,0,0.045826986,0,120+
95.0,112.0,125.0,0,0.052574277,0,120+
36.0,34.0,124.0,0,0.046206534,0,120+
67.0,101.0,125.0,0,0.04947736,0,120+
52.0,84.0,125.0,0,0.046722226,0,120+
67.0,185.0,125.0,0,0.047723517,0,120+
52.0,59.0,125.0,0,0.04326983,0,120+
84.0,113.0,125.0,0,0.04564739,0,120+
47.0,39.0,125.0,0,0.05458272,0,120+
42.0,52.0,125.0,0,0.051919684,0,120+
69.0,106.0,125.0,0,0.045839302,0,120+
72.0,49.0,125.0,0,0.043415137,0,120+
64.0,108.0,125.0,0,0.045430586,0,120+
3.0,30.0,125.0,0,0.046246976,0,120+
64.0,119.0,125.0,0,0.046956364,0,120+
54.0,134.0,123.0,0,0.047440432,0,120+
63.0,30.0,125.0,0,0.04786137,0,120+
82.0,47.0,125.0,0,0.055778828,0,120+
59.0,106.0,125.0,0,0.05310002,0,120+
64.0,63.0,125.0,0,0.046590857,0,120+
67.0,190.0,123.0,0,0.048562255,0,120+
25.0,74.0,125.0,0,0.04708876,0,120+
95.0,156.0,125.0,0,0.048176635,0,120+
69.0,102.0,125.0,0,0.045232162,0,120+
17.0,87.0,125.0,0,0.042611886,0,120+
69.0,161.0,125.0,0,0.04812852,0,120+
85.0,41.0,125.0,0,0.044218756,0,120+
20.0,113.0,121.0,0,0.045669552,0,120+
1.0,53.0,125.0,0,0.045062646,0,120+
17.0,153.0,123.0,0,0.049105786,0,120+
86.0,142.0,125.0,0,0.043944236,0,120+
41.0,60.0,125.0,0,0.050855435,0,120+
9.0,53.0,125.0,0,0.052719187,0,120+
5.0,38.0,125.0,0,0.061316013,1,120+
46.0,70.0,125.0,0,0.048375078,0,120+
96.0,94.0,125.0,0,0.050433233,0,120+
11.0,39.0,125.0,0,0.060248483,1,120+
92.0,98.0,125.0,0,0.047529757,0,120+
54.0,97.0,125.0,0,0.05119725,0,120+
69.0,222.0,125.0,0,0.046838194,0,120+
69.0,156.0,125.0,0,0.046565596,0,120+
73.0,79.0,125.0,0,0.04706475,0,120+
83.0,80.0,125.0,0,0.05153166,0,120+
82.0,51.0,125.0,0,0.05321536,0,120+
14.0,58.0,122.0,0,0.048020534,0,120+
32.0,69.0,122.0,0,0.044676583,0,120+
80.0,63.0,122.0,0,0.04670442,0,120+
69.0,144.0,125.0,0,0.047823887,0,120+
25.0,107.0,123.0,0,0.045577906,0,120+
55.0,65.0,125.0,0,0.04887979,0,120+
12.0,40.0,125.0,0,0.047691986,0,120+
22.0,77.0,125.0,0,0.048546344,0,120+
10.0,79.0,125.0,0,0.054045856,0,120+
97.0,50.0,125.0,0,0.048342563,0,120+
81.0,44.0,125.0,0,0.04670361,0,120+
84.0,47.0,125.0,0,0.044299666,0,120+
67.0,83.0,125.0,0,0.04791418,0,120+
51.0,71.0,125.0,0,0.059998892,1,120+
93.0,32.0,123.0,0,0.050422255,0,120+
1.0,45.0,125.0,0,0.045329574,0,120+
5.0,125.0,125.0,0,0.051731315,0,120+
41.0,33.0,125.0,0,0.053835087,0,120+
5.0,104.0,125.0,0,0.053742975,0,120+
44.0,63.0,125.0,0,0.051311493,0,120+
92.0,50.0,125.0,0,0.04736439,0,120+
95.0,109.0,125.0,0,0.054395955,0,120+
13.0,36.0,125.0,0,0.04283322,0,120+
84.0,123.0,125.0,0,0.047982298,0,120+
73.0,55.0,125.0,0,0.044968646,0,120+
25.0,46.0,125.0,0,0.049508736,0,120+
53.0,42.0,125.0,0,0.044790026,0,120+
69.0,197.0,125.0,0,0.04673858,0,120+
71.0,77.0,125.0,0,0.042067718,0,120+
67.0,145.0,125.0,0,0.044294,0,120+
96.0,34.0,125.0,0,0.045240983,0,120+
69.0,216.0,125.0,0,0.047176853,0,120+
55.0,71.0,122.0,0,0.048074942,0,120+
68.0,79.0,120.0,0,0.046552245,0,90-120
81.0,35.0,125.0,0,0.048416376,0,120+
64.0,145.0,125.0,0,0.046373546,0,120+
95.0,160.0,123.0,0,0.047467306,0,120+
30.0,41.0,125.0,0,0.05817287,1,120+
75.0,65.0,125.0,0,0.046643823,0,120+
85.0,37.0,125.0,0,0.04741149,0,120+
11.0,38.0,125.0,0,0.060456283,1,120+
56.0,103.0,125.0,0,0.043521557,0,120+
1.0,38.0,125.0,0,0.047694247,0,120+
68.0,78.0,121.0,0,0.04633201,0,120+
30.0,44.0,125.0,0,0.0534528,0,120+
47.0,94.0,120.0,0,0.054725546,0,90-120
30.0,63.0,125.0,0,0.055557813,0,120+
96.0,36.0,125.0,0,0.045037575,0,120+
4.0,49.0,125.0,0,0.050668176,0,120+
26.0,64.0,125.0,0,0.04981714,0,120+
63.0,33.0,125.0,0,0.04802616,0,120+
7.0,85.0,125.0,0,0.053160634,0,120+
20.0,110.0,124.0,0,0.04682372,0,120+
1.0,63.0,125.0,0,0.04554135,0,120+
59.0,36.0,125.0,0,0.05525729,0,120+
41.0,34.0,125.0,0,0.053630162,0,120+
40.0,39.0,125.0,0,0.04554925,0,120+
81.0,62.0,125.0,0,0.049145635,0,120+
69.0,185.0,125.0,0,0.047749184,0,120+
67.0,176.0,125.0,0,0.048441764,0,120+
53.0,31.0,125.0,0,0.043813538,0,120+
54.0,30.0,125.0,0,0.051411223,0,120+
71.0,81.0,125.0,0,0.04244115,0,120+
83.0,119.0,125.0,0,0.05516181,0,120+
30.0,65.0,125.0,0,0.054497138,0,120+
71.0,45.0,125.0,0,0.045804635,0,120+
16.0,76.0,125.0,0,0.049449984,0,120+
26.0,63.0,125.0,0,0.05087816,0,120+
37.0,32.0,125.0,0,0.0465496,0,120+
69.0,56.0,125.0,0,0.048537835,0,120+
11.0,60.0,125.0,0,0.051252324,0,120+
97.0,82.0,120.0,0,0.047172412,0,90-120
92.0,209.0,125.0,0,0.04810718,0,120+
81.0,47.0,125.0,0,0.04718274,0,120+
50.0,36.0,125.0,0,0.046425555,0,120+
84.0,37.0,125.0,0,0.04530912,0,120+
48.0,43.0,125.0,0,0.059946444,1,120+
6.0,60.0,125.0,0,0.044440836,0,120+
62.0,53.0,125.0,0,0.045068733,0,120+
69.0,172.0,125.0,0,0.05087762,0,120+
11.0,96.0,125.0,0,0.045633327,0,120+
79.0,60.0,125.0,0,0.048966356,0,120+
84.0,31.0,125.0,0,0.045147948,0,120+
67.0,110.0,125.0,0,0.047402956,0,120+
7.0,46.0,125.0,0,0.049502462,0,120+
22.0,31.0,125.0,0,0.046541657,0,120+
73.0,43.0,125.0,0,0.04588628,0,120+
69.0,93.0,125.0,0,0.044849314,0,120+
78.0,100.0,125.0,0,0.05756652,0,120+
35.0,31.0,125.0,0,0.045845244,0,120+
41.0,78.0,125.0,0,0.046712335,0,120+
31.0,97.0,125.0,0,0.048974883,0,120+
80.0,37.0,125.0,0,0.04985552,0,120+
71.0,52.0,125.0,0,0.0447438,0,120+
7.0,126.0,125.0,0,0.049257126,0,120+
69.0,64.0,125.0,0,0.048890833,0,120+
88.0,92.0,121.0,0,0.046829615,0,120+
30.0,61.0,125.0,0,0.05271235,0,120+
78.0,57.0,125.0,0,0.06201144,1,120+
92.0,132.0,125.0,0,0.049023364,0,120+
67.0,68.0,125.0,0,0.04982751,0,120+
61.0,34.0,125.0,0,0.058011908,1,120+
54.0,88.0,125.0,0,0.052715454,0,120+
92.0,51.0,125.0,0,0.04708835,0,120+
95.0,121.0,125.0,0,0.05264005,0,120+
64.0,96.0,125.0,0,0.042422924,0,120+
76.0,45.0,125.0,0,0.04514577,0,120+
48.0,68.0,125.0,0,0.054808613,0,120+
75.0,109.0,120.0,0,0.047413282,0,90-120
72.0,86.0,125.0,0,0.0499945,0,120+
83.0,170.0,123.0,0,0.050413627,0,120+
31.0,50.0,125.0,0,0.061626427,1,120+
94.0,49.0,125.0,0,0.046339646,0,120+
94.0,119.0,125.0,0,0.048035763,0,120+
9.0,62.0,125.0,0,0.052163478,0,120+
73.0,59.0,125.0,0,0.046387278,0,120+
88.0,64.0,125.0,0,0.0464344,0,120+
4.0,59.0,125.0,0,0.0507787,0,120+
16.0,80.0,125.0,0,0.049298707,0,120+
48.0,82.0,125.0,0,0.05079973,0,120+
21.0,39.0,125.0,0,0.04585607,0,120+
5.0,76.0,125.0,0,0.0608746,1,120+
53.0,58.0,125.0,0,0.052414842,0,120+
64.0,156.0,125.0,0,0.04753279,0,120+
78.0,111.0,120.0,0,0.05189443,0,90-120
84.0,108.0,125.0,0,0.046360835,0,120+
53.0,60.0,125.0,0,0.0523026,0,120+
97.0,52.0,125.0,0,0.04804467,0,120+
12.0,39.0,125.0,0,0.047336295,0,120+
2.0,71.0,125.0,0,0.05348229,0,120+
18.0,57.0,125.0,0,0.04708076,0,120+
41.0,67.0,125.0,0,0.04734186,0,120+
17.0,41.0,125.0,0,0.055514824,0,120+
81.0,55.0,125.0,0,0.04898575,0,120+
16.0,46.0,125.0,0,0.04625141,0,120+
22.0,49.0,125.0,0,0.04099075,0,120+
18.0,72.0,123.0,0,0.045446653,0,120+
5.0,112.0,125.0,0,0.053011432,0,120+
56.0,67.0,125.0,0,0.048968952,0,120+
86.0,81.0,125.0,0,0.046427097,0,120+
31.0,47.0,125.0,0,0.060092937,1,120+
15.0,39.0,125.0,0,0.056291386,0,120+
20.0,102.0,125.0,0,0.047346067,0,120+
73.0,70.0,125.0,0,0.045294452,0,120+
71.0,86.0,122.0,0,0.04387503,0,120+
82.0,73.0,125.0,0,0.049518056,0,120+
7.0,30.0,125.0,0,0.04908242,0,120+
4.0,66.0,123.0,0,0.05173445,0,120+
94.0,122.0,125.0,0,0.047938503,0,120+
54.0,106.0,125.0,0,0.050565917,0,120+
38.0,62.0,125.0,0,0.046270683,0,120+
33.0,31.0,125.0,0,0.0673507,1,120+
48.0,58.0,125.0,0,0.057119913,0,120+
6.0,30.0,125.0,0,0.047223173,0,120+
83.0,124.0,125.0,0,0.051029287,0,120+
26.0,55.0,125.0,0,0.04951016,0,120+
25.0,47.0,125.0,0,0.049625993,0,120+
56.0,95.0,125.0,0,0.0452555,0,120+
46.0,31.0,125.0,0,0.054706585,0,120+
94.0,93.0,125.0,0,0.04720812,0,120+
83.0,90.0,125.0,0,0.050169315,0,120+
100.0,37.0,125.0,0,0.043931466,0,120+
49.0,52.0,125.0,0,0.045140103,0,120+
95.0,52.0,125.0,0,0.057138715,0,120+
44.0,72.0,120.0,0,0.053107,0,90-120
40.0,50.0,125.0,0,0.04549028,0,120+
56.0,138.0,125.0,0,0.049783636,0,120+
86.0,138.0,125.0,0,0.04266127,0,120+
48.0,36.0,125.0,0,0.05580821,0,120+
26.0,76.0,123.0,0,0.048791107,0,120+
5.0,94.0,125.0,0,0.05745174,0,120+
96.0,95.0,125.0,0,0.05053929,0,120+
83.0,160.0,125.0,0,0.048458744,0,120+
67.0,150.0,125.0,0,0.04562645,0,120+
92.0,54.0,125.0,0,0.048844174,0,120+
73.0,91.0,122.0,0,0.046654236,0,120+
51.0,51.0,125.0,0,0.052579403,0,120+
2.0,136.0,125.0,0,0.052803036,0,120+
83.0,132.0,125.0,0,0.04849285,0,120+
100.0,68.0,125.0,0,0.05044463,0,120+
5.0,69.0,125.0,0,0.059143722,1,120+
79.0,73.0,125.0,0,0.049416047,0,120+
36.0,32.0,125.0,0,0.04540514,0,120+
92.0,69.0,125.0,0,0.048904616,0,120+
5.0,75.0,125.0,0,0.06066994,1,120+
84.0,83.0,125.0,0,0.04606053,0,120+
89.0,80.0,125.0,0,0.049948342,0,120+
67.0,70.0,125.0,0,0.05021518,0,120+
49.0,40.0,125.0,0,0.04729968,0,120+
20.0,95.0,125.0,0,0.047083903,0,120+
83.0,52.0,125.0,0,0.05165275,0,120+
41.0,92.0,124.0,0,0.05222097,0,120+
86.0,87.0,125.0,0,0.04609735,0,120+
56.0,147.0,125.0,0,0.047083233,0,120+
59.0,48.0,125.0,0,0.05878376,1,120+
48.0,48.0,125.0,0,0.05838056,1,120+
89.0,63.0,125.0,0,0.045156267,0,120+
17.0,134.0,125.0,0,0.051223613,0,120+
32.0,58.0,125.0,0,0.043329727,0,120+
86.0,101.0,125.0,0,0.045734264,0,120+
92.0,157.0,125.0,0,0.0462996,0,120+
21.0,73.0,122.0,0,0.048343908,0,120+
54.0,96.0,125.0,0,0.05131689,0,120+
12.0,44.0,125.0,0,0.046960372,0,120+
25.0,69.0,125.0,0,0.04757426,0,120+
69.0,218.0,125.0,0,0.04737074,0,120+
69.0,35.0,125.0,0,0.046575464,0,120+
81.0,85.0,125.0,0,0.048746586,0,120+
92.0,135.0,125.0,0,0.048523486,0,120+
94.0,132.0,125.0,0,0.046334974,0,120+
88.0,55.0,125.0,0,0.046991494,0,120+
72.0,52.0,125.0,0,0.043557502,0,120+
50.0,33.0,125.0,0,0.04511756,0,120+
7.0,59.0,125.0,0,0.05325056,0,120+
9.0,43.0,125.0,0,0.04957282,0,120+
49.0,75.0,125.0,0,0.04558859,0,120+
49.0,43.0,125.0,0,0.045762617,0,120+
67.0,121.0,125.0,0,0.043318186,0,120+
6.0,40.0,125.0,0,0.04537597,0,120+
87.0,58.0,120.0,0,0.04748018,0,90-120
71.0,30.0,125.0,0,0.047803745,0,120+
22.0,64.0,125.0,0,0.04432698,0,120+
7.0,42.0,125.0,0,0.050182804,0,120+
60.0,37.0,125.0,0,0.04687804,0,120+
72.0,48.0,125.0,0,0.044422608,0,120+
17.0,86.0,125.0,0,0.041812483,0,120+
72.0,31.0,125.0,0,0.048355658,0,120+
59.0,68.0,125.0,0,0.04882581,0,120+
54.0,124.0,125.0,0,0.048209004,0,120+
34.0,74.0,121.0,0,0.048462465,0,120+
31.0,56.0,125.0,0,0.061287418,1,120+
42.0,39.0,125.0,0,0.050543875,0,120+
49.0,67.0,125.0,0,0.04223527,0,120+
2.0,111.0,125.0,0,0.055396203,0,120+
2.0,89.0,125.0,0,0.059924945,1,120+
71.0,83.0,125.0,0,0.042784248,0,120+
44.0,62.0,125.0,0,0.050541434,0,120+
17.0,105.0,125.0,0,0.047138393,0,120+
25.0,68.0,125.0,0,0.048483957,0,120+
15.0,38.0,125.0,0,0.058762528,1,120+
2.0,31.0,125.0,0,0.054260977,0,120+
12.0,48.0,122.0,0,0.045813743,0,120+
44.0,60.0,125.0,0,0.05093565,0,120+
13.0,35.0,125.0,0,0.0425893,0,120+
89.0,40.0,125.0,0,0.044943113,0,120+
5.0,58.0,125.0,0,0.057805143,0,120+
2.0,122.0,125.0,0,0.047945414,0,120+
26.0,40.0,125.0,0,0.0471338,0,120+
56.0,90.0,125.0,0,0.046721,0,120+
75.0,92.0,125.0,0,0.047212936,0,120+
22.0,57.0,125.0,0,0.04192755,0,120+
10.0,41.0,125.0,0,0.05701465,0,120+
5.0,130.0,125.0,0,0.050864942,0,120+
84.0,96.0,125.0,0,0.046693213,0,120+
86.0,80.0,125.0,0,0.04545758,0,120+
31.0,110.0,124.0,0,0.051969633,0,120+
61.0,35.0,125.0,0,0.058289405,1,120+
69.0,49.0,125.0,0,0.04863033,0,120+
67.0,175.0,125.0,0,0.048379138,0,120+
29.0,37.0,125.0,0,0.046431214,0,120+
46.0,74.0,125.0,0,0.049433995,0,120+
68.0,37.0,125.0,0,0.04695988,0,120+
73.0,84.0,125.0,0,0.045713488,0,120+
42.0,31.0,125.0,0,0.052477673,0,120+
16.0,62.0,125.0,0,0.048298653,0,120+
74.0,32.0,125.0,0,0.0533484,0,120+
16.0,48.0,125.0,0,0.046014227,0,120+
44.0,36.0,125.0,0,0.047897503,0,120+
46.0,71.0,125.0,0,0.048376072,0,120+
40.0,59.0,125.0,0,0.04550729,0,120+
84.0,33.0,125.0,0,0.045559175,0,120+
7.0,73.0,125.0,0,0.056116793,0,120+
25.0,43.0,125.0,0,0.050376076,0,120+
67.0,119.0,125.0,0,0.04330374,0,120+
79.0,30.0,125.0,0,0.052720565,0,120+
21.0,66.0,125.0,0,0.047604978,0,120+
87.0,42.0,125.0,0,0.048364934,0,120+
60.0,52.0,120.0,0,0.047416825,0,90-120
95.0,75.0,125.0,0,0.060748328,1,120+
40.0,68.0,120.0,0,0.046451766,0,90-120
95.0,117.0,125.0,0,0.05236241,0,120+
6.0,39.0,125.0,0,0.045529567,0,120+
56.0,127.0,125.0,0,0.049730293,0,120+
95.0,77.0,125.0,0,0.059175517,1,120+
82.0,41.0,125.0,0,0.05455854,0,120+
2.0,108.0,125.0,0,0.05643961,0,120+
55.0,68.0,125.0,0,0.048258346,0,120+
92.0,118.0,125.0,0,0.04809594,0,120+
7.0,38.0,125.0,0,0.049581837,0,120+
46.0,80.0,125.0,0,0.053213518,0,120+
47.0,61.0,125.0,0,0.049160607,0,120+
54.0,76.0,125.0,0,0.049819775,0,120+
12.0,41.0,125.0,0,0.04656914,0,120+
68.0,63.0,125.0,0,0.048121635,0,120+
86.0,56.0,125.0,0,0.046547197,0,120+
61.0,30.0,125.0,0,0.05555519,0,120+
4.0,67.0,122.0,0,0.052139293,0,120+
15.0,32.0,125.0,0,0.058257073,1,120+
96.0,186.0,125.0,0,0.04984899,0,120+
7.0,67.0,125.0,0,0.054228675,0,120+
64.0,99.0,125.0,0,0.041927245,0,120+
18.0,37.0,125.0,0,0.045941733,0,120+
80.0,58.0,125.0,0,0.04748924,0,120+
46.0,52.0,125.0,0,0.04796346,0,120+
69.0,165.0,125.0,0,0.049335513,0,120+
32.0,37.0,125.0,0,0.04874709,0,120+
11.0,80.0,125.0,0,0.04401229,0,120+
17.0,73.0,125.0,0,0.046440765,0,120+
25.0,52.0,125.0,0,0.05181026,0,120+
7.0,34.0,125.0,0,0.04819892,0,120+
11.0,65.0,125.0,0,0.04904588,0,120+
95.0,56.0,125.0,0,0.057741676,0,120+
10.0,33.0,125.0,0,0.0550924,0,120+
51.0,74.0,125.0,0,0.054893818,0,120+
34.0,33.0,125.0,0,0.05045914,0,120+
69.0,51.0,125.0,0,0.048912022,0,120+
30.0,33.0,125.0,0,0.05711706,0,120+
72.0,46.0,125.0,0,0.043487236,0,120+
22.0,68.0,125.0,0,0.045046296,0,120+
69.0,57.0,125.0,0,0.04934055,0,120+
64.0,102.0,125.0,0,0.042719718,0,120+
84.0,73.0,125.0,0,0.043934293,0,120+
78.0,31.0,125.0,0,0.06261641,1,120+
32.0,38.0,125.0,0,0.048678428,0,120+
74.0,33.0,125.0,0,0.053455617,0,120+
3.0,57.0,122.0,0,0.04561162,0,120+
64.0,158.0,125.0,0,0.04621022,0,120+
69.0,122.0,125.0,0,0.052073035,0,120+
7.0,45.0,125.0,0,0.049764756,0,120+
48.0,87.0,125.0,0,0.049050022,0,120+
41.0,86.0,125.0,0,0.04884876,0,120+
92.0,102.0,125.0,0,0.04757062,0,120+
100.0,79.0,121.0,0,0.047893822,0,120+
10.0,56.0,125.0,0,0.05513962,0,120+
45.0,33.0,125.0,0,0.056140646,0,120+
17.0,155.0,121.0,0,0.048212875,0,120+
17.0,151.0,125.0,0,0.04965477,0,120+
95.0,50.0,125.0,0,0.057147913,0,120+
11.0,67.0,125.0,0,0.05006225,0,120+
78.0,105.0,125.0,0,0.054548614,0,120+
95.0,78.0,125.0,0,0.05900674,1,120+
7.0,57.0,125.0,0,0.050723232,0,120+
83.0,150.0,125.0,0,0.051618658,0,120+
2.0,94.0,125.0,0,0.061285216,1,120+
1.0,59.0,125.0,0,0.044481605,0,120+
64.0,146.0,125.0,0,0.046092395,0,120+
25.0,45.0,125.0,0,0.0499333,0,120+
54.0,52.0,125.0,0,0.049002025,0,120+
18.0,56.0,125.0,0,0.047575977,0,120+
78.0,44.0,125.0,0,0.057080045,0,120+
10.0,46.0,125.0,0,0.05573459,0,120+
47.0,55.0,125.0,0,0.046611566,0,120+
64.0,67.0,125.0,0,0.04733044,0,120+
64.0,48.0,125.0,0,0.044439655,0,120+
69.0,74.0,125.0,0,0.050065834,0,120+
33.0,53.0,125.0,0,0.05819514,1,120+
100.0,65.0,125.0,0,0.048919357,0,120+
96.0,87.0,125.0,0,0.052601438,0,120+
19.0,31.0,125.0,0,0.045135763,0,120+
84.0,60.0,125.0,0,0.043561783,0,120+
18.0,68.0,125.0,0,0.04539478,0,120+
78.0,82.0,125.0,0,0.056813683,0,120+
96.0,47.0,125.0,0,0.043546986,0,120+
20.0,30.0,125.0,0,0.04741764,0,120+
26.0,62.0,125.0,0,0.050932772,0,120+
56.0,81.0,125.0,0,0.04726176,0,120+
83.0,129.0,125.0,0,0.049800195,0,120+
95.0,118.0,125.0,0,0.052657373,0,120+
2.0,77.0,125.0,0,0.057872,1,120+
84.0,112.0,125.0,0,0.04547648,0,120+
51.0,34.0,125.0,0,0.045378495,0,120+
37.0,35.0,125.0,0,0.046388168,0,120+
17.0,35.0,125.0,0,0.05587613,0,120+
2.0,56.0,125.0,0,0.050007124,0,120+
88.0,90.0,123.0,0,0.0469534,0,120+
19.0,30.0,125.0,0,0.045650408,0,120+
84.0,144.0,123.0,0,0.05003836,0,120+
66.0,76.0,125.0,0,0.048762903,0,120+
5.0,72.0,125.0,0,0.05883946,1,120+
33.0,78.0,122.0,0,0.056303285,0,120+
17.0,111.0,125.0,0,0.049317308,0,120+
7.0,88.0,125.0,0,0.05330876,0,120+
40.0,56.0,125.0,0,0.045251895,0,120+
75.0,50.0,125.0,0,0.045399763,0,120+
84.0,126.0,125.0,0,0.048187558,0,120+
10.0,34.0,125.0,0,0.055041797,0,120+
96.0,206.0,125.0,0,0.048662882,0,120+
4.0,64.0,125.0,0,0.05045854,0,120+
42.0,57.0,125.0,0,0.053237163,0,120+
5.0,146.0,123.0,0,0.049166575,0,120+
69.0,192.0,125.0,0,0.046895236,0,120+
49.0,80.0,125.0,0,0.045186166,0,120+
54.0,51.0,125.0,0,0.049042087,0,120+
78.0,97.0,125.0,0,0.058197185,1,120+
48.0,75.0,125.0,0,0.050374538,0,120+
97.0,33.0,125.0,0,0.047749255,0,120+
78.0,52.0,125.0,0,0.05953949,1,120+
46.0,130.0,125.0,0,0.04772909,0,120+
48.0,57.0,125.0,0,0.057644375,0,120+
9.0,64.0,125.0,0,0.05034488,0,120+
20.0,99.0,125.0,0,0.04746355,0,120+
92.0,92.0,125.0,0,0.046296135,0,120+
48.0,93.0,125.0,0,0.04722336,0,120+
64.0,116.0,125.0,0,0.04663261,0,120+
64.0,152.0,125.0,0,0.04629435,0,120+
59.0,56.0,125.0,0,0.05434111,0,120+
83.0,134.0,125.0,0,0.048303645,0,120+
20.0,100.0,125.0,0,0.047934055,0,120+
95.0,96.0,125.0,0,0.05389256,0,120+
2.0,138.0,125.0,0,0.052180763,0,120+
64.0,47.0,125.0,0,0.04459168,0,120+
66.0,56.0,125.0,0,0.044494856,0,120+
47.0,87.0,125.0,0,0.055919163,0,120+
41.0,83.0,125.0,0,0.04807568,0,120+
92.0,72.0,125.0,0,0.048553724,0,120+
88.0,34.0,125.0,0,0.046142947,0,120+
67.0,142.0,125.0,0,0.043801263,0,120+
82.0,66.0,125.0,0,0.05022558,0,120+
66.0,46.0,125.0,0,0.04446433,0,120+
92.0,126.0,125.0,0,0.048605323,0,120+
19.0,37.0,121.0,0,0.04488561,0,120+
96.0,35.0,125.0,0,0.04562833,0,120+
64.0,42.0,125.0,0,0.04498521,0,120+
49.0,32.0,125.0,0,0.047713403,0,120+
75.0,33.0,125.0,0,0.045510918,0,120+
76.0,44.0,125.0,0,0.04505941,0,120+
54.0,57.0,125.0,0,0.04735233,0,120+
33.0,56.0,125.0,0,0.06000838,1,120+
25.0,54.0,125.0,0,0.051450484,0,120+
7.0,111.0,125.0,0,0.050322045,0,120+
50.0,47.0,125.0,0,0.04885906,0,120+
7.0,91.0,125.0,0,0.054091364,0,120+
56.0,114.0,125.0,0,0.045122053,0,120+
46.0,81.0,125.0,0,0.05364496,0,120+
94.0,82.0,125.0,0,0.046989553,0,120+
52.0,34.0,125.0,0,0.04953737,0,120+
83.0,93.0,125.0,0,0.05289566,0,120+
5.0,30.0,125.0,0,0.06223626,1,120+
3.0,34.0,125.0,0,0.045248765,0,120+
44.0,41.0,125.0,0,0.049515568,0,120+
48.0,109.0,122.0,0,0.045066554,0,120+
86.0,130.0,125.0,0,0.044286832,0,120+
4.0,46.0,125.0,0,0.051235624,0,120+
51.0,32.0,125.0,0,0.048708472,0,120+
21.0,36.0,125.0,0,0.04646292,0,120+
17.0,103.0,125.0,0,0.043606553,0,120+
26.0,49.0,125.0,0,0.049307913,0,120+
56.0,65.0,125.0,0,0.04828935,0,120+
14.0,52.0,125.0,0,0.0468215,0,120+
94.0,83.0,125.0,0,0.046057146,0,120+
68.0,76.0,123.0,0,0.046727397,0,120+
27.0,31.0,125.0,0,0.0443077,0,120+
95.0,102.0,125.0,0,0.052963838,0,120+
94.0,65.0,125.0,0,0.04714549,0,120+
85.0,62.0,125.0,0,0.045842778,0,120+
11.0,89.0,125.0,0,0.045343712,0,120+
5.0,71.0,125.0,0,0.059328046,1,120+
46.0,62.0,125.0,0,0.045554694,0,120+
9.0,58.0,125.0,0,0.051743597,0,120+
78.0,30.0,125.0,0,0.06304982,1,120+
64.0,32.0,125.0,0,0.04786862,0,120+
26.0,43.0,125.0,0,0.048714966,0,120+
72.0,30.0,125.0,0,0.04922967,0,120+
21.0,35.0,125.0,0,0.046306275,0,120+
23.0,30.0,125.0,0,0.04914971,0,120+
92.0,217.0,124.0,0,0.04703043,0,120+
28.0,34.0,125.0,0,0.05043328,0,120+
35.0,42.0,125.0,0,0.046549063,0,120+
66.0,81.0,121.0,0,0.049846,0,120+
96.0,161.0,125.0,0,0.049872607,0,120+
55.0,53.0,125.0,0,0.04756335,0,120+
26.0,79.0,120.0,0,0.048255667,0,90-120
98.0,36.0,120.0,0,0.048022393,0,90-120
84.0,88.0,125.0,0,0.045330912,0,120+
20.0,44.0,125.0,0,0.048973907,0,120+
83.0,107.0,125.0,0,0.055598706,0,120+
84.0,57.0,125.0,0,0.044420183,0,120+
10.0,70.0,125.0,0,0.058432348,1,120+
86.0,68.0,125.0,0,0.045975395,0,120+
16.0,34.0,125.0,0,0.048992325,0,120+
59.0,51.0,125.0,0,0.055675812,0,120+
52.0,33.0,125.0,0,0.050692204,0,120+
54.0,115.0,125.0,0,0.04989661,0,120+
7.0,125.0,125.0,0,0.049430985,0,120+
96.0,173.0,125.0,0,0.047442023,0,120+
46.0,132.0,124.0,0,0.047782704,0,120+
97.0,43.0,125.0,0,0.04967688,0,120+
19.0,33.0,125.0,0,0.04494832,0,120+
56.0,87.0,125.0,0,0.046947725,0,120+
25.0,86.0,125.0,0,0.04785464,0,120+
67.0,168.0,125.0,0,0.048827805,0,120+
69.0,61.0,125.0,0,0.048979167,0,120+
73.0,45.0,125.0,0,0.04545198,0,120+
2.0,93.0,125.0,0,0.06199792,1,120+
87.0,50.0,125.0,0,0.04694092,0,120+
75.0,101.0,125.0,0,0.048075378,0,120+
83.0,31.0,125.0,0,0.05867958,1,120+
67.0,92.0,125.0,0,0.050902523,0,120+
96.0,38.0,125.0,0,0.04529602,0,120+
76.0,70.0,125.0,0,0.05002426,0,120+
51.0,91.0,122.0,0,0.055793285,0,120+
92.0,45.0,125.0,0,0.047069747,0,120+
54.0,80.0,125.0,0,0.04923082,0,120+
67.0,149.0,125.0,0,0.045793347,0,120+
20.0,90.0,125.0,0,0.04591234,0,120+
83.0,84.0,125.0,0,0.047906183,0,120+
37.0,34.0,125.0,0,0.046223085,0,120+
84.0,82.0,125.0,0,0.046376456,0,120+
31.0,37.0,125.0,0,0.052123427,0,120+
67.0,188.0,125.0,0,0.04764332,0,120+
50.0,61.0,125.0,0,0.051088102,0,120+
84.0,42.0,125.0,0,0.044613454,0,120+
7.0,36.0,125.0,0,0.049424347,0,120+
11.0,75.0,125.0,0,0.044911284,0,120+
87.0,30.0,125.0,0,0.045017973,0,120+
26.0,68.0,125.0,0,0.049220912,0,120+
9.0,73.0,125.0,0,0.04987243,0,120+
7.0,98.0,125.0,0,0.0498514,0,120+
49.0,62.0,125.0,0,0.042920414,0,120+
41.0,48.0,125.0,0,0.05286267,0,120+
2.0,166.0,121.0,0,0.04746996,0,120+
64.0,34.0,125.0,0,0.048379213,0,120+
2.0,129.0,125.0,0,0.051360976,0,120+
17.0,147.0,125.0,0,0.050546013,0,120+
100.0,73.0,125.0,0,0.049270388,0,120+
80.0,36.0,125.0,0,0.049479567,0,120+
67.0,103.0,125.0,0,0.049003467,0,120+
95.0,150.0,125.0,0,0.04659284,0,120+
10.0,62.0,125.0,0,0.059263732,1,120+
23.0,38.0,125.0,0,0.04994579,0,120+
96.0,154.0,125.0,0,0.049116597,0,120+
2.0,80.0,125.0,0,0.05905793,1,120+
89.0,35.0,125.0,0,0.04642331,0,120+
41.0,75.0,125.0,0,0.04604902,0,120+
7.0,117.0,125.0,0,0.049773537,0,120+
62.0,31.0,125.0,0,0.0458142,0,120+
79.0,58.0,125.0,0,0.048729353,0,120+
54.0,81.0,125.0,0,0.050381955,0,120+
95.0,49.0,125.0,0,0.05726228,0,120+
11.0,105.0,125.0,0,0.04587495,0,120+
59.0,107.0,124.0,0,0.052316323,0,120+
88.0,80.0,125.0,0,0.046669595,0,120+
56.0,119.0,125.0,0,0.046520207,0,120+
34.0,63.0,125.0,0,0.048306894,0,120+
7.0,92.0,125.0,0,0.05366378,0,120+
72.0,93.0,120.0,0,0.04696605,0,90-120
67.0,116.0,125.0,0,0.044534072,0,120+
53.0,35.0,125.0,0,0.044046972,0,120+
67.0,183.0,125.0,0,0.04646793,0,120+
64.0,58.0,125.0,0,0.04670892,0,120+
2.0,97.0,125.0,0,0.059481338,1,120+
7.0,93.0,125.0,0,0.050908264,0,120+
88.0,61.0,125.0,0,0.046489608,0,120+
52.0,58.0,125.0,0,0.042959433,0,120+
17.0,141.0,125.0,0,0.048528712,0,120+
96.0,83.0,125.0,0,0.048747517,0,120+
40.0,51.0,125.0,0,0.045562662,0,120+
94.0,47.0,125.0,0,0.04516212,0,120+
46.0,108.0,125.0,0,0.0515138,0,120+
84.0,128.0,125.0,0,0.04877101,0,120+
73.0,75.0,125.0,0,0.046985365,0,120+
5.0,51.0,125.0,0,0.060524166,1,120+
81.0,111.0,125.0,0,0.051887233,0,120+
5.0,115.0,125.0,0,0.053504698,0,120+
92.0,87.0,125.0,0,0.04688327,0,120+
33.0,68.0,125.0,0,0.055689774,0,120+
33.0,36.0,125.0,0,0.06680588,1,120+
10.0,82.0,125.0,0,0.05337944,0,120+
30.0,43.0,125.0,0,0.05580624,0,120+
97.0,30.0,125.0,0,0.04602705,0,120+
66.0,58.0,125.0,0,0.04364468,0,120+
20.0,88.0,125.0,0,0.046508566,0,120+
21.0,61.0,125.0,0,0.049976747,0,120+
54.0,132.0,125.0,0,0.04868894,0,120+
7.0,106.0,125.0,0,0.048165362,0,120+
38.0,38.0,125.0,0,0.04963452,0,120+
66.0,77.0,125.0,0,0.050345227,0,120+
11.0,108.0,125.0,0,0.047230285,0,120+
13.0,37.0,125.0,0,0.043427836,0,120+
5.0,65.0,125.0,0,0.05507487,0,120+
86.0,64.0,125.0,0,0.04651286,0,120+
53.0,53.0,125.0,0,0.051783614,0,120+
75.0,71.0,125.0,0,0.046839472,0,120+
96.0,110.0,125.0,0,0.0502086,0,120+
5.0,33.0,125.0,0,0.06257166,1,120+
46.0,112.0,125.0,0,0.05160761,0,120+
99.0,49.0,125.0,0,0.047470618,0,120+
92.0,117.0,125.0,0,0.048173424,0,120+
97.0,34.0,125.0,0,0.047190554,0,120+
94.0,59.0,125.0,0,0.047246367,0,120+
96.0,59.0,125.0,0,0.044652905,0,120+
30.0,36.0,125.0,0,0.057832092,1,120+
79.0,69.0,125.0,0,0.048186254,0,120+
78.0,92.0,125.0,0,0.055790763,0,120+
88.0,82.0,125.0,0,0.0475322,0,120+
92.0,169.0,125.0,0,0.045259953,0,120+
75.0,83.0,125.0,0,0.048749782,0,120+
64.0,92.0,125.0,0,0.042749636,0,120+
18.0,55.0,125.0,0,0.047471665,0,120+
71.0,76.0,125.0,0,0.042459924,0,120+
11.0,95.0,125.0,0,0.045587234,0,120+
80.0,49.0,125.0,0,0.0490647,0,120+
95.0,106.0,125.0,0,0.055289485,0,120+
86.0,144.0,125.0,0,0.04460445,0,120+
48.0,84.0,125.0,0,0.049502302,0,120+
12.0,30.0,125.0,0,0.046973303,0,120+
59.0,44.0,125.0,0,0.06048752,1,120+
69.0,120.0,125.0,0,0.05183426,0,120+
47.0,69.0,125.0,0,0.051183548,0,120+
64.0,110.0,125.0,0,0.044375837,0,120+
81.0,99.0,125.0,0,0.050959803,0,120+
88.0,63.0,125.0,0,0.04615972,0,120+
53.0,47.0,125.0,0,0.04728098,0,120+
21.0,51.0,125.0,0,0.04751505,0,120+
95.0,82.0,125.0,0,0.05637253,0,120+
84.0,138.0,125.0,0,0.050042953,0,120+
95.0,159.0,124.0,0,0.049048226,0,120+
86.0,97.0,125.0,0,0.046244416,0,120+
86.0,131.0,125.0,0,0.044899665,0,120+
60.0,38.0,125.0,0,0.04723976,0,120+
16.0,58.0,125.0,0,0.047162723,0,120+
49.0,83.0,125.0,0,0.04582964,0,120+
2.0,58.0,125.0,0,0.050301965,0,120+
54.0,129.0,125.0,0,0.048666604,0,120+
67.0,133.0,125.0,0,0.042339038,0,120+
38.0,42.0,125.0,0,0.04678501,0,120+
49.0,36.0,125.0,0,0.048075274,0,120+
86.0,69.0,125.0,0,0.04533355,0,120+
20.0,108.0,125.0,0,0.045885995,0,120+
48.0,44.0,125.0,0,0.059862435,1,120+
64.0,106.0,125.0,0,0.044313442,0,120+
47.0,78.0,125.0,0,0.05472235,0,120+
4.0,47.0,125.0,0,0.051082656,0,120+
72.0,44.0,125.0,0,0.04355552,0,120+
69.0,164.0,125.0,0,0.04984581,0,120+
76.0,81.0,125.0,0,0.05141716,0,120+
92.0,111.0,125.0,0,0.047036063,0,120+
75.0,34.0,125.0,0,0.045638476,0,120+
82.0,76.0,125.0,0,0.04682441,0,120+
69.0,176.0,125.0,0,0.050927244,0,120+
67.0,112.0,125.0,0,0.045646776,0,120+
34.0,36.0,125.0,0,0.050555248,0,120+
1.0,47.0,125.0,0,0.044879,0,120+
2.0,34.0,125.0,0,0.05194498,0,120+
51.0,70.0,125.0,0,0.060315266,1,120+
90.0,31.0,123.0,0,0.052419387,0,120+
98.0,34.0,122.0,0,0.046798244,0,120+
7.0,63.0,125.0,0,0.05475615,0,120+
69.0,180.0,125.0,0,0.04719127,0,120+
1.0,67.0,125.0,0,0.044355378,0,120+
51.0,73.0,125.0,0,0.056570902,0,120+
21.0,41.0,125.0,0,0.04574556,0,120+
56.0,130.0,125.0,0,0.04985265,0,120+
67.0,177.0,125.0,0,0.04864725,0,120+
73.0,35.0,125.0,0,0.04690167,0,120+
81.0,80.0,125.0,0,0.046694957,0,120+
46.0,36.0,125.0,0,0.05182697,0,120+
11.0,114.0,125.0,0,0.049787354,0,120+
42.0,45.0,125.0,0,0.048198648,0,120+
95.0,41.0,125.0,0,0.054744054,0,120+
69.0,233.0,125.0,0,0.04686891,0,120+
78.0,94.0,125.0,0,0.058773644,1,120+
52.0,43.0,125.0,0,0.044642318,0,120+
15.0,75.0,125.0,0,0.049109455,0,120+
96.0,210.0,125.0,0,0.048144735,0,120+
69.0,221.0,125.0,0,0.04658285,0,120+
97.0,49.0,125.0,0,0.048034992,0,120+
83.0,157.0,125.0,0,0.04995714,0,120+
41.0,32.0,125.0,0,0.053958908,0,120+
16.0,84.0,125.0,0,0.050601985,0,120+
59.0,81.0,125.0,0,0.05197376,0,120+
83.0,101.0,125.0,0,0.055769704,0,120+
78.0,56.0,125.0,0,0.061496325,1,120+
38.0,56.0,125.0,0,0.044611167,0,120+
2.0,75.0,125.0,0,0.05804014,1,120+
49.0,65.0,125.0,0,0.042325947,0,120+
59.0,76.0,125.0,0,0.045072574,0,120+
14.0,34.0,125.0,0,0.047947485,0,120+
96.0,52.0,125.0,0,0.044486407,0,120+
3.0,32.0,125.0,0,0.046424866,0,120+
51.0,84.0,125.0,0,0.052675955,0,120+
72.0,38.0,125.0,0,0.046912286,0,120+
68.0,38.0,125.0,0,0.048648454,0,120+
17.0,129.0,125.0,0,0.050688818,0,120+
56.0,116.0,125.0,0,0.045536745,0,120+
11.0,118.0,122.0,0,0.04960287,0,120+
88.0,91.0,122.0,0,0.04627869,0,120+
35.0,34.0,125.0,0,0.04505676,0,120+
2.0,131.0,125.0,0,0.050955303,0,120+
54.0,36.0,125.0,0,0.0495667,0,120+
7.0,65.0,125.0,0,0.054063383,0,120+
21.0,65.0,125.0,0,0.048076373,0,120+
46.0,61.0,125.0,0,0.045607317,0,120+
5.0,133.0,125.0,0,0.049772475,0,120+
20.0,36.0,125.0,0,0.04756094,0,120+
68.0,73.0,125.0,0,0.04583594,0,120+
97.0,71.0,125.0,0,0.04856483,0,120+
97.0,57.0,125.0,0,0.048759453,0,120+
31.0,80.0,125.0,0,0.05040159,0,120+
7.0,105.0,125.0,0,0.047413234,0,120+
17.0,78.0,125.0,0,0.046162467,0,120+
7.0,72.0,125.0,0,0.056552887,0,120+
84.0,130.0,125.0,0,0.049381893,0,120+
34.0,65.0,125.0,0,0.04919049,0,120+
75.0,80.0,125.0,0,0.04764088,0,120+
96.0,81.0,125.0,0,0.048354797,0,120+
96.0,169.0,125.0,0,0.0484226,0,120+
1.0,60.0,125.0,0,0.043794326,0,120+
75.0,45.0,125.0,0,0.044524044,0,120+
43.0,84.0,123.0,0,0.046291158,0,120+
92.0,71.0,125.0,0,0.04895572,0,120+
83.0,57.0,125.0,0,0.052639946,0,120+
78.0,88.0,125.0,0,0.05240151,0,120+
92.0,159.0,125.0,0,0.047377188,0,120+
43.0,35.0,125.0,0,0.050916363,0,120+
50.0,59.0,125.0,0,0.051935174,0,120+
69.0,45.0,125.0,0,0.047990546,0,120+
17.0,131.0,125.0,0,0.05027813,0,120+
46.0,32.0,125.0,0,0.054520074,0,120+
43.0,51.0,125.0,0,0.053635005,0,120+
82.0,70.0,125.0,0,0.048889864,0,120+
2.0,87.0,125.0,0,0.05780048,0,120+
69.0,188.0,125.0,0,0.047432933,0,120+
50.0,68.0,125.0,0,0.050791517,0,120+
59.0,38.0,125.0,0,0.056184668,0,120+
83.0,116.0,125.0,0,0.054851145,0,120+
96.0,136.0,125.0,0,0.047772456,0,120+
18.0,69.0,125.0,0,0.044815186,0,120+
30.0,69.0,125.0,0,0.05380018,0,120+
21.0,30.0,125.0,0,0.047437288,0,120+
63.0,50.0,124.0,0,0.04866629,0,120+
32.0,44.0,125.0,0,0.047829393,0,120+
76.0,73.0,125.0,0,0.051353186,0,120+
75.0,69.0,125.0,0,0.046469443,0,120+
16.0,72.0,125.0,0,0.0493995,0,120+
89.0,90.0,125.0,0,0.049996067,0,120+
2.0,96.0,125.0,0,0.060174037,1,120+
52.0,60.0,125.0,0,0.043159053,0,120+
67.0,34.0,125.0,0,0.048622865,0,120+
75.0,79.0,125.0,0,0.047536112,0,120+
95.0,54.0,125.0,0,0.05686888,0,120+
87.0,37.0,125.0,0,0.045718454,0,120+
66.0,72.0,125.0,0,0.0472524,0,120+
52.0,55.0,125.0,0,0.043838214,0,120+
15.0,34.0,125.0,0,0.060731255,1,120+
25.0,75.0,125.0,0,0.047106653,0,120+
18.0,31.0,125.0,0,0.04867946,0,120+
40.0,54.0,125.0,0,0.04552088,0,120+
87.0,34.0,125.0,0,0.045259148,0,120+
21.0,57.0,125.0,0,0.04802371,0,120+
66.0,40.0,125.0,0,0.047208,0,120+
97.0,40.0,125.0,0,0.04651857,0,120+
68.0,33.0,125.0,0,0.046281908,0,120+
87.0,54.0,124.0,0,0.047714714,0,120+
34.0,61.0,125.0,0,0.04917378,0,120+
54.0,73.0,125.0,0,0.047451206,0,120+
33.0,46.0,125.0,0,0.06351064,1,120+
83.0,120.0,125.0,0,0.05466398,0,120+
80.0,47.0,125.0,0,0.04842467,0,120+
30.0,55.0,125.0,0,0.051614255,0,120+
95.0,149.0,125.0,0,0.04635486,0,120+
69.0,111.0,125.0,0,0.047738444,0,120+
47.0,81.0,125.0,0,0.05621075,0,120+
81.0,42.0,125.0,0,0.04686886,0,120+
33.0,34.0,125.0,0,0.06611614,1,120+
92.0,201.0,125.0,0,0.049691502,0,120+
51.0,83.0,125.0,0,0.052007,0,120+
83.0,112.0,125.0,0,0.05601251,0,120+
96.0,91.0,125.0,0,0.049987286,0,120+
71.0,88.0,120.0,0,0.042589385,0,90-120
15.0,36.0,125.0,0,0.058383495,1,120+
2.0,50.0,125.0,0,0.04643695,0,120+
80.0,38.0,125.0,0,0.04989785,0,120+
92.0,196.0,125.0,0,0.048848424,0,120+
51.0,67.0,125.0,0,0.058621436,1,120+
99.0,48.0,125.0,0,0.047556892,0,120+
5.0,87.0,125.0,0,0.0597336,1,120+
12.0,35.0,125.0,0,0.047032174,0,120+
98.0,31.0,125.0,0,0.04785836,0,120+
75.0,96.0,125.0,0,0.047362912,0,120+
82.0,56.0,125.0,0,0.05301763,0,120+
69.0,191.0,125.0,0,0.04769173,0,120+
83.0,38.0,125.0,0,0.06163919,1,120+
96.0,30.0,125.0,0,0.045699548,0,120+
18.0,39.0,125.0,0,0.048042856,0,120+
5.0,42.0,125.0,0,0.05940627,1,120+
96.0,164.0,125.0,0,0.049169637,0,120+
49.0,50.0,125.0,0,0.044416707,0,120+
51.0,57.0,125.0,0,0.055878587,0,120+
64.0,41.0,125.0,0,0.04532722,0,120+
64.0,120.0,125.0,0,0.047136094,0,120+
30.0,70.0,124.0,0,0.053533964,0,120+
84.0,70.0,125.0,0,0.043010216,0,120+
55.0,55.0,125.0,0,0.047688495,0,120+
50.0,77.0,121.0,0,0.04952138,0,120+
95.0,139.0,125.0,0,0.048559926,0,120+
94.0,41.0,125.0,0,0.045273278,0,120+
46.0,99.0,125.0,0,0.05623515,0,120+
38.0,69.0,125.0,0,0.04726204,0,120+
100.0,47.0,125.0,0,0.04562385,0,120+
47.0,85.0,125.0,0,0.056022782,0,120+
15.0,56.0,125.0,0,0.053002197,0,120+
78.0,58.0,125.0,0,0.0633089,1,120+
7.0,58.0,125.0,0,0.053277936,0,120+
40.0,52.0,125.0,0,0.045568775,0,120+
20.0,85.0,125.0,0,0.046482004,0,120+
96.0,178.0,125.0,0,0.046689745,0,120+
17.0,34.0,125.0,0,0.0557364,0,120+
56.0,31.0,125.0,0,0.04566303,0,120+
30.0,54.0,125.0,0,0.051173776,0,120+
54.0,37.0,125.0,0,0.049521316,0,120+
47.0,74.0,125.0,0,0.05359339,0,120+
69.0,124.0,125.0,0,0.04962261,0,120+
28.0,40.0,125.0,0,0.052160658,0,120+
17.0,53.0,125.0,0,0.04749807,0,120+
84.0,67.0,125.0,0,0.044134233,0,120+
55.0,47.0,125.0,0,0.04796175,0,120+
1.0,42.0,125.0,0,0.046774507,0,120+
79.0,56.0,125.0,0,0.049777072,0,120+
10.0,99.0,123.0,0,0.049929116,0,120+
36.0,37.0,121.0,0,0.04662308,0,120+
22.0,40.0,125.0,0,0.044032145,0,120+
53.0,37.0,125.0,0,0.044378992,0,120+
47.0,37.0,125.0,0,0.05764722,0,120+
84.0,129.0,125.0,0,0.04922272,0,120+
83.0,46.0,125.0,0,0.049509294,0,120+
11.0,37.0,125.0,0,0.06073105,1,120+
7.0,49.0,125.0,0,0.050131503,0,120+
96.0,40.0,125.0,0,0.045053195,0,120+
67.0,181.0,125.0,0,0.047315184,0,120+
78.0,45.0,125.0,0,0.060229883,1,120+
56.0,135.0,125.0,0,0.049289394,0,120+
69.0,154.0,125.0,0,0.047713496,0,120+
23.0,40.0,125.0,0,0.050605528,0,120+
15.0,65.0,125.0,0,0.05040708,0,120+
88.0,48.0,125.0,0,0.046708837,0,120+
78.0,85.0,125.0,0,0.05470187,0,120+
92.0,218.0,123.0,0,0.047670607,0,120+
73.0,73.0,125.0,0,0.045927145,0,120+
15.0,83.0,124.0,0,0.04626285,0,120+
52.0,86.0,125.0,0,0.04611397,0,120+
62.0,35.0,125.0,0,0.045326013,0,120+
46.0,90.0,125.0,0,0.053120032,0,120+
25.0,98.0,125.0,0,0.047367115,0,120+
33.0,50.0,125.0,0,0.056123897,0,120+
11.0,77.0,125.0,0,0.04526703,0,120+
50.0,74.0,124.0,0,0.050465103,0,120+
67.0,69.0,125.0,0,0.050209034,0,120+
5.0,66.0,125.0,0,0.054607403,0,120+
69.0,67.0,125.0,0,0.04872122,0,120+
88.0,65.0,125.0,0,0.0462814,0,120+
89.0,96.0,121.0,0,0.04987543,0,120+
92.0,60.0,125.0,0,0.048054446,0,120+
46.0,87.0,125.0,0,0.055028662,0,120+
83.0,89.0,125.0,0,0.04788212,0,120+
67.0,163.0,125.0,0,0.049374543,0,120+
67.0,73.0,125.0,0,0.05073318,0,120+
55.0,37.0,125.0,0,0.048461143,0,120+
3.0,59.0,120.0,0,0.04579502,0,90-120
21.0,62.0,125.0,0,0.04961106,0,120+
83.0,44.0,125.0,0,0.05387002,0,120+
20.0,55.0,125.0,0,0.046411544,0,120+
67.0,122.0,125.0,0,0.04333652,0,120+
72.0,41.0,125.0,0,0.044116974,0,120+
41.0,59.0,125.0,0,0.050096616,0,120+
56.0,77.0,125.0,0,0.049328376,0,120+
56.0,117.0,125.0,0,0.04596362,0,120+
38.0,57.0,125.0,0,0.0450176,0,120+
28.0,37.0,125.0,0,0.0502323,0,120+
90.0,33.0,121.0,0,0.05211449,0,120+
44.0,49.0,125.0,0,0.050050538,0,120+
100.0,38.0,125.0,0,0.043690857,0,120+
97.0,45.0,125.0,0,0.04947451,0,120+
66.0,78.0,124.0,0,0.05033196,0,120+
92.0,107.0,125.0,0,0.0473318,0,120+
96.0,71.0,125.0,0,0.049917348,0,120+
41.0,53.0,125.0,0,0.049737245,0,120+
32.0,35.0,125.0,0,0.04788235,0,120+
94.0,80.0,125.0,0,0.04746835,0,120+
20.0,48.0,125.0,0,0.048376154,0,120+
86.0,123.0,125.0,0,0.045388125,0,120+
96.0,177.0,125.0,0,0.04689048,0,120+
96.0,80.0,125.0,0,0.048090126,0,120+
76.0,71.0,125.0,0,0.05055621,0,120+
31.0,73.0,125.0,0,0.056035094,0,120+
79.0,32.0,125.0,0,0.054414768,0,120+
89.0,83.0,125.0,0,0.051111426,0,120+
69.0,158.0,125.0,0,0.046371616,0,120+
66.0,49.0,125.0,0,0.04359237,0,120+
5.0,31.0,125.0,0,0.06280295,1,120+
5.0,129.0,125.0,0,0.05315792,0,120+
94.0,75.0,125.0,0,0.048272546,0,120+
92.0,47.0,125.0,0,0.047110673,0,120+
7.0,77.0,125.0,0,0.05612699,0,120+
59.0,59.0,125.0,0,0.053341437,0,120+
7.0,99.0,125.0,0,0.04791704,0,120+
96.0,123.0,125.0,0,0.0473566,0,120+
14.0,56.0,124.0,0,0.04736591,0,120+
86.0,37.0,125.0,0,0.049855463,0,120+
30.0,57.0,125.0,0,0.050971404,0,120+
1.0,56.0,125.0,0,0.04407201,0,120+
56.0,80.0,125.0,0,0.0475722,0,120+
25.0,59.0,125.0,0,0.0496348,0,120+
83.0,77.0,125.0,0,0.05326277,0,120+
89.0,36.0,125.0,0,0.045814358,0,120+
49.0,95.0,120.0,0,0.047561485,0,90-120
36.0,35.0,123.0,0,0.04572598,0,120+
56.0,43.0,125.0,0,0.045897055,0,120+
67.0,44.0,125.0,0,0.046397146,0,120+
92.0,85.0,125.0,0,0.048631903,0,120+
85.0,31.0,125.0,0,0.047532555,0,120+
40.0,42.0,125.0,0,0.046079326,0,120+
86.0,132.0,125.0,0,0.044883486,0,120+
86.0,70.0,125.0,0,0.0455581,0,120+
10.0,64.0,125.0,0,0.059100777,1,120+
41.0,82.0,125.0,0,0.04746731,0,120+
82.0,77.0,125.0,0,0.04733657,0,120+
64.0,65.0,125.0,0,0.046855185,0,120+
31.0,54.0,125.0,0,0.06191354,1,120+
56.0,69.0,125.0,0,0.048354354,0,120+
85.0,30.0,125.0,0,0.04745336,0,120+
97.0,70.0,125.0,0,0.04821675,0,120+
100.0,75.0,125.0,0,0.048491202,0,120+
3.0,52.0,125.0,0,0.04617071,0,120+
5.0,118.0,125.0,0,0.049882516,0,120+
1.0,162.0,30.0,1,0.05283997,0,20-30
1.0,163.0,29.0,1,0.053956147,0,20-30
1.0,164.0,28.0,1,0.054667752,0,20-30
1.0,165.0,27.0,1,0.054693893,0,20-30
1.0,166.0,26.0,1,0.055588845,0,20-30
1.0,167.0,25.0,1,0.05533827,0,20-30
1.0,168.0,24.0,1,0.05486034,0,20-30
1.0,169.0,23.0,1,0.05545757,0,20-30
1.0,170.0,22.0,1,0.055904493,0,20-30
1.0,171.0,21.0,1,0.05644703,0,20-30
1.0,172.0,20.0,1,0.057134822,0,10-20
1.0,173.0,19.0,1,0.05893879,1,10-20
1.0,174.0,18.0,1,0.060579114,1,10-20
1.0,175.0,17.0,1,0.06257088,1,10-20
1.0,176.0,16.0,1,0.06332962,1,10-20
1.0,177.0,15.0,1,0.06605025,1,10-20
1.0,178.0,14.0,1,0.06903027,1,10-20
1.0,179.0,13.0,1,0.07050886,1,10-20
1.0,180.0,12.0,1,0.07251887,1,10-20
1.0,181.0,11.0,1,0.07527444,1,10-20
1.0,182.0,10.0,1,0.078503385,1,0-10
1.0,183.0,9.0,1,0.08115884,1,0-10
1.0,184.0,8.0,1,0.08564107,1,0-10
1.0,185.0,7.0,1,0.090153776,1,0-10
1.0,186.0,6.0,1,0.092617266,1,0-10
1.0,187.0,5.0,1,0.09637504,1,0-10
1.0,188.0,4.0,1,0.101064555,1,0-10
1.0,189.0,3.0,1,0.10515205,1,0-10
1.0,190.0,2.0,1,0.10844139,1,0-10
1.0,191.0,1.0,1,0.11280499,1,0-10
1.0,192.0,0.0,1,0.11676332,1,0-10
2.0,257.0,30.0,1,0.061957397,1,20-30
2.0,258.0,29.0,1,0.06404124,1,20-30
2.0,259.0,28.0,1,0.06618596,1,20-30
2.0,260.0,27.0,1,0.068309285,1,20-30
2.0,261.0,26.0,1,0.07020859,1,20-30
2.0,262.0,25.0,1,0.07171421,1,20-30
2.0,263.0,24.0,1,0.07266123,1,20-30
2.0,264.0,23.0,1,0.07637583,1,20-30
2.0,265.0,22.0,1,0.07815873,1,20-30
2.0,266.0,21.0,1,0.080022804,1,20-30
2.0,267.0,20.0,1,0.08170951,1,10-20
2.0,268.0,19.0,1,0.08388514,1,10-20
2.0,269.0,18.0,1,0.08660844,1,10-20
2.0,270.0,17.0,1,0.09020783,1,10-20
2.0,271.0,16.0,1,0.09385149,1,10-20
2.0,272.0,15.0,1,0.09714919,1,10-20
2.0,273.0,14.0,1,0.10027336,1,10-20
2.0,274.0,13.0,1,0.10389744,1,10-20
2.0,275.0,12.0,1,0.10716987,1,10-20
2.0,276.0,11.0,1,0.111833856,1,10-20
2.0,277.0,10.0,1,0.11567997,1,0-10
2.0,278.0,9.0,1,0.11884816,1,0-10
2.0,279.0,8.0,1,0.12185974,1,0-10
2.0,280.0,7.0,1,0.12543598,1,0-10
2.0,281.0,6.0,1,0.12970585,1,0-10
2.0,282.0,5.0,1,0.13354291,1,0-10
2.0,283.0,4.0,1,0.1388157,1,0-10
2.0,284.0,3.0,1,0.1431352,1,0-10
2.0,285.0,2.0,1,0.14773837,1,0-10
2.0,286.0,1.0,1,0.15194547,1,0-10
2.0,287.0,0.0,1,0.15699758,1,0-10
3.0,149.0,30.0,1,0.059614215,1,20-30
3.0,150.0,29.0,1,0.06043851,1,20-30
3.0,151.0,28.0,1,0.060847398,1,20-30
3.0,152.0,27.0,1,0.06187635,1,20-30
3.0,153.0,26.0,1,0.062768355,1,20-30
3.0,154.0,25.0,1,0.06321889,1,20-30
3.0,155.0,24.0,1,0.06349156,1,20-30
3.0,156.0,23.0,1,0.06536231,1,20-30
3.0,157.0,22.0,1,0.06729519,1,20-30
3.0,158.0,21.0,1,0.0690171,1,20-30
3.0,159.0,20.0,1,0.06949022,1,10-20
3.0,160.0,19.0,1,0.070654646,1,10-20
3.0,161.0,18.0,1,0.072775476,1,10-20
3.0,162.0,17.0,1,0.074432306,1,10-20
3.0,163.0,16.0,1,0.076123744,1,10-20
3.0,164.0,15.0,1,0.07828978,1,10-20
3.0,165.0,14.0,1,0.08093313,1,10-20
3.0,166.0,13.0,1,0.08356995,1,10-20
3.0,167.0,12.0,1,0.0869946,1,10-20
3.0,168.0,11.0,1,0.08984269,1,10-20
3.0,169.0,10.0,1,0.093901776,1,0-10
3.0,170.0,9.0,1,0.09761667,1,0-10
3.0,171.0,8.0,1,0.10129239,1,0-10
3.0,172.0,7.0,1,0.104466565,1,0-10
3.0,173.0,6.0,1,0.10847073,1,0-10
3.0,174.0,5.0,1,0.11341401,1,0-10
3.0,175.0,4.0,1,0.11855474,1,0-10
3.0,176.0,3.0,1,0.123479955,1,0-10
3.0,177.0,2.0,1,0.12918869,1,0-10
3.0,178.0,1.0,1,0.1367093,1,0-10
3.0,179.0,0.0,1,0.14406261,1,0-10
4.0,159.0,30.0,1,0.0537903,0,20-30
4.0,160.0,29.0,1,0.05451421,0,20-30
4.0,161.0,28.0,1,0.05539688,0,20-30
4.0,162.0,27.0,1,0.056999207,0,20-30
4.0,163.0,26.0,1,0.05932986,1,20-30
4.0,164.0,25.0,1,0.06141893,1,20-30
4.0,165.0,24.0,1,0.062368184,1,20-30
4.0,166.0,23.0,1,0.06396833,1,20-30
4.0,167.0,22.0,1,0.064978056,1,20-30
4.0,168.0,21.0,1,0.06674592,1,20-30
4.0,169.0,20.0,1,0.06907087,1,10-20
4.0,170.0,19.0,1,0.071951956,1,10-20
4.0,171.0,18.0,1,0.07480635,1,10-20
4.0,172.0,17.0,1,0.077666566,1,10-20
4.0,173.0,16.0,1,0.08030335,1,10-20
4.0,174.0,15.0,1,0.083148934,1,10-20
4.0,175.0,14.0,1,0.08648833,1,10-20
4.0,176.0,13.0,1,0.08944472,1,10-20
4.0,177.0,12.0,1,0.093313776,1,10-20
4.0,178.0,11.0,1,0.09779762,1,10-20
4.0,179.0,10.0,1,0.10265966,1,0-10
4.0,180.0,9.0,1,0.10760699,1,0-10
4.0,181.0,8.0,1,0.11134347,1,0-10
4.0,182.0,7.0,1,0.11675047,1,0-10
4.0,183.0,6.0,1,0.12391856,1,0-10
4.0,184.0,5.0,1,0.12934648,1,0-10
4.0,185.0,4.0,1,0.13492092,1,0-10
4.0,186.0,3.0,1,0.14084713,1,0-10
4.0,187.0,2.0,1,0.14758238,1,0-10
4.0,188.0,1.0,1,0.1541705,1,0-10
4.0,189.0,0.0,1,0.16205165,1,0-10
5.0,239.0,30.0,1,0.07303562,1,20-30
5.0,240.0,29.0,1,0.074072465,1,20-30
5.0,241.0,28.0,1,0.07536265,1,20-30
5.0,242.0,27.0,1,0.0770271,1,20-30
5.0,243.0,26.0,1,0.07929846,1,20-30
5.0,244.0,25.0,1,0.08132061,1,20-30
5.0,245.0,24.0,1,0.08237247,1,20-30
5.0,246.0,23.0,1,0.084289,1,20-30
5.0,247.0,22.0,1,0.08710758,1,20-30
5.0,248.0,21.0,1,0.08916275,1,20-30
5.0,249.0,20.0,1,0.09252468,1,10-20
5.0,250.0,19.0,1,0.09528792,1,10-20
5.0,251.0,18.0,1,0.098395705,1,10-20
5.0,252.0,17.0,1,0.100950815,1,10-20
5.0,253.0,16.0,1,0.104080595,1,10-20
5.0,254.0,15.0,1,0.107664965,1,10-20
5.0,255.0,14.0,1,0.11064597,1,10-20
5.0,256.0,13.0,1,0.11571734,1,10-20
5.0,257.0,12.0,1,0.11943096,1,10-20
5.0,258.0,11.0,1,0.123229444,1,10-20
5.0,259.0,10.0,1,0.12878059,1,0-10
5.0,260.0,9.0,1,0.13204497,1,0-10
5.0,261.0,8.0,1,0.13553499,1,0-10
5.0,262.0,7.0,1,0.13885917,1,0-10
5.0,263.0,6.0,1,0.14369579,1,0-10
5.0,264.0,5.0,1,0.14911263,1,0-10
5.0,265.0,4.0,1,0.15406552,1,0-10
5.0,266.0,3.0,1,0.15924287,1,0-10
5.0,267.0,2.0,1,0.16408932,1,0-10
5.0,268.0,1.0,1,0.16877745,1,0-10
5.0,269.0,0.0,1,0.17359875,1,0-10
6.0,158.0,30.0,1,0.07020451,1,20-30
6.0,159.0,29.0,1,0.07128905,1,20-30
6.0,160.0,28.0,1,0.07365843,1,20-30
6.0,161.0,27.0,1,0.07512274,1,20-30
6.0,162.0,26.0,1,0.07702701,1,20-30
6.0,163.0,25.0,1,0.07976021,1,20-30
6.0,164.0,24.0,1,0.081562944,1,20-30
6.0,165.0,23.0,1,0.08484462,1,20-30
6.0,166.0,22.0,1,0.08830808,1,20-30
6.0,167.0,21.0,1,0.09041323,1,20-30
6.0,168.0,20.0,1,0.09238088,1,10-20
6.0,169.0,19.0,1,0.09559289,1,10-20
6.0,170.0,18.0,1,0.09867573,1,10-20
6.0,171.0,17.0,1,0.10252162,1,10-20
6.0,172.0,16.0,1,0.1037801,1,10-20
6.0,173.0,15.0,1,0.10597087,1,10-20
6.0,174.0,14.0,1,0.10692619,1,10-20
6.0,175.0,13.0,1,0.11080979,1,10-20
6.0,176.0,12.0,1,0.11297957,1,10-20
6.0,177.0,11.0,1,0.11499524,1,10-20
6.0,178.0,10.0,1,0.11822052,1,0-10
6.0,179.0,9.0,1,0.12082455,1,0-10
6.0,180.0,8.0,1,0.124202766,1,0-10
6.0,181.0,7.0,1,0.12723611,1,0-10
6.0,182.0,6.0,1,0.13041808,1,0-10
6.0,183.0,5.0,1,0.13525769,1,0-10
6.0,184.0,4.0,1,0.13783702,1,0-10
6.0,185.0,3.0,1,0.14189968,1,0-10
6.0,186.0,2.0,1,0.14516738,1,0-10
6.0,187.0,1.0,1,0.14902169,1,0-10
6.0,188.0,0.0,1,0.1529306,1,0-10
7.0,229.0,30.0,1,0.06839652,1,20-30
7.0,230.0,29.0,1,0.069615304,1,20-30
7.0,231.0,28.0,1,0.07053576,1,20-30
7.0,232.0,27.0,1,0.07246495,1,20-30
7.0,233.0,26.0,1,0.074503474,1,20-30
7.0,234.0,25.0,1,0.07598038,1,20-30
7.0,235.0,24.0,1,0.07810402,1,20-30
7.0,236.0,23.0,1,0.07858385,1,20-30
7.0,237.0,22.0,1,0.080564074,1,20-30
7.0,238.0,21.0,1,0.08207111,1,20-30
7.0,239.0,20.0,1,0.08363015,1,10-20
7.0,240.0,19.0,1,0.086487554,1,10-20
7.0,241.0,18.0,1,0.08992998,1,10-20
7.0,242.0,17.0,1,0.09228767,1,10-20
7.0,243.0,16.0,1,0.09515444,1,10-20
7.0,244.0,15.0,1,0.098517016,1,10-20
7.0,245.0,14.0,1,0.101520695,1,10-20
7.0,246.0,13.0,1,0.10389576,1,10-20
7.0,247.0,12.0,1,0.10658574,1,10-20
7.0,248.0,11.0,1,0.10917089,1,10-20
7.0,249.0,10.0,1,0.11179413,1,0-10
7.0,250.0,9.0,1,0.11540571,1,0-10
7.0,251.0,8.0,1,0.1192334,1,0-10
7.0,252.0,7.0,1,0.12349912,1,0-10
7.0,253.0,6.0,1,0.12720999,1,0-10
7.0,254.0,5.0,1,0.13018896,1,0-10
7.0,255.0,4.0,1,0.13337189,1,0-10
7.0,256.0,3.0,1,0.13554876,1,0-10
7.0,257.0,2.0,1,0.13953137,1,0-10
7.0,258.0,1.0,1,0.14419046,1,0-10
7.0,259.0,0.0,1,0.147282,1,0-10
8.0,120.0,30.0,1,0.056069728,0,20-30
8.0,121.0,29.0,1,0.057015568,0,20-30
8.0,122.0,28.0,1,0.05823477,1,20-30
8.0,123.0,27.0,1,0.060572155,1,20-30
8.0,124.0,26.0,1,0.0626186,1,20-30
8.0,125.0,25.0,1,0.0639919,1,20-30
8.0,126.0,24.0,1,0.066058874,1,20-30
8.0,127.0,23.0,1,0.067036934,1,20-30
8.0,128.0,22.0,1,0.06958223,1,20-30
8.0,129.0,21.0,1,0.07107279,1,20-30
8.0,130.0,20.0,1,0.07228643,1,10-20
8.0,131.0,19.0,1,0.07469789,1,10-20
8.0,132.0,18.0,1,0.076920085,1,10-20
8.0,133.0,17.0,1,0.07938386,1,10-20
8.0,134.0,16.0,1,0.08168674,1,10-20
8.0,135.0,15.0,1,0.0839868,1,10-20
8.0,136.0,14.0,1,0.08653702,1,10-20
8.0,137.0,13.0,1,0.09013745,1,10-20
8.0,138.0,12.0,1,0.09343784,1,10-20
8.0,139.0,11.0,1,0.09530755,1,10-20
8.0,140.0,10.0,1,0.097640894,1,0-10
8.0,141.0,9.0,1,0.100243755,1,0-10
8.0,142.0,8.0,1,0.10304646,1,0-10
8.0,143.0,7.0,1,0.106974415,1,0-10
8.0,144.0,6.0,1,0.111341864,1,0-10
8.0,145.0,5.0,1,0.114745215,1,0-10
8.0,146.0,4.0,1,0.11872686,1,0-10
8.0,147.0,3.0,1,0.12106321,1,0-10
8.0,148.0,2.0,1,0.12455328,1,0-10
8.0,149.0,1.0,1,0.12913501,1,0-10
8.0,150.0,0.0,1,0.13361438,1,0-10
9.0,171.0,30.0,1,0.07444065,1,20-30
9.0,172.0,29.0,1,0.076184586,1,20-30
9.0,173.0,28.0,1,0.077598594,1,20-30
9.0,174.0,27.0,1,0.080184065,1,20-30
9.0,175.0,26.0,1,0.081695035,1,20-30
9.0,176.0,25.0,1,0.08304281,1,20-30
9.0,177.0,24.0,1,0.08397127,1,20-30
9.0,178.0,23.0,1,0.085302606,1,20-30
9.0,179.0,22.0,1,0.08546727,1,20-30
9.0,180.0,21.0,1,0.08707406,1,20-30
9.0,181.0,20.0,1,0.08749392,1,10-20
9.0,182.0,19.0,1,0.08807866,1,10-20
9.0,183.0,18.0,1,0.089261144,1,10-20
9.0,184.0,17.0,1,0.09143605,1,10-20
9.0,185.0,16.0,1,0.094037175,1,10-20
9.0,186.0,15.0,1,0.095174775,1,10-20
9.0,187.0,14.0,1,0.0978918,1,10-20
9.0,188.0,13.0,1,0.09774533,1,10-20
9.0,189.0,12.0,1,0.09924427,1,10-20
9.0,190.0,11.0,1,0.10139488,1,10-20
9.0,191.0,10.0,1,0.10396378,1,0-10
9.0,192.0,9.0,1,0.107145965,1,0-10
9.0,193.0,8.0,1,0.11182138,1,0-10
9.0,194.0,7.0,1,0.114021406,1,0-10
9.0,195.0,6.0,1,0.117710076,1,0-10
9.0,196.0,5.0,1,0.1219203,1,0-10
9.0,197.0,4.0,1,0.12544352,1,0-10
9.0,198.0,3.0,1,0.13081256,1,0-10
9.0,199.0,2.0,1,0.13543592,1,0-10
9.0,200.0,1.0,1,0.14319253,1,0-10
9.0,201.0,0.0,1,0.15162691,1,0-10
10.0,192.0,30.0,1,0.05656968,0,20-30
10.0,193.0,29.0,1,0.05825473,1,20-30
10.0,194.0,28.0,1,0.060164608,1,20-30
10.0,195.0,27.0,1,0.06006633,1,20-30
10.0,196.0,26.0,1,0.06135559,1,20-30
10.0,197.0,25.0,1,0.062308952,1,20-30
10.0,198.0,24.0,1,0.06356237,1,20-30
10.0,199.0,23.0,1,0.063663855,1,20-30
10.0,200.0,22.0,1,0.06556544,1,20-30
10.0,201.0,21.0,1,0.066235356,1,20-30
10.0,202.0,20.0,1,0.068323195,1,10-20
10.0,203.0,19.0,1,0.07003815,1,10-20
10.0,204.0,18.0,1,0.07318096,1,10-20
10.0,205.0,17.0,1,0.07519049,1,10-20
10.0,206.0,16.0,1,0.077099405,1,10-20
10.0,207.0,15.0,1,0.07858188,1,10-20
10.0,208.0,14.0,1,0.08111378,1,10-20
10.0,209.0,13.0,1,0.08369332,1,10-20
10.0,210.0,12.0,1,0.08635915,1,10-20
10.0,211.0,11.0,1,0.08888038,1,10-20
10.0,212.0,10.0,1,0.091862455,1,0-10
10.0,213.0,9.0,1,0.09684539,1,0-10
10.0,214.0,8.0,1,0.10056347,1,0-10
10.0,215.0,7.0,1,0.10394406,1,0-10
10.0,216.0,6.0,1,0.108357295,1,0-10
10.0,217.0,5.0,1,0.11231273,1,0-10
10.0,218.0,4.0,1,0.1161655,1,0-10
10.0,219.0,3.0,1,0.12028865,1,0-10
10.0,220.0,2.0,1,0.1241504,1,0-10
10.0,221.0,1.0,1,0.13015068,1,0-10
10.0,222.0,0.0,1,0.13455875,1,0-10
11.0,210.0,30.0,1,0.06316478,1,20-30
11.0,211.0,29.0,1,0.06448439,1,20-30
11.0,212.0,28.0,1,0.06576404,1,20-30
11.0,213.0,27.0,1,0.067736275,1,20-30
11.0,214.0,26.0,1,0.069030076,1,20-30
11.0,215.0,25.0,1,0.0700132,1,20-30
11.0,216.0,24.0,1,0.07138253,1,20-30
11.0,217.0,23.0,1,0.07193368,1,20-30
11.0,218.0,22.0,1,0.07319709,1,20-30
11.0,219.0,21.0,1,0.07525749,1,20-30
11.0,220.0,20.0,1,0.07742135,1,10-20
11.0,221.0,19.0,1,0.0793942,1,10-20
11.0,222.0,18.0,1,0.08122658,1,10-20
11.0,223.0,17.0,1,0.08342323,1,10-20
11.0,224.0,16.0,1,0.08539475,1,10-20
11.0,225.0,15.0,1,0.0880913,1,10-20
11.0,226.0,14.0,1,0.09169529,1,10-20
11.0,227.0,13.0,1,0.09433628,1,10-20
11.0,228.0,12.0,1,0.09829244,1,10-20
11.0,229.0,11.0,1,0.1010993,1,10-20
11.0,230.0,10.0,1,0.10467265,1,0-10
11.0,231.0,9.0,1,0.10890989,1,0-10
11.0,232.0,8.0,1,0.11305536,1,0-10
11.0,233.0,7.0,1,0.116390586,1,0-10
11.0,234.0,6.0,1,0.11951072,1,0-10
11.0,235.0,5.0,1,0.1225881,1,0-10
11.0,236.0,4.0,1,0.12787145,1,0-10
11.0,237.0,3.0,1,0.13254829,1,0-10
11.0,238.0,2.0,1,0.1379869,1,0-10
11.0,239.0,1.0,1,0.14367343,1,0-10
11.0,240.0,0.0,1,0.14816453,1,0-10
12.0,140.0,30.0,1,0.06221801,1,20-30
12.0,141.0,29.0,1,0.06396866,1,20-30
12.0,142.0,28.0,1,0.06571865,1,20-30
12.0,143.0,27.0,1,0.067855604,1,20-30
12.0,144.0,26.0,1,0.06894685,1,20-30
12.0,145.0,25.0,1,0.071518525,1,20-30
12.0,146.0,24.0,1,0.07242881,1,20-30
12.0,147.0,23.0,1,0.07413924,1,20-30
12.0,148.0,22.0,1,0.07502574,1,20-30
12.0,149.0,21.0,1,0.07702752,1,20-30
12.0,150.0,20.0,1,0.078810334,1,10-20
12.0,151.0,19.0,1,0.08174128,1,10-20
12.0,152.0,18.0,1,0.08391732,1,10-20
12.0,153.0,17.0,1,0.085898526,1,10-20
12.0,154.0,16.0,1,0.08754847,1,10-20
12.0,155.0,15.0,1,0.08962684,1,10-20
12.0,156.0,14.0,1,0.092657134,1,10-20
12.0,157.0,13.0,1,0.09393135,1,10-20
12.0,158.0,12.0,1,0.09728472,1,10-20
12.0,159.0,11.0,1,0.09884771,1,10-20
12.0,160.0,10.0,1,0.10196776,1,0-10
12.0,161.0,9.0,1,0.104187876,1,0-10
12.0,162.0,8.0,1,0.10745093,1,0-10
12.0,163.0,7.0,1,0.11156189,1,0-10
12.0,164.0,6.0,1,0.11521715,1,0-10
12.0,165.0,5.0,1,0.11754902,1,0-10
12.0,166.0,4.0,1,0.122134075,1,0-10
12.0,167.0,3.0,1,0.12569982,1,0-10
12.0,168.0,2.0,1,0.12902898,1,0-10
12.0,169.0,1.0,1,0.13159953,1,0-10
12.0,170.0,0.0,1,0.1357765,1,0-10
13.0,133.0,30.0,1,0.05826501,1,20-30
13.0,134.0,29.0,1,0.059278425,1,20-30
13.0,135.0,28.0,1,0.060741536,1,20-30
13.0,136.0,27.0,1,0.062376566,1,20-30
13.0,137.0,26.0,1,0.06324042,1,20-30
13.0,138.0,25.0,1,0.06493802,1,20-30
13.0,139.0,24.0,1,0.0659493,1,20-30
13.0,140.0,23.0,1,0.06788309,1,20-30
13.0,141.0,22.0,1,0.06966769,1,20-30
13.0,142.0,21.0,1,0.07151798,1,20-30
13.0,143.0,20.0,1,0.07437615,1,10-20
13.0,144.0,19.0,1,0.07625933,1,10-20
13.0,145.0,18.0,1,0.0783167,1,10-20
13.0,146.0,17.0,1,0.08106186,1,10-20
13.0,147.0,16.0,1,0.08311873,1,10-20
13.0,148.0,15.0,1,0.08629953,1,10-20
13.0,149.0,14.0,1,0.090189025,1,10-20
13.0,150.0,13.0,1,0.0927493,1,10-20
13.0,151.0,12.0,1,0.09680339,1,10-20
13.0,152.0,11.0,1,0.10012349,1,10-20
13.0,153.0,10.0,1,0.103644274,1,0-10
13.0,154.0,9.0,1,0.106996246,1,0-10
13.0,155.0,8.0,1,0.11059659,1,0-10
13.0,156.0,7.0,1,0.11395338,1,0-10
13.0,157.0,6.0,1,0.11879327,1,0-10
13.0,158.0,5.0,1,0.122739665,1,0-10
13.0,159.0,4.0,1,0.12937608,1,0-10
13.0,160.0,3.0,1,0.13360152,1,0-10
13.0,161.0,2.0,1,0.13799612,1,0-10
13.0,162.0,1.0,1,0.14385618,1,0-10
13.0,163.0,0.0,1,0.15053776,1,0-10
14.0,150.0,30.0,1,0.070381634,1,20-30
14.0,151.0,29.0,1,0.07142078,1,20-30
14.0,152.0,28.0,1,0.07372111,1,20-30
14.0,153.0,27.0,1,0.0757204,1,20-30
14.0,154.0,26.0,1,0.078245655,1,20-30
14.0,155.0,25.0,1,0.081228994,1,20-30
14.0,156.0,24.0,1,0.08267692,1,20-30
14.0,157.0,23.0,1,0.085096344,1,20-30
14.0,158.0,22.0,1,0.085493885,1,20-30
14.0,159.0,21.0,1,0.08833082,1,20-30
14.0,160.0,20.0,1,0.090688884,1,10-20
14.0,161.0,19.0,1,0.09365355,1,10-20
14.0,162.0,18.0,1,0.095632516,1,10-20
14.0,163.0,17.0,1,0.09774484,1,10-20
14.0,164.0,16.0,1,0.10012946,1,10-20
14.0,165.0,15.0,1,0.102137566,1,10-20
14.0,166.0,14.0,1,0.1054173,1,10-20
14.0,167.0,13.0,1,0.10875582,1,10-20
14.0,168.0,12.0,1,0.112650305,1,10-20
14.0,169.0,11.0,1,0.11631814,1,10-20
14.0,170.0,10.0,1,0.11970215,1,0-10
14.0,171.0,9.0,1,0.1251105,1,0-10
14.0,172.0,8.0,1,0.12794079,1,0-10
14.0,173.0,7.0,1,0.13082223,1,0-10
14.0,174.0,6.0,1,0.13608488,1,0-10
14.0,175.0,5.0,1,0.14064474,1,0-10
14.0,176.0,4.0,1,0.14467049,1,0-10
14.0,177.0,3.0,1,0.1490837,1,0-10
14.0,178.0,2.0,1,0.15402326,1,0-10
14.0,179.0,1.0,1,0.15960975,1,0-10
14.0,180.0,0.0,1,0.16408552,1,0-10
15.0,177.0,30.0,1,0.05193168,0,20-30
15.0,178.0,29.0,1,0.052503478,0,20-30
15.0,179.0,28.0,1,0.05229217,0,20-30
15.0,180.0,27.0,1,0.05267797,0,20-30
15.0,181.0,26.0,1,0.05287676,0,20-30
15.0,182.0,25.0,1,0.053094152,0,20-30
15.0,183.0,24.0,1,0.054359905,0,20-30
15.0,184.0,23.0,1,0.054786794,0,20-30
15.0,185.0,22.0,1,0.05600546,0,20-30
15.0,186.0,21.0,1,0.056278598,0,20-30
15.0,187.0,20.0,1,0.057122,0,10-20
15.0,188.0,19.0,1,0.058341414,1,10-20
15.0,189.0,18.0,1,0.06035986,1,10-20
15.0,190.0,17.0,1,0.06179994,1,10-20
15.0,191.0,16.0,1,0.06383927,1,10-20
15.0,192.0,15.0,1,0.066039965,1,10-20
15.0,193.0,14.0,1,0.068952926,1,10-20
15.0,194.0,13.0,1,0.07128739,1,10-20
15.0,195.0,12.0,1,0.073132895,1,10-20
15.0,196.0,11.0,1,0.07592563,1,10-20
15.0,197.0,10.0,1,0.078292474,1,0-10
15.0,198.0,9.0,1,0.08097736,1,0-10
15.0,199.0,8.0,1,0.08504566,1,0-10
15.0,200.0,7.0,1,0.087144464,1,0-10
15.0,201.0,6.0,1,0.08967197,1,0-10
15.0,202.0,5.0,1,0.09396607,1,0-10
15.0,203.0,4.0,1,0.09799623,1,0-10
15.0,204.0,3.0,1,0.10150607,1,0-10
15.0,205.0,2.0,1,0.104835905,1,0-10
15.0,206.0,1.0,1,0.110744685,1,0-10
15.0,207.0,0.0,1,0.11548504,1,0-10
16.0,179.0,30.0,1,0.08864208,1,20-30
16.0,180.0,29.0,1,0.08944289,1,20-30
16.0,181.0,28.0,1,0.08993892,1,20-30
16.0,182.0,27.0,1,0.09167899,1,20-30
16.0,183.0,26.0,1,0.09488417,1,20-30
16.0,184.0,25.0,1,0.09554176,1,20-30
16.0,185.0,24.0,1,0.09816221,1,20-30
16.0,186.0,23.0,1,0.10014338,1,20-30
16.0,187.0,22.0,1,0.101580925,1,20-30
16.0,188.0,21.0,1,0.103987545,1,20-30
16.0,189.0,20.0,1,0.10626651,1,10-20
16.0,190.0,19.0,1,0.10875091,1,10-20
16.0,191.0,18.0,1,0.10974934,1,10-20
16.0,192.0,17.0,1,0.113322,1,10-20
16.0,193.0,16.0,1,0.11522183,1,10-20
16.0,194.0,15.0,1,0.11925924,1,10-20
16.0,195.0,14.0,1,0.12241544,1,10-20
16.0,196.0,13.0,1,0.123338014,1,10-20
16.0,197.0,12.0,1,0.12610215,1,10-20
16.0,198.0,11.0,1,0.12919343,1,10-20
16.0,199.0,10.0,1,0.13197511,1,0-10
16.0,200.0,9.0,1,0.13448179,1,0-10
16.0,201.0,8.0,1,0.13687299,1,0-10
16.0,202.0,7.0,1,0.14025992,1,0-10
16.0,203.0,6.0,1,0.14364472,1,0-10
16.0,204.0,5.0,1,0.14593065,1,0-10
16.0,205.0,4.0,1,0.14925586,1,0-10
16.0,206.0,3.0,1,0.15181023,1,0-10
16.0,207.0,2.0,1,0.15577917,1,0-10
16.0,208.0,1.0,1,0.15971921,1,0-10
16.0,209.0,0.0,1,0.16260183,1,0-10
17.0,246.0,30.0,1,0.07245204,1,20-30
17.0,247.0,29.0,1,0.0741183,1,20-30
17.0,248.0,28.0,1,0.07509211,1,20-30
17.0,249.0,27.0,1,0.07695364,1,20-30
17.0,250.0,26.0,1,0.0787167,1,20-30
17.0,251.0,25.0,1,0.081269175,1,20-30
17.0,252.0,24.0,1,0.08207026,1,20-30
17.0,253.0,23.0,1,0.08373514,1,20-30
17.0,254.0,22.0,1,0.08566669,1,20-30
17.0,255.0,21.0,1,0.087160304,1,20-30
17.0,256.0,20.0,1,0.08949672,1,10-20
17.0,257.0,19.0,1,0.09261492,1,10-20
17.0,258.0,18.0,1,0.09526837,1,10-20
17.0,259.0,17.0,1,0.0989189,1,10-20
17.0,260.0,16.0,1,0.10254841,1,10-20
17.0,261.0,15.0,1,0.10600899,1,10-20
17.0,262.0,14.0,1,0.109081015,1,10-20
17.0,263.0,13.0,1,0.112310424,1,10-20
17.0,264.0,12.0,1,0.11610101,1,10-20
17.0,265.0,11.0,1,0.11934745,1,10-20
17.0,266.0,10.0,1,0.12372761,1,0-10
17.0,267.0,9.0,1,0.12823369,1,0-10
17.0,268.0,8.0,1,0.133246,1,0-10
17.0,269.0,7.0,1,0.13754195,1,0-10
17.0,270.0,6.0,1,0.14206582,1,0-10
17.0,271.0,5.0,1,0.14720756,1,0-10
17.0,272.0,4.0,1,0.15219143,1,0-10
17.0,273.0,3.0,1,0.15712202,1,0-10
17.0,274.0,2.0,1,0.16206026,1,0-10
17.0,275.0,1.0,1,0.16740324,1,0-10
17.0,276.0,0.0,1,0.17304549,1,0-10
18.0,165.0,30.0,1,0.06849312,1,20-30
18.0,166.0,29.0,1,0.06992589,1,20-30
18.0,167.0,28.0,1,0.0715644,1,20-30
18.0,168.0,27.0,1,0.07179193,1,20-30
18.0,169.0,26.0,1,0.073170416,1,20-30
18.0,170.0,25.0,1,0.074263416,1,20-30
18.0,171.0,24.0,1,0.07515123,1,20-30
18.0,172.0,23.0,1,0.07695457,1,20-30
18.0,173.0,22.0,1,0.07769452,1,20-30
18.0,174.0,21.0,1,0.07920902,1,20-30
18.0,175.0,20.0,1,0.08085725,1,10-20
18.0,176.0,19.0,1,0.08197293,1,10-20
18.0,177.0,18.0,1,0.083810724,1,10-20
18.0,178.0,17.0,1,0.08621643,1,10-20
18.0,179.0,16.0,1,0.08771729,1,10-20
18.0,180.0,15.0,1,0.089556165,1,10-20
18.0,181.0,14.0,1,0.09336945,1,10-20
18.0,182.0,13.0,1,0.09570614,1,10-20
18.0,183.0,12.0,1,0.09877785,1,10-20
18.0,184.0,11.0,1,0.10226525,1,10-20
18.0,185.0,10.0,1,0.1043261,1,0-10
18.0,186.0,9.0,1,0.10847577,1,0-10
18.0,187.0,8.0,1,0.11273094,1,0-10
18.0,188.0,7.0,1,0.11594971,1,0-10
18.0,189.0,6.0,1,0.11972518,1,0-10
18.0,190.0,5.0,1,0.12470448,1,0-10
18.0,191.0,4.0,1,0.12957606,1,0-10
18.0,192.0,3.0,1,0.13591547,1,0-10
18.0,193.0,2.0,1,0.14220917,1,0-10
18.0,194.0,1.0,1,0.14874017,1,0-10
18.0,195.0,0.0,1,0.15674497,1,0-10
19.0,128.0,30.0,1,0.06748901,1,20-30
19.0,129.0,29.0,1,0.06882558,1,20-30
19.0,130.0,28.0,1,0.07029257,1,20-30
19.0,131.0,27.0,1,0.07073553,1,20-30
19.0,132.0,26.0,1,0.07236572,1,20-30
19.0,133.0,25.0,1,0.07380439,1,20-30
19.0,134.0,24.0,1,0.07593726,1,20-30
19.0,135.0,23.0,1,0.07750669,1,20-30
19.0,136.0,22.0,1,0.07905782,1,20-30
19.0,137.0,21.0,1,0.081275776,1,20-30
19.0,138.0,20.0,1,0.08364917,1,10-20
19.0,139.0,19.0,1,0.08719006,1,10-20
19.0,140.0,18.0,1,0.089371815,1,10-20
19.0,141.0,17.0,1,0.090466626,1,10-20
19.0,142.0,16.0,1,0.09084589,1,10-20
19.0,143.0,15.0,1,0.09276897,1,10-20
19.0,144.0,14.0,1,0.09423501,1,10-20
19.0,145.0,13.0,1,0.09598223,1,10-20
19.0,146.0,12.0,1,0.09974289,1,10-20
19.0,147.0,11.0,1,0.10348535,1,10-20
19.0,148.0,10.0,1,0.10638942,1,0-10
19.0,149.0,9.0,1,0.11006033,1,0-10
19.0,150.0,8.0,1,0.112933084,1,0-10
19.0,151.0,7.0,1,0.1159728,1,0-10
19.0,152.0,6.0,1,0.11813469,1,0-10
19.0,153.0,5.0,1,0.120333135,1,0-10
19.0,154.0,4.0,1,0.12384093,1,0-10
19.0,155.0,3.0,1,0.12686323,1,0-10
19.0,156.0,2.0,1,0.1310196,1,0-10
19.0,157.0,1.0,1,0.1346829,1,0-10
19.0,158.0,0.0,1,0.13854201,1,0-10
20.0,204.0,30.0,1,0.082801364,1,20-30
20.0,205.0,29.0,1,0.08453236,1,20-30
20.0,206.0,28.0,1,0.08585975,1,20-30
20.0,207.0,27.0,1,0.087568805,1,20-30
20.0,208.0,26.0,1,0.08958747,1,20-30
20.0,209.0,25.0,1,0.09073534,1,20-30
20.0,210.0,24.0,1,0.09260975,1,20-30
20.0,211.0,23.0,1,0.09505488,1,20-30
20.0,212.0,22.0,1,0.0967785,1,20-30
20.0,213.0,21.0,1,0.09937451,1,20-30
20.0,214.0,20.0,1,0.10243194,1,10-20
20.0,215.0,19.0,1,0.10499585,1,10-20
20.0,216.0,18.0,1,0.107334174,1,10-20
20.0,217.0,17.0,1,0.11036406,1,10-20
20.0,218.0,16.0,1,0.11214008,1,10-20
20.0,219.0,15.0,1,0.11515944,1,10-20
20.0,220.0,14.0,1,0.11719635,1,10-20
20.0,221.0,13.0,1,0.119293,1,10-20
20.0,222.0,12.0,1,0.120705426,1,10-20
20.0,223.0,11.0,1,0.12331038,1,10-20
20.0,224.0,10.0,1,0.12480944,1,0-10
20.0,225.0,9.0,1,0.12767823,1,0-10
20.0,226.0,8.0,1,0.12942885,1,0-10
20.0,227.0,7.0,1,0.13251969,1,0-10
20.0,228.0,6.0,1,0.13463335,1,0-10
20.0,229.0,5.0,1,0.13741389,1,0-10
20.0,230.0,4.0,1,0.14059603,1,0-10
20.0,231.0,3.0,1,0.14332956,1,0-10
20.0,232.0,2.0,1,0.1481167,1,0-10
20.0,233.0,1.0,1,0.15110713,1,0-10
20.0,234.0,0.0,1,0.1532949,1,0-10
21.0,165.0,30.0,1,0.058841225,1,20-30
21.0,166.0,29.0,1,0.060288306,1,20-30
21.0,167.0,28.0,1,0.061762128,1,20-30
21.0,168.0,27.0,1,0.063903876,1,20-30
21.0,169.0,26.0,1,0.065302536,1,20-30
21.0,170.0,25.0,1,0.06688867,1,20-30
21.0,171.0,24.0,1,0.06809067,1,20-30
21.0,172.0,23.0,1,0.07062049,1,20-30
21.0,173.0,22.0,1,0.07144484,1,20-30
21.0,174.0,21.0,1,0.073173404,1,20-30
21.0,175.0,20.0,1,0.07553067,1,10-20
21.0,176.0,19.0,1,0.07699715,1,10-20
21.0,177.0,18.0,1,0.077936634,1,10-20
21.0,178.0,17.0,1,0.08090263,1,10-20
21.0,179.0,16.0,1,0.082740806,1,10-20
21.0,180.0,15.0,1,0.08514115,1,10-20
21.0,181.0,14.0,1,0.08833383,1,10-20
21.0,182.0,13.0,1,0.09275847,1,10-20
21.0,183.0,12.0,1,0.09496888,1,10-20
21.0,184.0,11.0,1,0.09932415,1,10-20
21.0,185.0,10.0,1,0.10283512,1,0-10
21.0,186.0,9.0,1,0.1057656,1,0-10
21.0,187.0,8.0,1,0.10967347,1,0-10
21.0,188.0,7.0,1,0.11410663,1,0-10
21.0,189.0,6.0,1,0.117332324,1,0-10
21.0,190.0,5.0,1,0.12171399,1,0-10
21.0,191.0,4.0,1,0.12604487,1,0-10
21.0,192.0,3.0,1,0.13127801,1,0-10
21.0,193.0,2.0,1,0.13752384,1,0-10
21.0,194.0,1.0,1,0.14323212,1,0-10
21.0,195.0,0.0,1,0.1491059,1,0-10
22.0,172.0,30.0,1,0.081659116,1,20-30
22.0,173.0,29.0,1,0.082312524,1,20-30
22.0,174.0,28.0,1,0.08457362,1,20-30
22.0,175.0,27.0,1,0.08660653,1,20-30
22.0,176.0,26.0,1,0.08712171,1,20-30
22.0,177.0,25.0,1,0.08799467,1,20-30
22.0,178.0,24.0,1,0.0906662,1,20-30
22.0,179.0,23.0,1,0.092664085,1,20-30
22.0,180.0,22.0,1,0.095041014,1,20-30
22.0,181.0,21.0,1,0.09676211,1,20-30
22.0,182.0,20.0,1,0.09817191,1,10-20
22.0,183.0,19.0,1,0.10076997,1,10-20
22.0,184.0,18.0,1,0.102323875,1,10-20
22.0,185.0,17.0,1,0.104048446,1,10-20
22.0,186.0,16.0,1,0.10501445,1,10-20
22.0,187.0,15.0,1,0.108175874,1,10-20
22.0,188.0,14.0,1,0.11151299,1,10-20
22.0,189.0,13.0,1,0.11389896,1,10-20
22.0,190.0,12.0,1,0.115703724,1,10-20
22.0,191.0,11.0,1,0.11857068,1,10-20
22.0,192.0,10.0,1,0.12159272,1,0-10
22.0,193.0,9.0,1,0.12543291,1,0-10
22.0,194.0,8.0,1,0.12847786,1,0-10
22.0,195.0,7.0,1,0.13208485,1,0-10
22.0,196.0,6.0,1,0.13418923,1,0-10
22.0,197.0,5.0,1,0.13786522,1,0-10
22.0,198.0,4.0,1,0.13991672,1,0-10
22.0,199.0,3.0,1,0.14305644,1,0-10
22.0,200.0,2.0,1,0.14491206,1,0-10
22.0,201.0,1.0,1,0.14672406,1,0-10
22.0,202.0,0.0,1,0.15123673,1,0-10
23.0,138.0,30.0,1,0.06084815,1,20-30
23.0,139.0,29.0,1,0.062756814,1,20-30
23.0,140.0,28.0,1,0.064030044,1,20-30
23.0,141.0,27.0,1,0.065113984,1,20-30
23.0,142.0,26.0,1,0.06662765,1,20-30
23.0,143.0,25.0,1,0.06771576,1,20-30
23.0,144.0,24.0,1,0.06812008,1,20-30
23.0,145.0,23.0,1,0.069332436,1,20-30
23.0,146.0,22.0,1,0.07087973,1,20-30
23.0,147.0,21.0,1,0.071660854,1,20-30
23.0,148.0,20.0,1,0.07371974,1,10-20
23.0,149.0,19.0,1,0.07589161,1,10-20
23.0,150.0,18.0,1,0.07776947,1,10-20
23.0,151.0,17.0,1,0.0810249,1,10-20
23.0,152.0,16.0,1,0.08335364,1,10-20
23.0,153.0,15.0,1,0.08626494,1,10-20
23.0,154.0,14.0,1,0.088650174,1,10-20
23.0,155.0,13.0,1,0.09037557,1,10-20
23.0,156.0,12.0,1,0.09166217,1,10-20
23.0,157.0,11.0,1,0.0954402,1,10-20
23.0,158.0,10.0,1,0.098280065,1,0-10
23.0,159.0,9.0,1,0.10155813,1,0-10
23.0,160.0,8.0,1,0.104216665,1,0-10
23.0,161.0,7.0,1,0.10710603,1,0-10
23.0,162.0,6.0,1,0.11036694,1,0-10
23.0,163.0,5.0,1,0.11329073,1,0-10
23.0,164.0,4.0,1,0.11785586,1,0-10
23.0,165.0,3.0,1,0.12100803,1,0-10
23.0,166.0,2.0,1,0.12434851,1,0-10
23.0,167.0,1.0,1,0.12894018,1,0-10
23.0,168.0,0.0,1,0.13284016,1,0-10
24.0,117.0,30.0,1,0.050582405,0,20-30
24.0,118.0,29.0,1,0.050518572,0,20-30
24.0,119.0,28.0,1,0.049082264,0,20-30
24.0,120.0,27.0,1,0.049731072,0,20-30
24.0,121.0,26.0,1,0.050676797,0,20-30
24.0,122.0,25.0,1,0.051104657,0,20-30
24.0,123.0,24.0,1,0.051577795,0,20-30
24.0,124.0,23.0,1,0.05151476,0,20-30
24.0,125.0,22.0,1,0.052102517,0,20-30
24.0,126.0,21.0,1,0.05273831,0,20-30
24.0,127.0,20.0,1,0.05399767,0,10-20
24.0,128.0,19.0,1,0.054851823,0,10-20
24.0,129.0,18.0,1,0.055111974,0,10-20
24.0,130.0,17.0,1,0.055989314,0,10-20
24.0,131.0,16.0,1,0.05686371,0,10-20
24.0,132.0,15.0,1,0.05787701,1,10-20
24.0,133.0,14.0,1,0.060646787,1,10-20
24.0,134.0,13.0,1,0.06316314,1,10-20
24.0,135.0,12.0,1,0.064986505,1,10-20
24.0,136.0,11.0,1,0.06848097,1,10-20
24.0,137.0,10.0,1,0.07053309,1,0-10
24.0,138.0,9.0,1,0.0723929,1,0-10
24.0,139.0,8.0,1,0.07572764,1,0-10
24.0,140.0,7.0,1,0.07866034,1,0-10
24.0,141.0,6.0,1,0.0818979,1,0-10
24.0,142.0,5.0,1,0.08585818,1,0-10
24.0,143.0,4.0,1,0.089483455,1,0-10
24.0,144.0,3.0,1,0.09405681,1,0-10
24.0,145.0,2.0,1,0.09909142,1,0-10
24.0,146.0,1.0,1,0.104414694,1,0-10
24.0,147.0,0.0,1,0.10914987,1,0-10
25.0,200.0,30.0,1,0.07772947,1,20-30
25.0,201.0,29.0,1,0.080229074,1,20-30
25.0,202.0,28.0,1,0.082832456,1,20-30
25.0,203.0,27.0,1,0.08558095,1,20-30
25.0,204.0,26.0,1,0.08813221,1,20-30
25.0,205.0,25.0,1,0.08990297,1,20-30
25.0,206.0,24.0,1,0.092120595,1,20-30
25.0,207.0,23.0,1,0.09426319,1,20-30
25.0,208.0,22.0,1,0.09625475,1,20-30
25.0,209.0,21.0,1,0.09789304,1,20-30
25.0,210.0,20.0,1,0.10070547,1,10-20
25.0,211.0,19.0,1,0.10381228,1,10-20
25.0,212.0,18.0,1,0.107603304,1,10-20
25.0,213.0,17.0,1,0.1110257,1,10-20
25.0,214.0,16.0,1,0.11373894,1,10-20
25.0,215.0,15.0,1,0.116237134,1,10-20
25.0,216.0,14.0,1,0.119930334,1,10-20
25.0,217.0,13.0,1,0.123047434,1,10-20
25.0,218.0,12.0,1,0.12699093,1,10-20
25.0,219.0,11.0,1,0.13012922,1,10-20
25.0,220.0,10.0,1,0.13377404,1,0-10
25.0,221.0,9.0,1,0.13720962,1,0-10
25.0,222.0,8.0,1,0.14058353,1,0-10
25.0,223.0,7.0,1,0.14456347,1,0-10
25.0,224.0,6.0,1,0.14853124,1,0-10
25.0,225.0,5.0,1,0.15236118,1,0-10
25.0,226.0,4.0,1,0.15507138,1,0-10
25.0,227.0,3.0,1,0.1607214,1,0-10
25.0,228.0,2.0,1,0.16573602,1,0-10
25.0,229.0,1.0,1,0.16993615,1,0-10
25.0,230.0,0.0,1,0.17429715,1,0-10
26.0,169.0,30.0,1,0.07081885,1,20-30
26.0,170.0,29.0,1,0.073042184,1,20-30
26.0,171.0,28.0,1,0.07483899,1,20-30
26.0,172.0,27.0,1,0.076575376,1,20-30
26.0,173.0,26.0,1,0.078578204,1,20-30
26.0,174.0,25.0,1,0.08057074,1,20-30
26.0,175.0,24.0,1,0.08256005,1,20-30
26.0,176.0,23.0,1,0.08412937,1,20-30
26.0,177.0,22.0,1,0.0871291,1,20-30
26.0,178.0,21.0,1,0.08865854,1,20-30
26.0,179.0,20.0,1,0.09167927,1,10-20
26.0,180.0,19.0,1,0.093477085,1,10-20
26.0,181.0,18.0,1,0.09592884,1,10-20
26.0,182.0,17.0,1,0.09843162,1,10-20
26.0,183.0,16.0,1,0.10248091,1,10-20
26.0,184.0,15.0,1,0.10492307,1,10-20
26.0,185.0,14.0,1,0.10776819,1,10-20
26.0,186.0,13.0,1,0.11087152,1,10-20
26.0,187.0,12.0,1,0.114328675,1,10-20
26.0,188.0,11.0,1,0.118724555,1,10-20
26.0,189.0,10.0,1,0.12135942,1,0-10
26.0,190.0,9.0,1,0.12459568,1,0-10
26.0,191.0,8.0,1,0.12861913,1,0-10
26.0,192.0,7.0,1,0.13189515,1,0-10
26.0,193.0,6.0,1,0.13626204,1,0-10
26.0,194.0,5.0,1,0.14060512,1,0-10
26.0,195.0,4.0,1,0.14436246,1,0-10
26.0,196.0,3.0,1,0.14770938,1,0-10
26.0,197.0,2.0,1,0.15239471,1,0-10
26.0,198.0,1.0,1,0.15645164,1,0-10
26.0,199.0,0.0,1,0.16247225,1,0-10
27.0,126.0,30.0,1,0.057745066,0,20-30
27.0,127.0,29.0,1,0.05753751,0,20-30
27.0,128.0,28.0,1,0.057978712,1,20-30
27.0,129.0,27.0,1,0.058289543,1,20-30
27.0,130.0,26.0,1,0.059047267,1,20-30
27.0,131.0,25.0,1,0.06135351,1,20-30
27.0,132.0,24.0,1,0.06230486,1,20-30
27.0,133.0,23.0,1,0.063060425,1,20-30
27.0,134.0,22.0,1,0.06519708,1,20-30
27.0,135.0,21.0,1,0.0665929,1,20-30
27.0,136.0,20.0,1,0.06838099,1,10-20
27.0,137.0,19.0,1,0.070849724,1,10-20
27.0,138.0,18.0,1,0.07492191,1,10-20
27.0,139.0,17.0,1,0.076621436,1,10-20
27.0,140.0,16.0,1,0.079070896,1,10-20
27.0,141.0,15.0,1,0.08164292,1,10-20
27.0,142.0,14.0,1,0.08258355,1,10-20
27.0,143.0,13.0,1,0.085646726,1,10-20
27.0,144.0,12.0,1,0.089614704,1,10-20
27.0,145.0,11.0,1,0.09329387,1,10-20
27.0,146.0,10.0,1,0.09738951,1,0-10
27.0,147.0,9.0,1,0.10187928,1,0-10
27.0,148.0,8.0,1,0.10595407,1,0-10
27.0,149.0,7.0,1,0.10938421,1,0-10
27.0,150.0,6.0,1,0.11328764,1,0-10
27.0,151.0,5.0,1,0.11848384,1,0-10
27.0,152.0,4.0,1,0.12341782,1,0-10
27.0,153.0,3.0,1,0.1276353,1,0-10
27.0,154.0,2.0,1,0.13326024,1,0-10
27.0,155.0,1.0,1,0.13881657,1,0-10
27.0,156.0,0.0,1,0.14421305,1,0-10
28.0,135.0,30.0,1,0.05190831,0,20-30
28.0,136.0,29.0,1,0.052613065,0,20-30
28.0,137.0,28.0,1,0.05374729,0,20-30
28.0,138.0,27.0,1,0.05365658,0,20-30
28.0,139.0,26.0,1,0.054108888,0,20-30
28.0,140.0,25.0,1,0.054055113,0,20-30
28.0,141.0,24.0,1,0.05380501,0,20-30
28.0,142.0,23.0,1,0.05545751,0,20-30
28.0,143.0,22.0,1,0.055860877,0,20-30
28.0,144.0,21.0,1,0.055757023,0,20-30
28.0,145.0,20.0,1,0.05717903,0,10-20
28.0,146.0,19.0,1,0.057585627,0,10-20
28.0,147.0,18.0,1,0.05807224,1,10-20
28.0,148.0,17.0,1,0.060411353,1,10-20
28.0,149.0,16.0,1,0.06202201,1,10-20
28.0,150.0,15.0,1,0.063752465,1,10-20
28.0,151.0,14.0,1,0.06526113,1,10-20
28.0,152.0,13.0,1,0.06621826,1,10-20
28.0,153.0,12.0,1,0.06816463,1,10-20
28.0,154.0,11.0,1,0.06948745,1,10-20
28.0,155.0,10.0,1,0.07179451,1,0-10
28.0,156.0,9.0,1,0.0735673,1,0-10
28.0,157.0,8.0,1,0.07632902,1,0-10
28.0,158.0,7.0,1,0.07960878,1,0-10
28.0,159.0,6.0,1,0.08441702,1,0-10
28.0,160.0,5.0,1,0.08830787,1,0-10
28.0,161.0,4.0,1,0.091770686,1,0-10
28.0,162.0,3.0,1,0.09703505,1,0-10
28.0,163.0,2.0,1,0.101278864,1,0-10
28.0,164.0,1.0,1,0.105890125,1,0-10
28.0,165.0,0.0,1,0.111133344,1,0-10
29.0,133.0,30.0,1,0.055376943,0,20-30
29.0,134.0,29.0,1,0.055663694,0,20-30
29.0,135.0,28.0,1,0.056241743,0,20-30
29.0,136.0,27.0,1,0.056380566,0,20-30
29.0,137.0,26.0,1,0.056848615,0,20-30
29.0,138.0,25.0,1,0.058182757,1,20-30
29.0,139.0,24.0,1,0.05971953,1,20-30
29.0,140.0,23.0,1,0.059448082,1,20-30
29.0,141.0,22.0,1,0.06042513,1,20-30
29.0,142.0,21.0,1,0.062020853,1,20-30
29.0,143.0,20.0,1,0.06313769,1,10-20
29.0,144.0,19.0,1,0.06460968,1,10-20
29.0,145.0,18.0,1,0.06676147,1,10-20
29.0,146.0,17.0,1,0.06824628,1,10-20
29.0,147.0,16.0,1,0.07036551,1,10-20
29.0,148.0,15.0,1,0.07253111,1,10-20
29.0,149.0,14.0,1,0.07493282,1,10-20
29.0,150.0,13.0,1,0.07864138,1,10-20
29.0,151.0,12.0,1,0.08135024,1,10-20
29.0,152.0,11.0,1,0.08461414,1,10-20
29.0,153.0,10.0,1,0.08687344,1,0-10
29.0,154.0,9.0,1,0.09028605,1,0-10
29.0,155.0,8.0,1,0.093045264,1,0-10
29.0,156.0,7.0,1,0.09626834,1,0-10
29.0,157.0,6.0,1,0.09946339,1,0-10
29.0,158.0,5.0,1,0.10391109,1,0-10
29.0,159.0,4.0,1,0.109075814,1,0-10
29.0,160.0,3.0,1,0.113145724,1,0-10
29.0,161.0,2.0,1,0.11691012,1,0-10
29.0,162.0,1.0,1,0.12117428,1,0-10
29.0,163.0,0.0,1,0.12591158,1,0-10
30.0,164.0,30.0,1,0.052718088,0,20-30
30.0,165.0,29.0,1,0.052245595,0,20-30
30.0,166.0,28.0,1,0.052138004,0,20-30
30.0,167.0,27.0,1,0.051617123,0,20-30
30.0,168.0,26.0,1,0.052760787,0,20-30
30.0,169.0,25.0,1,0.0538666,0,20-30
30.0,170.0,24.0,1,0.053456396,0,20-30
30.0,171.0,23.0,1,0.05364855,0,20-30
30.0,172.0,22.0,1,0.05375914,0,20-30
30.0,173.0,21.0,1,0.054662473,0,20-30
30.0,174.0,20.0,1,0.055686843,0,10-20
30.0,175.0,19.0,1,0.05704833,0,10-20
30.0,176.0,18.0,1,0.058489382,1,10-20
30.0,177.0,17.0,1,0.059147105,1,10-20
30.0,178.0,16.0,1,0.059989467,1,10-20
30.0,179.0,15.0,1,0.06036752,1,10-20
30.0,180.0,14.0,1,0.061770964,1,10-20
30.0,181.0,13.0,1,0.063412115,1,10-20
30.0,182.0,12.0,1,0.06622433,1,10-20
30.0,183.0,11.0,1,0.06843763,1,10-20
30.0,184.0,10.0,1,0.07166738,1,0-10
30.0,185.0,9.0,1,0.073480755,1,0-10
30.0,186.0,8.0,1,0.07510424,1,0-10
30.0,187.0,7.0,1,0.07845256,1,0-10
30.0,188.0,6.0,1,0.08181138,1,0-10
30.0,189.0,5.0,1,0.08565267,1,0-10
30.0,190.0,4.0,1,0.088507526,1,0-10
30.0,191.0,3.0,1,0.09269652,1,0-10
30.0,192.0,2.0,1,0.096871324,1,0-10
30.0,193.0,1.0,1,0.100971594,1,0-10
30.0,194.0,0.0,1,0.10614941,1,0-10
31.0,204.0,30.0,1,0.054877475,0,20-30
31.0,205.0,29.0,1,0.056043953,0,20-30
31.0,206.0,28.0,1,0.056697786,0,20-30
31.0,207.0,27.0,1,0.057116434,0,20-30
31.0,208.0,26.0,1,0.057668474,0,20-30
31.0,209.0,25.0,1,0.057768725,0,20-30
31.0,210.0,24.0,1,0.0591335,1,20-30
31.0,211.0,23.0,1,0.061879173,1,20-30
31.0,212.0,22.0,1,0.063014075,1,20-30
31.0,213.0,21.0,1,0.06372824,1,20-30
31.0,214.0,20.0,1,0.06561911,1,10-20
31.0,215.0,19.0,1,0.06782529,1,10-20
31.0,216.0,18.0,1,0.06871658,1,10-20
31.0,217.0,17.0,1,0.07006864,1,10-20
31.0,218.0,16.0,1,0.071866475,1,10-20
31.0,219.0,15.0,1,0.07428484,1,10-20
31.0,220.0,14.0,1,0.0761656,1,10-20
31.0,221.0,13.0,1,0.080147535,1,10-20
31.0,222.0,12.0,1,0.08229872,1,10-20
31.0,223.0,11.0,1,0.08564814,1,10-20
31.0,224.0,10.0,1,0.08867285,1,0-10
31.0,225.0,9.0,1,0.09140261,1,0-10
31.0,226.0,8.0,1,0.09468001,1,0-10
31.0,227.0,7.0,1,0.09881011,1,0-10
31.0,228.0,6.0,1,0.10107212,1,0-10
31.0,229.0,5.0,1,0.10609731,1,0-10
31.0,230.0,4.0,1,0.10959232,1,0-10
31.0,231.0,3.0,1,0.113534495,1,0-10
31.0,232.0,2.0,1,0.118534416,1,0-10
31.0,233.0,1.0,1,0.12127093,1,0-10
31.0,234.0,0.0,1,0.12554581,1,0-10
32.0,161.0,30.0,1,0.08021447,1,20-30
32.0,162.0,29.0,1,0.081976086,1,20-30
32.0,163.0,28.0,1,0.08432122,1,20-30
32.0,164.0,27.0,1,0.08580384,1,20-30
32.0,165.0,26.0,1,0.08749843,1,20-30
32.0,166.0,25.0,1,0.089255825,1,20-30
32.0,167.0,24.0,1,0.09296355,1,20-30
32.0,168.0,23.0,1,0.095109254,1,20-30
32.0,169.0,22.0,1,0.098135054,1,20-30
32.0,170.0,21.0,1,0.09970723,1,20-30
32.0,171.0,20.0,1,0.10118361,1,10-20
32.0,172.0,19.0,1,0.10281165,1,10-20
32.0,173.0,18.0,1,0.10606663,1,10-20
32.0,174.0,17.0,1,0.1100307,1,10-20
32.0,175.0,16.0,1,0.11119342,1,10-20
32.0,176.0,15.0,1,0.11337665,1,10-20
32.0,177.0,14.0,1,0.117215805,1,10-20
32.0,178.0,13.0,1,0.12098355,1,10-20
32.0,179.0,12.0,1,0.12495778,1,10-20
32.0,180.0,11.0,1,0.12850824,1,10-20
32.0,181.0,10.0,1,0.13259332,1,0-10
32.0,182.0,9.0,1,0.13485423,1,0-10
32.0,183.0,8.0,1,0.13623776,1,0-10
32.0,184.0,7.0,1,0.1380742,1,0-10
32.0,185.0,6.0,1,0.14199251,1,0-10
32.0,186.0,5.0,1,0.14573541,1,0-10
32.0,187.0,4.0,1,0.14958805,1,0-10
32.0,188.0,3.0,1,0.15197317,1,0-10
32.0,189.0,2.0,1,0.15350568,1,0-10
32.0,190.0,1.0,1,0.15803178,1,0-10
32.0,191.0,0.0,1,0.1606462,1,0-10
33.0,170.0,30.0,1,0.05669181,0,20-30
33.0,171.0,29.0,1,0.0563395,0,20-30
33.0,172.0,28.0,1,0.05570364,0,20-30
33.0,173.0,27.0,1,0.055545207,0,20-30
33.0,174.0,26.0,1,0.05410526,0,20-30
33.0,175.0,25.0,1,0.055081263,0,20-30
33.0,176.0,24.0,1,0.055930633,0,20-30
33.0,177.0,23.0,1,0.05660341,0,20-30
33.0,178.0,22.0,1,0.056719057,0,20-30
33.0,179.0,21.0,1,0.056945965,0,20-30
33.0,180.0,20.0,1,0.05696748,0,10-20
33.0,181.0,19.0,1,0.057991147,1,10-20
33.0,182.0,18.0,1,0.05815193,1,10-20
33.0,183.0,17.0,1,0.059547443,1,10-20
33.0,184.0,16.0,1,0.060063742,1,10-20
33.0,185.0,15.0,1,0.06091179,1,10-20
33.0,186.0,14.0,1,0.062530294,1,10-20
33.0,187.0,13.0,1,0.06446297,1,10-20
33.0,188.0,12.0,1,0.06583726,1,10-20
33.0,189.0,11.0,1,0.06727548,1,10-20
33.0,190.0,10.0,1,0.07098923,1,0-10
33.0,191.0,9.0,1,0.07330218,1,0-10
33.0,192.0,8.0,1,0.07584821,1,0-10
33.0,193.0,7.0,1,0.07873427,1,0-10
33.0,194.0,6.0,1,0.08243041,1,0-10
33.0,195.0,5.0,1,0.08573151,1,0-10
33.0,196.0,4.0,1,0.090164974,1,0-10
33.0,197.0,3.0,1,0.09379556,1,0-10
33.0,198.0,2.0,1,0.098806225,1,0-10
33.0,199.0,1.0,1,0.104472086,1,0-10
33.0,200.0,0.0,1,0.10964064,1,0-10
34.0,165.0,30.0,1,0.066165015,1,20-30
34.0,166.0,29.0,1,0.06737367,1,20-30
34.0,167.0,28.0,1,0.06909969,1,20-30
34.0,168.0,27.0,1,0.07079691,1,20-30
34.0,169.0,26.0,1,0.07190414,1,20-30
34.0,170.0,25.0,1,0.072819814,1,20-30
34.0,171.0,24.0,1,0.07394172,1,20-30
34.0,172.0,23.0,1,0.075751364,1,20-30
34.0,173.0,22.0,1,0.07852449,1,20-30
34.0,174.0,21.0,1,0.079823405,1,20-30
34.0,175.0,20.0,1,0.08183263,1,10-20
34.0,176.0,19.0,1,0.08407573,1,10-20
34.0,177.0,18.0,1,0.086490765,1,10-20
34.0,178.0,17.0,1,0.08921741,1,10-20
34.0,179.0,16.0,1,0.092622936,1,10-20
34.0,180.0,15.0,1,0.09462014,1,10-20
34.0,181.0,14.0,1,0.09652956,1,10-20
34.0,182.0,13.0,1,0.10025347,1,10-20
34.0,183.0,12.0,1,0.10370156,1,10-20
34.0,184.0,11.0,1,0.10635037,1,10-20
34.0,185.0,10.0,1,0.11019541,1,0-10
34.0,186.0,9.0,1,0.11485822,1,0-10
34.0,187.0,8.0,1,0.11955892,1,0-10
34.0,188.0,7.0,1,0.12301799,1,0-10
34.0,189.0,6.0,1,0.12641415,1,0-10
34.0,190.0,5.0,1,0.13058782,1,0-10
34.0,191.0,4.0,1,0.13666089,1,0-10
34.0,192.0,3.0,1,0.1422443,1,0-10
34.0,193.0,2.0,1,0.14760512,1,0-10
34.0,194.0,1.0,1,0.15216242,1,0-10
34.0,195.0,0.0,1,0.1567627,1,0-10
35.0,151.0,30.0,1,0.055361405,0,20-30
35.0,152.0,29.0,1,0.056947026,0,20-30
35.0,153.0,28.0,1,0.057665233,0,20-30
35.0,154.0,27.0,1,0.058774855,1,20-30
35.0,155.0,26.0,1,0.060970757,1,20-30
35.0,156.0,25.0,1,0.06258485,1,20-30
35.0,157.0,24.0,1,0.06444093,1,20-30
35.0,158.0,23.0,1,0.06679931,1,20-30
35.0,159.0,22.0,1,0.0698103,1,20-30
35.0,160.0,21.0,1,0.07119534,1,20-30
35.0,161.0,20.0,1,0.07346585,1,10-20
35.0,162.0,19.0,1,0.07416655,1,10-20
35.0,163.0,18.0,1,0.07651557,1,10-20
35.0,164.0,17.0,1,0.07985778,1,10-20
35.0,165.0,16.0,1,0.08266168,1,10-20
35.0,166.0,15.0,1,0.085577995,1,10-20
35.0,167.0,14.0,1,0.08903987,1,10-20
35.0,168.0,13.0,1,0.091414474,1,10-20
35.0,169.0,12.0,1,0.094021395,1,10-20
35.0,170.0,11.0,1,0.09711387,1,10-20
35.0,171.0,10.0,1,0.10087257,1,0-10
35.0,172.0,9.0,1,0.105095096,1,0-10
35.0,173.0,8.0,1,0.1084685,1,0-10
35.0,174.0,7.0,1,0.113224424,1,0-10
35.0,175.0,6.0,1,0.11750565,1,0-10
35.0,176.0,5.0,1,0.1223462,1,0-10
35.0,177.0,4.0,1,0.1269044,1,0-10
35.0,178.0,3.0,1,0.1308164,1,0-10
35.0,179.0,2.0,1,0.1353468,1,0-10
35.0,180.0,1.0,1,0.13940394,1,0-10
35.0,181.0,0.0,1,0.14439915,1,0-10
36.0,128.0,30.0,1,0.05975404,1,20-30
36.0,129.0,29.0,1,0.060845017,1,20-30
36.0,130.0,28.0,1,0.061603412,1,20-30
36.0,131.0,27.0,1,0.06362311,1,20-30
36.0,132.0,26.0,1,0.064787984,1,20-30
36.0,133.0,25.0,1,0.066461235,1,20-30
36.0,134.0,24.0,1,0.0693766,1,20-30
36.0,135.0,23.0,1,0.07130847,1,20-30
36.0,136.0,22.0,1,0.072971925,1,20-30
36.0,137.0,21.0,1,0.07491201,1,20-30
36.0,138.0,20.0,1,0.0777661,1,10-20
36.0,139.0,19.0,1,0.079097345,1,10-20
36.0,140.0,18.0,1,0.082025886,1,10-20
36.0,141.0,17.0,1,0.08394652,1,10-20
36.0,142.0,16.0,1,0.08396996,1,10-20
36.0,143.0,15.0,1,0.08515413,1,10-20
36.0,144.0,14.0,1,0.08774255,1,10-20
36.0,145.0,13.0,1,0.09064562,1,10-20
36.0,146.0,12.0,1,0.092865035,1,10-20
36.0,147.0,11.0,1,0.09650013,1,10-20
36.0,148.0,10.0,1,0.09926206,1,0-10
36.0,149.0,9.0,1,0.10235461,1,0-10
36.0,150.0,8.0,1,0.10525389,1,0-10
36.0,151.0,7.0,1,0.10741742,1,0-10
36.0,152.0,6.0,1,0.110329375,1,0-10
36.0,153.0,5.0,1,0.11234757,1,0-10
36.0,154.0,4.0,1,0.11628967,1,0-10
36.0,155.0,3.0,1,0.119602405,1,0-10
36.0,156.0,2.0,1,0.12354202,1,0-10
36.0,157.0,1.0,1,0.12678829,1,0-10
36.0,158.0,0.0,1,0.13101093,1,0-10
37.0,140.0,30.0,1,0.056831367,0,20-30
37.0,141.0,29.0,1,0.057639543,0,20-30
37.0,142.0,28.0,1,0.05863591,1,20-30
37.0,143.0,27.0,1,0.060212456,1,20-30
37.0,144.0,26.0,1,0.061084226,1,20-30
37.0,145.0,25.0,1,0.062133435,1,20-30
37.0,146.0,24.0,1,0.063969634,1,20-30
37.0,147.0,23.0,1,0.06478579,1,20-30
37.0,148.0,22.0,1,0.065708466,1,20-30
37.0,149.0,21.0,1,0.06777452,1,20-30
37.0,150.0,20.0,1,0.06904837,1,10-20
37.0,151.0,19.0,1,0.07077679,1,10-20
37.0,152.0,18.0,1,0.07310258,1,10-20
37.0,153.0,17.0,1,0.07514277,1,10-20
37.0,154.0,16.0,1,0.07692698,1,10-20
37.0,155.0,15.0,1,0.079648286,1,10-20
37.0,156.0,14.0,1,0.08132497,1,10-20
37.0,157.0,13.0,1,0.08402061,1,10-20
37.0,158.0,12.0,1,0.0857654,1,10-20
37.0,159.0,11.0,1,0.08872918,1,10-20
37.0,160.0,10.0,1,0.090935804,1,0-10
37.0,161.0,9.0,1,0.09418377,1,0-10
37.0,162.0,8.0,1,0.0977885,1,0-10
37.0,163.0,7.0,1,0.10065949,1,0-10
37.0,164.0,6.0,1,0.10501827,1,0-10
37.0,165.0,5.0,1,0.107874334,1,0-10
37.0,166.0,4.0,1,0.11181025,1,0-10
37.0,167.0,3.0,1,0.11645422,1,0-10
37.0,168.0,2.0,1,0.1205148,1,0-10
37.0,169.0,1.0,1,0.12431873,1,0-10
37.0,170.0,0.0,1,0.12852496,1,0-10
38.0,164.0,30.0,1,0.07350549,1,20-30
38.0,165.0,29.0,1,0.07511825,1,20-30
38.0,166.0,28.0,1,0.077196196,1,20-30
38.0,167.0,27.0,1,0.07847654,1,20-30
38.0,168.0,26.0,1,0.07983003,1,20-30
38.0,169.0,25.0,1,0.08288195,1,20-30
38.0,170.0,24.0,1,0.08526308,1,20-30
38.0,171.0,23.0,1,0.08664478,1,20-30
38.0,172.0,22.0,1,0.087882064,1,20-30
38.0,173.0,21.0,1,0.08904783,1,20-30
38.0,174.0,20.0,1,0.09268474,1,10-20
38.0,175.0,19.0,1,0.094488665,1,10-20
38.0,176.0,18.0,1,0.09677283,1,10-20
38.0,177.0,17.0,1,0.098428346,1,10-20
38.0,178.0,16.0,1,0.10218819,1,10-20
38.0,179.0,15.0,1,0.105703175,1,10-20
38.0,180.0,14.0,1,0.10803977,1,10-20
38.0,181.0,13.0,1,0.11059062,1,10-20
38.0,182.0,12.0,1,0.11344147,1,10-20
38.0,183.0,11.0,1,0.11586034,1,10-20
38.0,184.0,10.0,1,0.11874804,1,0-10
38.0,185.0,9.0,1,0.12217871,1,0-10
38.0,186.0,8.0,1,0.12474953,1,0-10
38.0,187.0,7.0,1,0.12911183,1,0-10
38.0,188.0,6.0,1,0.1326275,1,0-10
38.0,189.0,5.0,1,0.13737525,1,0-10
38.0,190.0,4.0,1,0.14318825,1,0-10
38.0,191.0,3.0,1,0.14790149,1,0-10
38.0,192.0,2.0,1,0.1534113,1,0-10
38.0,193.0,1.0,1,0.15931301,1,0-10
38.0,194.0,0.0,1,0.16620968,1,0-10
39.0,98.0,30.0,1,0.051646966,0,20-30
39.0,99.0,29.0,1,0.0511875,0,20-30
39.0,100.0,28.0,1,0.05158133,0,20-30
39.0,101.0,27.0,1,0.051879957,0,20-30
39.0,102.0,26.0,1,0.052995972,0,20-30
39.0,103.0,25.0,1,0.053969692,0,20-30
39.0,104.0,24.0,1,0.054528546,0,20-30
39.0,105.0,23.0,1,0.05531569,0,20-30
39.0,106.0,22.0,1,0.05769397,0,20-30
39.0,107.0,21.0,1,0.058373082,1,20-30
39.0,108.0,20.0,1,0.058360927,1,10-20
39.0,109.0,19.0,1,0.060938697,1,10-20
39.0,110.0,18.0,1,0.06350996,1,10-20
39.0,111.0,17.0,1,0.06501929,1,10-20
39.0,112.0,16.0,1,0.06658132,1,10-20
39.0,113.0,15.0,1,0.06907602,1,10-20
39.0,114.0,14.0,1,0.071358785,1,10-20
39.0,115.0,13.0,1,0.0748723,1,10-20
39.0,116.0,12.0,1,0.078222394,1,10-20
39.0,117.0,11.0,1,0.08089885,1,10-20
39.0,118.0,10.0,1,0.085315645,1,0-10
39.0,119.0,9.0,1,0.08966514,1,0-10
39.0,120.0,8.0,1,0.093129985,1,0-10
39.0,121.0,7.0,1,0.09715922,1,0-10
39.0,122.0,6.0,1,0.09966137,1,0-10
39.0,123.0,5.0,1,0.103341855,1,0-10
39.0,124.0,4.0,1,0.10628644,1,0-10
39.0,125.0,3.0,1,0.11251663,1,0-10
39.0,126.0,2.0,1,0.11659215,1,0-10
39.0,127.0,1.0,1,0.12154148,1,0-10
39.0,128.0,0.0,1,0.12653178,1,0-10
40.0,158.0,30.0,1,0.086993955,1,20-30
40.0,159.0,29.0,1,0.08907168,1,20-30
40.0,160.0,28.0,1,0.090670176,1,20-30
40.0,161.0,27.0,1,0.09241226,1,20-30
40.0,162.0,26.0,1,0.09515369,1,20-30
40.0,163.0,25.0,1,0.09571981,1,20-30
40.0,164.0,24.0,1,0.0982153,1,20-30
40.0,165.0,23.0,1,0.099842,1,20-30
40.0,166.0,22.0,1,0.103238106,1,20-30
40.0,167.0,21.0,1,0.10625605,1,20-30
40.0,168.0,20.0,1,0.10878262,1,10-20
40.0,169.0,19.0,1,0.11291817,1,10-20
40.0,170.0,18.0,1,0.11482322,1,10-20
40.0,171.0,17.0,1,0.11722826,1,10-20
40.0,172.0,16.0,1,0.119975336,1,10-20
40.0,173.0,15.0,1,0.12326015,1,10-20
40.0,174.0,14.0,1,0.12600312,1,10-20
40.0,175.0,13.0,1,0.12849198,1,10-20
40.0,176.0,12.0,1,0.13205056,1,10-20
40.0,177.0,11.0,1,0.13587886,1,10-20
40.0,178.0,10.0,1,0.13887604,1,0-10
40.0,179.0,9.0,1,0.14273766,1,0-10
40.0,180.0,8.0,1,0.14679404,1,0-10
40.0,181.0,7.0,1,0.1506936,1,0-10
40.0,182.0,6.0,1,0.1555523,1,0-10
40.0,183.0,5.0,1,0.15959635,1,0-10
40.0,184.0,4.0,1,0.16241524,1,0-10
40.0,185.0,3.0,1,0.16606277,1,0-10
40.0,186.0,2.0,1,0.1700354,1,0-10
40.0,187.0,1.0,1,0.17431177,1,0-10
40.0,188.0,0.0,1,0.17905559,1,0-10
41.0,186.0,30.0,1,0.062091816,1,20-30
41.0,187.0,29.0,1,0.06327934,1,20-30
41.0,188.0,28.0,1,0.065811,1,20-30
41.0,189.0,27.0,1,0.068333834,1,20-30
41.0,190.0,26.0,1,0.0692216,1,20-30
41.0,191.0,25.0,1,0.071125254,1,20-30
41.0,192.0,24.0,1,0.072890215,1,20-30
41.0,193.0,23.0,1,0.07368086,1,20-30
41.0,194.0,22.0,1,0.07523783,1,20-30
41.0,195.0,21.0,1,0.07757372,1,20-30
41.0,196.0,20.0,1,0.07922203,1,10-20
41.0,197.0,19.0,1,0.08178255,1,10-20
41.0,198.0,18.0,1,0.08342991,1,10-20
41.0,199.0,17.0,1,0.08530155,1,10-20
41.0,200.0,16.0,1,0.08710215,1,10-20
41.0,201.0,15.0,1,0.08979584,1,10-20
41.0,202.0,14.0,1,0.09232185,1,10-20
41.0,203.0,13.0,1,0.09530375,1,10-20
41.0,204.0,12.0,1,0.097589165,1,10-20
41.0,205.0,11.0,1,0.10057156,1,10-20
41.0,206.0,10.0,1,0.10396098,1,0-10
41.0,207.0,9.0,1,0.107158914,1,0-10
41.0,208.0,8.0,1,0.11150966,1,0-10
41.0,209.0,7.0,1,0.11570943,1,0-10
41.0,210.0,6.0,1,0.120232716,1,0-10
41.0,211.0,5.0,1,0.12544858,1,0-10
41.0,212.0,4.0,1,0.13075167,1,0-10
41.0,213.0,3.0,1,0.13738988,1,0-10
41.0,214.0,2.0,1,0.14323497,1,0-10
41.0,215.0,1.0,1,0.14952904,1,0-10
41.0,216.0,0.0,1,0.15559511,1,0-10
42.0,166.0,30.0,1,0.05431999,0,20-30
42.0,167.0,29.0,1,0.05524131,0,20-30
42.0,168.0,28.0,1,0.056171156,0,20-30
42.0,169.0,27.0,1,0.057654154,0,20-30
42.0,170.0,26.0,1,0.058855336,1,20-30
42.0,171.0,25.0,1,0.06032175,1,20-30
42.0,172.0,24.0,1,0.06092226,1,20-30
42.0,173.0,23.0,1,0.06255784,1,20-30
42.0,174.0,22.0,1,0.06355372,1,20-30
42.0,175.0,21.0,1,0.064934276,1,20-30
42.0,176.0,20.0,1,0.06554772,1,10-20
42.0,177.0,19.0,1,0.06756996,1,10-20
42.0,178.0,18.0,1,0.07009928,1,10-20
42.0,179.0,17.0,1,0.07230332,1,10-20
42.0,180.0,16.0,1,0.073543265,1,10-20
42.0,181.0,15.0,1,0.077375375,1,10-20
42.0,182.0,14.0,1,0.07924705,1,10-20
42.0,183.0,13.0,1,0.08116722,1,10-20
42.0,184.0,12.0,1,0.08344788,1,10-20
42.0,185.0,11.0,1,0.085310385,1,10-20
42.0,186.0,10.0,1,0.08800403,1,0-10
42.0,187.0,9.0,1,0.09021856,1,0-10
42.0,188.0,8.0,1,0.092744686,1,0-10
42.0,189.0,7.0,1,0.09702286,1,0-10
42.0,190.0,6.0,1,0.100613706,1,0-10
42.0,191.0,5.0,1,0.104825236,1,0-10
42.0,192.0,4.0,1,0.10718031,1,0-10
42.0,193.0,3.0,1,0.11229493,1,0-10
42.0,194.0,2.0,1,0.11533509,1,0-10
42.0,195.0,1.0,1,0.11903806,1,0-10
42.0,196.0,0.0,1,0.12258399,1,0-10
43.0,177.0,30.0,1,0.054152597,0,20-30
43.0,178.0,29.0,1,0.053596273,0,20-30
43.0,179.0,28.0,1,0.05310866,0,20-30
43.0,180.0,27.0,1,0.052873883,0,20-30
43.0,181.0,26.0,1,0.05368477,0,20-30
43.0,182.0,25.0,1,0.05446377,0,20-30
43.0,183.0,24.0,1,0.054884844,0,20-30
43.0,184.0,23.0,1,0.055962365,0,20-30
43.0,185.0,22.0,1,0.057765763,0,20-30
43.0,186.0,21.0,1,0.05913019,1,20-30
43.0,187.0,20.0,1,0.05928347,1,10-20
43.0,188.0,19.0,1,0.061180048,1,10-20
43.0,189.0,18.0,1,0.06293173,1,10-20
43.0,190.0,17.0,1,0.064616986,1,10-20
43.0,191.0,16.0,1,0.06796305,1,10-20
43.0,192.0,15.0,1,0.06938422,1,10-20
43.0,193.0,14.0,1,0.07186327,1,10-20
43.0,194.0,13.0,1,0.07435486,1,10-20
43.0,195.0,12.0,1,0.076752655,1,10-20
43.0,196.0,11.0,1,0.07870536,1,10-20
43.0,197.0,10.0,1,0.08159434,1,0-10
43.0,198.0,9.0,1,0.08460854,1,0-10
43.0,199.0,8.0,1,0.08729858,1,0-10
43.0,200.0,7.0,1,0.08991395,1,0-10
43.0,201.0,6.0,1,0.09406477,1,0-10
43.0,202.0,5.0,1,0.09817074,1,0-10
43.0,203.0,4.0,1,0.10264583,1,0-10
43.0,204.0,3.0,1,0.10647462,1,0-10
43.0,205.0,2.0,1,0.11130926,1,0-10
43.0,206.0,1.0,1,0.11556322,1,0-10
43.0,207.0,0.0,1,0.12038028,1,0-10
44.0,162.0,30.0,1,0.050793815,0,20-30
44.0,163.0,29.0,1,0.052018136,0,20-30
44.0,164.0,28.0,1,0.052901145,0,20-30
44.0,165.0,27.0,1,0.05424982,0,20-30
44.0,166.0,26.0,1,0.055044353,0,20-30
44.0,167.0,25.0,1,0.056336965,0,20-30
44.0,168.0,24.0,1,0.05748969,0,20-30
44.0,169.0,23.0,1,0.059267476,1,20-30
44.0,170.0,22.0,1,0.060837902,1,20-30
44.0,171.0,21.0,1,0.062448394,1,20-30
44.0,172.0,20.0,1,0.064564586,1,10-20
44.0,173.0,19.0,1,0.06635889,1,10-20
44.0,174.0,18.0,1,0.06745229,1,10-20
44.0,175.0,17.0,1,0.0689475,1,10-20
44.0,176.0,16.0,1,0.071266025,1,10-20
44.0,177.0,15.0,1,0.07290568,1,10-20
44.0,178.0,14.0,1,0.07528164,1,10-20
44.0,179.0,13.0,1,0.07839743,1,10-20
44.0,180.0,12.0,1,0.08227955,1,10-20
44.0,181.0,11.0,1,0.08513862,1,10-20
44.0,182.0,10.0,1,0.08825099,1,0-10
44.0,183.0,9.0,1,0.09035292,1,0-10
44.0,184.0,8.0,1,0.09410883,1,0-10
44.0,185.0,7.0,1,0.09827626,1,0-10
44.0,186.0,6.0,1,0.10172536,1,0-10
44.0,187.0,5.0,1,0.10601858,1,0-10
44.0,188.0,4.0,1,0.11080275,1,0-10
44.0,189.0,3.0,1,0.11377807,1,0-10
44.0,190.0,2.0,1,0.11915757,1,0-10
44.0,191.0,1.0,1,0.123880655,1,0-10
44.0,192.0,0.0,1,0.1288406,1,0-10
45.0,128.0,30.0,1,0.052822355,0,20-30
45.0,129.0,29.0,1,0.054177452,0,20-30
45.0,130.0,28.0,1,0.05438169,0,20-30
45.0,131.0,27.0,1,0.055236604,0,20-30
45.0,132.0,26.0,1,0.055934027,0,20-30
45.0,133.0,25.0,1,0.0556619,0,20-30
45.0,134.0,24.0,1,0.055736136,0,20-30
45.0,135.0,23.0,1,0.056694362,0,20-30
45.0,136.0,22.0,1,0.057378724,0,20-30
45.0,137.0,21.0,1,0.058453575,1,20-30
45.0,138.0,20.0,1,0.05902921,1,10-20
45.0,139.0,19.0,1,0.06104865,1,10-20
45.0,140.0,18.0,1,0.06255477,1,10-20
45.0,141.0,17.0,1,0.06407895,1,10-20
45.0,142.0,16.0,1,0.066589855,1,10-20
45.0,143.0,15.0,1,0.06679945,1,10-20
45.0,144.0,14.0,1,0.06839312,1,10-20
45.0,145.0,13.0,1,0.071028665,1,10-20
45.0,146.0,12.0,1,0.072992876,1,10-20
45.0,147.0,11.0,1,0.07576758,1,10-20
45.0,148.0,10.0,1,0.07871899,1,0-10
45.0,149.0,9.0,1,0.08216668,1,0-10
45.0,150.0,8.0,1,0.08660267,1,0-10
45.0,151.0,7.0,1,0.089458376,1,0-10
45.0,152.0,6.0,1,0.09202972,1,0-10
45.0,153.0,5.0,1,0.09567712,1,0-10
45.0,154.0,4.0,1,0.099662445,1,0-10
45.0,155.0,3.0,1,0.10514257,1,0-10
45.0,156.0,2.0,1,0.110304594,1,0-10
45.0,157.0,1.0,1,0.116104044,1,0-10
45.0,158.0,0.0,1,0.12205815,1,0-10
46.0,226.0,30.0,1,0.05425142,0,20-30
46.0,227.0,29.0,1,0.055188466,0,20-30
46.0,228.0,28.0,1,0.056108486,0,20-30
46.0,229.0,27.0,1,0.057173252,0,20-30
46.0,230.0,26.0,1,0.05890316,1,20-30
46.0,231.0,25.0,1,0.060719736,1,20-30
46.0,232.0,24.0,1,0.06156188,1,20-30
46.0,233.0,23.0,1,0.062443323,1,20-30
46.0,234.0,22.0,1,0.06454495,1,20-30
46.0,235.0,21.0,1,0.06690305,1,20-30
46.0,236.0,20.0,1,0.06885861,1,10-20
46.0,237.0,19.0,1,0.069904655,1,10-20
46.0,238.0,18.0,1,0.07153484,1,10-20
46.0,239.0,17.0,1,0.073533855,1,10-20
46.0,240.0,16.0,1,0.075225934,1,10-20
46.0,241.0,15.0,1,0.07649987,1,10-20
46.0,242.0,14.0,1,0.07920854,1,10-20
46.0,243.0,13.0,1,0.08223933,1,10-20
46.0,244.0,12.0,1,0.08509873,1,10-20
46.0,245.0,11.0,1,0.08858573,1,10-20
46.0,246.0,10.0,1,0.091952704,1,0-10
46.0,247.0,9.0,1,0.0948301,1,0-10
46.0,248.0,8.0,1,0.097497344,1,0-10
46.0,249.0,7.0,1,0.10040296,1,0-10
46.0,250.0,6.0,1,0.10416572,1,0-10
46.0,251.0,5.0,1,0.10774994,1,0-10
46.0,252.0,4.0,1,0.112436496,1,0-10
46.0,253.0,3.0,1,0.11823845,1,0-10
46.0,254.0,2.0,1,0.12205852,1,0-10
46.0,255.0,1.0,1,0.12575066,1,0-10
46.0,256.0,0.0,1,0.13142017,1,0-10
47.0,184.0,30.0,1,0.054568157,0,20-30
47.0,185.0,29.0,1,0.055382524,0,20-30
47.0,186.0,28.0,1,0.056640577,0,20-30
47.0,187.0,27.0,1,0.05715807,0,20-30
47.0,188.0,26.0,1,0.057500735,0,20-30
47.0,189.0,25.0,1,0.05880961,1,20-30
47.0,190.0,24.0,1,0.059789345,1,20-30
47.0,191.0,23.0,1,0.06108145,1,20-30
47.0,192.0,22.0,1,0.06241193,1,20-30
47.0,193.0,21.0,1,0.06467326,1,20-30
47.0,194.0,20.0,1,0.067067,1,10-20
47.0,195.0,19.0,1,0.06872841,1,10-20
47.0,196.0,18.0,1,0.071401946,1,10-20
47.0,197.0,17.0,1,0.07464573,1,10-20
47.0,198.0,16.0,1,0.0765037,1,10-20
47.0,199.0,15.0,1,0.07904599,1,10-20
47.0,200.0,14.0,1,0.08317786,1,10-20
47.0,201.0,13.0,1,0.08558624,1,10-20
47.0,202.0,12.0,1,0.08839306,1,10-20
47.0,203.0,11.0,1,0.09166529,1,10-20
47.0,204.0,10.0,1,0.09476254,1,0-10
47.0,205.0,9.0,1,0.09908111,1,0-10
47.0,206.0,8.0,1,0.10195896,1,0-10
47.0,207.0,7.0,1,0.10754782,1,0-10
47.0,208.0,6.0,1,0.11238865,1,0-10
47.0,209.0,5.0,1,0.11650857,1,0-10
47.0,210.0,4.0,1,0.120995924,1,0-10
47.0,211.0,3.0,1,0.12516919,1,0-10
47.0,212.0,2.0,1,0.1293438,1,0-10
47.0,213.0,1.0,1,0.13396443,1,0-10
47.0,214.0,0.0,1,0.13855916,1,0-10
48.0,201.0,30.0,1,0.0809944,1,20-30
48.0,202.0,29.0,1,0.08086887,1,20-30
48.0,203.0,28.0,1,0.08222161,1,20-30
48.0,204.0,27.0,1,0.08387304,1,20-30
48.0,205.0,26.0,1,0.085243136,1,20-30
48.0,206.0,25.0,1,0.08690986,1,20-30
48.0,207.0,24.0,1,0.08903165,1,20-30
48.0,208.0,23.0,1,0.08956256,1,20-30
48.0,209.0,22.0,1,0.092093796,1,20-30
48.0,210.0,21.0,1,0.093464054,1,20-30
48.0,211.0,20.0,1,0.095451325,1,10-20
48.0,212.0,19.0,1,0.096721135,1,10-20
48.0,213.0,18.0,1,0.098281235,1,10-20
48.0,214.0,17.0,1,0.09785538,1,10-20
48.0,215.0,16.0,1,0.10070869,1,10-20
48.0,216.0,15.0,1,0.10246504,1,10-20
48.0,217.0,14.0,1,0.10520092,1,10-20
48.0,218.0,13.0,1,0.10690702,1,10-20
48.0,219.0,12.0,1,0.110098645,1,10-20
48.0,220.0,11.0,1,0.11209884,1,10-20
48.0,221.0,10.0,1,0.11483222,1,0-10
48.0,222.0,9.0,1,0.11847151,1,0-10
48.0,223.0,8.0,1,0.122629866,1,0-10
48.0,224.0,7.0,1,0.12630887,1,0-10
48.0,225.0,6.0,1,0.12996621,1,0-10
48.0,226.0,5.0,1,0.13407871,1,0-10
48.0,227.0,4.0,1,0.13918465,1,0-10
48.0,228.0,3.0,1,0.14344595,1,0-10
48.0,229.0,2.0,1,0.14787422,1,0-10
48.0,230.0,1.0,1,0.15331143,1,0-10
48.0,231.0,0.0,1,0.16245994,1,0-10
49.0,185.0,30.0,1,0.07484864,1,20-30
49.0,186.0,29.0,1,0.07685438,1,20-30
49.0,187.0,28.0,1,0.078183986,1,20-30
49.0,188.0,27.0,1,0.07907393,1,20-30
49.0,189.0,26.0,1,0.07986539,1,20-30
49.0,190.0,25.0,1,0.08137972,1,20-30
49.0,191.0,24.0,1,0.08292333,1,20-30
49.0,192.0,23.0,1,0.08403844,1,20-30
49.0,193.0,22.0,1,0.08518357,1,20-30
49.0,194.0,21.0,1,0.08694554,1,20-30
49.0,195.0,20.0,1,0.09100149,1,10-20
49.0,196.0,19.0,1,0.09256636,1,10-20
49.0,197.0,18.0,1,0.09600254,1,10-20
49.0,198.0,17.0,1,0.09772772,1,10-20
49.0,199.0,16.0,1,0.09999473,1,10-20
49.0,200.0,15.0,1,0.10306142,1,10-20
49.0,201.0,14.0,1,0.10517483,1,10-20
49.0,202.0,13.0,1,0.107613474,1,10-20
49.0,203.0,12.0,1,0.11060022,1,10-20
49.0,204.0,11.0,1,0.11381275,1,10-20
49.0,205.0,10.0,1,0.116173334,1,0-10
49.0,206.0,9.0,1,0.11942553,1,0-10
49.0,207.0,8.0,1,0.12233183,1,0-10
49.0,208.0,7.0,1,0.12406303,1,0-10
49.0,209.0,6.0,1,0.12736683,1,0-10
49.0,210.0,5.0,1,0.13032407,1,0-10
49.0,211.0,4.0,1,0.13536745,1,0-10
49.0,212.0,3.0,1,0.13628381,1,0-10
49.0,213.0,2.0,1,0.13988346,1,0-10
49.0,214.0,1.0,1,0.14339301,1,0-10
49.0,215.0,0.0,1,0.14710556,1,0-10
50.0,168.0,30.0,1,0.068088874,1,20-30
50.0,169.0,29.0,1,0.06955444,1,20-30
50.0,170.0,28.0,1,0.071532585,1,20-30
50.0,171.0,27.0,1,0.07321896,1,20-30
50.0,172.0,26.0,1,0.073896386,1,20-30
50.0,173.0,25.0,1,0.07557475,1,20-30
50.0,174.0,24.0,1,0.07774906,1,20-30
50.0,175.0,23.0,1,0.07935018,1,20-30
50.0,176.0,22.0,1,0.08278231,1,20-30
50.0,177.0,21.0,1,0.08403536,1,20-30
50.0,178.0,20.0,1,0.084789366,1,10-20
50.0,179.0,19.0,1,0.087801024,1,10-20
50.0,180.0,18.0,1,0.09121486,1,10-20
50.0,181.0,17.0,1,0.094893955,1,10-20
50.0,182.0,16.0,1,0.09820106,1,10-20
50.0,183.0,15.0,1,0.10152656,1,10-20
50.0,184.0,14.0,1,0.10486124,1,10-20
50.0,185.0,13.0,1,0.10900815,1,10-20
50.0,186.0,12.0,1,0.111984506,1,10-20
50.0,187.0,11.0,1,0.11492188,1,10-20
50.0,188.0,10.0,1,0.1180838,1,0-10
50.0,189.0,9.0,1,0.122532725,1,0-10
50.0,190.0,8.0,1,0.12731639,1,0-10
50.0,191.0,7.0,1,0.13160308,1,0-10
50.0,192.0,6.0,1,0.13412933,1,0-10
50.0,193.0,5.0,1,0.13931048,1,0-10
50.0,194.0,4.0,1,0.144074,1,0-10
50.0,195.0,3.0,1,0.14882964,1,0-10
50.0,196.0,2.0,1,0.15341495,1,0-10
50.0,197.0,1.0,1,0.15872099,1,0-10
50.0,198.0,0.0,1,0.16268702,1,0-10
51.0,183.0,30.0,1,0.07385598,1,20-30
51.0,184.0,29.0,1,0.07575789,1,20-30
51.0,185.0,28.0,1,0.07757221,1,20-30
51.0,186.0,27.0,1,0.07919986,1,20-30
51.0,187.0,26.0,1,0.08041762,1,20-30
51.0,188.0,25.0,1,0.081631556,1,20-30
51.0,189.0,24.0,1,0.082076445,1,20-30
51.0,190.0,23.0,1,0.08343216,1,20-30
51.0,191.0,22.0,1,0.084901094,1,20-30
51.0,192.0,21.0,1,0.086324304,1,20-30
51.0,193.0,20.0,1,0.087108575,1,10-20
51.0,194.0,19.0,1,0.08884729,1,10-20
51.0,195.0,18.0,1,0.091359526,1,10-20
51.0,196.0,17.0,1,0.091843545,1,10-20
51.0,197.0,16.0,1,0.09332942,1,10-20
51.0,198.0,15.0,1,0.0953966,1,10-20
51.0,199.0,14.0,1,0.09602539,1,10-20
51.0,200.0,13.0,1,0.09761591,1,10-20
51.0,201.0,12.0,1,0.10067698,1,10-20
51.0,202.0,11.0,1,0.10332903,1,10-20
51.0,203.0,10.0,1,0.10647476,1,0-10
51.0,204.0,9.0,1,0.10928815,1,0-10
51.0,205.0,8.0,1,0.111633055,1,0-10
51.0,206.0,7.0,1,0.11502543,1,0-10
51.0,207.0,6.0,1,0.11802757,1,0-10
51.0,208.0,5.0,1,0.12267691,1,0-10
51.0,209.0,4.0,1,0.12699372,1,0-10
51.0,210.0,3.0,1,0.13262728,1,0-10
51.0,211.0,2.0,1,0.14004804,1,0-10
51.0,212.0,1.0,1,0.1478004,1,0-10
51.0,213.0,0.0,1,0.15761007,1,0-10
52.0,183.0,30.0,1,0.07872432,1,20-30
52.0,184.0,29.0,1,0.08028702,1,20-30
52.0,185.0,28.0,1,0.081961624,1,20-30
52.0,186.0,27.0,1,0.08479019,1,20-30
52.0,187.0,26.0,1,0.08680804,1,20-30
52.0,188.0,25.0,1,0.0895254,1,20-30
52.0,189.0,24.0,1,0.09271107,1,20-30
52.0,190.0,23.0,1,0.09465478,1,20-30
52.0,191.0,22.0,1,0.09556231,1,20-30
52.0,192.0,21.0,1,0.09865745,1,20-30
52.0,193.0,20.0,1,0.102302186,1,10-20
52.0,194.0,19.0,1,0.1046527,1,10-20
52.0,195.0,18.0,1,0.10701926,1,10-20
52.0,196.0,17.0,1,0.1105861,1,10-20
52.0,197.0,16.0,1,0.1138657,1,10-20
52.0,198.0,15.0,1,0.11624701,1,10-20
52.0,199.0,14.0,1,0.118260585,1,10-20
52.0,200.0,13.0,1,0.12092016,1,10-20
52.0,201.0,12.0,1,0.12427664,1,10-20
52.0,202.0,11.0,1,0.12797327,1,10-20
52.0,203.0,10.0,1,0.1315501,1,0-10
52.0,204.0,9.0,1,0.13430929,1,0-10
52.0,205.0,8.0,1,0.13717608,1,0-10
52.0,206.0,7.0,1,0.14074725,1,0-10
52.0,207.0,6.0,1,0.14487398,1,0-10
52.0,208.0,5.0,1,0.14857106,1,0-10
52.0,209.0,4.0,1,0.1536909,1,0-10
52.0,210.0,3.0,1,0.15845558,1,0-10
52.0,211.0,2.0,1,0.16351081,1,0-10
52.0,212.0,1.0,1,0.16734782,1,0-10
52.0,213.0,0.0,1,0.17106062,1,0-10
53.0,165.0,30.0,1,0.06159326,1,20-30
53.0,166.0,29.0,1,0.062290344,1,20-30
53.0,167.0,28.0,1,0.06391567,1,20-30
53.0,168.0,27.0,1,0.065521866,1,20-30
53.0,169.0,26.0,1,0.0679636,1,20-30
53.0,170.0,25.0,1,0.06987024,1,20-30
53.0,171.0,24.0,1,0.071149155,1,20-30
53.0,172.0,23.0,1,0.072511464,1,20-30
53.0,173.0,22.0,1,0.074503586,1,20-30
53.0,174.0,21.0,1,0.07644028,1,20-30
53.0,175.0,20.0,1,0.078288086,1,10-20
53.0,176.0,19.0,1,0.08017349,1,10-20
53.0,177.0,18.0,1,0.08243259,1,10-20
53.0,178.0,17.0,1,0.08407117,1,10-20
53.0,179.0,16.0,1,0.085853584,1,10-20
53.0,180.0,15.0,1,0.08881745,1,10-20
53.0,181.0,14.0,1,0.0916912,1,10-20
53.0,182.0,13.0,1,0.09509858,1,10-20
53.0,183.0,12.0,1,0.09863002,1,10-20
53.0,184.0,11.0,1,0.102192156,1,10-20
53.0,185.0,10.0,1,0.10534135,1,0-10
53.0,186.0,9.0,1,0.1096776,1,0-10
53.0,187.0,8.0,1,0.11315317,1,0-10
53.0,188.0,7.0,1,0.11796906,1,0-10
53.0,189.0,6.0,1,0.12440571,1,0-10
53.0,190.0,5.0,1,0.1297392,1,0-10
53.0,191.0,4.0,1,0.13518833,1,0-10
53.0,192.0,3.0,1,0.14067933,1,0-10
53.0,193.0,2.0,1,0.1467136,1,0-10
53.0,194.0,1.0,1,0.15131488,1,0-10
53.0,195.0,0.0,1,0.15801787,1,0-10
54.0,227.0,30.0,1,0.071016744,1,20-30
54.0,228.0,29.0,1,0.07201771,1,20-30
54.0,229.0,28.0,1,0.07333072,1,20-30
54.0,230.0,27.0,1,0.07437466,1,20-30
54.0,231.0,26.0,1,0.075203076,1,20-30
54.0,232.0,25.0,1,0.07694466,1,20-30
54.0,233.0,24.0,1,0.079047084,1,20-30
54.0,234.0,23.0,1,0.08139302,1,20-30
54.0,235.0,22.0,1,0.081901245,1,20-30
54.0,236.0,21.0,1,0.082901716,1,20-30
54.0,237.0,20.0,1,0.08523298,1,10-20
54.0,238.0,19.0,1,0.08836301,1,10-20
54.0,239.0,18.0,1,0.0907944,1,10-20
54.0,240.0,17.0,1,0.094080225,1,10-20
54.0,241.0,16.0,1,0.096062385,1,10-20
54.0,242.0,15.0,1,0.098721415,1,10-20
54.0,243.0,14.0,1,0.10112067,1,10-20
54.0,244.0,13.0,1,0.105157234,1,10-20
54.0,245.0,12.0,1,0.10860099,1,10-20
54.0,246.0,11.0,1,0.11143311,1,10-20
54.0,247.0,10.0,1,0.1138712,1,0-10
54.0,248.0,9.0,1,0.117170006,1,0-10
54.0,249.0,8.0,1,0.12188189,1,0-10
54.0,250.0,7.0,1,0.12603952,1,0-10
54.0,251.0,6.0,1,0.12984233,1,0-10
54.0,252.0,5.0,1,0.13446146,1,0-10
54.0,253.0,4.0,1,0.13947591,1,0-10
54.0,254.0,3.0,1,0.14467627,1,0-10
54.0,255.0,2.0,1,0.14981012,1,0-10
54.0,256.0,1.0,1,0.15364406,1,0-10
54.0,257.0,0.0,1,0.15842126,1,0-10
55.0,163.0,30.0,1,0.062024873,1,20-30
55.0,164.0,29.0,1,0.06260977,1,20-30
55.0,165.0,28.0,1,0.06362115,1,20-30
55.0,166.0,27.0,1,0.06559473,1,20-30
55.0,167.0,26.0,1,0.06556565,1,20-30
55.0,168.0,25.0,1,0.067086175,1,20-30
55.0,169.0,24.0,1,0.06833622,1,20-30
55.0,170.0,23.0,1,0.07008018,1,20-30
55.0,171.0,22.0,1,0.07262076,1,20-30
55.0,172.0,21.0,1,0.074442014,1,20-30
55.0,173.0,20.0,1,0.07765789,1,10-20
55.0,174.0,19.0,1,0.079969555,1,10-20
55.0,175.0,18.0,1,0.081673995,1,10-20
55.0,176.0,17.0,1,0.08376107,1,10-20
55.0,177.0,16.0,1,0.08603931,1,10-20
55.0,178.0,15.0,1,0.08793742,1,10-20
55.0,179.0,14.0,1,0.091792606,1,10-20
55.0,180.0,13.0,1,0.09632442,1,10-20
55.0,181.0,12.0,1,0.10085695,1,10-20
55.0,182.0,11.0,1,0.10486137,1,10-20
55.0,183.0,10.0,1,0.1089053,1,0-10
55.0,184.0,9.0,1,0.11312292,1,0-10
55.0,185.0,8.0,1,0.117266595,1,0-10
55.0,186.0,7.0,1,0.122036934,1,0-10
55.0,187.0,6.0,1,0.1255857,1,0-10
55.0,188.0,5.0,1,0.1298323,1,0-10
55.0,189.0,4.0,1,0.13520826,1,0-10
55.0,190.0,3.0,1,0.14234926,1,0-10
55.0,191.0,2.0,1,0.1479303,1,0-10
55.0,192.0,1.0,1,0.15397792,1,0-10
55.0,193.0,0.0,1,0.1599033,1,0-10
56.0,245.0,30.0,1,0.11374211,1,20-30
56.0,246.0,29.0,1,0.11517199,1,20-30
56.0,247.0,28.0,1,0.11692894,1,20-30
56.0,248.0,27.0,1,0.11987513,1,20-30
56.0,249.0,26.0,1,0.12129581,1,20-30
56.0,250.0,25.0,1,0.12477763,1,20-30
56.0,251.0,24.0,1,0.12712784,1,20-30
56.0,252.0,23.0,1,0.12877578,1,20-30
56.0,253.0,22.0,1,0.12973997,1,20-30
56.0,254.0,21.0,1,0.13288186,1,20-30
56.0,255.0,20.0,1,0.13511282,1,10-20
56.0,256.0,19.0,1,0.13783965,1,10-20
56.0,257.0,18.0,1,0.14049141,1,10-20
56.0,258.0,17.0,1,0.14262746,1,10-20
56.0,259.0,16.0,1,0.14477159,1,10-20
56.0,260.0,15.0,1,0.14699185,1,10-20
56.0,261.0,14.0,1,0.14962485,1,10-20
56.0,262.0,13.0,1,0.15225089,1,10-20
56.0,263.0,12.0,1,0.15468313,1,10-20
56.0,264.0,11.0,1,0.15690967,1,10-20
56.0,265.0,10.0,1,0.1593345,1,0-10
56.0,266.0,9.0,1,0.1618164,1,0-10
56.0,267.0,8.0,1,0.16453834,1,0-10
56.0,268.0,7.0,1,0.1674276,1,0-10
56.0,269.0,6.0,1,0.1701611,1,0-10
56.0,270.0,5.0,1,0.17355733,1,0-10
56.0,271.0,4.0,1,0.17739137,1,0-10
56.0,272.0,3.0,1,0.17983654,1,0-10
56.0,273.0,2.0,1,0.18263693,1,0-10
56.0,274.0,1.0,1,0.18565337,1,0-10
56.0,275.0,0.0,1,0.18974444,1,0-10
57.0,107.0,30.0,1,0.051831413,0,20-30
57.0,108.0,29.0,1,0.05269228,0,20-30
57.0,109.0,28.0,1,0.053919654,0,20-30
57.0,110.0,27.0,1,0.053842667,0,20-30
57.0,111.0,26.0,1,0.054430682,0,20-30
57.0,112.0,25.0,1,0.054359324,0,20-30
57.0,113.0,24.0,1,0.054082338,0,20-30
57.0,114.0,23.0,1,0.053325005,0,20-30
57.0,115.0,22.0,1,0.054055575,0,20-30
57.0,116.0,21.0,1,0.054668937,0,20-30
57.0,117.0,20.0,1,0.05488108,0,10-20
57.0,118.0,19.0,1,0.05589408,0,10-20
57.0,119.0,18.0,1,0.056639075,0,10-20
57.0,120.0,17.0,1,0.05821318,1,10-20
57.0,121.0,16.0,1,0.05989301,1,10-20
57.0,122.0,15.0,1,0.06184914,1,10-20
57.0,123.0,14.0,1,0.06405468,1,10-20
57.0,124.0,13.0,1,0.06569698,1,10-20
57.0,125.0,12.0,1,0.06711548,1,10-20
57.0,126.0,11.0,1,0.06914424,1,10-20
57.0,127.0,10.0,1,0.07167294,1,0-10
57.0,128.0,9.0,1,0.07394458,1,0-10
57.0,129.0,8.0,1,0.07584724,1,0-10
57.0,130.0,7.0,1,0.07908493,1,0-10
57.0,131.0,6.0,1,0.081831686,1,0-10
57.0,132.0,5.0,1,0.085570924,1,0-10
57.0,133.0,4.0,1,0.090145946,1,0-10
57.0,134.0,3.0,1,0.09457591,1,0-10
57.0,135.0,2.0,1,0.099321835,1,0-10
57.0,136.0,1.0,1,0.10492702,1,0-10
57.0,137.0,0.0,1,0.111008234,1,0-10
58.0,117.0,30.0,1,0.051518273,0,20-30
58.0,118.0,29.0,1,0.052078474,0,20-30
58.0,119.0,28.0,1,0.0518996,0,20-30
58.0,120.0,27.0,1,0.052925304,0,20-30
58.0,121.0,26.0,1,0.053383846,0,20-30
58.0,122.0,25.0,1,0.0534252,0,20-30
58.0,123.0,24.0,1,0.053531505,0,20-30
58.0,124.0,23.0,1,0.054481734,0,20-30
58.0,125.0,22.0,1,0.054616332,0,20-30
58.0,126.0,21.0,1,0.05498563,0,20-30
58.0,127.0,20.0,1,0.05526388,0,10-20
58.0,128.0,19.0,1,0.05588657,0,10-20
58.0,129.0,18.0,1,0.056563154,0,10-20
58.0,130.0,17.0,1,0.0576892,0,10-20
58.0,131.0,16.0,1,0.05846995,1,10-20
58.0,132.0,15.0,1,0.06014251,1,10-20
58.0,133.0,14.0,1,0.061718337,1,10-20
58.0,134.0,13.0,1,0.062532574,1,10-20
58.0,135.0,12.0,1,0.06468536,1,10-20
58.0,136.0,11.0,1,0.06727539,1,10-20
58.0,137.0,10.0,1,0.06955967,1,0-10
58.0,138.0,9.0,1,0.071867965,1,0-10
58.0,139.0,8.0,1,0.074980386,1,0-10
58.0,140.0,7.0,1,0.07858207,1,0-10
58.0,141.0,6.0,1,0.08134249,1,0-10
58.0,142.0,5.0,1,0.08418971,1,0-10
58.0,143.0,4.0,1,0.088050134,1,0-10
58.0,144.0,3.0,1,0.0930827,1,0-10
58.0,145.0,2.0,1,0.09908227,1,0-10
58.0,146.0,1.0,1,0.10352307,1,0-10
58.0,147.0,0.0,1,0.107517496,1,0-10
59.0,201.0,30.0,1,0.05509703,0,20-30
59.0,202.0,29.0,1,0.0564386,0,20-30
59.0,203.0,28.0,1,0.05718779,0,20-30
59.0,204.0,27.0,1,0.057765022,0,20-30
59.0,205.0,26.0,1,0.058146954,1,20-30
59.0,206.0,25.0,1,0.058051974,1,20-30
59.0,207.0,24.0,1,0.059634943,1,20-30
59.0,208.0,23.0,1,0.061077397,1,20-30
59.0,209.0,22.0,1,0.06119286,1,20-30
59.0,210.0,21.0,1,0.06283875,1,20-30
59.0,211.0,20.0,1,0.0641897,1,10-20
59.0,212.0,19.0,1,0.065371,1,10-20
59.0,213.0,18.0,1,0.066744655,1,10-20
59.0,214.0,17.0,1,0.06832274,1,10-20
59.0,215.0,16.0,1,0.07004756,1,10-20
59.0,216.0,15.0,1,0.07248139,1,10-20
59.0,217.0,14.0,1,0.07413082,1,10-20
59.0,218.0,13.0,1,0.077081874,1,10-20
59.0,219.0,12.0,1,0.079681315,1,10-20
59.0,220.0,11.0,1,0.08293313,1,10-20
59.0,221.0,10.0,1,0.08516463,1,0-10
59.0,222.0,9.0,1,0.08874226,1,0-10
59.0,223.0,8.0,1,0.09178817,1,0-10
59.0,224.0,7.0,1,0.094469264,1,0-10
59.0,225.0,6.0,1,0.09855896,1,0-10
59.0,226.0,5.0,1,0.10117662,1,0-10
59.0,227.0,4.0,1,0.10504701,1,0-10
59.0,228.0,3.0,1,0.10981477,1,0-10
59.0,229.0,2.0,1,0.115058064,1,0-10
59.0,230.0,1.0,1,0.11980557,1,0-10
59.0,231.0,0.0,1,0.12432287,1,0-10
60.0,142.0,30.0,1,0.05553186,0,20-30
60.0,143.0,29.0,1,0.05659964,0,20-30
60.0,144.0,28.0,1,0.057913788,1,20-30
60.0,145.0,27.0,1,0.05902726,1,20-30
60.0,146.0,26.0,1,0.06107304,1,20-30
60.0,147.0,25.0,1,0.06301582,1,20-30
60.0,148.0,24.0,1,0.063759476,1,20-30
60.0,149.0,23.0,1,0.06569888,1,20-30
60.0,150.0,22.0,1,0.06735646,1,20-30
60.0,151.0,21.0,1,0.06967708,1,20-30
60.0,152.0,20.0,1,0.071876355,1,10-20
60.0,153.0,19.0,1,0.07398446,1,10-20
60.0,154.0,18.0,1,0.07561034,1,10-20
60.0,155.0,17.0,1,0.07800709,1,10-20
60.0,156.0,16.0,1,0.08124498,1,10-20
60.0,157.0,15.0,1,0.08537487,1,10-20
60.0,158.0,14.0,1,0.08936227,1,10-20
60.0,159.0,13.0,1,0.09346195,1,10-20
60.0,160.0,12.0,1,0.096370384,1,10-20
60.0,161.0,11.0,1,0.1009887,1,10-20
60.0,162.0,10.0,1,0.104610115,1,0-10
60.0,163.0,9.0,1,0.10877431,1,0-10
60.0,164.0,8.0,1,0.11311382,1,0-10
60.0,165.0,7.0,1,0.11748795,1,0-10
60.0,166.0,6.0,1,0.12087333,1,0-10
60.0,167.0,5.0,1,0.12625992,1,0-10
60.0,168.0,4.0,1,0.13179699,1,0-10
60.0,169.0,3.0,1,0.13686408,1,0-10
60.0,170.0,2.0,1,0.14128909,1,0-10
60.0,171.0,1.0,1,0.14700447,1,0-10
60.0,172.0,0.0,1,0.15272407,1,0-10
61.0,155.0,30.0,1,0.05432013,0,20-30
61.0,156.0,29.0,1,0.05618455,0,20-30
61.0,157.0,28.0,1,0.057616353,0,20-30
61.0,158.0,27.0,1,0.05689287,0,20-30
61.0,159.0,26.0,1,0.05791216,1,20-30
61.0,160.0,25.0,1,0.05748292,0,20-30
61.0,161.0,24.0,1,0.057804864,0,20-30
61.0,162.0,23.0,1,0.057017766,0,20-30
61.0,163.0,22.0,1,0.05622227,0,20-30
61.0,164.0,21.0,1,0.05649549,0,20-30
61.0,165.0,20.0,1,0.057395715,0,10-20
61.0,166.0,19.0,1,0.05842364,1,10-20
61.0,167.0,18.0,1,0.059323367,1,10-20
61.0,168.0,17.0,1,0.061373632,1,10-20
61.0,169.0,16.0,1,0.06297199,1,10-20
61.0,170.0,15.0,1,0.064327516,1,10-20
61.0,171.0,14.0,1,0.06604495,1,10-20
61.0,172.0,13.0,1,0.06778561,1,10-20
61.0,173.0,12.0,1,0.06921841,1,10-20
61.0,174.0,11.0,1,0.071585,1,10-20
61.0,175.0,10.0,1,0.073711865,1,0-10
61.0,176.0,9.0,1,0.07698173,1,0-10
61.0,177.0,8.0,1,0.07877312,1,0-10
61.0,178.0,7.0,1,0.08086555,1,0-10
61.0,179.0,6.0,1,0.083811246,1,0-10
61.0,180.0,5.0,1,0.0873851,1,0-10
61.0,181.0,4.0,1,0.09089319,1,0-10
61.0,182.0,3.0,1,0.09617536,1,0-10
61.0,183.0,2.0,1,0.1001502,1,0-10
61.0,184.0,1.0,1,0.10358267,1,0-10
61.0,185.0,0.0,1,0.108555675,1,0-10
62.0,150.0,30.0,1,0.07510042,1,20-30
62.0,151.0,29.0,1,0.07757424,1,20-30
62.0,152.0,28.0,1,0.078709446,1,20-30
62.0,153.0,27.0,1,0.081206486,1,20-30
62.0,154.0,26.0,1,0.08267284,1,20-30
62.0,155.0,25.0,1,0.08374194,1,20-30
62.0,156.0,24.0,1,0.08406621,1,20-30
62.0,157.0,23.0,1,0.08489609,1,20-30
62.0,158.0,22.0,1,0.085533395,1,20-30
62.0,159.0,21.0,1,0.08717184,1,20-30
62.0,160.0,20.0,1,0.08899396,1,10-20
62.0,161.0,19.0,1,0.09083191,1,10-20
62.0,162.0,18.0,1,0.092088,1,10-20
62.0,163.0,17.0,1,0.09473758,1,10-20
62.0,164.0,16.0,1,0.09751091,1,10-20
62.0,165.0,15.0,1,0.09889127,1,10-20
62.0,166.0,14.0,1,0.10141697,1,10-20
62.0,167.0,13.0,1,0.1036402,1,10-20
62.0,168.0,12.0,1,0.10586004,1,10-20
62.0,169.0,11.0,1,0.108117364,1,10-20
62.0,170.0,10.0,1,0.11217104,1,0-10
62.0,171.0,9.0,1,0.11532181,1,0-10
62.0,172.0,8.0,1,0.11856976,1,0-10
62.0,173.0,7.0,1,0.11972928,1,0-10
62.0,174.0,6.0,1,0.12356412,1,0-10
62.0,175.0,5.0,1,0.12734404,1,0-10
62.0,176.0,4.0,1,0.12961371,1,0-10
62.0,177.0,3.0,1,0.13092706,1,0-10
62.0,178.0,2.0,1,0.13266797,1,0-10
62.0,179.0,1.0,1,0.1361932,1,0-10
62.0,180.0,0.0,1,0.1394123,1,0-10
63.0,144.0,30.0,1,0.059557404,1,20-30
63.0,145.0,29.0,1,0.06040537,1,20-30
63.0,146.0,28.0,1,0.06200524,1,20-30
63.0,147.0,27.0,1,0.06355443,1,20-30
63.0,148.0,26.0,1,0.06462125,1,20-30
63.0,149.0,25.0,1,0.066146106,1,20-30
63.0,150.0,24.0,1,0.067687765,1,20-30
63.0,151.0,23.0,1,0.069376744,1,20-30
63.0,152.0,22.0,1,0.07187058,1,20-30
63.0,153.0,21.0,1,0.07357354,1,20-30
63.0,154.0,20.0,1,0.0753487,1,10-20
63.0,155.0,19.0,1,0.07742774,1,10-20
63.0,156.0,18.0,1,0.08012171,1,10-20
63.0,157.0,17.0,1,0.08329352,1,10-20
63.0,158.0,16.0,1,0.08581145,1,10-20
63.0,159.0,15.0,1,0.088317215,1,10-20
63.0,160.0,14.0,1,0.09069796,1,10-20
63.0,161.0,13.0,1,0.0930046,1,10-20
63.0,162.0,12.0,1,0.096692696,1,10-20
63.0,163.0,11.0,1,0.100631334,1,10-20
63.0,164.0,10.0,1,0.104352355,1,0-10
63.0,165.0,9.0,1,0.10802393,1,0-10
63.0,166.0,8.0,1,0.11316555,1,0-10
63.0,167.0,7.0,1,0.11778952,1,0-10
63.0,168.0,6.0,1,0.122425005,1,0-10
63.0,169.0,5.0,1,0.12701729,1,0-10
63.0,170.0,4.0,1,0.13275167,1,0-10
63.0,171.0,3.0,1,0.13824448,1,0-10
63.0,172.0,2.0,1,0.14349695,1,0-10
63.0,173.0,1.0,1,0.15041953,1,0-10
63.0,174.0,0.0,1,0.15504128,1,0-10
64.0,253.0,30.0,1,0.09825097,1,20-30
64.0,254.0,29.0,1,0.1006977,1,20-30
64.0,255.0,28.0,1,0.10244066,1,20-30
64.0,256.0,27.0,1,0.10348064,1,20-30
64.0,257.0,26.0,1,0.1064523,1,20-30
64.0,258.0,25.0,1,0.108338974,1,20-30
64.0,259.0,24.0,1,0.11009064,1,20-30
64.0,260.0,23.0,1,0.11225859,1,20-30
64.0,261.0,22.0,1,0.11459674,1,20-30
64.0,262.0,21.0,1,0.117844984,1,20-30
64.0,263.0,20.0,1,0.118540876,1,10-20
64.0,264.0,19.0,1,0.12082687,1,10-20
64.0,265.0,18.0,1,0.12273464,1,10-20
64.0,266.0,17.0,1,0.12590255,1,10-20
64.0,267.0,16.0,1,0.12819828,1,10-20
64.0,268.0,15.0,1,0.13095056,1,10-20
64.0,269.0,14.0,1,0.13432026,1,10-20
64.0,270.0,13.0,1,0.13513388,1,10-20
64.0,271.0,12.0,1,0.13865651,1,10-20
64.0,272.0,11.0,1,0.14202817,1,10-20
64.0,273.0,10.0,1,0.14703743,1,0-10
64.0,274.0,9.0,1,0.15083832,1,0-10
64.0,275.0,8.0,1,0.15317671,1,0-10
64.0,276.0,7.0,1,0.15556282,1,0-10
64.0,277.0,6.0,1,0.15985882,1,0-10
64.0,278.0,5.0,1,0.16347982,1,0-10
64.0,279.0,4.0,1,0.16741845,1,0-10
64.0,280.0,3.0,1,0.17222483,1,0-10
64.0,281.0,2.0,1,0.17593302,1,0-10
64.0,282.0,1.0,1,0.17854495,1,0-10
64.0,283.0,0.0,1,0.18229298,1,0-10
65.0,123.0,30.0,1,0.056673154,0,20-30
65.0,124.0,29.0,1,0.056170445,0,20-30
65.0,125.0,28.0,1,0.056377735,0,20-30
65.0,126.0,27.0,1,0.056104936,0,20-30
65.0,127.0,26.0,1,0.057388026,0,20-30
65.0,128.0,25.0,1,0.057127636,0,20-30
65.0,129.0,24.0,1,0.05719238,0,20-30
65.0,130.0,23.0,1,0.05790266,1,20-30
65.0,131.0,22.0,1,0.057878215,1,20-30
65.0,132.0,21.0,1,0.058341727,1,20-30
65.0,133.0,20.0,1,0.057777118,0,10-20
65.0,134.0,19.0,1,0.05924955,1,10-20
65.0,135.0,18.0,1,0.06035455,1,10-20
65.0,136.0,17.0,1,0.06090053,1,10-20
65.0,137.0,16.0,1,0.061942503,1,10-20
65.0,138.0,15.0,1,0.06313169,1,10-20
65.0,139.0,14.0,1,0.065141864,1,10-20
65.0,140.0,13.0,1,0.06632237,1,10-20
65.0,141.0,12.0,1,0.06695885,1,10-20
65.0,142.0,11.0,1,0.068295196,1,10-20
65.0,143.0,10.0,1,0.07076004,1,0-10
65.0,144.0,9.0,1,0.07310391,1,0-10
65.0,145.0,8.0,1,0.075334966,1,0-10
65.0,146.0,7.0,1,0.07787966,1,0-10
65.0,147.0,6.0,1,0.08093933,1,0-10
65.0,148.0,5.0,1,0.0838132,1,0-10
65.0,149.0,4.0,1,0.08789024,1,0-10
65.0,150.0,3.0,1,0.09098176,1,0-10
65.0,151.0,2.0,1,0.09532176,1,0-10
65.0,152.0,1.0,1,0.09959091,1,0-10
65.0,153.0,0.0,1,0.10315747,1,0-10
66.0,172.0,30.0,1,0.09343699,1,20-30
66.0,173.0,29.0,1,0.094967656,1,20-30
66.0,174.0,28.0,1,0.09553116,1,20-30
66.0,175.0,27.0,1,0.098206386,1,20-30
66.0,176.0,26.0,1,0.09852855,1,20-30
66.0,177.0,25.0,1,0.10047366,1,20-30
66.0,178.0,24.0,1,0.10234467,1,20-30
66.0,179.0,23.0,1,0.104025275,1,20-30
66.0,180.0,22.0,1,0.10593872,1,20-30
66.0,181.0,21.0,1,0.10781011,1,20-30
66.0,182.0,20.0,1,0.11006238,1,10-20
66.0,183.0,19.0,1,0.112891495,1,10-20
66.0,184.0,18.0,1,0.11544298,1,10-20
66.0,185.0,17.0,1,0.117588826,1,10-20
66.0,186.0,16.0,1,0.11936407,1,10-20
66.0,187.0,15.0,1,0.12117092,1,10-20
66.0,188.0,14.0,1,0.122853056,1,10-20
66.0,189.0,13.0,1,0.12545146,1,10-20
66.0,190.0,12.0,1,0.12787427,1,10-20
66.0,191.0,11.0,1,0.13090928,1,10-20
66.0,192.0,10.0,1,0.13409151,1,0-10
66.0,193.0,9.0,1,0.13611595,1,0-10
66.0,194.0,8.0,1,0.13842459,1,0-10
66.0,195.0,7.0,1,0.14105602,1,0-10
66.0,196.0,6.0,1,0.14432922,1,0-10
66.0,197.0,5.0,1,0.14674234,1,0-10
66.0,198.0,4.0,1,0.14905709,1,0-10
66.0,199.0,3.0,1,0.15173788,1,0-10
66.0,200.0,2.0,1,0.15348046,1,0-10
66.0,201.0,1.0,1,0.15621439,1,0-10
66.0,202.0,0.0,1,0.15972348,1,0-10
67.0,283.0,30.0,1,0.093824685,1,20-30
67.0,284.0,29.0,1,0.09614572,1,20-30
67.0,285.0,28.0,1,0.09765094,1,20-30
67.0,286.0,27.0,1,0.10003538,1,20-30
67.0,287.0,26.0,1,0.102584794,1,20-30
67.0,288.0,25.0,1,0.104328714,1,20-30
67.0,289.0,24.0,1,0.10541746,1,20-30
67.0,290.0,23.0,1,0.106576234,1,20-30
67.0,291.0,22.0,1,0.10772958,1,20-30
67.0,292.0,21.0,1,0.10929369,1,20-30
67.0,293.0,20.0,1,0.11048679,1,10-20
67.0,294.0,19.0,1,0.112702556,1,10-20
67.0,295.0,18.0,1,0.11553299,1,10-20
67.0,296.0,17.0,1,0.11892319,1,10-20
67.0,297.0,16.0,1,0.121696405,1,10-20
67.0,298.0,15.0,1,0.12372603,1,10-20
67.0,299.0,14.0,1,0.12725212,1,10-20
67.0,300.0,13.0,1,0.13035019,1,10-20
67.0,301.0,12.0,1,0.13296641,1,10-20
67.0,302.0,11.0,1,0.13510771,1,10-20
67.0,303.0,10.0,1,0.13738196,1,0-10
67.0,304.0,9.0,1,0.14015925,1,0-10
67.0,305.0,8.0,1,0.14249186,1,0-10
67.0,306.0,7.0,1,0.14412889,1,0-10
67.0,307.0,6.0,1,0.1462136,1,0-10
67.0,308.0,5.0,1,0.14880161,1,0-10
67.0,309.0,4.0,1,0.15171635,1,0-10
67.0,310.0,3.0,1,0.15282671,1,0-10
67.0,311.0,2.0,1,0.1559464,1,0-10
67.0,312.0,1.0,1,0.15815437,1,0-10
67.0,313.0,0.0,1,0.16004725,1,0-10
68.0,169.0,30.0,1,0.07342723,1,20-30
68.0,170.0,29.0,1,0.07448322,1,20-30
68.0,171.0,28.0,1,0.07654559,1,20-30
68.0,172.0,27.0,1,0.07818338,1,20-30
68.0,173.0,26.0,1,0.0790363,1,20-30
68.0,174.0,25.0,1,0.08127555,1,20-30
68.0,175.0,24.0,1,0.083984904,1,20-30
68.0,176.0,23.0,1,0.085405394,1,20-30
68.0,177.0,22.0,1,0.087644726,1,20-30
68.0,178.0,21.0,1,0.089991294,1,20-30
68.0,179.0,20.0,1,0.09317649,1,10-20
68.0,180.0,19.0,1,0.0951203,1,10-20
68.0,181.0,18.0,1,0.09797724,1,10-20
68.0,182.0,17.0,1,0.10011185,1,10-20
68.0,183.0,16.0,1,0.1035878,1,10-20
68.0,184.0,15.0,1,0.10677158,1,10-20
68.0,185.0,14.0,1,0.11028637,1,10-20
68.0,186.0,13.0,1,0.11290263,1,10-20
68.0,187.0,12.0,1,0.11591893,1,10-20
68.0,188.0,11.0,1,0.1196572,1,10-20
68.0,189.0,10.0,1,0.12426521,1,0-10
68.0,190.0,9.0,1,0.12658596,1,0-10
68.0,191.0,8.0,1,0.1309617,1,0-10
68.0,192.0,7.0,1,0.1331957,1,0-10
68.0,193.0,6.0,1,0.13686994,1,0-10
68.0,194.0,5.0,1,0.14103061,1,0-10
68.0,195.0,4.0,1,0.14598511,1,0-10
68.0,196.0,3.0,1,0.15052213,1,0-10
68.0,197.0,2.0,1,0.15455392,1,0-10
68.0,198.0,1.0,1,0.16092752,1,0-10
68.0,199.0,0.0,1,0.16591662,1,0-10
69.0,332.0,30.0,1,0.09301251,1,20-30
69.0,333.0,29.0,1,0.09404955,1,20-30
69.0,334.0,28.0,1,0.09688654,1,20-30
69.0,335.0,27.0,1,0.09856024,1,20-30
69.0,336.0,26.0,1,0.10101118,1,20-30
69.0,337.0,25.0,1,0.10326357,1,20-30
69.0,338.0,24.0,1,0.10551271,1,20-30
69.0,339.0,23.0,1,0.10695892,1,20-30
69.0,340.0,22.0,1,0.109945446,1,20-30
69.0,341.0,21.0,1,0.11304646,1,20-30
69.0,342.0,20.0,1,0.11374285,1,10-20
69.0,343.0,19.0,1,0.116041824,1,10-20
69.0,344.0,18.0,1,0.11806417,1,10-20
69.0,345.0,17.0,1,0.120755486,1,10-20
69.0,346.0,16.0,1,0.12355278,1,10-20
69.0,347.0,15.0,1,0.126313,1,10-20
69.0,348.0,14.0,1,0.12918842,1,10-20
69.0,349.0,13.0,1,0.13085525,1,10-20
69.0,350.0,12.0,1,0.1333457,1,10-20
69.0,351.0,11.0,1,0.13520205,1,10-20
69.0,352.0,10.0,1,0.1372861,1,0-10
69.0,353.0,9.0,1,0.1391817,1,0-10
69.0,354.0,8.0,1,0.14179517,1,0-10
69.0,355.0,7.0,1,0.14421482,1,0-10
69.0,356.0,6.0,1,0.1461174,1,0-10
69.0,357.0,5.0,1,0.14948796,1,0-10
69.0,358.0,4.0,1,0.15286493,1,0-10
69.0,359.0,3.0,1,0.15569885,1,0-10
69.0,360.0,2.0,1,0.15776968,1,0-10
69.0,361.0,1.0,1,0.16105105,1,0-10
69.0,362.0,0.0,1,0.16287243,1,0-10
70.0,107.0,30.0,1,0.0536953,0,20-30
70.0,108.0,29.0,1,0.0543693,0,20-30
70.0,109.0,28.0,1,0.05459141,0,20-30
70.0,110.0,27.0,1,0.05530528,0,20-30
70.0,111.0,26.0,1,0.055686146,0,20-30
70.0,112.0,25.0,1,0.05661003,0,20-30
70.0,113.0,24.0,1,0.05793881,1,20-30
70.0,114.0,23.0,1,0.05911647,1,20-30
70.0,115.0,22.0,1,0.06072576,1,20-30
70.0,116.0,21.0,1,0.061668642,1,20-30
70.0,117.0,20.0,1,0.06323497,1,10-20
70.0,118.0,19.0,1,0.063662425,1,10-20
70.0,119.0,18.0,1,0.065334916,1,10-20
70.0,120.0,17.0,1,0.06740182,1,10-20
70.0,121.0,16.0,1,0.06996002,1,10-20
70.0,122.0,15.0,1,0.07176123,1,10-20
70.0,123.0,14.0,1,0.07383449,1,10-20
70.0,124.0,13.0,1,0.07659759,1,10-20
70.0,125.0,12.0,1,0.08020108,1,10-20
70.0,126.0,11.0,1,0.082865335,1,10-20
70.0,127.0,10.0,1,0.08628535,1,0-10
70.0,128.0,9.0,1,0.08885701,1,0-10
70.0,129.0,8.0,1,0.09246358,1,0-10
70.0,130.0,7.0,1,0.097125664,1,0-10
70.0,131.0,6.0,1,0.10149778,1,0-10
70.0,132.0,5.0,1,0.10639642,1,0-10
70.0,133.0,4.0,1,0.11104871,1,0-10
70.0,134.0,3.0,1,0.11672116,1,0-10
70.0,135.0,2.0,1,0.12149404,1,0-10
70.0,136.0,1.0,1,0.12792854,1,0-10
70.0,137.0,0.0,1,0.13319623,1,0-10
71.0,178.0,30.0,1,0.06762161,1,20-30
71.0,179.0,29.0,1,0.06985105,1,20-30
71.0,180.0,28.0,1,0.07264771,1,20-30
71.0,181.0,27.0,1,0.07362957,1,20-30
71.0,182.0,26.0,1,0.07586282,1,20-30
71.0,183.0,25.0,1,0.07800862,1,20-30
71.0,184.0,24.0,1,0.079172574,1,20-30
71.0,185.0,23.0,1,0.0807214,1,20-30
71.0,186.0,22.0,1,0.081978545,1,20-30
71.0,187.0,21.0,1,0.08480169,1,20-30
71.0,188.0,20.0,1,0.08697818,1,10-20
71.0,189.0,19.0,1,0.089369744,1,10-20
71.0,190.0,18.0,1,0.09080182,1,10-20
71.0,191.0,17.0,1,0.0943059,1,10-20
71.0,192.0,16.0,1,0.097936064,1,10-20
71.0,193.0,15.0,1,0.09996507,1,10-20
71.0,194.0,14.0,1,0.10348447,1,10-20
71.0,195.0,13.0,1,0.105358705,1,10-20
71.0,196.0,12.0,1,0.10930479,1,10-20
71.0,197.0,11.0,1,0.11246577,1,10-20
71.0,198.0,10.0,1,0.11563728,1,0-10
71.0,199.0,9.0,1,0.1195117,1,0-10
71.0,200.0,8.0,1,0.12360274,1,0-10
71.0,201.0,7.0,1,0.12734629,1,0-10
71.0,202.0,6.0,1,0.13193285,1,0-10
71.0,203.0,5.0,1,0.13544148,1,0-10
71.0,204.0,4.0,1,0.13972074,1,0-10
71.0,205.0,3.0,1,0.14303258,1,0-10
71.0,206.0,2.0,1,0.14788598,1,0-10
71.0,207.0,1.0,1,0.15281224,1,0-10
71.0,208.0,0.0,1,0.1585501,1,0-10
72.0,183.0,30.0,1,0.058430746,1,20-30
72.0,184.0,29.0,1,0.059328895,1,20-30
72.0,185.0,28.0,1,0.0599168,1,20-30
72.0,186.0,27.0,1,0.06041724,1,20-30
72.0,187.0,26.0,1,0.061854895,1,20-30
72.0,188.0,25.0,1,0.06369415,1,20-30
72.0,189.0,24.0,1,0.065450676,1,20-30
72.0,190.0,23.0,1,0.06633562,1,20-30
72.0,191.0,22.0,1,0.06829149,1,20-30
72.0,192.0,21.0,1,0.06915314,1,20-30
72.0,193.0,20.0,1,0.07079896,1,10-20
72.0,194.0,19.0,1,0.072484724,1,10-20
72.0,195.0,18.0,1,0.07448547,1,10-20
72.0,196.0,17.0,1,0.07820614,1,10-20
72.0,197.0,16.0,1,0.080010414,1,10-20
72.0,198.0,15.0,1,0.08146141,1,10-20
72.0,199.0,14.0,1,0.084746875,1,10-20
72.0,200.0,13.0,1,0.08712431,1,10-20
72.0,201.0,12.0,1,0.09019455,1,10-20
72.0,202.0,11.0,1,0.09294269,1,10-20
72.0,203.0,10.0,1,0.096379004,1,0-10
72.0,204.0,9.0,1,0.099487826,1,0-10
72.0,205.0,8.0,1,0.102019385,1,0-10
72.0,206.0,7.0,1,0.10564693,1,0-10
72.0,207.0,6.0,1,0.109875865,1,0-10
72.0,208.0,5.0,1,0.11201074,1,0-10
72.0,209.0,4.0,1,0.11704278,1,0-10
72.0,210.0,3.0,1,0.1202717,1,0-10
72.0,211.0,2.0,1,0.124424696,1,0-10
72.0,212.0,1.0,1,0.12942466,1,0-10
72.0,213.0,0.0,1,0.1333567,1,0-10
73.0,183.0,30.0,1,0.088679105,1,20-30
73.0,184.0,29.0,1,0.09125683,1,20-30
73.0,185.0,28.0,1,0.09208062,1,20-30
73.0,186.0,27.0,1,0.09323366,1,20-30
73.0,187.0,26.0,1,0.094733484,1,20-30
73.0,188.0,25.0,1,0.096096195,1,20-30
73.0,189.0,24.0,1,0.09793758,1,20-30
73.0,190.0,23.0,1,0.0999625,1,20-30
73.0,191.0,22.0,1,0.10069041,1,20-30
73.0,192.0,21.0,1,0.102505505,1,20-30
73.0,193.0,20.0,1,0.10383223,1,10-20
73.0,194.0,19.0,1,0.10679659,1,10-20
73.0,195.0,18.0,1,0.10920756,1,10-20
73.0,196.0,17.0,1,0.11151039,1,10-20
73.0,197.0,16.0,1,0.113373786,1,10-20
73.0,198.0,15.0,1,0.11538077,1,10-20
73.0,199.0,14.0,1,0.116001405,1,10-20
73.0,200.0,13.0,1,0.11961332,1,10-20
73.0,201.0,12.0,1,0.12134145,1,10-20
73.0,202.0,11.0,1,0.12267439,1,10-20
73.0,203.0,10.0,1,0.12588152,1,0-10
73.0,204.0,9.0,1,0.12752067,1,0-10
73.0,205.0,8.0,1,0.13019577,1,0-10
73.0,206.0,7.0,1,0.132685,1,0-10
73.0,207.0,6.0,1,0.13614228,1,0-10
73.0,208.0,5.0,1,0.13872181,1,0-10
73.0,209.0,4.0,1,0.14044338,1,0-10
73.0,210.0,3.0,1,0.142702,1,0-10
73.0,211.0,2.0,1,0.14644715,1,0-10
73.0,212.0,1.0,1,0.14945693,1,0-10
73.0,213.0,0.0,1,0.15165126,1,0-10
74.0,136.0,30.0,1,0.0498245,0,20-30
74.0,137.0,29.0,1,0.05024239,0,20-30
74.0,138.0,28.0,1,0.049620055,0,20-30
74.0,139.0,27.0,1,0.05045035,0,20-30
74.0,140.0,26.0,1,0.051642653,0,20-30
74.0,141.0,25.0,1,0.053610273,0,20-30
74.0,142.0,24.0,1,0.054164898,0,20-30
74.0,143.0,23.0,1,0.05542702,0,20-30
74.0,144.0,22.0,1,0.055628262,0,20-30
74.0,145.0,21.0,1,0.05585407,0,20-30
74.0,146.0,20.0,1,0.05740364,0,10-20
74.0,147.0,19.0,1,0.058273934,1,10-20
74.0,148.0,18.0,1,0.059299503,1,10-20
74.0,149.0,17.0,1,0.060959075,1,10-20
74.0,150.0,16.0,1,0.06365828,1,10-20
74.0,151.0,15.0,1,0.06531229,1,10-20
74.0,152.0,14.0,1,0.06642485,1,10-20
74.0,153.0,13.0,1,0.069076315,1,10-20
74.0,154.0,12.0,1,0.07054308,1,10-20
74.0,155.0,11.0,1,0.072708555,1,10-20
74.0,156.0,10.0,1,0.07640386,1,0-10
74.0,157.0,9.0,1,0.07911076,1,0-10
74.0,158.0,8.0,1,0.080944456,1,0-10
74.0,159.0,7.0,1,0.083464816,1,0-10
74.0,160.0,6.0,1,0.08670246,1,0-10
74.0,161.0,5.0,1,0.09032788,1,0-10
74.0,162.0,4.0,1,0.09421612,1,0-10
74.0,163.0,3.0,1,0.099054635,1,0-10
74.0,164.0,2.0,1,0.10362142,1,0-10
74.0,165.0,1.0,1,0.108273454,1,0-10
74.0,166.0,0.0,1,0.11319702,1,0-10
75.0,199.0,30.0,1,0.08085926,1,20-30
75.0,200.0,29.0,1,0.08339227,1,20-30
75.0,201.0,28.0,1,0.08401579,1,20-30
75.0,202.0,27.0,1,0.08532266,1,20-30
75.0,203.0,26.0,1,0.08700806,1,20-30
75.0,204.0,25.0,1,0.09050453,1,20-30
75.0,205.0,24.0,1,0.093468584,1,20-30
75.0,206.0,23.0,1,0.09562935,1,20-30
75.0,207.0,22.0,1,0.096904695,1,20-30
75.0,208.0,21.0,1,0.10044519,1,20-30
75.0,209.0,20.0,1,0.10381373,1,10-20
75.0,210.0,19.0,1,0.10617714,1,10-20
75.0,211.0,18.0,1,0.10900513,1,10-20
75.0,212.0,17.0,1,0.10969399,1,10-20
75.0,213.0,16.0,1,0.11162278,1,10-20
75.0,214.0,15.0,1,0.114604354,1,10-20
75.0,215.0,14.0,1,0.11574579,1,10-20
75.0,216.0,13.0,1,0.11698746,1,10-20
75.0,217.0,12.0,1,0.119449615,1,10-20
75.0,218.0,11.0,1,0.1217551,1,10-20
75.0,219.0,10.0,1,0.123988174,1,0-10
75.0,220.0,9.0,1,0.1274786,1,0-10
75.0,221.0,8.0,1,0.13019432,1,0-10
75.0,222.0,7.0,1,0.13351807,1,0-10
75.0,223.0,6.0,1,0.1349558,1,0-10
75.0,224.0,5.0,1,0.13840322,1,0-10
75.0,225.0,4.0,1,0.14193733,1,0-10
75.0,226.0,3.0,1,0.14452758,1,0-10
75.0,227.0,2.0,1,0.14723036,1,0-10
75.0,228.0,1.0,1,0.15045318,1,0-10
75.0,229.0,0.0,1,0.15365268,1,0-10
76.0,180.0,30.0,1,0.07953758,1,20-30
76.0,181.0,29.0,1,0.08141077,1,20-30
76.0,182.0,28.0,1,0.083748154,1,20-30
76.0,183.0,27.0,1,0.08498057,1,20-30
76.0,184.0,26.0,1,0.08532441,1,20-30
76.0,185.0,25.0,1,0.08781262,1,20-30
76.0,186.0,24.0,1,0.08958706,1,20-30
76.0,187.0,23.0,1,0.09198753,1,20-30
76.0,188.0,22.0,1,0.09474034,1,20-30
76.0,189.0,21.0,1,0.09711362,1,20-30
76.0,190.0,20.0,1,0.09863281,1,10-20
76.0,191.0,19.0,1,0.10114412,1,10-20
76.0,192.0,18.0,1,0.10314835,1,10-20
76.0,193.0,17.0,1,0.1050344,1,10-20
76.0,194.0,16.0,1,0.10660315,1,10-20
76.0,195.0,15.0,1,0.11003425,1,10-20
76.0,196.0,14.0,1,0.1115858,1,10-20
76.0,197.0,13.0,1,0.11354997,1,10-20
76.0,198.0,12.0,1,0.115111135,1,10-20
76.0,199.0,11.0,1,0.118904315,1,10-20
76.0,200.0,10.0,1,0.12140793,1,0-10
76.0,201.0,9.0,1,0.12420812,1,0-10
76.0,202.0,8.0,1,0.12695433,1,0-10
76.0,203.0,7.0,1,0.13023219,1,0-10
76.0,204.0,6.0,1,0.13307695,1,0-10
76.0,205.0,5.0,1,0.13598566,1,0-10
76.0,206.0,4.0,1,0.13871391,1,0-10
76.0,207.0,3.0,1,0.14121892,1,0-10
76.0,208.0,2.0,1,0.14488854,1,0-10
76.0,209.0,1.0,1,0.14744832,1,0-10
76.0,210.0,0.0,1,0.15091777,1,0-10
77.0,124.0,30.0,1,0.05423394,0,20-30
77.0,125.0,29.0,1,0.05472811,0,20-30
77.0,126.0,28.0,1,0.05479863,0,20-30
77.0,127.0,27.0,1,0.056315485,0,20-30
77.0,128.0,26.0,1,0.05735267,0,20-30
77.0,129.0,25.0,1,0.05860934,1,20-30
77.0,130.0,24.0,1,0.059549708,1,20-30
77.0,131.0,23.0,1,0.06021234,1,20-30
77.0,132.0,22.0,1,0.062484812,1,20-30
77.0,133.0,21.0,1,0.06404785,1,20-30
77.0,134.0,20.0,1,0.06518716,1,10-20
77.0,135.0,19.0,1,0.06616288,1,10-20
77.0,136.0,18.0,1,0.06859977,1,10-20
77.0,137.0,17.0,1,0.07073822,1,10-20
77.0,138.0,16.0,1,0.07344305,1,10-20
77.0,139.0,15.0,1,0.075826645,1,10-20
77.0,140.0,14.0,1,0.07910979,1,10-20
77.0,141.0,13.0,1,0.08166319,1,10-20
77.0,142.0,12.0,1,0.08360435,1,10-20
77.0,143.0,11.0,1,0.08502096,1,10-20
77.0,144.0,10.0,1,0.087858364,1,0-10
77.0,145.0,9.0,1,0.09108624,1,0-10
77.0,146.0,8.0,1,0.09448227,1,0-10
77.0,147.0,7.0,1,0.09715724,1,0-10
77.0,148.0,6.0,1,0.09922796,1,0-10
77.0,149.0,5.0,1,0.104753636,1,0-10
77.0,150.0,4.0,1,0.10986494,1,0-10
77.0,151.0,3.0,1,0.11407372,1,0-10
77.0,152.0,2.0,1,0.11828266,1,0-10
77.0,153.0,1.0,1,0.12427381,1,0-10
77.0,154.0,0.0,1,0.12925346,1,0-10
78.0,201.0,30.0,1,0.05277943,0,20-30
78.0,202.0,29.0,1,0.052383635,0,20-30
78.0,203.0,28.0,1,0.052875355,0,20-30
78.0,204.0,27.0,1,0.053507894,0,20-30
78.0,205.0,26.0,1,0.054785963,0,20-30
78.0,206.0,25.0,1,0.05496944,0,20-30
78.0,207.0,24.0,1,0.056628644,0,20-30
78.0,208.0,23.0,1,0.05763939,0,20-30
78.0,209.0,22.0,1,0.059262037,1,20-30
78.0,210.0,21.0,1,0.061484728,1,20-30
78.0,211.0,20.0,1,0.063599065,1,10-20
78.0,212.0,19.0,1,0.06595411,1,10-20
78.0,213.0,18.0,1,0.067785315,1,10-20
78.0,214.0,17.0,1,0.069956556,1,10-20
78.0,215.0,16.0,1,0.071764424,1,10-20
78.0,216.0,15.0,1,0.07463705,1,10-20
78.0,217.0,14.0,1,0.07729193,1,10-20
78.0,218.0,13.0,1,0.08092609,1,10-20
78.0,219.0,12.0,1,0.0850826,1,10-20
78.0,220.0,11.0,1,0.087319285,1,10-20
78.0,221.0,10.0,1,0.090343714,1,0-10
78.0,222.0,9.0,1,0.0946307,1,0-10
78.0,223.0,8.0,1,0.09868966,1,0-10
78.0,224.0,7.0,1,0.10259927,1,0-10
78.0,225.0,6.0,1,0.10759292,1,0-10
78.0,226.0,5.0,1,0.11250091,1,0-10
78.0,227.0,4.0,1,0.11742313,1,0-10
78.0,228.0,3.0,1,0.12180949,1,0-10
78.0,229.0,2.0,1,0.12544115,1,0-10
78.0,230.0,1.0,1,0.13028556,1,0-10
78.0,231.0,0.0,1,0.1350881,1,0-10
79.0,169.0,30.0,1,0.052293457,0,20-30
79.0,170.0,29.0,1,0.052806433,0,20-30
79.0,171.0,28.0,1,0.05364936,0,20-30
79.0,172.0,27.0,1,0.053889748,0,20-30
79.0,173.0,26.0,1,0.05465165,0,20-30
79.0,174.0,25.0,1,0.054453123,0,20-30
79.0,175.0,24.0,1,0.055064198,0,20-30
79.0,176.0,23.0,1,0.05495596,0,20-30
79.0,177.0,22.0,1,0.05655967,0,20-30
79.0,178.0,21.0,1,0.057674244,0,20-30
79.0,179.0,20.0,1,0.057997014,1,10-20
79.0,180.0,19.0,1,0.05986967,1,10-20
79.0,181.0,18.0,1,0.06174027,1,10-20
79.0,182.0,17.0,1,0.06425646,1,10-20
79.0,183.0,16.0,1,0.06707997,1,10-20
79.0,184.0,15.0,1,0.069177635,1,10-20
79.0,185.0,14.0,1,0.07297865,1,10-20
79.0,186.0,13.0,1,0.07635842,1,10-20
79.0,187.0,12.0,1,0.07896803,1,10-20
79.0,188.0,11.0,1,0.08175385,1,10-20
79.0,189.0,10.0,1,0.08545116,1,0-10
79.0,190.0,9.0,1,0.08886152,1,0-10
79.0,191.0,8.0,1,0.09173196,1,0-10
79.0,192.0,7.0,1,0.09535549,1,0-10
79.0,193.0,6.0,1,0.09946135,1,0-10
79.0,194.0,5.0,1,0.10385199,1,0-10
79.0,195.0,4.0,1,0.10843372,1,0-10
79.0,196.0,3.0,1,0.11351689,1,0-10
79.0,197.0,2.0,1,0.11865279,1,0-10
79.0,198.0,1.0,1,0.12438005,1,0-10
79.0,199.0,0.0,1,0.12995565,1,0-10
80.0,155.0,30.0,1,0.06836769,1,20-30
80.0,156.0,29.0,1,0.069482565,1,20-30
80.0,157.0,28.0,1,0.07172634,1,20-30
80.0,158.0,27.0,1,0.07329251,1,20-30
80.0,159.0,26.0,1,0.074748755,1,20-30
80.0,160.0,25.0,1,0.077358246,1,20-30
80.0,161.0,24.0,1,0.08038315,1,20-30
80.0,162.0,23.0,1,0.08198978,1,20-30
80.0,163.0,22.0,1,0.08318488,1,20-30
80.0,164.0,21.0,1,0.0857292,1,20-30
80.0,165.0,20.0,1,0.087997526,1,10-20
80.0,166.0,19.0,1,0.08994454,1,10-20
80.0,167.0,18.0,1,0.093297645,1,10-20
80.0,168.0,17.0,1,0.09556915,1,10-20
80.0,169.0,16.0,1,0.09755018,1,10-20
80.0,170.0,15.0,1,0.10144884,1,10-20
80.0,171.0,14.0,1,0.10484602,1,10-20
80.0,172.0,13.0,1,0.108133346,1,10-20
80.0,173.0,12.0,1,0.111582026,1,10-20
80.0,174.0,11.0,1,0.11475255,1,10-20
80.0,175.0,10.0,1,0.11777304,1,0-10
80.0,176.0,9.0,1,0.12028705,1,0-10
80.0,177.0,8.0,1,0.12471936,1,0-10
80.0,178.0,7.0,1,0.12846877,1,0-10
80.0,179.0,6.0,1,0.13197309,1,0-10
80.0,180.0,5.0,1,0.13667853,1,0-10
80.0,181.0,4.0,1,0.14174213,1,0-10
80.0,182.0,3.0,1,0.14713536,1,0-10
80.0,183.0,2.0,1,0.15243831,1,0-10
80.0,184.0,1.0,1,0.15697336,1,0-10
80.0,185.0,0.0,1,0.1631408,1,0-10
81.0,210.0,30.0,1,0.0756824,1,20-30
81.0,211.0,29.0,1,0.07739613,1,20-30
81.0,212.0,28.0,1,0.078334406,1,20-30
81.0,213.0,27.0,1,0.08082039,1,20-30
81.0,214.0,26.0,1,0.08306922,1,20-30
81.0,215.0,25.0,1,0.084515825,1,20-30
81.0,216.0,24.0,1,0.08730063,1,20-30
81.0,217.0,23.0,1,0.09016966,1,20-30
81.0,218.0,22.0,1,0.09297128,1,20-30
81.0,219.0,21.0,1,0.095282555,1,20-30
81.0,220.0,20.0,1,0.09666394,1,10-20
81.0,221.0,19.0,1,0.09784653,1,10-20
81.0,222.0,18.0,1,0.099387445,1,10-20
81.0,223.0,17.0,1,0.10207015,1,10-20
81.0,224.0,16.0,1,0.104488425,1,10-20
81.0,225.0,15.0,1,0.10601142,1,10-20
81.0,226.0,14.0,1,0.10848755,1,10-20
81.0,227.0,13.0,1,0.1096327,1,10-20
81.0,228.0,12.0,1,0.11167381,1,10-20
81.0,229.0,11.0,1,0.11387976,1,10-20
81.0,230.0,10.0,1,0.11600843,1,0-10
81.0,231.0,9.0,1,0.11841922,1,0-10
81.0,232.0,8.0,1,0.12230264,1,0-10
81.0,233.0,7.0,1,0.12413188,1,0-10
81.0,234.0,6.0,1,0.12614505,1,0-10
81.0,235.0,5.0,1,0.13003363,1,0-10
81.0,236.0,4.0,1,0.13344496,1,0-10
81.0,237.0,3.0,1,0.1367288,1,0-10
81.0,238.0,2.0,1,0.13974923,1,0-10
81.0,239.0,1.0,1,0.14322886,1,0-10
81.0,240.0,0.0,1,0.14686011,1,0-10
82.0,184.0,30.0,1,0.06975054,1,20-30
82.0,185.0,29.0,1,0.07117655,1,20-30
82.0,186.0,28.0,1,0.072110444,1,20-30
82.0,187.0,27.0,1,0.07376532,1,20-30
82.0,188.0,26.0,1,0.07523345,1,20-30
82.0,189.0,25.0,1,0.07503907,1,20-30
82.0,190.0,24.0,1,0.076358,1,20-30
82.0,191.0,23.0,1,0.07728292,1,20-30
82.0,192.0,22.0,1,0.07829835,1,20-30
82.0,193.0,21.0,1,0.079272635,1,20-30
82.0,194.0,20.0,1,0.08097026,1,10-20
82.0,195.0,19.0,1,0.08436301,1,10-20
82.0,196.0,18.0,1,0.08590622,1,10-20
82.0,197.0,17.0,1,0.08747908,1,10-20
82.0,198.0,16.0,1,0.090744555,1,10-20
82.0,199.0,15.0,1,0.09283229,1,10-20
82.0,200.0,14.0,1,0.09496016,1,10-20
82.0,201.0,13.0,1,0.09835683,1,10-20
82.0,202.0,12.0,1,0.101337336,1,10-20
82.0,203.0,11.0,1,0.10448644,1,10-20
82.0,204.0,10.0,1,0.106574476,1,0-10
82.0,205.0,9.0,1,0.10995034,1,0-10
82.0,206.0,8.0,1,0.11370585,1,0-10
82.0,207.0,7.0,1,0.11794711,1,0-10
82.0,208.0,6.0,1,0.12327258,1,0-10
82.0,209.0,5.0,1,0.12930317,1,0-10
82.0,210.0,4.0,1,0.1356469,1,0-10
82.0,211.0,3.0,1,0.14092514,1,0-10
82.0,212.0,2.0,1,0.14551392,1,0-10
82.0,213.0,1.0,1,0.15147853,1,0-10
82.0,214.0,0.0,1,0.15874666,1,0-10
83.0,263.0,30.0,1,0.058140982,1,20-30
83.0,264.0,29.0,1,0.05899431,1,20-30
83.0,265.0,28.0,1,0.06033143,1,20-30
83.0,266.0,27.0,1,0.06096138,1,20-30
83.0,267.0,26.0,1,0.06206655,1,20-30
83.0,268.0,25.0,1,0.06398128,1,20-30
83.0,269.0,24.0,1,0.066607855,1,20-30
83.0,270.0,23.0,1,0.06825242,1,20-30
83.0,271.0,22.0,1,0.06983558,1,20-30
83.0,272.0,21.0,1,0.07166353,1,20-30
83.0,273.0,20.0,1,0.0732336,1,10-20
83.0,274.0,19.0,1,0.07541615,1,10-20
83.0,275.0,18.0,1,0.077090815,1,10-20
83.0,276.0,17.0,1,0.078319415,1,10-20
83.0,277.0,16.0,1,0.07971877,1,10-20
83.0,278.0,15.0,1,0.08307076,1,10-20
83.0,279.0,14.0,1,0.086144075,1,10-20
83.0,280.0,13.0,1,0.08832422,1,10-20
83.0,281.0,12.0,1,0.091056034,1,10-20
83.0,282.0,11.0,1,0.09366102,1,10-20
83.0,283.0,10.0,1,0.09660806,1,0-10
83.0,284.0,9.0,1,0.10076968,1,0-10
83.0,285.0,8.0,1,0.10325057,1,0-10
83.0,286.0,7.0,1,0.10665948,1,0-10
83.0,287.0,6.0,1,0.110171355,1,0-10
83.0,288.0,5.0,1,0.11317239,1,0-10
83.0,289.0,4.0,1,0.117109545,1,0-10
83.0,290.0,3.0,1,0.12089279,1,0-10
83.0,291.0,2.0,1,0.12572679,1,0-10
83.0,292.0,1.0,1,0.12785792,1,0-10
83.0,293.0,0.0,1,0.13181092,1,0-10
84.0,237.0,30.0,1,0.09304623,1,20-30
84.0,238.0,29.0,1,0.095304325,1,20-30
84.0,239.0,28.0,1,0.09546825,1,20-30
84.0,240.0,27.0,1,0.096240796,1,20-30
84.0,241.0,26.0,1,0.09932184,1,20-30
84.0,242.0,25.0,1,0.1009512,1,20-30
84.0,243.0,24.0,1,0.10322816,1,20-30
84.0,244.0,23.0,1,0.10514116,1,20-30
84.0,245.0,22.0,1,0.10699883,1,20-30
84.0,246.0,21.0,1,0.1074731,1,20-30
84.0,247.0,20.0,1,0.110553496,1,10-20
84.0,248.0,19.0,1,0.112536214,1,10-20
84.0,249.0,18.0,1,0.11498805,1,10-20
84.0,250.0,17.0,1,0.11778403,1,10-20
84.0,251.0,16.0,1,0.119708315,1,10-20
84.0,252.0,15.0,1,0.12112784,1,10-20
84.0,253.0,14.0,1,0.12415236,1,10-20
84.0,254.0,13.0,1,0.12628192,1,10-20
84.0,255.0,12.0,1,0.12809494,1,10-20
84.0,256.0,11.0,1,0.12930807,1,10-20
84.0,257.0,10.0,1,0.13149959,1,0-10
84.0,258.0,9.0,1,0.13453609,1,0-10
84.0,259.0,8.0,1,0.13774146,1,0-10
84.0,260.0,7.0,1,0.1402658,1,0-10
84.0,261.0,6.0,1,0.14320445,1,0-10
84.0,262.0,5.0,1,0.14588064,1,0-10
84.0,263.0,4.0,1,0.1497814,1,0-10
84.0,264.0,3.0,1,0.1519865,1,0-10
84.0,265.0,2.0,1,0.15507545,1,0-10
84.0,266.0,1.0,1,0.15786467,1,0-10
84.0,267.0,0.0,1,0.1604703,1,0-10
85.0,158.0,30.0,1,0.05088198,0,20-30
85.0,159.0,29.0,1,0.051255327,0,20-30
85.0,160.0,28.0,1,0.053288974,0,20-30
85.0,161.0,27.0,1,0.054831307,0,20-30
85.0,162.0,26.0,1,0.05608066,0,20-30
85.0,163.0,25.0,1,0.05788599,1,20-30
85.0,164.0,24.0,1,0.058201108,1,20-30
85.0,165.0,23.0,1,0.060101617,1,20-30
85.0,166.0,22.0,1,0.06097748,1,20-30
85.0,167.0,21.0,1,0.062626906,1,20-30
85.0,168.0,20.0,1,0.065057606,1,10-20
85.0,169.0,19.0,1,0.06708034,1,10-20
85.0,170.0,18.0,1,0.06943936,1,10-20
85.0,171.0,17.0,1,0.07052822,1,10-20
85.0,172.0,16.0,1,0.07349217,1,10-20
85.0,173.0,15.0,1,0.07572281,1,10-20
85.0,174.0,14.0,1,0.07880178,1,10-20
85.0,175.0,13.0,1,0.08278117,1,10-20
85.0,176.0,12.0,1,0.08502261,1,10-20
85.0,177.0,11.0,1,0.08858523,1,10-20
85.0,178.0,10.0,1,0.09084178,1,0-10
85.0,179.0,9.0,1,0.09400233,1,0-10
85.0,180.0,8.0,1,0.09687227,1,0-10
85.0,181.0,7.0,1,0.09977061,1,0-10
85.0,182.0,6.0,1,0.10236796,1,0-10
85.0,183.0,5.0,1,0.104965545,1,0-10
85.0,184.0,4.0,1,0.108406864,1,0-10
85.0,185.0,3.0,1,0.11079172,1,0-10
85.0,186.0,2.0,1,0.11629768,1,0-10
85.0,187.0,1.0,1,0.12197319,1,0-10
85.0,188.0,0.0,1,0.12575537,1,0-10
86.0,248.0,30.0,1,0.08914283,1,20-30
86.0,249.0,29.0,1,0.09160574,1,20-30
86.0,250.0,28.0,1,0.093252376,1,20-30
86.0,251.0,27.0,1,0.095656455,1,20-30
86.0,252.0,26.0,1,0.097363316,1,20-30
86.0,253.0,25.0,1,0.09764821,1,20-30
86.0,254.0,24.0,1,0.10005306,1,20-30
86.0,255.0,23.0,1,0.10307079,1,20-30
86.0,256.0,22.0,1,0.10496428,1,20-30
86.0,257.0,21.0,1,0.107468195,1,20-30
86.0,258.0,20.0,1,0.10970192,1,10-20
86.0,259.0,19.0,1,0.11208768,1,10-20
86.0,260.0,18.0,1,0.11493988,1,10-20
86.0,261.0,17.0,1,0.11709169,1,10-20
86.0,262.0,16.0,1,0.119766325,1,10-20
86.0,263.0,15.0,1,0.12298904,1,10-20
86.0,264.0,14.0,1,0.12706697,1,10-20
86.0,265.0,13.0,1,0.12910439,1,10-20
86.0,266.0,12.0,1,0.13244204,1,10-20
86.0,267.0,11.0,1,0.13430682,1,10-20
86.0,268.0,10.0,1,0.13719475,1,0-10
86.0,269.0,9.0,1,0.13976344,1,0-10
86.0,270.0,8.0,1,0.14181846,1,0-10
86.0,271.0,7.0,1,0.14430727,1,0-10
86.0,272.0,6.0,1,0.14630626,1,0-10
86.0,273.0,5.0,1,0.14876159,1,0-10
86.0,274.0,4.0,1,0.1511857,1,0-10
86.0,275.0,3.0,1,0.15362772,1,0-10
86.0,276.0,2.0,1,0.15504412,1,0-10
86.0,277.0,1.0,1,0.15758145,1,0-10
86.0,278.0,0.0,1,0.15958355,1,0-10
87.0,148.0,30.0,1,0.05588791,0,20-30
87.0,149.0,29.0,1,0.057904214,1,20-30
87.0,150.0,28.0,1,0.059204612,1,20-30
87.0,151.0,27.0,1,0.059135906,1,20-30
87.0,152.0,26.0,1,0.06062475,1,20-30
87.0,153.0,25.0,1,0.061422586,1,20-30
87.0,154.0,24.0,1,0.06372057,1,20-30
87.0,155.0,23.0,1,0.064987786,1,20-30
87.0,156.0,22.0,1,0.0656366,1,20-30
87.0,157.0,21.0,1,0.06851284,1,20-30
87.0,158.0,20.0,1,0.070428826,1,10-20
87.0,159.0,19.0,1,0.073078446,1,10-20
87.0,160.0,18.0,1,0.07535817,1,10-20
87.0,161.0,17.0,1,0.07759579,1,10-20
87.0,162.0,16.0,1,0.07937717,1,10-20
87.0,163.0,15.0,1,0.08134298,1,10-20
87.0,164.0,14.0,1,0.08436761,1,10-20
87.0,165.0,13.0,1,0.08692553,1,10-20
87.0,166.0,12.0,1,0.08906835,1,10-20
87.0,167.0,11.0,1,0.09246808,1,10-20
87.0,168.0,10.0,1,0.09579648,1,0-10
87.0,169.0,9.0,1,0.09796114,1,0-10
87.0,170.0,8.0,1,0.10187473,1,0-10
87.0,171.0,7.0,1,0.10563105,1,0-10
87.0,172.0,6.0,1,0.10951715,1,0-10
87.0,173.0,5.0,1,0.11213691,1,0-10
87.0,174.0,4.0,1,0.115842625,1,0-10
87.0,175.0,3.0,1,0.120240584,1,0-10
87.0,176.0,2.0,1,0.124404594,1,0-10
87.0,177.0,1.0,1,0.12798071,1,0-10
87.0,178.0,0.0,1,0.13186684,1,0-10
88.0,183.0,30.0,1,0.064144194,1,20-30
88.0,184.0,29.0,1,0.06536016,1,20-30
88.0,185.0,28.0,1,0.06600978,1,20-30
88.0,186.0,27.0,1,0.067662396,1,20-30
88.0,187.0,26.0,1,0.070438,1,20-30
88.0,188.0,25.0,1,0.07119239,1,20-30
88.0,189.0,24.0,1,0.07323874,1,20-30
88.0,190.0,23.0,1,0.07550098,1,20-30
88.0,191.0,22.0,1,0.07784122,1,20-30
88.0,192.0,21.0,1,0.079937726,1,20-30
88.0,193.0,20.0,1,0.082080126,1,10-20
88.0,194.0,19.0,1,0.08454492,1,10-20
88.0,195.0,18.0,1,0.088351265,1,10-20
88.0,196.0,17.0,1,0.09216154,1,10-20
88.0,197.0,16.0,1,0.095696665,1,10-20
88.0,198.0,15.0,1,0.09843668,1,10-20
88.0,199.0,14.0,1,0.102293774,1,10-20
88.0,200.0,13.0,1,0.10542501,1,10-20
88.0,201.0,12.0,1,0.109065235,1,10-20
88.0,202.0,11.0,1,0.11246715,1,10-20
88.0,203.0,10.0,1,0.11666928,1,0-10
88.0,204.0,9.0,1,0.120822445,1,0-10
88.0,205.0,8.0,1,0.12455239,1,0-10
88.0,206.0,7.0,1,0.12863357,1,0-10
88.0,207.0,6.0,1,0.13348186,1,0-10
88.0,208.0,5.0,1,0.13679689,1,0-10
88.0,209.0,4.0,1,0.14083008,1,0-10
88.0,210.0,3.0,1,0.14596456,1,0-10
88.0,211.0,2.0,1,0.1506737,1,0-10
88.0,212.0,1.0,1,0.15503988,1,0-10
88.0,213.0,0.0,1,0.16087331,1,0-10
89.0,187.0,30.0,1,0.051911443,0,20-30
89.0,188.0,29.0,1,0.052957747,0,20-30
89.0,189.0,28.0,1,0.053354442,0,20-30
89.0,190.0,27.0,1,0.05454929,0,20-30
89.0,191.0,26.0,1,0.056091826,0,20-30
89.0,192.0,25.0,1,0.05680358,0,20-30
89.0,193.0,24.0,1,0.05635968,0,20-30
89.0,194.0,23.0,1,0.057689127,0,20-30
89.0,195.0,22.0,1,0.059246123,1,20-30
89.0,196.0,21.0,1,0.061108723,1,20-30
89.0,197.0,20.0,1,0.06341845,1,10-20
89.0,198.0,19.0,1,0.06605488,1,10-20
89.0,199.0,18.0,1,0.069082536,1,10-20
89.0,200.0,17.0,1,0.071645595,1,10-20
89.0,201.0,16.0,1,0.07355284,1,10-20
89.0,202.0,15.0,1,0.077525735,1,10-20
89.0,203.0,14.0,1,0.08172121,1,10-20
89.0,204.0,13.0,1,0.085786246,1,10-20
89.0,205.0,12.0,1,0.08779314,1,10-20
89.0,206.0,11.0,1,0.09121469,1,10-20
89.0,207.0,10.0,1,0.09574884,1,0-10
89.0,208.0,9.0,1,0.098746546,1,0-10
89.0,209.0,8.0,1,0.1034315,1,0-10
89.0,210.0,7.0,1,0.107381865,1,0-10
89.0,211.0,6.0,1,0.11120888,1,0-10
89.0,212.0,5.0,1,0.11505089,1,0-10
89.0,213.0,4.0,1,0.12081582,1,0-10
89.0,214.0,3.0,1,0.12384936,1,0-10
89.0,215.0,2.0,1,0.12869856,1,0-10
89.0,216.0,1.0,1,0.13357314,1,0-10
89.0,217.0,0.0,1,0.13767447,1,0-10
90.0,124.0,30.0,1,0.05073076,0,20-30
90.0,125.0,29.0,1,0.05064984,0,20-30
90.0,126.0,28.0,1,0.051144876,0,20-30
90.0,127.0,27.0,1,0.0503316,0,20-30
90.0,128.0,26.0,1,0.05027666,0,20-30
90.0,129.0,25.0,1,0.050328683,0,20-30
90.0,130.0,24.0,1,0.050440174,0,20-30
90.0,131.0,23.0,1,0.051172327,0,20-30
90.0,132.0,22.0,1,0.05224636,0,20-30
90.0,133.0,21.0,1,0.052991923,0,20-30
90.0,134.0,20.0,1,0.05429663,0,10-20
90.0,135.0,19.0,1,0.054666597,0,10-20
90.0,136.0,18.0,1,0.05514665,0,10-20
90.0,137.0,17.0,1,0.055939093,0,10-20
90.0,138.0,16.0,1,0.05621122,0,10-20
90.0,139.0,15.0,1,0.057746228,0,10-20
90.0,140.0,14.0,1,0.058429424,1,10-20
90.0,141.0,13.0,1,0.058990918,1,10-20
90.0,142.0,12.0,1,0.061038002,1,10-20
90.0,143.0,11.0,1,0.06296346,1,10-20
90.0,144.0,10.0,1,0.06441456,1,0-10
90.0,145.0,9.0,1,0.066742234,1,0-10
90.0,146.0,8.0,1,0.06897778,1,0-10
90.0,147.0,7.0,1,0.070999,1,0-10
90.0,148.0,6.0,1,0.07256636,1,0-10
90.0,149.0,5.0,1,0.0756553,1,0-10
90.0,150.0,4.0,1,0.07854288,1,0-10
90.0,151.0,3.0,1,0.081301354,1,0-10
90.0,152.0,2.0,1,0.085421704,1,0-10
90.0,153.0,1.0,1,0.091041245,1,0-10
90.0,154.0,0.0,1,0.096473716,1,0-10
91.0,105.0,30.0,1,0.06781585,1,20-30
91.0,106.0,29.0,1,0.06870419,1,20-30
91.0,107.0,28.0,1,0.06892378,1,20-30
91.0,108.0,27.0,1,0.06955514,1,20-30
91.0,109.0,26.0,1,0.07199434,1,20-30
91.0,110.0,25.0,1,0.072503574,1,20-30
91.0,111.0,24.0,1,0.0748325,1,20-30
91.0,112.0,23.0,1,0.07648047,1,20-30
91.0,113.0,22.0,1,0.07882224,1,20-30
91.0,114.0,21.0,1,0.080777824,1,20-30
91.0,115.0,20.0,1,0.080743186,1,10-20
91.0,116.0,19.0,1,0.08178896,1,10-20
91.0,117.0,18.0,1,0.08252445,1,10-20
91.0,118.0,17.0,1,0.08465198,1,10-20
91.0,119.0,16.0,1,0.08709493,1,10-20
91.0,120.0,15.0,1,0.08916616,1,10-20
91.0,121.0,14.0,1,0.09173246,1,10-20
91.0,122.0,13.0,1,0.09364692,1,10-20
91.0,123.0,12.0,1,0.09545566,1,10-20
91.0,124.0,11.0,1,0.09755266,1,10-20
91.0,125.0,10.0,1,0.099555396,1,0-10
91.0,126.0,9.0,1,0.10383566,1,0-10
91.0,127.0,8.0,1,0.10741754,1,0-10
91.0,128.0,7.0,1,0.11060544,1,0-10
91.0,129.0,6.0,1,0.113349155,1,0-10
91.0,130.0,5.0,1,0.116134614,1,0-10
91.0,131.0,4.0,1,0.11878895,1,0-10
91.0,132.0,3.0,1,0.12309514,1,0-10
91.0,133.0,2.0,1,0.12839055,1,0-10
91.0,134.0,1.0,1,0.13243221,1,0-10
91.0,135.0,0.0,1,0.13698801,1,0-10
92.0,311.0,30.0,1,0.09962226,1,20-30
92.0,312.0,29.0,1,0.10316213,1,20-30
92.0,313.0,28.0,1,0.1049355,1,20-30
92.0,314.0,27.0,1,0.10692935,1,20-30
92.0,315.0,26.0,1,0.10739774,1,20-30
92.0,316.0,25.0,1,0.11000332,1,20-30
92.0,317.0,24.0,1,0.11140337,1,20-30
92.0,318.0,23.0,1,0.11285999,1,20-30
92.0,319.0,22.0,1,0.11593848,1,20-30
92.0,320.0,21.0,1,0.11845729,1,20-30
92.0,321.0,20.0,1,0.12211306,1,10-20
92.0,322.0,19.0,1,0.12489184,1,10-20
92.0,323.0,18.0,1,0.12683474,1,10-20
92.0,324.0,17.0,1,0.13014497,1,10-20
92.0,325.0,16.0,1,0.13327836,1,10-20
92.0,326.0,15.0,1,0.13538888,1,10-20
92.0,327.0,14.0,1,0.13717337,1,10-20
92.0,328.0,13.0,1,0.14029212,1,10-20
92.0,329.0,12.0,1,0.14255536,1,10-20
92.0,330.0,11.0,1,0.14442699,1,10-20
92.0,331.0,10.0,1,0.14783958,1,0-10
92.0,332.0,9.0,1,0.15062295,1,0-10
92.0,333.0,8.0,1,0.15405186,1,0-10
92.0,334.0,7.0,1,0.15749021,1,0-10
92.0,335.0,6.0,1,0.16081356,1,0-10
92.0,336.0,5.0,1,0.16408917,1,0-10
92.0,337.0,4.0,1,0.16577478,1,0-10
92.0,338.0,3.0,1,0.16960162,1,0-10
92.0,339.0,2.0,1,0.1730608,1,0-10
92.0,340.0,1.0,1,0.17700647,1,0-10
92.0,341.0,0.0,1,0.18138601,1,0-10
93.0,125.0,30.0,1,0.0530919,0,20-30
93.0,126.0,29.0,1,0.053170837,0,20-30
93.0,127.0,28.0,1,0.052205395,0,20-30
93.0,128.0,27.0,1,0.052611444,0,20-30
93.0,129.0,26.0,1,0.052651923,0,20-30
93.0,130.0,25.0,1,0.053065896,0,20-30
93.0,131.0,24.0,1,0.05414564,0,20-30
93.0,132.0,23.0,1,0.055280592,0,20-30
93.0,133.0,22.0,1,0.056154277,0,20-30
93.0,134.0,21.0,1,0.05627425,0,20-30
93.0,135.0,20.0,1,0.05701752,0,10-20
93.0,136.0,19.0,1,0.057765372,0,10-20
93.0,137.0,18.0,1,0.060018923,1,10-20
93.0,138.0,17.0,1,0.06182196,1,10-20
93.0,139.0,16.0,1,0.062945254,1,10-20
93.0,140.0,15.0,1,0.06472197,1,10-20
93.0,141.0,14.0,1,0.066655084,1,10-20
93.0,142.0,13.0,1,0.06715704,1,10-20
93.0,143.0,12.0,1,0.06897922,1,10-20
93.0,144.0,11.0,1,0.07144245,1,10-20
93.0,145.0,10.0,1,0.0749793,1,0-10
93.0,146.0,9.0,1,0.077579245,1,0-10
93.0,147.0,8.0,1,0.08050461,1,0-10
93.0,148.0,7.0,1,0.084208526,1,0-10
93.0,149.0,6.0,1,0.08803921,1,0-10
93.0,150.0,5.0,1,0.09230448,1,0-10
93.0,151.0,4.0,1,0.09699642,1,0-10
93.0,152.0,3.0,1,0.10091953,1,0-10
93.0,153.0,2.0,1,0.10537015,1,0-10
93.0,154.0,1.0,1,0.11078218,1,0-10
93.0,155.0,0.0,1,0.11468487,1,0-10
94.0,228.0,30.0,1,0.094714664,1,20-30
94.0,229.0,29.0,1,0.09654293,1,20-30
94.0,230.0,28.0,1,0.098367386,1,20-30
94.0,231.0,27.0,1,0.0998574,1,20-30
94.0,232.0,26.0,1,0.10139829,1,20-30
94.0,233.0,25.0,1,0.103029214,1,20-30
94.0,234.0,24.0,1,0.105629794,1,20-30
94.0,235.0,23.0,1,0.10778777,1,20-30
94.0,236.0,22.0,1,0.11106079,1,20-30
94.0,237.0,21.0,1,0.11292449,1,20-30
94.0,238.0,20.0,1,0.11492932,1,10-20
94.0,239.0,19.0,1,0.11880302,1,10-20
94.0,240.0,18.0,1,0.12169902,1,10-20
94.0,241.0,17.0,1,0.1235779,1,10-20
94.0,242.0,16.0,1,0.12627046,1,10-20
94.0,243.0,15.0,1,0.12815854,1,10-20
94.0,244.0,14.0,1,0.1299427,1,10-20
94.0,245.0,13.0,1,0.132308,1,10-20
94.0,246.0,12.0,1,0.13620917,1,10-20
94.0,247.0,11.0,1,0.13916458,1,10-20
94.0,248.0,10.0,1,0.14297675,1,0-10
94.0,249.0,9.0,1,0.14593397,1,0-10
94.0,250.0,8.0,1,0.14943977,1,0-10
94.0,251.0,7.0,1,0.15346275,1,0-10
94.0,252.0,6.0,1,0.15725206,1,0-10
94.0,253.0,5.0,1,0.16027585,1,0-10
94.0,254.0,4.0,1,0.16343574,1,0-10
94.0,255.0,3.0,1,0.16740403,1,0-10
94.0,256.0,2.0,1,0.17207976,1,0-10
94.0,257.0,1.0,1,0.17591211,1,0-10
94.0,258.0,0.0,1,0.18026364,1,0-10
95.0,253.0,30.0,1,0.068450734,1,20-30
95.0,254.0,29.0,1,0.07008221,1,20-30
95.0,255.0,28.0,1,0.07089346,1,20-30
95.0,256.0,27.0,1,0.07248274,1,20-30
95.0,257.0,26.0,1,0.07416021,1,20-30
95.0,258.0,25.0,1,0.077080876,1,20-30
95.0,259.0,24.0,1,0.07829117,1,20-30
95.0,260.0,23.0,1,0.079962485,1,20-30
95.0,261.0,22.0,1,0.08128164,1,20-30
95.0,262.0,21.0,1,0.0823866,1,20-30
95.0,263.0,20.0,1,0.084101535,1,10-20
95.0,264.0,19.0,1,0.08717714,1,10-20
95.0,265.0,18.0,1,0.08968382,1,10-20
95.0,266.0,17.0,1,0.09167487,1,10-20
95.0,267.0,16.0,1,0.094858035,1,10-20
95.0,268.0,15.0,1,0.09724903,1,10-20
95.0,269.0,14.0,1,0.09967221,1,10-20
95.0,270.0,13.0,1,0.10375497,1,10-20
95.0,271.0,12.0,1,0.107797004,1,10-20
95.0,272.0,11.0,1,0.110936806,1,10-20
95.0,273.0,10.0,1,0.11496542,1,0-10
95.0,274.0,9.0,1,0.11762923,1,0-10
95.0,275.0,8.0,1,0.12142397,1,0-10
95.0,276.0,7.0,1,0.12515827,1,0-10
95.0,277.0,6.0,1,0.12763958,1,0-10
95.0,278.0,5.0,1,0.13189706,1,0-10
95.0,279.0,4.0,1,0.13597001,1,0-10
95.0,280.0,3.0,1,0.13958919,1,0-10
95.0,281.0,2.0,1,0.14341767,1,0-10
95.0,282.0,1.0,1,0.1485827,1,0-10
95.0,283.0,0.0,1,0.15384379,1,0-10
96.0,306.0,30.0,1,0.090236664,1,20-30
96.0,307.0,29.0,1,0.090883896,1,20-30
96.0,308.0,28.0,1,0.09285897,1,20-30
96.0,309.0,27.0,1,0.095122956,1,20-30
96.0,310.0,26.0,1,0.09658455,1,20-30
96.0,311.0,25.0,1,0.098905005,1,20-30
96.0,312.0,24.0,1,0.10110045,1,20-30
96.0,313.0,23.0,1,0.10279164,1,20-30
96.0,314.0,22.0,1,0.10511454,1,20-30
96.0,315.0,21.0,1,0.10788413,1,20-30
96.0,316.0,20.0,1,0.108521916,1,10-20
96.0,317.0,19.0,1,0.11107559,1,10-20
96.0,318.0,18.0,1,0.1124397,1,10-20
96.0,319.0,17.0,1,0.11328533,1,10-20
96.0,320.0,16.0,1,0.11555582,1,10-20
96.0,321.0,15.0,1,0.11640949,1,10-20
96.0,322.0,14.0,1,0.118540905,1,10-20
96.0,323.0,13.0,1,0.119737364,1,10-20
96.0,324.0,12.0,1,0.12228675,1,10-20
96.0,325.0,11.0,1,0.1258012,1,10-20
96.0,326.0,10.0,1,0.12820332,1,0-10
96.0,327.0,9.0,1,0.13085023,1,0-10
96.0,328.0,8.0,1,0.13345887,1,0-10
96.0,329.0,7.0,1,0.13698131,1,0-10
96.0,330.0,6.0,1,0.14015253,1,0-10
96.0,331.0,5.0,1,0.14262116,1,0-10
96.0,332.0,4.0,1,0.1458658,1,0-10
96.0,333.0,3.0,1,0.1485907,1,0-10
96.0,334.0,2.0,1,0.15036923,1,0-10
96.0,335.0,1.0,1,0.1543906,1,0-10
96.0,336.0,0.0,1,0.15886289,1,0-10
97.0,172.0,30.0,1,0.058091033,1,20-30
97.0,173.0,29.0,1,0.05997522,1,20-30
97.0,174.0,28.0,1,0.06095572,1,20-30
97.0,175.0,27.0,1,0.062156696,1,20-30
97.0,176.0,26.0,1,0.06381779,1,20-30
97.0,177.0,25.0,1,0.06442379,1,20-30
97.0,178.0,24.0,1,0.06687768,1,20-30
97.0,179.0,23.0,1,0.06755289,1,20-30
97.0,180.0,22.0,1,0.07004097,1,20-30
97.0,181.0,21.0,1,0.070650674,1,20-30
97.0,182.0,20.0,1,0.07156816,1,10-20
97.0,183.0,19.0,1,0.07286231,1,10-20
97.0,184.0,18.0,1,0.0751206,1,10-20
97.0,185.0,17.0,1,0.07729995,1,10-20
97.0,186.0,16.0,1,0.0797778,1,10-20
97.0,187.0,15.0,1,0.082635365,1,10-20
97.0,188.0,14.0,1,0.08513315,1,10-20
97.0,189.0,13.0,1,0.087828554,1,10-20
97.0,190.0,12.0,1,0.09029007,1,10-20
97.0,191.0,11.0,1,0.09371276,1,10-20
97.0,192.0,10.0,1,0.09846136,1,0-10
97.0,193.0,9.0,1,0.10158695,1,0-10
97.0,194.0,8.0,1,0.10538554,1,0-10
97.0,195.0,7.0,1,0.110537365,1,0-10
97.0,196.0,6.0,1,0.1145636,1,0-10
97.0,197.0,5.0,1,0.120123245,1,0-10
97.0,198.0,4.0,1,0.12667714,1,0-10
97.0,199.0,3.0,1,0.13274758,1,0-10
97.0,200.0,2.0,1,0.13898143,1,0-10
97.0,201.0,1.0,1,0.14578432,1,0-10
97.0,202.0,0.0,1,0.15276164,1,0-10
98.0,126.0,30.0,1,0.050993394,0,20-30
98.0,127.0,29.0,1,0.05069536,0,20-30
98.0,128.0,28.0,1,0.050101798,0,20-30
98.0,129.0,27.0,1,0.05069769,0,20-30
98.0,130.0,26.0,1,0.05131084,0,20-30
98.0,131.0,25.0,1,0.05206032,0,20-30
98.0,132.0,24.0,1,0.05234204,0,20-30
98.0,133.0,23.0,1,0.052510962,0,20-30
98.0,134.0,22.0,1,0.052671697,0,20-30
98.0,135.0,21.0,1,0.053205162,0,20-30
98.0,136.0,20.0,1,0.054001518,0,10-20
98.0,137.0,19.0,1,0.054367602,0,10-20
98.0,138.0,18.0,1,0.0554357,0,10-20
98.0,139.0,17.0,1,0.05696852,0,10-20
98.0,140.0,16.0,1,0.05777925,0,10-20
98.0,141.0,15.0,1,0.060031224,1,10-20
98.0,142.0,14.0,1,0.061381534,1,10-20
98.0,143.0,13.0,1,0.0631798,1,10-20
98.0,144.0,12.0,1,0.06570312,1,10-20
98.0,145.0,11.0,1,0.06790139,1,10-20
98.0,146.0,10.0,1,0.06920371,1,0-10
98.0,147.0,9.0,1,0.07334498,1,0-10
98.0,148.0,8.0,1,0.07687088,1,0-10
98.0,149.0,7.0,1,0.078734405,1,0-10
98.0,150.0,6.0,1,0.08177744,1,0-10
98.0,151.0,5.0,1,0.08542928,1,0-10
98.0,152.0,4.0,1,0.08929027,1,0-10
98.0,153.0,3.0,1,0.093405485,1,0-10
98.0,154.0,2.0,1,0.0974615,1,0-10
98.0,155.0,1.0,1,0.10276697,1,0-10
98.0,156.0,0.0,1,0.10741569,1,0-10
99.0,155.0,30.0,1,0.05014031,0,20-30
99.0,156.0,29.0,1,0.0514843,0,20-30
99.0,157.0,28.0,1,0.0515836,0,20-30
99.0,158.0,27.0,1,0.0527005,0,20-30
99.0,159.0,26.0,1,0.053368457,0,20-30
99.0,160.0,25.0,1,0.05395986,0,20-30
99.0,161.0,24.0,1,0.055039175,0,20-30
99.0,162.0,23.0,1,0.055875905,0,20-30
99.0,163.0,22.0,1,0.05788955,1,20-30
99.0,164.0,21.0,1,0.058465935,1,20-30
99.0,165.0,20.0,1,0.059634015,1,10-20
99.0,166.0,19.0,1,0.06153377,1,10-20
99.0,167.0,18.0,1,0.06335515,1,10-20
99.0,168.0,17.0,1,0.06559608,1,10-20
99.0,169.0,16.0,1,0.067882925,1,10-20
99.0,170.0,15.0,1,0.0696422,1,10-20
99.0,171.0,14.0,1,0.072344445,1,10-20
99.0,172.0,13.0,1,0.074871354,1,10-20
99.0,173.0,12.0,1,0.07730082,1,10-20
99.0,174.0,11.0,1,0.08029256,1,10-20
99.0,175.0,10.0,1,0.08251746,1,0-10
99.0,176.0,9.0,1,0.08493681,1,0-10
99.0,177.0,8.0,1,0.08715675,1,0-10
99.0,178.0,7.0,1,0.09121189,1,0-10
99.0,179.0,6.0,1,0.094979845,1,0-10
99.0,180.0,5.0,1,0.100538366,1,0-10
99.0,181.0,4.0,1,0.10500111,1,0-10
99.0,182.0,3.0,1,0.109606236,1,0-10
99.0,183.0,2.0,1,0.114362374,1,0-10
99.0,184.0,1.0,1,0.11936522,1,0-10
99.0,185.0,0.0,1,0.12438062,1,0-10
100.0,170.0,30.0,1,0.06614477,1,20-30
100.0,171.0,29.0,1,0.06851079,1,20-30
100.0,172.0,28.0,1,0.0702116,1,20-30
100.0,173.0,27.0,1,0.07198255,1,20-30
100.0,174.0,26.0,1,0.07361681,1,20-30
100.0,175.0,25.0,1,0.07495229,1,20-30
100.0,176.0,24.0,1,0.076308936,1,20-30
100.0,177.0,23.0,1,0.07848408,1,20-30
100.0,178.0,22.0,1,0.080888584,1,20-30
100.0,179.0,21.0,1,0.082338646,1,20-30
100.0,180.0,20.0,1,0.08365999,1,10-20
100.0,181.0,19.0,1,0.08618225,1,10-20
100.0,182.0,18.0,1,0.08890079,1,10-20
100.0,183.0,17.0,1,0.091847375,1,10-20
100.0,184.0,16.0,1,0.094708785,1,10-20
100.0,185.0,15.0,1,0.09610881,1,10-20
100.0,186.0,14.0,1,0.09757096,1,10-20
100.0,187.0,13.0,1,0.100292176,1,10-20
100.0,188.0,12.0,1,0.10300413,1,10-20
100.0,189.0,11.0,1,0.10626237,1,10-20
100.0,190.0,10.0,1,0.10860792,1,0-10
100.0,191.0,9.0,1,0.11366122,1,0-10
100.0,192.0,8.0,1,0.117210306,1,0-10
100.0,193.0,7.0,1,0.120364465,1,0-10
100.0,194.0,6.0,1,0.123415954,1,0-10
100.0,195.0,5.0,1,0.12599406,1,0-10
100.0,196.0,4.0,1,0.12891127,1,0-10
100.0,197.0,3.0,1,0.1327656,1,0-10
100.0,198.0,2.0,1,0.13676459,1,0-10
100.0,199.0,1.0,1,0.14137577,1,0-10
100.0,200.0,0.0,1,0.14473993,1,0-10
