unit,cycle,rul,label,reconstruction_error,predicted_label,rul_range
88.0,87.0,125.0,0,0.046469305,0,120+
56.0,132.0,125.0,0,0.04922239,0,120+
17.0,142.0,125.0,0,0.04888078,0,120+
95.0,87.0,125.0,0,0.0560813,0,120+
2.0,143.0,125.0,0,0.05262952,0,120+
10.0,43.0,125.0,0,0.05781348,1,120+
72.0,59.0,125.0,0,0.04548017,0,120+
9.0,70.0,125.0,0,0.04753826,0,120+
10.0,83.0,125.0,0,0.053582095,0,120+
46.0,135.0,121.0,0,0.047351956,0,120+
85.0,43.0,125.0,0,0.04467638,0,120+
69.0,68.0,125.0,0,0.049071223,0,120+
61.0,56.0,125.0,0,0.058316737,1,120+
84.0,97.0,125.0,0,0.045728635,0,120+
94.0,30.0,125.0,0,0.043384895,0,120+
21.0,54.0,125.0,0,0.049447726,0,120+
85.0,54.0,125.0,0,0.046847366,0,120+
95.0,131.0,125.0,0,0.04960862,0,120+
2.0,119.0,125.0,0,0.04953384,0,120+
10.0,55.0,125.0,0,0.0573583,0,120+
32.0,43.0,125.0,0,0.04746916,0,120+
30.0,39.0,125.0,0,0.060518686,1,120+
16.0,50.0,125.0,0,0.04703434,0,120+
72.0,53.0,125.0,0,0.043254703,0,120+
82.0,54.0,125.0,0,0.0528769,0,120+
54.0,47.0,125.0,0,0.049565338,0,120+
6.0,52.0,125.0,0,0.04526163,0,120+
53.0,38.0,125.0,0,0.04529341,0,120+
35.0,30.0,125.0,0,0.045291524,0,120+
96.0,192.0,125.0,0,0.04902933,0,120+
86.0,67.0,125.0,0,0.04510409,0,120+
95.0,68.0,125.0,0,0.06042857,1,120+
69.0,231.0,125.0,0,0.046531487,0,120+
92.0,125.0,125.0,0,0.048244283,0,120+
4.0,58.0,125.0,0,0.0489189,0,120+
76.0,31.0,125.0,0,0.047412075,0,120+
78.0,50.0,125.0,0,0.05789439,1,120+
81.0,76.0,125.0,0,0.047418635,0,120+
15.0,35.0,125.0,0,0.05796903,1,120+
47.0,82.0,125.0,0,0.056376267,0,120+
10.0,81.0,125.0,0,0.05351199,0,120+
76.0,37.0,125.0,0,0.046243224,0,120+
20.0,56.0,125.0,0,0.045918047,0,120+
99.0,61.0,124.0,0,0.0480904,0,120+
69.0,52.0,125.0,0,0.049663637,0,120+
31.0,72.0,125.0,0,0.056619164,0,120+
59.0,104.0,125.0,0,0.05255916,0,120+
5.0,103.0,125.0,0,0.054095708,0,120+
54.0,78.0,125.0,0,0.04890208,0,120+
35.0,57.0,124.0,0,0.047270484,0,120+
92.0,59.0,125.0,0,0.04849027,0,120+
32.0,56.0,125.0,0,0.043964785,0,120+
76.0,53.0,125.0,0,0.0452175,0,120+
56.0,51.0,125.0,0,0.048395023,0,120+
43.0,45.0,125.0,0,0.05675167,0,120+
14.0,45.0,125.0,0,0.047446024,0,120+
79.0,45.0,125.0,0,0.050154082,0,120+
51.0,36.0,125.0,0,0.044932898,0,120+
47.0,35.0,125.0,0,0.05651008,0,120+
88.0,49.0,125.0,0,0.046945013,0,120+
4.0,52.0,125.0,0,0.050602198,0,120+
69.0,227.0,125.0,0,0.04720795,0,120+
100.0,30.0,125.0,0,0.048379492,0,120+
9.0,47.0,125.0,0,0.050915256,0,120+
55.0,60.0,125.0,0,0.047199108,0,120+
14.0,41.0,125.0,0,0.047905657,0,120+
92.0,193.0,125.0,0,0.047166415,0,120+
6.0,67.0,121.0,0,0.043786164,0,120+
96.0,46.0,125.0,0,0.04360867,0,120+
17.0,148.0,125.0,0,0.049991474,0,120+
64.0,75.0,125.0,0,0.0466425,0,120+
17.0,156.0,120.0,0,0.04850941,0,90-120
7.0,121.0,125.0,0,0.04870774,0,120+
42.0,38.0,125.0,0,0.050235156,0,120+
88.0,33.0,125.0,0,0.046467487,0,120+
86.0,65.0,125.0,0,0.04614303,0,120+
26.0,50.0,125.0,0,0.049539752,0,120+
38.0,47.0,125.0,0,0.04530235,0,120+
85.0,53.0,125.0,0,0.045699626,0,120+
35.0,60.0,121.0,0,0.04878443,0,120+
2.0,155.0,125.0,0,0.05483571,0,120+
69.0,141.0,125.0,0,0.047195334,0,120+
99.0,54.0,125.0,0,0.04894367,0,120+
89.0,68.0,125.0,0,0.044921942,0,120+
94.0,105.0,125.0,0,0.04688911,0,120+
92.0,150.0,125.0,0,0.047054615,0,120+
96.0,69.0,125.0,0,0.049358167,0,120+
100.0,77.0,123.0,0,0.04901143,0,120+
20.0,103.0,125.0,0,0.046414245,0,120+
2.0,88.0,125.0,0,0.059465237,1,120+
69.0,32.0,125.0,0,0.046577454,0,120+
61.0,36.0,125.0,0,0.05797733,1,120+
59.0,84.0,125.0,0,0.0560249,0,120+
88.0,85.0,125.0,0,0.04742143,0,120+
43.0,56.0,125.0,0,0.0527127,0,120+
15.0,37.0,125.0,0,0.058792878,1,120+
47.0,64.0,125.0,0,0.050312098,0,120+
2.0,164.0,123.0,0,0.048007593,0,120+
92.0,151.0,125.0,0,0.047120888,0,120+
51.0,35.0,125.0,0,0.046338204,0,120+
20.0,71.0,125.0,0,0.045286532,0,120+
72.0,55.0,125.0,0,0.043228786,0,120+
72.0,63.0,125.0,0,0.044883296,0,120+
64.0,31.0,125.0,0,0.048698634,0,120+
92.0,112.0,125.0,0,0.047626022,0,120+
2.0,144.0,125.0,0,0.052513387,0,120+
16.0,65.0,125.0,0,0.04815368,0,120+
9.0,39.0,125.0,0,0.04824246,0,120+
38.0,32.0,125.0,0,0.049569,0,120+
59.0,91.0,125.0,0,0.05527954,0,120+
78.0,39.0,125.0,0,0.05870141,1,120+
31.0,106.0,125.0,0,0.050684094,0,120+
95.0,71.0,125.0,0,0.05942827,1,120+
2.0,67.0,125.0,0,0.051408008,0,120+
46.0,48.0,125.0,0,0.05108914,0,120+
34.0,62.0,125.0,0,0.04863774,0,120+
66.0,31.0,125.0,0,0.048509505,0,120+
44.0,52.0,125.0,0,0.049089402,0,120+
47.0,38.0,125.0,0,0.054498304,0,120+
30.0,60.0,125.0,0,0.05296046,0,120+
10.0,68.0,125.0,0,0.059255313,1,120+
75.0,38.0,125.0,0,0.046725113,0,120+
40.0,40.0,125.0,0,0.046119045,0,120+
31.0,69.0,125.0,0,0.06013694,1,120+
67.0,31.0,125.0,0,0.049978346,0,120+
40.0,49.0,125.0,0,0.046192966,0,120+
54.0,89.0,125.0,0,0.053590775,0,120+
83.0,111.0,125.0,0,0.05605869,0,120+
28.0,42.0,123.0,0,0.05259216,0,120+
92.0,195.0,125.0,0,0.04790659,0,120+
47.0,46.0,125.0,0,0.05083104,0,120+
50.0,34.0,125.0,0,0.045790177,0,120+
23.0,45.0,123.0,0,0.049302444,0,120+
96.0,158.0,125.0,0,0.04965456,0,120+
35.0,43.0,125.0,0,0.046102915,0,120+
6.0,32.0,125.0,0,0.04671369,0,120+
52.0,76.0,125.0,0,0.045244794,0,120+
95.0,148.0,125.0,0,0.046450105,0,120+
18.0,66.0,125.0,0,0.04814981,0,120+
56.0,121.0,125.0,0,0.047445316,0,120+
95.0,58.0,125.0,0,0.05822547,1,120+
84.0,36.0,125.0,0,0.045702856,0,120+
46.0,59.0,125.0,0,0.0466583,0,120+
62.0,51.0,125.0,0,0.045195255,0,120+
78.0,103.0,125.0,0,0.05458993,0,120+
87.0,39.0,125.0,0,0.047476605,0,120+
94.0,110.0,125.0,0,0.04831002,0,120+
81.0,68.0,125.0,0,0.047882084,0,120+
26.0,53.0,125.0,0,0.049148083,0,120+
79.0,49.0,125.0,0,0.04988641,0,120+
69.0,126.0,125.0,0,0.04994163,0,120+
1.0,44.0,125.0,0,0.044879686,0,120+
81.0,70.0,125.0,0,0.048133463,0,120+
96.0,127.0,125.0,0,0.04527671,0,120+
100.0,40.0,125.0,0,0.044537146,0,120+
3.0,48.0,125.0,0,0.04785225,0,120+
69.0,226.0,125.0,0,0.04657586,0,120+
67.0,172.0,125.0,0,0.04817506,0,120+
68.0,31.0,125.0,0,0.04634863,0,120+
83.0,41.0,125.0,0,0.058597364,1,120+
92.0,86.0,125.0,0,0.047812305,0,120+
4.0,40.0,125.0,0,0.04641897,0,120+
81.0,37.0,125.0,0,0.04744596,0,120+
31.0,111.0,123.0,0,0.052446146,0,120+
96.0,150.0,125.0,0,0.05050559,0,120+
63.0,45.0,125.0,0,0.049915146,0,120+
79.0,78.0,121.0,0,0.05028254,0,120+
96.0,190.0,125.0,0,0.04926275,0,120+
31.0,91.0,125.0,0,0.05034236,0,120+
2.0,154.0,125.0,0,0.055169053,0,120+
5.0,98.0,125.0,0,0.053632762,0,120+
2.0,52.0,125.0,0,0.048203718,0,120+
69.0,33.0,125.0,0,0.046825163,0,120+
47.0,73.0,125.0,0,0.05340181,0,120+
82.0,37.0,125.0,0,0.05417667,0,120+
2.0,66.0,125.0,0,0.05091891,0,120+
67.0,134.0,125.0,0,0.0427878,0,120+
82.0,92.0,122.0,0,0.05057564,0,120+
84.0,104.0,125.0,0,0.045858406,0,120+
53.0,75.0,120.0,0,0.05135211,0,90-120
99.0,65.0,120.0,0,0.049236014,0,90-120
17.0,61.0,125.0,0,0.04792273,0,120+
53.0,67.0,125.0,0,0.0517989,0,120+
92.0,31.0,125.0,0,0.048608698,0,120+
22.0,38.0,125.0,0,0.044454753,0,120+
50.0,78.0,120.0,0,0.049565494,0,90-120
38.0,43.0,125.0,0,0.046622816,0,120+
25.0,94.0,125.0,0,0.048570137,0,120+
49.0,77.0,125.0,0,0.045264106,0,120+
96.0,70.0,125.0,0,0.049785458,0,120+
64.0,60.0,125.0,0,0.045518998,0,120+
95.0,112.0,125.0,0,0.05277198,0,120+
36.0,34.0,124.0,0,0.046225995,0,120+
67.0,101.0,125.0,0,0.04871941,0,120+
52.0,84.0,125.0,0,0.046800114,0,120+
67.0,185.0,125.0,0,0.04769944,0,120+
52.0,59.0,125.0,0,0.04370037,0,120+
84.0,113.0,125.0,0,0.04536569,0,120+
47.0,39.0,125.0,0,0.054490793,0,120+
42.0,52.0,125.0,0,0.05162997,0,120+
69.0,106.0,125.0,0,0.04619625,0,120+
72.0,49.0,125.0,0,0.04249742,0,120+
64.0,108.0,125.0,0,0.045206197,0,120+
3.0,30.0,125.0,0,0.046369832,0,120+
64.0,119.0,125.0,0,0.04668034,0,120+
54.0,134.0,123.0,0,0.047664843,0,120+
63.0,30.0,125.0,0,0.04758303,0,120+
82.0,47.0,125.0,0,0.055034567,0,120+
59.0,106.0,125.0,0,0.053534918,0,120+
64.0,63.0,125.0,0,0.04660978,0,120+
67.0,190.0,123.0,0,0.04853866,0,120+
25.0,74.0,125.0,0,0.047345523,0,120+
95.0,156.0,125.0,0,0.048351403,0,120+
69.0,102.0,125.0,0,0.045635115,0,120+
17.0,87.0,125.0,0,0.042681225,0,120+
69.0,161.0,125.0,0,0.047738098,0,120+
85.0,41.0,125.0,0,0.044428598,0,120+
20.0,113.0,121.0,0,0.04605161,0,120+
1.0,53.0,125.0,0,0.04500409,0,120+
17.0,153.0,123.0,0,0.048896566,0,120+
86.0,142.0,125.0,0,0.044088736,0,120+
41.0,60.0,125.0,0,0.05084083,0,120+
9.0,53.0,125.0,0,0.053196784,0,120+
5.0,38.0,125.0,0,0.061347283,1,120+
46.0,70.0,125.0,0,0.048079286,0,120+
96.0,94.0,125.0,0,0.050629728,0,120+
11.0,39.0,125.0,0,0.060661927,1,120+
92.0,98.0,125.0,0,0.047793582,0,120+
54.0,97.0,125.0,0,0.05126811,0,120+
69.0,222.0,125.0,0,0.046983764,0,120+
69.0,156.0,125.0,0,0.046689954,0,120+
73.0,79.0,125.0,0,0.047244456,0,120+
83.0,80.0,125.0,0,0.051583722,0,120+
82.0,51.0,125.0,0,0.05235653,0,120+
14.0,58.0,122.0,0,0.047608033,0,120+
32.0,69.0,122.0,0,0.044729237,0,120+
80.0,63.0,122.0,0,0.04650948,0,120+
69.0,144.0,125.0,0,0.04771143,0,120+
25.0,107.0,123.0,0,0.045537077,0,120+
55.0,65.0,125.0,0,0.0486296,0,120+
12.0,40.0,125.0,0,0.04766534,0,120+
22.0,77.0,125.0,0,0.04864932,0,120+
10.0,79.0,125.0,0,0.05391405,0,120+
97.0,50.0,125.0,0,0.048520487,0,120+
81.0,44.0,125.0,0,0.04690124,0,120+
84.0,47.0,125.0,0,0.044226024,0,120+
67.0,83.0,125.0,0,0.047888022,0,120+
51.0,71.0,125.0,0,0.06001253,1,120+
93.0,32.0,123.0,0,0.050627373,0,120+
1.0,45.0,125.0,0,0.045282442,0,120+
5.0,125.0,125.0,0,0.05143619,0,120+
41.0,33.0,125.0,0,0.05378674,0,120+
5.0,104.0,125.0,0,0.053857096,0,120+
44.0,63.0,125.0,0,0.051199283,0,120+
92.0,50.0,125.0,0,0.04805988,0,120+
95.0,109.0,125.0,0,0.054467358,0,120+
13.0,36.0,125.0,0,0.043017812,0,120+
84.0,123.0,125.0,0,0.04769042,0,120+
73.0,55.0,125.0,0,0.044978797,0,120+
25.0,46.0,125.0,0,0.0495573,0,120+
53.0,42.0,125.0,0,0.044747934,0,120+
69.0,197.0,125.0,0,0.047239088,0,120+
71.0,77.0,125.0,0,0.042269967,0,120+
67.0,145.0,125.0,0,0.044855516,0,120+
96.0,34.0,125.0,0,0.045367256,0,120+
69.0,216.0,125.0,0,0.0470635,0,120+
55.0,71.0,122.0,0,0.048491407,0,120+
68.0,79.0,120.0,0,0.04656891,0,90-120
81.0,35.0,125.0,0,0.048524793,0,120+
64.0,145.0,125.0,0,0.0466177,0,120+
95.0,160.0,123.0,0,0.0478563,0,120+
30.0,41.0,125.0,0,0.058445692,1,120+
75.0,65.0,125.0,0,0.046664108,0,120+
85.0,37.0,125.0,0,0.047388393,0,120+
11.0,38.0,125.0,0,0.0607975,1,120+
56.0,103.0,125.0,0,0.04341179,0,120+
1.0,38.0,125.0,0,0.0474956,0,120+
68.0,78.0,121.0,0,0.046283334,0,120+
30.0,44.0,125.0,0,0.053698026,0,120+
47.0,94.0,120.0,0,0.054950614,0,90-120
30.0,63.0,125.0,0,0.05528729,0,120+
96.0,36.0,125.0,0,0.045368657,0,120+
4.0,49.0,125.0,0,0.05060124,0,120+
26.0,64.0,125.0,0,0.049449123,0,120+
63.0,33.0,125.0,0,0.04779836,0,120+
7.0,85.0,125.0,0,0.053192005,0,120+
20.0,110.0,124.0,0,0.047208913,0,120+
1.0,63.0,125.0,0,0.045658607,0,120+
59.0,36.0,125.0,0,0.054528352,0,120+
41.0,34.0,125.0,0,0.053354833,0,120+
40.0,39.0,125.0,0,0.04586909,0,120+
81.0,62.0,125.0,0,0.049069516,0,120+
69.0,185.0,125.0,0,0.04849216,0,120+
67.0,176.0,125.0,0,0.048564326,0,120+
53.0,31.0,125.0,0,0.04434834,0,120+
54.0,30.0,125.0,0,0.051587705,0,120+
71.0,81.0,125.0,0,0.04264416,0,120+
83.0,119.0,125.0,0,0.05525898,0,120+
30.0,65.0,125.0,0,0.05464273,0,120+
71.0,45.0,125.0,0,0.04617909,0,120+
16.0,76.0,125.0,0,0.04923022,0,120+
26.0,63.0,125.0,0,0.050510462,0,120+
37.0,32.0,125.0,0,0.04628095,0,120+
69.0,56.0,125.0,0,0.048791714,0,120+
11.0,60.0,125.0,0,0.05172673,0,120+
97.0,82.0,120.0,0,0.046924163,0,90-120
92.0,209.0,125.0,0,0.04850609,0,120+
81.0,47.0,125.0,0,0.047173243,0,120+
50.0,36.0,125.0,0,0.046372436,0,120+
84.0,37.0,125.0,0,0.045346867,0,120+
48.0,43.0,125.0,0,0.060036436,1,120+
6.0,60.0,125.0,0,0.044111416,0,120+
62.0,53.0,125.0,0,0.04514635,0,120+
69.0,172.0,125.0,0,0.05065335,0,120+
11.0,96.0,125.0,0,0.045577895,0,120+
79.0,60.0,125.0,0,0.048852444,0,120+
84.0,31.0,125.0,0,0.044943657,0,120+
67.0,110.0,125.0,0,0.047374606,0,120+
7.0,46.0,125.0,0,0.05016954,0,120+
22.0,31.0,125.0,0,0.046887204,0,120+
73.0,43.0,125.0,0,0.04581957,0,120+
69.0,93.0,125.0,0,0.04579495,0,120+
78.0,100.0,125.0,0,0.057844773,1,120+
35.0,31.0,125.0,0,0.04563002,0,120+
41.0,78.0,125.0,0,0.046683248,0,120+
31.0,97.0,125.0,0,0.048690196,0,120+
80.0,37.0,125.0,0,0.049640834,0,120+
71.0,52.0,125.0,0,0.044954594,0,120+
7.0,126.0,125.0,0,0.049799025,0,120+
69.0,64.0,125.0,0,0.04946751,0,120+
88.0,92.0,121.0,0,0.046439514,0,120+
30.0,61.0,125.0,0,0.05262772,0,120+
78.0,57.0,125.0,0,0.061546408,1,120+
92.0,132.0,125.0,0,0.048676554,0,120+
67.0,68.0,125.0,0,0.049995754,0,120+
61.0,34.0,125.0,0,0.05719961,0,120+
54.0,88.0,125.0,0,0.052830208,0,120+
92.0,51.0,125.0,0,0.04774198,0,120+
95.0,121.0,125.0,0,0.052656,0,120+
64.0,96.0,125.0,0,0.04283437,0,120+
76.0,45.0,125.0,0,0.04484623,0,120+
48.0,68.0,125.0,0,0.05458505,0,120+
75.0,109.0,120.0,0,0.047083773,0,90-120
72.0,86.0,125.0,0,0.049447335,0,120+
83.0,170.0,123.0,0,0.050435178,0,120+
31.0,50.0,125.0,0,0.061772183,1,120+
94.0,49.0,125.0,0,0.04619664,0,120+
94.0,119.0,125.0,0,0.047772244,0,120+
9.0,62.0,125.0,0,0.05225565,0,120+
73.0,59.0,125.0,0,0.046632666,0,120+
88.0,64.0,125.0,0,0.047348604,0,120+
4.0,59.0,125.0,0,0.050658707,0,120+
16.0,80.0,125.0,0,0.049006596,0,120+
48.0,82.0,125.0,0,0.051172026,0,120+
21.0,39.0,125.0,0,0.046083573,0,120+
5.0,76.0,125.0,0,0.060647286,1,120+
53.0,58.0,125.0,0,0.052722543,0,120+
64.0,156.0,125.0,0,0.047717456,0,120+
78.0,111.0,120.0,0,0.052574653,0,90-120
84.0,108.0,125.0,0,0.04630427,0,120+
53.0,60.0,125.0,0,0.05256273,0,120+
97.0,52.0,125.0,0,0.048085906,0,120+
12.0,39.0,125.0,0,0.047387518,0,120+
2.0,71.0,125.0,0,0.053064086,0,120+
18.0,57.0,125.0,0,0.047508437,0,120+
41.0,67.0,125.0,0,0.047435466,0,120+
17.0,41.0,125.0,0,0.055585537,0,120+
81.0,55.0,125.0,0,0.04901553,0,120+
16.0,46.0,125.0,0,0.046197362,0,120+
22.0,49.0,125.0,0,0.041379128,0,120+
18.0,72.0,123.0,0,0.045391437,0,120+
5.0,112.0,125.0,0,0.053069323,0,120+
56.0,67.0,125.0,0,0.049307402,0,120+
86.0,81.0,125.0,0,0.046081554,0,120+
31.0,47.0,125.0,0,0.05997027,1,120+
15.0,39.0,125.0,0,0.05637592,0,120+
20.0,102.0,125.0,0,0.04760294,0,120+
73.0,70.0,125.0,0,0.045673557,0,120+
71.0,86.0,122.0,0,0.04369669,0,120+
82.0,73.0,125.0,0,0.049987502,0,120+
7.0,30.0,125.0,0,0.04916949,0,120+
4.0,66.0,123.0,0,0.051252965,0,120+
94.0,122.0,125.0,0,0.04790367,0,120+
54.0,106.0,125.0,0,0.05054986,0,120+
38.0,62.0,125.0,0,0.046300534,0,120+
33.0,31.0,125.0,0,0.067437366,1,120+
48.0,58.0,125.0,0,0.056641925,0,120+
6.0,30.0,125.0,0,0.04722734,0,120+
83.0,124.0,125.0,0,0.051158566,0,120+
26.0,55.0,125.0,0,0.049380343,0,120+
25.0,47.0,125.0,0,0.049728792,0,120+
56.0,95.0,125.0,0,0.04522471,0,120+
46.0,31.0,125.0,0,0.054934625,0,120+
94.0,93.0,125.0,0,0.04695054,0,120+
83.0,90.0,125.0,0,0.050054997,0,120+
100.0,37.0,125.0,0,0.04345005,0,120+
49.0,52.0,125.0,0,0.04543761,0,120+
95.0,52.0,125.0,0,0.05712425,0,120+
44.0,72.0,120.0,0,0.053050596,0,90-120
40.0,50.0,125.0,0,0.04558402,0,120+
56.0,138.0,125.0,0,0.050239995,0,120+
86.0,138.0,125.0,0,0.04305654,0,120+
48.0,36.0,125.0,0,0.055734273,0,120+
26.0,76.0,123.0,0,0.04868268,0,120+
5.0,94.0,125.0,0,0.05754804,0,120+
96.0,95.0,125.0,0,0.050669014,0,120+
83.0,160.0,125.0,0,0.048605476,0,120+
67.0,150.0,125.0,0,0.046249498,0,120+
92.0,54.0,125.0,0,0.049492452,0,120+
73.0,91.0,122.0,0,0.04723711,0,120+
51.0,51.0,125.0,0,0.052960876,0,120+
2.0,136.0,125.0,0,0.052837335,0,120+
83.0,132.0,125.0,0,0.048596382,0,120+
100.0,68.0,125.0,0,0.050352693,0,120+
5.0,69.0,125.0,0,0.05903199,1,120+
79.0,73.0,125.0,0,0.049667332,0,120+
36.0,32.0,125.0,0,0.04580457,0,120+
92.0,69.0,125.0,0,0.049000427,0,120+
5.0,75.0,125.0,0,0.06067173,1,120+
84.0,83.0,125.0,0,0.045692284,0,120+
89.0,80.0,125.0,0,0.050116275,0,120+
67.0,70.0,125.0,0,0.050209276,0,120+
49.0,40.0,125.0,0,0.0474596,0,120+
20.0,95.0,125.0,0,0.04781072,0,120+
83.0,52.0,125.0,0,0.052334026,0,120+
41.0,92.0,124.0,0,0.0525796,0,120+
86.0,87.0,125.0,0,0.045942195,0,120+
56.0,147.0,125.0,0,0.046892237,0,120+
59.0,48.0,125.0,0,0.058702853,1,120+
48.0,48.0,125.0,0,0.058496915,1,120+
89.0,63.0,125.0,0,0.04525175,0,120+
17.0,134.0,125.0,0,0.051475946,0,120+
32.0,58.0,125.0,0,0.043132547,0,120+
86.0,101.0,125.0,0,0.046123724,0,120+
92.0,157.0,125.0,0,0.046011414,0,120+
21.0,73.0,122.0,0,0.048903316,0,120+
54.0,96.0,125.0,0,0.051348127,0,120+
12.0,44.0,125.0,0,0.04692588,0,120+
25.0,69.0,125.0,0,0.047886502,0,120+
69.0,218.0,125.0,0,0.047478445,0,120+
69.0,35.0,125.0,0,0.046906196,0,120+
81.0,85.0,125.0,0,0.048994135,0,120+
92.0,135.0,125.0,0,0.04843844,0,120+
94.0,132.0,125.0,0,0.046124,0,120+
88.0,55.0,125.0,0,0.047417544,0,120+
72.0,52.0,125.0,0,0.04322596,0,120+
50.0,33.0,125.0,0,0.045386996,0,120+
7.0,59.0,125.0,0,0.05371507,0,120+
9.0,43.0,125.0,0,0.049973745,0,120+
49.0,75.0,125.0,0,0.045671176,0,120+
49.0,43.0,125.0,0,0.04607701,0,120+
67.0,121.0,125.0,0,0.042624403,0,120+
6.0,40.0,125.0,0,0.045336783,0,120+
87.0,58.0,120.0,0,0.04716164,0,90-120
71.0,30.0,125.0,0,0.047917202,0,120+
22.0,64.0,125.0,0,0.04513328,0,120+
7.0,42.0,125.0,0,0.050703626,0,120+
60.0,37.0,125.0,0,0.04702001,0,120+
72.0,48.0,125.0,0,0.043595124,0,120+
17.0,86.0,125.0,0,0.042070262,0,120+
72.0,31.0,125.0,0,0.047270488,0,120+
59.0,68.0,125.0,0,0.04872632,0,120+
54.0,124.0,125.0,0,0.04769032,0,120+
34.0,74.0,121.0,0,0.04880323,0,120+
31.0,56.0,125.0,0,0.061698634,1,120+
42.0,39.0,125.0,0,0.050209038,0,120+
49.0,67.0,125.0,0,0.04250333,0,120+
2.0,111.0,125.0,0,0.055486713,0,120+
2.0,89.0,125.0,0,0.059601523,1,120+
71.0,83.0,125.0,0,0.042656038,0,120+
44.0,62.0,125.0,0,0.05059378,0,120+
17.0,105.0,125.0,0,0.04741507,0,120+
25.0,68.0,125.0,0,0.048634488,0,120+
15.0,38.0,125.0,0,0.0591037,1,120+
2.0,31.0,125.0,0,0.053661328,0,120+
12.0,48.0,122.0,0,0.0457588,0,120+
44.0,60.0,125.0,0,0.05100572,0,120+
13.0,35.0,125.0,0,0.04258561,0,120+
89.0,40.0,125.0,0,0.04491677,0,120+
5.0,58.0,125.0,0,0.057950262,1,120+
2.0,122.0,125.0,0,0.047900096,0,120+
26.0,40.0,125.0,0,0.04729962,0,120+
56.0,90.0,125.0,0,0.046762984,0,120+
75.0,92.0,125.0,0,0.04693465,0,120+
22.0,57.0,125.0,0,0.042357348,0,120+
10.0,41.0,125.0,0,0.05681419,0,120+
5.0,130.0,125.0,0,0.05013133,0,120+
84.0,96.0,125.0,0,0.046558157,0,120+
86.0,80.0,125.0,0,0.04518453,0,120+
31.0,110.0,124.0,0,0.05232262,0,120+
61.0,35.0,125.0,0,0.05769522,0,120+
69.0,49.0,125.0,0,0.048509132,0,120+
67.0,175.0,125.0,0,0.048807215,0,120+
29.0,37.0,125.0,0,0.046143275,0,120+
46.0,74.0,125.0,0,0.049349185,0,120+
68.0,37.0,125.0,0,0.046769444,0,120+
73.0,84.0,125.0,0,0.046155762,0,120+
42.0,31.0,125.0,0,0.05210777,0,120+
16.0,62.0,125.0,0,0.047911398,0,120+
74.0,32.0,125.0,0,0.05336954,0,120+
16.0,48.0,125.0,0,0.046186693,0,120+
44.0,36.0,125.0,0,0.04819542,0,120+
46.0,71.0,125.0,0,0.047928147,0,120+
40.0,59.0,125.0,0,0.045628443,0,120+
84.0,33.0,125.0,0,0.04543653,0,120+
7.0,73.0,125.0,0,0.056054953,0,120+
25.0,43.0,125.0,0,0.0502949,0,120+
67.0,119.0,125.0,0,0.04283187,0,120+
79.0,30.0,125.0,0,0.052460887,0,120+
21.0,66.0,125.0,0,0.048467647,0,120+
87.0,42.0,125.0,0,0.04798722,0,120+
60.0,52.0,120.0,0,0.04733451,0,90-120
95.0,75.0,125.0,0,0.060198016,1,120+
40.0,68.0,120.0,0,0.046050806,0,90-120
95.0,117.0,125.0,0,0.05225543,0,120+
6.0,39.0,125.0,0,0.045677535,0,120+
56.0,127.0,125.0,0,0.04963689,0,120+
95.0,77.0,125.0,0,0.058569465,1,120+
82.0,41.0,125.0,0,0.05414004,0,120+
2.0,108.0,125.0,0,0.056591406,0,120+
55.0,68.0,125.0,0,0.04803042,0,120+
92.0,118.0,125.0,0,0.048153672,0,120+
7.0,38.0,125.0,0,0.04987044,0,120+
46.0,80.0,125.0,0,0.053205263,0,120+
47.0,61.0,125.0,0,0.049435396,0,120+
54.0,76.0,125.0,0,0.049879294,0,120+
12.0,41.0,125.0,0,0.04657776,0,120+
68.0,63.0,125.0,0,0.048068374,0,120+
86.0,56.0,125.0,0,0.046019483,0,120+
61.0,30.0,125.0,0,0.054957885,0,120+
4.0,67.0,122.0,0,0.051247105,0,120+
15.0,32.0,125.0,0,0.05835083,1,120+
96.0,186.0,125.0,0,0.049714662,0,120+
7.0,67.0,125.0,0,0.054283336,0,120+
64.0,99.0,125.0,0,0.04240906,0,120+
18.0,37.0,125.0,0,0.046378084,0,120+
80.0,58.0,125.0,0,0.047432706,0,120+
46.0,52.0,125.0,0,0.048018146,0,120+
69.0,165.0,125.0,0,0.049084634,0,120+
32.0,37.0,125.0,0,0.04840359,0,120+
11.0,80.0,125.0,0,0.044287976,0,120+
17.0,73.0,125.0,0,0.04715339,0,120+
25.0,52.0,125.0,0,0.052153453,0,120+
7.0,34.0,125.0,0,0.048044875,0,120+
11.0,65.0,125.0,0,0.04946507,0,120+
95.0,56.0,125.0,0,0.05740745,0,120+
10.0,33.0,125.0,0,0.054842137,0,120+
51.0,74.0,125.0,0,0.055076886,0,120+
34.0,33.0,125.0,0,0.050243165,0,120+
69.0,51.0,125.0,0,0.049009588,0,120+
30.0,33.0,125.0,0,0.057238895,0,120+
72.0,46.0,125.0,0,0.04291951,0,120+
22.0,68.0,125.0,0,0.045653563,0,120+
69.0,57.0,125.0,0,0.049754154,0,120+
64.0,102.0,125.0,0,0.04279323,0,120+
84.0,73.0,125.0,0,0.04368145,0,120+
78.0,31.0,125.0,0,0.062225614,1,120+
32.0,38.0,125.0,0,0.04843621,0,120+
74.0,33.0,125.0,0,0.053520467,0,120+
3.0,57.0,122.0,0,0.045867838,0,120+
64.0,158.0,125.0,0,0.0462516,0,120+
69.0,122.0,125.0,0,0.05155493,0,120+
7.0,45.0,125.0,0,0.050143935,0,120+
48.0,87.0,125.0,0,0.049438685,0,120+
41.0,86.0,125.0,0,0.04899928,0,120+
92.0,102.0,125.0,0,0.047949772,0,120+
100.0,79.0,121.0,0,0.04839532,0,120+
10.0,56.0,125.0,0,0.054829188,0,120+
45.0,33.0,125.0,0,0.055863377,0,120+
17.0,155.0,121.0,0,0.04797155,0,120+
17.0,151.0,125.0,0,0.049525056,0,120+
95.0,50.0,125.0,0,0.05705202,0,120+
11.0,67.0,125.0,0,0.05042441,0,120+
78.0,105.0,125.0,0,0.05484531,0,120+
95.0,78.0,125.0,0,0.05852704,1,120+
7.0,57.0,125.0,0,0.051578764,0,120+
83.0,150.0,125.0,0,0.051585607,0,120+
2.0,94.0,125.0,0,0.06108958,1,120+
1.0,59.0,125.0,0,0.044734556,0,120+
64.0,146.0,125.0,0,0.04617678,0,120+
25.0,45.0,125.0,0,0.049926065,0,120+
54.0,52.0,125.0,0,0.048774928,0,120+
18.0,56.0,125.0,0,0.048009045,0,120+
78.0,44.0,125.0,0,0.057153534,0,120+
10.0,46.0,125.0,0,0.055168506,0,120+
47.0,55.0,125.0,0,0.046875823,0,120+
64.0,67.0,125.0,0,0.047404047,0,120+
64.0,48.0,125.0,0,0.04350146,0,120+
69.0,74.0,125.0,0,0.050486427,0,120+
33.0,53.0,125.0,0,0.058815744,1,120+
100.0,65.0,125.0,0,0.0489653,0,120+
96.0,87.0,125.0,0,0.05269595,0,120+
19.0,31.0,125.0,0,0.044912938,0,120+
84.0,60.0,125.0,0,0.043437637,0,120+
18.0,68.0,125.0,0,0.045673873,0,120+
78.0,82.0,125.0,0,0.056417216,0,120+
96.0,47.0,125.0,0,0.043610655,0,120+
20.0,30.0,125.0,0,0.047301535,0,120+
26.0,62.0,125.0,0,0.050553564,0,120+
56.0,81.0,125.0,0,0.04730699,0,120+
83.0,129.0,125.0,0,0.050138615,0,120+
95.0,118.0,125.0,0,0.052463762,0,120+
2.0,77.0,125.0,0,0.057680048,0,120+
84.0,112.0,125.0,0,0.04544309,0,120+
51.0,34.0,125.0,0,0.045752898,0,120+
37.0,35.0,125.0,0,0.046373613,0,120+
17.0,35.0,125.0,0,0.056041084,0,120+
2.0,56.0,125.0,0,0.049563143,0,120+
88.0,90.0,123.0,0,0.04687083,0,120+
19.0,30.0,125.0,0,0.04542924,0,120+
84.0,144.0,123.0,0,0.04997635,0,120+
66.0,76.0,125.0,0,0.048404347,0,120+
5.0,72.0,125.0,0,0.058696184,1,120+
33.0,78.0,122.0,0,0.05642757,0,120+
17.0,111.0,125.0,0,0.04973551,0,120+
7.0,88.0,125.0,0,0.05341584,0,120+
40.0,56.0,125.0,0,0.0453937,0,120+
75.0,50.0,125.0,0,0.045418262,0,120+
84.0,126.0,125.0,0,0.048070297,0,120+
10.0,34.0,125.0,0,0.054944377,0,120+
96.0,206.0,125.0,0,0.04904919,0,120+
4.0,64.0,125.0,0,0.050266713,0,120+
42.0,57.0,125.0,0,0.05355629,0,120+
5.0,146.0,123.0,0,0.04858625,0,120+
69.0,192.0,125.0,0,0.04754566,0,120+
49.0,80.0,125.0,0,0.044962812,0,120+
54.0,51.0,125.0,0,0.04884257,0,120+
78.0,97.0,125.0,0,0.058333088,1,120+
48.0,75.0,125.0,0,0.050000466,0,120+
97.0,33.0,125.0,0,0.047426246,0,120+
78.0,52.0,125.0,0,0.059429374,1,120+
46.0,130.0,125.0,0,0.0479107,0,120+
48.0,57.0,125.0,0,0.057249222,0,120+
9.0,64.0,125.0,0,0.04992374,0,120+
20.0,99.0,125.0,0,0.04786801,0,120+
92.0,92.0,125.0,0,0.04633427,0,120+
48.0,93.0,125.0,0,0.047598902,0,120+
64.0,116.0,125.0,0,0.04659702,0,120+
64.0,152.0,125.0,0,0.046459425,0,120+
59.0,56.0,125.0,0,0.054073542,0,120+
83.0,134.0,125.0,0,0.048523206,0,120+
20.0,100.0,125.0,0,0.048139874,0,120+
95.0,96.0,125.0,0,0.054143168,0,120+
2.0,138.0,125.0,0,0.05233881,0,120+
64.0,47.0,125.0,0,0.043873914,0,120+
66.0,56.0,125.0,0,0.043921936,0,120+
47.0,87.0,125.0,0,0.05612955,0,120+
41.0,83.0,125.0,0,0.048265226,0,120+
92.0,72.0,125.0,0,0.04849275,0,120+
88.0,34.0,125.0,0,0.046033792,0,120+
67.0,142.0,125.0,0,0.044420272,0,120+
82.0,66.0,125.0,0,0.05034022,0,120+
66.0,46.0,125.0,0,0.04435452,0,120+
92.0,126.0,125.0,0,0.048375472,0,120+
19.0,37.0,121.0,0,0.0449607,0,120+
96.0,35.0,125.0,0,0.045957316,0,120+
64.0,42.0,125.0,0,0.04532776,0,120+
49.0,32.0,125.0,0,0.04761622,0,120+
75.0,33.0,125.0,0,0.046174314,0,120+
76.0,44.0,125.0,0,0.04457218,0,120+
54.0,57.0,125.0,0,0.046961322,0,120+
33.0,56.0,125.0,0,0.0604322,1,120+
25.0,54.0,125.0,0,0.051859386,0,120+
7.0,111.0,125.0,0,0.05028579,0,120+
50.0,47.0,125.0,0,0.04874979,0,120+
7.0,91.0,125.0,0,0.054222014,0,120+
56.0,114.0,125.0,0,0.045177966,0,120+
46.0,81.0,125.0,0,0.053611096,0,120+
94.0,82.0,125.0,0,0.047000587,0,120+
52.0,34.0,125.0,0,0.04961981,0,120+
83.0,93.0,125.0,0,0.052650556,0,120+
5.0,30.0,125.0,0,0.062255945,1,120+
3.0,34.0,125.0,0,0.04535903,0,120+
44.0,41.0,125.0,0,0.04982405,0,120+
48.0,109.0,122.0,0,0.045559414,0,120+
86.0,130.0,125.0,0,0.044508565,0,120+
4.0,46.0,125.0,0,0.050224856,0,120+
51.0,32.0,125.0,0,0.049045123,0,120+
21.0,36.0,125.0,0,0.046583526,0,120+
17.0,103.0,125.0,0,0.043814454,0,120+
26.0,49.0,125.0,0,0.04922059,0,120+
56.0,65.0,125.0,0,0.048516553,0,120+
14.0,52.0,125.0,0,0.04680155,0,120+
94.0,83.0,125.0,0,0.04600916,0,120+
68.0,76.0,123.0,0,0.046664003,0,120+
27.0,31.0,125.0,0,0.044619836,0,120+
95.0,102.0,125.0,0,0.052928187,0,120+
94.0,65.0,125.0,0,0.047009334,0,120+
85.0,62.0,125.0,0,0.045901682,0,120+
11.0,89.0,125.0,0,0.045563813,0,120+
5.0,71.0,125.0,0,0.05947401,1,120+
46.0,62.0,125.0,0,0.045605954,0,120+
9.0,58.0,125.0,0,0.052067894,0,120+
78.0,30.0,125.0,0,0.06263722,1,120+
64.0,32.0,125.0,0,0.048077308,0,120+
26.0,43.0,125.0,0,0.048738807,0,120+
72.0,30.0,125.0,0,0.048369735,0,120+
21.0,35.0,125.0,0,0.046458263,0,120+
23.0,30.0,125.0,0,0.049054965,0,120+
92.0,217.0,124.0,0,0.04728226,0,120+
28.0,34.0,125.0,0,0.050275765,0,120+
35.0,42.0,125.0,0,0.04652016,0,120+
66.0,81.0,121.0,0,0.049583357,0,120+
96.0,161.0,125.0,0,0.049682844,0,120+
55.0,53.0,125.0,0,0.04759222,0,120+
26.0,79.0,120.0,0,0.048134487,0,90-120
98.0,36.0,120.0,0,0.048522517,0,90-120
84.0,88.0,125.0,0,0.04494027,0,120+
20.0,44.0,125.0,0,0.049019672,0,120+
83.0,107.0,125.0,0,0.0556913,0,120+
84.0,57.0,125.0,0,0.04436402,0,120+
10.0,70.0,125.0,0,0.058370553,1,120+
86.0,68.0,125.0,0,0.045221146,0,120+
16.0,34.0,125.0,0,0.048928104,0,120+
59.0,51.0,125.0,0,0.055756133,0,120+
52.0,33.0,125.0,0,0.05073578,0,120+
54.0,115.0,125.0,0,0.04977066,0,120+
7.0,125.0,125.0,0,0.050003264,0,120+
96.0,173.0,125.0,0,0.047293026,0,120+
46.0,132.0,124.0,0,0.04808257,0,120+
97.0,43.0,125.0,0,0.049612243,0,120+
19.0,33.0,125.0,0,0.044801664,0,120+
56.0,87.0,125.0,0,0.04697621,0,120+
25.0,86.0,125.0,0,0.04802287,0,120+
67.0,168.0,125.0,0,0.04921176,0,120+
69.0,61.0,125.0,0,0.04926438,0,120+
73.0,45.0,125.0,0,0.045381844,0,120+
2.0,93.0,125.0,0,0.06167097,1,120+
87.0,50.0,125.0,0,0.046804756,0,120+
75.0,101.0,125.0,0,0.04788201,0,120+
83.0,31.0,125.0,0,0.05861469,1,120+
67.0,92.0,125.0,0,0.0508291,0,120+
96.0,38.0,125.0,0,0.045282047,0,120+
76.0,70.0,125.0,0,0.049895592,0,120+
51.0,91.0,122.0,0,0.055788934,0,120+
92.0,45.0,125.0,0,0.04770274,0,120+
54.0,80.0,125.0,0,0.0494163,0,120+
67.0,149.0,125.0,0,0.04630629,0,120+
20.0,90.0,125.0,0,0.04629823,0,120+
83.0,84.0,125.0,0,0.04817644,0,120+
37.0,34.0,125.0,0,0.046294477,0,120+
84.0,82.0,125.0,0,0.046085384,0,120+
31.0,37.0,125.0,0,0.05229773,0,120+
67.0,188.0,125.0,0,0.04784853,0,120+
50.0,61.0,125.0,0,0.05032378,0,120+
84.0,42.0,125.0,0,0.04444442,0,120+
7.0,36.0,125.0,0,0.049455103,0,120+
11.0,75.0,125.0,0,0.045234084,0,120+
87.0,30.0,125.0,0,0.044385944,0,120+
26.0,68.0,125.0,0,0.048777875,0,120+
9.0,73.0,125.0,0,0.04962806,0,120+
7.0,98.0,125.0,0,0.050292127,0,120+
49.0,62.0,125.0,0,0.04301245,0,120+
41.0,48.0,125.0,0,0.052880183,0,120+
2.0,166.0,121.0,0,0.047785874,0,120+
64.0,34.0,125.0,0,0.0488723,0,120+
2.0,129.0,125.0,0,0.051341847,0,120+
17.0,147.0,125.0,0,0.050614484,0,120+
100.0,73.0,125.0,0,0.049182758,0,120+
80.0,36.0,125.0,0,0.04923387,0,120+
67.0,103.0,125.0,0,0.04864267,0,120+
95.0,150.0,125.0,0,0.04688641,0,120+
10.0,62.0,125.0,0,0.058790218,1,120+
23.0,38.0,125.0,0,0.050298445,0,120+
96.0,154.0,125.0,0,0.04901753,0,120+
2.0,80.0,125.0,0,0.05905399,1,120+
89.0,35.0,125.0,0,0.04626602,0,120+
41.0,75.0,125.0,0,0.04632965,0,120+
7.0,117.0,125.0,0,0.050197534,0,120+
62.0,31.0,125.0,0,0.046174884,0,120+
79.0,58.0,125.0,0,0.04869184,0,120+
54.0,81.0,125.0,0,0.05059064,0,120+
95.0,49.0,125.0,0,0.056880154,0,120+
11.0,105.0,125.0,0,0.046025265,0,120+
59.0,107.0,124.0,0,0.052643213,0,120+
88.0,80.0,125.0,0,0.046868604,0,120+
56.0,119.0,125.0,0,0.046470568,0,120+
34.0,63.0,125.0,0,0.048657805,0,120+
7.0,92.0,125.0,0,0.05371707,0,120+
72.0,93.0,120.0,0,0.046976876,0,90-120
67.0,116.0,125.0,0,0.04433344,0,120+
53.0,35.0,125.0,0,0.044876143,0,120+
67.0,183.0,125.0,0,0.046595484,0,120+
64.0,58.0,125.0,0,0.045931995,0,120+
2.0,97.0,125.0,0,0.059412453,1,120+
7.0,93.0,125.0,0,0.05115681,0,120+
88.0,61.0,125.0,0,0.047332425,0,120+
52.0,58.0,125.0,0,0.04362206,0,120+
17.0,141.0,125.0,0,0.04901131,0,120+
96.0,83.0,125.0,0,0.0487262,0,120+
40.0,51.0,125.0,0,0.045725133,0,120+
94.0,47.0,125.0,0,0.045210253,0,120+
46.0,108.0,125.0,0,0.051939555,0,120+
84.0,128.0,125.0,0,0.04876394,0,120+
73.0,75.0,125.0,0,0.047230422,0,120+
5.0,51.0,125.0,0,0.060475428,1,120+
81.0,111.0,125.0,0,0.051808134,0,120+
5.0,115.0,125.0,0,0.05352942,0,120+
92.0,87.0,125.0,0,0.04684056,0,120+
33.0,68.0,125.0,0,0.055666734,0,120+
33.0,36.0,125.0,0,0.06751267,1,120+
10.0,82.0,125.0,0,0.05336543,0,120+
30.0,43.0,125.0,0,0.056123387,0,120+
97.0,30.0,125.0,0,0.04635396,0,120+
66.0,58.0,125.0,0,0.043280736,0,120+
20.0,88.0,125.0,0,0.046829235,0,120+
21.0,61.0,125.0,0,0.050584547,0,120+
54.0,132.0,125.0,0,0.048740473,0,120+
7.0,106.0,125.0,0,0.04838254,0,120+
38.0,38.0,125.0,0,0.04947815,0,120+
66.0,77.0,125.0,0,0.050000403,0,120+
11.0,108.0,125.0,0,0.04728773,0,120+
13.0,37.0,125.0,0,0.043586977,0,120+
5.0,65.0,125.0,0,0.0549844,0,120+
86.0,64.0,125.0,0,0.045853086,0,120+
53.0,53.0,125.0,0,0.050266754,0,120+
75.0,71.0,125.0,0,0.047058474,0,120+
96.0,110.0,125.0,0,0.04946831,0,120+
5.0,33.0,125.0,0,0.062397774,1,120+
46.0,112.0,125.0,0,0.051695067,0,120+
99.0,49.0,125.0,0,0.047556646,0,120+
92.0,117.0,125.0,0,0.04814768,0,120+
97.0,34.0,125.0,0,0.04707672,0,120+
94.0,59.0,125.0,0,0.047058176,0,120+
96.0,59.0,125.0,0,0.045281764,0,120+
30.0,36.0,125.0,0,0.05810268,1,120+
79.0,69.0,125.0,0,0.04809864,0,120+
78.0,92.0,125.0,0,0.05562603,0,120+
88.0,82.0,125.0,0,0.04769238,0,120+
92.0,169.0,125.0,0,0.044574,0,120+
75.0,83.0,125.0,0,0.048781086,0,120+
64.0,92.0,125.0,0,0.04337289,0,120+
18.0,55.0,125.0,0,0.048008516,0,120+
71.0,76.0,125.0,0,0.04238481,0,120+
11.0,95.0,125.0,0,0.0456136,0,120+
80.0,49.0,125.0,0,0.048855618,0,120+
95.0,106.0,125.0,0,0.055277504,0,120+
86.0,144.0,125.0,0,0.044464562,0,120+
48.0,84.0,125.0,0,0.049960393,0,120+
12.0,30.0,125.0,0,0.046963356,0,120+
59.0,44.0,125.0,0,0.05947899,1,120+
69.0,120.0,125.0,0,0.05132455,0,120+
47.0,69.0,125.0,0,0.05134944,0,120+
64.0,110.0,125.0,0,0.04436315,0,120+
81.0,99.0,125.0,0,0.05099579,0,120+
88.0,63.0,125.0,0,0.047210623,0,120+
53.0,47.0,125.0,0,0.04518023,0,120+
21.0,51.0,125.0,0,0.04800083,0,120+
95.0,82.0,125.0,0,0.055765547,0,120+
84.0,138.0,125.0,0,0.0501007,0,120+
95.0,159.0,124.0,0,0.049264155,0,120+
86.0,97.0,125.0,0,0.046448197,0,120+
86.0,131.0,125.0,0,0.04519234,0,120+
60.0,38.0,125.0,0,0.047501087,0,120+
16.0,58.0,125.0,0,0.04689433,0,120+
49.0,83.0,125.0,0,0.04561466,0,120+
2.0,58.0,125.0,0,0.04971826,0,120+
54.0,129.0,125.0,0,0.048481267,0,120+
67.0,133.0,125.0,0,0.04244997,0,120+
38.0,42.0,125.0,0,0.04687502,0,120+
49.0,36.0,125.0,0,0.048078116,0,120+
86.0,69.0,125.0,0,0.044766024,0,120+
20.0,108.0,125.0,0,0.046020966,0,120+
48.0,44.0,125.0,0,0.06009214,1,120+
64.0,106.0,125.0,0,0.044286128,0,120+
47.0,78.0,125.0,0,0.0549503,0,120+
4.0,47.0,125.0,0,0.050802026,0,120+
72.0,44.0,125.0,0,0.04297827,0,120+
69.0,164.0,125.0,0,0.049286317,0,120+
76.0,81.0,125.0,0,0.051373877,0,120+
92.0,111.0,125.0,0,0.047405306,0,120+
75.0,34.0,125.0,0,0.046030987,0,120+
82.0,76.0,125.0,0,0.047301047,0,120+
69.0,176.0,125.0,0,0.050922275,0,120+
67.0,112.0,125.0,0,0.045813058,0,120+
34.0,36.0,125.0,0,0.05041339,0,120+
1.0,47.0,125.0,0,0.04474182,0,120+
2.0,34.0,125.0,0,0.051497348,0,120+
51.0,70.0,125.0,0,0.060489114,1,120+
90.0,31.0,123.0,0,0.052430075,0,120+
98.0,34.0,122.0,0,0.047138147,0,120+
7.0,63.0,125.0,0,0.05485982,0,120+
69.0,180.0,125.0,0,0.047761973,0,120+
1.0,67.0,125.0,0,0.044996347,0,120+
51.0,73.0,125.0,0,0.056664508,0,120+
21.0,41.0,125.0,0,0.04606168,0,120+
56.0,130.0,125.0,0,0.049608685,0,120+
67.0,177.0,125.0,0,0.04906877,0,120+
73.0,35.0,125.0,0,0.046873637,0,120+
81.0,80.0,125.0,0,0.0467384,0,120+
46.0,36.0,125.0,0,0.052396722,0,120+
11.0,114.0,125.0,0,0.0497898,0,120+
42.0,45.0,125.0,0,0.048095122,0,120+
95.0,41.0,125.0,0,0.055061877,0,120+
69.0,233.0,125.0,0,0.046662655,0,120+
78.0,94.0,125.0,0,0.05870288,1,120+
52.0,43.0,125.0,0,0.04472345,0,120+
15.0,75.0,125.0,0,0.049824048,0,120+
96.0,210.0,125.0,0,0.04834638,0,120+
69.0,221.0,125.0,0,0.046648573,0,120+
97.0,49.0,125.0,0,0.04806146,0,120+
83.0,157.0,125.0,0,0.049963266,0,120+
41.0,32.0,125.0,0,0.054186337,0,120+
16.0,84.0,125.0,0,0.050003003,0,120+
59.0,81.0,125.0,0,0.051927812,0,120+
83.0,101.0,125.0,0,0.055813752,0,120+
78.0,56.0,125.0,0,0.06103483,1,120+
38.0,56.0,125.0,0,0.044864338,0,120+
2.0,75.0,125.0,0,0.057523616,0,120+
49.0,65.0,125.0,0,0.042453665,0,120+
59.0,76.0,125.0,0,0.045038916,0,120+
14.0,34.0,125.0,0,0.048143268,0,120+
96.0,52.0,125.0,0,0.044728465,0,120+
3.0,32.0,125.0,0,0.04651796,0,120+
51.0,84.0,125.0,0,0.05267372,0,120+
72.0,38.0,125.0,0,0.046441328,0,120+
68.0,38.0,125.0,0,0.048301004,0,120+
17.0,129.0,125.0,0,0.051051337,0,120+
56.0,116.0,125.0,0,0.045643184,0,120+
11.0,118.0,122.0,0,0.04957627,0,120+
88.0,91.0,122.0,0,0.04606572,0,120+
35.0,34.0,125.0,0,0.04503684,0,120+
2.0,131.0,125.0,0,0.05102463,0,120+
54.0,36.0,125.0,0,0.04968889,0,120+
7.0,65.0,125.0,0,0.054466672,0,120+
21.0,65.0,125.0,0,0.048701033,0,120+
46.0,61.0,125.0,0,0.045493603,0,120+
5.0,133.0,125.0,0,0.049105015,0,120+
20.0,36.0,125.0,0,0.047556456,0,120+
68.0,73.0,125.0,0,0.045963034,0,120+
97.0,71.0,125.0,0,0.048756596,0,120+
97.0,57.0,125.0,0,0.049036976,0,120+
31.0,80.0,125.0,0,0.050281752,0,120+
7.0,105.0,125.0,0,0.047651164,0,120+
17.0,78.0,125.0,0,0.04662541,0,120+
7.0,72.0,125.0,0,0.056590218,0,120+
84.0,130.0,125.0,0,0.049567495,0,120+
34.0,65.0,125.0,0,0.04916031,0,120+
75.0,80.0,125.0,0,0.04803996,0,120+
96.0,81.0,125.0,0,0.048292723,0,120+
96.0,169.0,125.0,0,0.04802335,0,120+
1.0,60.0,125.0,0,0.044043392,0,120+
75.0,45.0,125.0,0,0.04503844,0,120+
43.0,84.0,123.0,0,0.04636448,0,120+
92.0,71.0,125.0,0,0.0488816,0,120+
83.0,57.0,125.0,0,0.053340346,0,120+
78.0,88.0,125.0,0,0.05161346,0,120+
92.0,159.0,125.0,0,0.04672142,0,120+
43.0,35.0,125.0,0,0.051010557,0,120+
50.0,59.0,125.0,0,0.05107141,0,120+
69.0,45.0,125.0,0,0.04831645,0,120+
17.0,131.0,125.0,0,0.05088391,0,120+
46.0,32.0,125.0,0,0.054784246,0,120+
43.0,51.0,125.0,0,0.053986028,0,120+
82.0,70.0,125.0,0,0.04921547,0,120+
2.0,87.0,125.0,0,0.057645436,0,120+
69.0,188.0,125.0,0,0.048147157,0,120+
50.0,68.0,125.0,0,0.04957718,0,120+
59.0,38.0,125.0,0,0.055386115,0,120+
83.0,116.0,125.0,0,0.054873366,0,120+
96.0,136.0,125.0,0,0.048125733,0,120+
18.0,69.0,125.0,0,0.045099337,0,120+
30.0,69.0,125.0,0,0.05416428,0,120+
21.0,30.0,125.0,0,0.04713114,0,120+
63.0,50.0,124.0,0,0.049160074,0,120+
32.0,44.0,125.0,0,0.047502868,0,120+
76.0,73.0,125.0,0,0.05140771,0,120+
75.0,69.0,125.0,0,0.046641544,0,120+
16.0,72.0,125.0,0,0.04945032,0,120+
89.0,90.0,125.0,0,0.050969727,0,120+
2.0,96.0,125.0,0,0.060129296,1,120+
52.0,60.0,125.0,0,0.04357641,0,120+
67.0,34.0,125.0,0,0.048542872,0,120+
75.0,79.0,125.0,0,0.047773555,0,120+
95.0,54.0,125.0,0,0.056627467,0,120+
87.0,37.0,125.0,0,0.045905933,0,120+
66.0,72.0,125.0,0,0.047056105,0,120+
52.0,55.0,125.0,0,0.04416021,0,120+
15.0,34.0,125.0,0,0.060840867,1,120+
25.0,75.0,125.0,0,0.047491133,0,120+
18.0,31.0,125.0,0,0.04904891,0,120+
40.0,54.0,125.0,0,0.045716867,0,120+
87.0,34.0,125.0,0,0.04518612,0,120+
21.0,57.0,125.0,0,0.048407126,0,120+
66.0,40.0,125.0,0,0.046835694,0,120+
97.0,40.0,125.0,0,0.046534866,0,120+
68.0,33.0,125.0,0,0.045952585,0,120+
87.0,54.0,124.0,0,0.047764603,0,120+
34.0,61.0,125.0,0,0.049843065,0,120+
54.0,73.0,125.0,0,0.047588553,0,120+
33.0,46.0,125.0,0,0.06418344,1,120+
83.0,120.0,125.0,0,0.05491861,0,120+
80.0,47.0,125.0,0,0.04811799,0,120+
30.0,55.0,125.0,0,0.051478714,0,120+
95.0,149.0,125.0,0,0.046538383,0,120+
69.0,111.0,125.0,0,0.047584698,0,120+
47.0,81.0,125.0,0,0.056215346,0,120+
81.0,42.0,125.0,0,0.046994165,0,120+
33.0,34.0,125.0,0,0.06669364,1,120+
92.0,201.0,125.0,0,0.049768183,0,120+
51.0,83.0,125.0,0,0.051901277,0,120+
83.0,112.0,125.0,0,0.05581248,0,120+
96.0,91.0,125.0,0,0.0500543,0,120+
71.0,88.0,120.0,0,0.04239682,0,90-120
15.0,36.0,125.0,0,0.058623366,1,120+
2.0,50.0,125.0,0,0.045675803,0,120+
80.0,38.0,125.0,0,0.04972886,0,120+
92.0,196.0,125.0,0,0.049051482,0,120+
51.0,67.0,125.0,0,0.058722857,1,120+
99.0,48.0,125.0,0,0.047529496,0,120+
5.0,87.0,125.0,0,0.0593153,1,120+
12.0,35.0,125.0,0,0.047083393,0,120+
98.0,31.0,125.0,0,0.0482485,0,120+
75.0,96.0,125.0,0,0.046810243,0,120+
82.0,56.0,125.0,0,0.0521749,0,120+
69.0,191.0,125.0,0,0.048074596,0,120+
83.0,38.0,125.0,0,0.06136379,1,120+
96.0,30.0,125.0,0,0.04577446,0,120+
18.0,39.0,125.0,0,0.04829471,0,120+
5.0,42.0,125.0,0,0.059481878,1,120+
96.0,164.0,125.0,0,0.04886356,0,120+
49.0,50.0,125.0,0,0.04480108,0,120+
51.0,57.0,125.0,0,0.05616917,0,120+
64.0,41.0,125.0,0,0.045621224,0,120+
64.0,120.0,125.0,0,0.04674772,0,120+
30.0,70.0,124.0,0,0.053789444,0,120+
84.0,70.0,125.0,0,0.042911563,0,120+
55.0,55.0,125.0,0,0.04740839,0,120+
50.0,77.0,121.0,0,0.04971118,0,120+
95.0,139.0,125.0,0,0.048504125,0,120+
94.0,41.0,125.0,0,0.045212246,0,120+
46.0,99.0,125.0,0,0.056828704,0,120+
38.0,69.0,125.0,0,0.047224067,0,120+
100.0,47.0,125.0,0,0.045443587,0,120+
47.0,85.0,125.0,0,0.056034118,0,120+
15.0,56.0,125.0,0,0.053467,0,120+
78.0,58.0,125.0,0,0.063215606,1,120+
7.0,58.0,125.0,0,0.053663965,0,120+
40.0,52.0,125.0,0,0.04575514,0,120+
20.0,85.0,125.0,0,0.046285342,0,120+
96.0,178.0,125.0,0,0.046460364,0,120+
17.0,34.0,125.0,0,0.05566559,0,120+
56.0,31.0,125.0,0,0.045931328,0,120+
30.0,54.0,125.0,0,0.05113671,0,120+
54.0,37.0,125.0,0,0.04969283,0,120+
47.0,74.0,125.0,0,0.05388467,0,120+
69.0,124.0,125.0,0,0.04954278,0,120+
28.0,40.0,125.0,0,0.052023597,0,120+
17.0,53.0,125.0,0,0.04773438,0,120+
84.0,67.0,125.0,0,0.04390858,0,120+
55.0,47.0,125.0,0,0.0478977,0,120+
1.0,42.0,125.0,0,0.04598907,0,120+
79.0,56.0,125.0,0,0.049464006,0,120+
10.0,99.0,123.0,0,0.049668647,0,120+
36.0,37.0,121.0,0,0.04672666,0,120+
22.0,40.0,125.0,0,0.044223387,0,120+
53.0,37.0,125.0,0,0.045192298,0,120+
47.0,37.0,125.0,0,0.0574945,0,120+
84.0,129.0,125.0,0,0.049260322,0,120+
83.0,46.0,125.0,0,0.04973187,0,120+
11.0,37.0,125.0,0,0.060783964,1,120+
7.0,49.0,125.0,0,0.05061574,0,120+
96.0,40.0,125.0,0,0.045196343,0,120+
67.0,181.0,125.0,0,0.04740677,0,120+
78.0,45.0,125.0,0,0.06007469,1,120+
56.0,135.0,125.0,0,0.04942206,0,120+
69.0,154.0,125.0,0,0.04772608,0,120+
23.0,40.0,125.0,0,0.050517637,0,120+
15.0,65.0,125.0,0,0.0507307,0,120+
88.0,48.0,125.0,0,0.046926863,0,120+
78.0,85.0,125.0,0,0.054219242,0,120+
92.0,218.0,123.0,0,0.048125044,0,120+
73.0,73.0,125.0,0,0.04647475,0,120+
15.0,83.0,124.0,0,0.046808228,0,120+
52.0,86.0,125.0,0,0.046195224,0,120+
62.0,35.0,125.0,0,0.04561722,0,120+
46.0,90.0,125.0,0,0.053549517,0,120+
25.0,98.0,125.0,0,0.04732628,0,120+
33.0,50.0,125.0,0,0.05626704,0,120+
11.0,77.0,125.0,0,0.045599487,0,120+
50.0,74.0,124.0,0,0.05003648,0,120+
67.0,69.0,125.0,0,0.050291814,0,120+
5.0,66.0,125.0,0,0.05460454,0,120+
69.0,67.0,125.0,0,0.04906715,0,120+
88.0,65.0,125.0,0,0.04698962,0,120+
89.0,96.0,121.0,0,0.050241716,0,120+
92.0,60.0,125.0,0,0.04866878,0,120+
46.0,87.0,125.0,0,0.055294164,0,120+
83.0,89.0,125.0,0,0.04767925,0,120+
67.0,163.0,125.0,0,0.04926038,0,120+
67.0,73.0,125.0,0,0.050478194,0,120+
55.0,37.0,125.0,0,0.048452236,0,120+
3.0,59.0,120.0,0,0.045971565,0,90-120
21.0,62.0,125.0,0,0.050417706,0,120+
83.0,44.0,125.0,0,0.05399553,0,120+
20.0,55.0,125.0,0,0.046285044,0,120+
67.0,122.0,125.0,0,0.04259232,0,120+
72.0,41.0,125.0,0,0.043238204,0,120+
41.0,59.0,125.0,0,0.050118756,0,120+
56.0,77.0,125.0,0,0.04938796,0,120+
56.0,117.0,125.0,0,0.04605419,0,120+
38.0,57.0,125.0,0,0.044949226,0,120+
28.0,37.0,125.0,0,0.05033521,0,120+
90.0,33.0,121.0,0,0.052085523,0,120+
44.0,49.0,125.0,0,0.049863808,0,120+
100.0,38.0,125.0,0,0.043402486,0,120+
97.0,45.0,125.0,0,0.049472835,0,120+
66.0,78.0,124.0,0,0.050254095,0,120+
92.0,107.0,125.0,0,0.04768544,0,120+
96.0,71.0,125.0,0,0.049648594,0,120+
41.0,53.0,125.0,0,0.04978686,0,120+
32.0,35.0,125.0,0,0.04731571,0,120+
94.0,80.0,125.0,0,0.047367863,0,120+
20.0,48.0,125.0,0,0.048645467,0,120+
86.0,123.0,125.0,0,0.04534209,0,120+
96.0,177.0,125.0,0,0.04662458,0,120+
96.0,80.0,125.0,0,0.048023887,0,120+
76.0,71.0,125.0,0,0.050551105,0,120+
31.0,73.0,125.0,0,0.056311224,0,120+
79.0,32.0,125.0,0,0.0545728,0,120+
89.0,83.0,125.0,0,0.05129263,0,120+
69.0,158.0,125.0,0,0.04649107,0,120+
66.0,49.0,125.0,0,0.043207273,0,120+
5.0,31.0,125.0,0,0.062449284,1,120+
5.0,129.0,125.0,0,0.052465796,0,120+
94.0,75.0,125.0,0,0.048071146,0,120+
92.0,47.0,125.0,0,0.04788339,0,120+
7.0,77.0,125.0,0,0.05602908,0,120+
59.0,59.0,125.0,0,0.053186655,0,120+
7.0,99.0,125.0,0,0.04842086,0,120+
96.0,123.0,125.0,0,0.04744549,0,120+
14.0,56.0,124.0,0,0.047143005,0,120+
86.0,37.0,125.0,0,0.049677946,0,120+
30.0,57.0,125.0,0,0.050966688,0,120+
1.0,56.0,125.0,0,0.04425042,0,120+
56.0,80.0,125.0,0,0.04771,0,120+
25.0,59.0,125.0,0,0.049831655,0,120+
83.0,77.0,125.0,0,0.053374037,0,120+
89.0,36.0,125.0,0,0.045683637,0,120+
49.0,95.0,120.0,0,0.047260314,0,90-120
36.0,35.0,123.0,0,0.04564264,0,120+
56.0,43.0,125.0,0,0.045729175,0,120+
67.0,44.0,125.0,0,0.04676831,0,120+
92.0,85.0,125.0,0,0.048672546,0,120+
85.0,31.0,125.0,0,0.04759347,0,120+
40.0,42.0,125.0,0,0.046248794,0,120+
86.0,132.0,125.0,0,0.044945475,0,120+
86.0,70.0,125.0,0,0.04492601,0,120+
10.0,64.0,125.0,0,0.058821913,1,120+
41.0,82.0,125.0,0,0.04763272,0,120+
82.0,77.0,125.0,0,0.047866188,0,120+
64.0,65.0,125.0,0,0.046840947,0,120+
31.0,54.0,125.0,0,0.06240666,1,120+
56.0,69.0,125.0,0,0.048467662,0,120+
85.0,30.0,125.0,0,0.0473154,0,120+
97.0,70.0,125.0,0,0.04839072,0,120+
100.0,75.0,125.0,0,0.048771154,0,120+
3.0,52.0,125.0,0,0.046550754,0,120+
5.0,118.0,125.0,0,0.049935643,0,120+
1.0,162.0,30.0,1,0.052381396,0,20-30
1.0,163.0,29.0,1,0.053691797,0,20-30
1.0,164.0,28.0,1,0.054144967,0,20-30
1.0,165.0,27.0,1,0.053922214,0,20-30
1.0,166.0,26.0,1,0.054280836,0,20-30
1.0,167.0,25.0,1,0.053681612,0,20-30
1.0,168.0,24.0,1,0.053347304,0,20-30
1.0,169.0,23.0,1,0.05369594,0,20-30
1.0,170.0,22.0,1,0.05350228,0,20-30
1.0,171.0,21.0,1,0.053667184,0,20-30
1.0,172.0,20.0,1,0.05399274,0,10-20
1.0,173.0,19.0,1,0.054793607,0,10-20
1.0,174.0,18.0,1,0.056472275,0,10-20
1.0,175.0,17.0,1,0.057380736,0,10-20
1.0,176.0,16.0,1,0.057663873,0,10-20
1.0,177.0,15.0,1,0.0584898,1,10-20
1.0,178.0,14.0,1,0.059991617,1,10-20
1.0,179.0,13.0,1,0.061899934,1,10-20
1.0,180.0,12.0,1,0.06251736,1,10-20
1.0,181.0,11.0,1,0.06480389,1,10-20
1.0,182.0,10.0,1,0.06687801,1,0-10
1.0,183.0,9.0,1,0.069379486,1,0-10
1.0,184.0,8.0,1,0.07213418,1,0-10
1.0,185.0,7.0,1,0.074944004,1,0-10
1.0,186.0,6.0,1,0.07629612,1,0-10
1.0,187.0,5.0,1,0.0782937,1,0-10
1.0,188.0,4.0,1,0.08097721,1,0-10
1.0,189.0,3.0,1,0.083840646,1,0-10
1.0,190.0,2.0,1,0.086159736,1,0-10
1.0,191.0,1.0,1,0.09012329,1,0-10
1.0,192.0,0.0,1,0.092681356,1,0-10
2.0,257.0,30.0,1,0.059742603,1,20-30
2.0,258.0,29.0,1,0.061024196,1,20-30
2.0,259.0,28.0,1,0.06278931,1,20-30
2.0,260.0,27.0,1,0.06484309,1,20-30
2.0,261.0,26.0,1,0.06672905,1,20-30
2.0,262.0,25.0,1,0.06791691,1,20-30
2.0,263.0,24.0,1,0.067984916,1,20-30
2.0,264.0,23.0,1,0.0696462,1,20-30
2.0,265.0,22.0,1,0.07163058,1,20-30
2.0,266.0,21.0,1,0.073738955,1,20-30
2.0,267.0,20.0,1,0.07522699,1,10-20
2.0,268.0,19.0,1,0.076289214,1,10-20
2.0,269.0,18.0,1,0.0785107,1,10-20
2.0,270.0,17.0,1,0.08025489,1,10-20
2.0,271.0,16.0,1,0.08225694,1,10-20
2.0,272.0,15.0,1,0.08391461,1,10-20
2.0,273.0,14.0,1,0.08593267,1,10-20
2.0,274.0,13.0,1,0.08866616,1,10-20
2.0,275.0,12.0,1,0.09078437,1,10-20
2.0,276.0,11.0,1,0.09354331,1,10-20
2.0,277.0,10.0,1,0.09687069,1,0-10
2.0,278.0,9.0,1,0.09852002,1,0-10
2.0,279.0,8.0,1,0.1006272,1,0-10
2.0,280.0,7.0,1,0.10338543,1,0-10
2.0,281.0,6.0,1,0.10689708,1,0-10
2.0,282.0,5.0,1,0.10978847,1,0-10
2.0,283.0,4.0,1,0.1135648,1,0-10
2.0,284.0,3.0,1,0.11647455,1,0-10
2.0,285.0,2.0,1,0.119745724,1,0-10
2.0,286.0,1.0,1,0.12271004,1,0-10
2.0,287.0,0.0,1,0.12606613,1,0-10
3.0,149.0,30.0,1,0.064039014,1,20-30
3.0,150.0,29.0,1,0.06549126,1,20-30
3.0,151.0,28.0,1,0.06668161,1,20-30
3.0,152.0,27.0,1,0.06848917,1,20-30
3.0,153.0,26.0,1,0.06987626,1,20-30
3.0,154.0,25.0,1,0.072605446,1,20-30
3.0,155.0,24.0,1,0.07409081,1,20-30
3.0,156.0,23.0,1,0.075823665,1,20-30
3.0,157.0,22.0,1,0.07852016,1,20-30
3.0,158.0,21.0,1,0.08165313,1,20-30
3.0,159.0,20.0,1,0.08445568,1,10-20
3.0,160.0,19.0,1,0.08635093,1,10-20
3.0,161.0,18.0,1,0.089703895,1,10-20
3.0,162.0,17.0,1,0.09297924,1,10-20
3.0,163.0,16.0,1,0.095295735,1,10-20
3.0,164.0,15.0,1,0.09888294,1,10-20
3.0,165.0,14.0,1,0.103463225,1,10-20
3.0,166.0,13.0,1,0.10797432,1,10-20
3.0,167.0,12.0,1,0.11077356,1,10-20
3.0,168.0,11.0,1,0.115869544,1,10-20
3.0,169.0,10.0,1,0.12023049,1,0-10
3.0,170.0,9.0,1,0.12453297,1,0-10
3.0,171.0,8.0,1,0.12860344,1,0-10
3.0,172.0,7.0,1,0.13338366,1,0-10
3.0,173.0,6.0,1,0.13845976,1,0-10
3.0,174.0,5.0,1,0.14316572,1,0-10
3.0,175.0,4.0,1,0.1489755,1,0-10
3.0,176.0,3.0,1,0.15390405,1,0-10
3.0,177.0,2.0,1,0.15951782,1,0-10
3.0,178.0,1.0,1,0.16618429,1,0-10
3.0,179.0,0.0,1,0.17328674,1,0-10
4.0,159.0,30.0,1,0.062676646,1,20-30
4.0,160.0,29.0,1,0.064778164,1,20-30
4.0,161.0,28.0,1,0.06675183,1,20-30
4.0,162.0,27.0,1,0.06968,1,20-30
4.0,163.0,26.0,1,0.07165502,1,20-30
4.0,164.0,25.0,1,0.07495736,1,20-30
4.0,165.0,24.0,1,0.07642865,1,20-30
4.0,166.0,23.0,1,0.07857194,1,20-30
4.0,167.0,22.0,1,0.08048042,1,20-30
4.0,168.0,21.0,1,0.08294829,1,20-30
4.0,169.0,20.0,1,0.08600965,1,10-20
4.0,170.0,19.0,1,0.08905894,1,10-20
4.0,171.0,18.0,1,0.09219949,1,10-20
4.0,172.0,17.0,1,0.096109726,1,10-20
4.0,173.0,16.0,1,0.0995388,1,10-20
4.0,174.0,15.0,1,0.10315554,1,10-20
4.0,175.0,14.0,1,0.10694526,1,10-20
4.0,176.0,13.0,1,0.11006126,1,10-20
4.0,177.0,12.0,1,0.114228345,1,10-20
4.0,178.0,11.0,1,0.118487656,1,10-20
4.0,179.0,10.0,1,0.12265737,1,0-10
4.0,180.0,9.0,1,0.12687339,1,0-10
4.0,181.0,8.0,1,0.1324721,1,0-10
4.0,182.0,7.0,1,0.13566549,1,0-10
4.0,183.0,6.0,1,0.14136438,1,0-10
4.0,184.0,5.0,1,0.14753622,1,0-10
4.0,185.0,4.0,1,0.15345642,1,0-10
4.0,186.0,3.0,1,0.15888275,1,0-10
4.0,187.0,2.0,1,0.16549893,1,0-10
4.0,188.0,1.0,1,0.17095476,1,0-10
4.0,189.0,0.0,1,0.17753638,1,0-10
5.0,239.0,30.0,1,0.09079412,1,20-30
5.0,240.0,29.0,1,0.09225015,1,20-30
5.0,241.0,28.0,1,0.09364075,1,20-30
5.0,242.0,27.0,1,0.0950833,1,20-30
5.0,243.0,26.0,1,0.09613918,1,20-30
5.0,244.0,25.0,1,0.09826076,1,20-30
5.0,245.0,24.0,1,0.09820033,1,20-30
5.0,246.0,23.0,1,0.10012238,1,20-30
5.0,247.0,22.0,1,0.102752134,1,20-30
5.0,248.0,21.0,1,0.105281174,1,20-30
5.0,249.0,20.0,1,0.10758897,1,10-20
5.0,250.0,19.0,1,0.11061818,1,10-20
5.0,251.0,18.0,1,0.11274811,1,10-20
5.0,252.0,17.0,1,0.11543626,1,10-20
5.0,253.0,16.0,1,0.11704678,1,10-20
5.0,254.0,15.0,1,0.11978204,1,10-20
5.0,255.0,14.0,1,0.1217782,1,10-20
5.0,256.0,13.0,1,0.125922,1,10-20
5.0,257.0,12.0,1,0.12878928,1,10-20
5.0,258.0,11.0,1,0.13269134,1,10-20
5.0,259.0,10.0,1,0.13569894,1,0-10
5.0,260.0,9.0,1,0.13897274,1,0-10
5.0,261.0,8.0,1,0.14147033,1,0-10
5.0,262.0,7.0,1,0.14378625,1,0-10
5.0,263.0,6.0,1,0.14747518,1,0-10
5.0,264.0,5.0,1,0.15137298,1,0-10
5.0,265.0,4.0,1,0.15603608,1,0-10
5.0,266.0,3.0,1,0.15898375,1,0-10
5.0,267.0,2.0,1,0.16206712,1,0-10
5.0,268.0,1.0,1,0.16513798,1,0-10
5.0,269.0,0.0,1,0.16903462,1,0-10
6.0,158.0,30.0,1,0.062109426,1,20-30
6.0,159.0,29.0,1,0.06318977,1,20-30
6.0,160.0,28.0,1,0.06427109,1,20-30
6.0,161.0,27.0,1,0.06518646,1,20-30
6.0,162.0,26.0,1,0.067001104,1,20-30
6.0,163.0,25.0,1,0.06879664,1,20-30
6.0,164.0,24.0,1,0.06966069,1,20-30
6.0,165.0,23.0,1,0.071638115,1,20-30
6.0,166.0,22.0,1,0.07363596,1,20-30
6.0,167.0,21.0,1,0.07517714,1,20-30
6.0,168.0,20.0,1,0.07710117,1,10-20
6.0,169.0,19.0,1,0.07767185,1,10-20
6.0,170.0,18.0,1,0.07964423,1,10-20
6.0,171.0,17.0,1,0.08306845,1,10-20
6.0,172.0,16.0,1,0.08449524,1,10-20
6.0,173.0,15.0,1,0.08603414,1,10-20
6.0,174.0,14.0,1,0.08696861,1,10-20
6.0,175.0,13.0,1,0.08869663,1,10-20
6.0,176.0,12.0,1,0.091257915,1,10-20
6.0,177.0,11.0,1,0.09322293,1,10-20
6.0,178.0,10.0,1,0.09521052,1,0-10
6.0,179.0,9.0,1,0.09752477,1,0-10
6.0,180.0,8.0,1,0.10031126,1,0-10
6.0,181.0,7.0,1,0.103097446,1,0-10
6.0,182.0,6.0,1,0.10475583,1,0-10
6.0,183.0,5.0,1,0.108423054,1,0-10
6.0,184.0,4.0,1,0.11135064,1,0-10
6.0,185.0,3.0,1,0.11431702,1,0-10
6.0,186.0,2.0,1,0.11700979,1,0-10
6.0,187.0,1.0,1,0.12036862,1,0-10
6.0,188.0,0.0,1,0.12435824,1,0-10
7.0,229.0,30.0,1,0.06479067,1,20-30
7.0,230.0,29.0,1,0.06568256,1,20-30
7.0,231.0,28.0,1,0.06565186,1,20-30
7.0,232.0,27.0,1,0.06665413,1,20-30
7.0,233.0,26.0,1,0.06770189,1,20-30
7.0,234.0,25.0,1,0.06837958,1,20-30
7.0,235.0,24.0,1,0.06937056,1,20-30
7.0,236.0,23.0,1,0.068817414,1,20-30
7.0,237.0,22.0,1,0.06954543,1,20-30
7.0,238.0,21.0,1,0.07020907,1,20-30
7.0,239.0,20.0,1,0.0704234,1,10-20
7.0,240.0,19.0,1,0.07202902,1,10-20
7.0,241.0,18.0,1,0.073938414,1,10-20
7.0,242.0,17.0,1,0.07520366,1,10-20
7.0,243.0,16.0,1,0.07661044,1,10-20
7.0,244.0,15.0,1,0.07822413,1,10-20
7.0,245.0,14.0,1,0.079699576,1,10-20
7.0,246.0,13.0,1,0.08136288,1,10-20
7.0,247.0,12.0,1,0.08319453,1,10-20
7.0,248.0,11.0,1,0.08476866,1,10-20
7.0,249.0,10.0,1,0.0869949,1,0-10
7.0,250.0,9.0,1,0.089098126,1,0-10
7.0,251.0,8.0,1,0.09152373,1,0-10
7.0,252.0,7.0,1,0.093932465,1,0-10
7.0,253.0,6.0,1,0.09637818,1,0-10
7.0,254.0,5.0,1,0.09917793,1,0-10
7.0,255.0,4.0,1,0.1013705,1,0-10
7.0,256.0,3.0,1,0.10310716,1,0-10
7.0,257.0,2.0,1,0.10562124,1,0-10
7.0,258.0,1.0,1,0.10845079,1,0-10
7.0,259.0,0.0,1,0.11074672,1,0-10
8.0,120.0,30.0,1,0.052021272,0,20-30
8.0,121.0,29.0,1,0.052535918,0,20-30
8.0,122.0,28.0,1,0.052616574,0,20-30
8.0,123.0,27.0,1,0.053596377,0,20-30
8.0,124.0,26.0,1,0.05584849,0,20-30
8.0,125.0,25.0,1,0.056504145,0,20-30
8.0,126.0,24.0,1,0.057578005,0,20-30
8.0,127.0,23.0,1,0.057823878,1,20-30
8.0,128.0,22.0,1,0.05935567,1,20-30
8.0,129.0,21.0,1,0.060480043,1,20-30
8.0,130.0,20.0,1,0.061252408,1,10-20
8.0,131.0,19.0,1,0.06251403,1,10-20
8.0,132.0,18.0,1,0.06411023,1,10-20
8.0,133.0,17.0,1,0.06522109,1,10-20
8.0,134.0,16.0,1,0.065736525,1,10-20
8.0,135.0,15.0,1,0.06753835,1,10-20
8.0,136.0,14.0,1,0.068686694,1,10-20
8.0,137.0,13.0,1,0.07141727,1,10-20
8.0,138.0,12.0,1,0.07339948,1,10-20
8.0,139.0,11.0,1,0.074893825,1,10-20
8.0,140.0,10.0,1,0.07554621,1,0-10
8.0,141.0,9.0,1,0.07808067,1,0-10
8.0,142.0,8.0,1,0.07922843,1,0-10
8.0,143.0,7.0,1,0.081602454,1,0-10
8.0,144.0,6.0,1,0.08368369,1,0-10
8.0,145.0,5.0,1,0.08640412,1,0-10
8.0,146.0,4.0,1,0.089535594,1,0-10
8.0,147.0,3.0,1,0.09072432,1,0-10
8.0,148.0,2.0,1,0.092554204,1,0-10
8.0,149.0,1.0,1,0.09653359,1,0-10
8.0,150.0,0.0,1,0.100178294,1,0-10
9.0,171.0,30.0,1,0.079148695,1,20-30
9.0,172.0,29.0,1,0.08108704,1,20-30
9.0,173.0,28.0,1,0.08341089,1,20-30
9.0,174.0,27.0,1,0.08522703,1,20-30
9.0,175.0,26.0,1,0.08735204,1,20-30
9.0,176.0,25.0,1,0.089943126,1,20-30
9.0,177.0,24.0,1,0.091977,1,20-30
9.0,178.0,23.0,1,0.09441518,1,20-30
9.0,179.0,22.0,1,0.09745355,1,20-30
9.0,180.0,21.0,1,0.10133714,1,20-30
9.0,181.0,20.0,1,0.103469715,1,10-20
9.0,182.0,19.0,1,0.1057605,1,10-20
9.0,183.0,18.0,1,0.10977817,1,10-20
9.0,184.0,17.0,1,0.11273758,1,10-20
9.0,185.0,16.0,1,0.11734271,1,10-20
9.0,186.0,15.0,1,0.12135127,1,10-20
9.0,187.0,14.0,1,0.124993645,1,10-20
9.0,188.0,13.0,1,0.12730391,1,10-20
9.0,189.0,12.0,1,0.13183783,1,10-20
9.0,190.0,11.0,1,0.13497876,1,10-20
9.0,191.0,10.0,1,0.13872595,1,0-10
9.0,192.0,9.0,1,0.14372809,1,0-10
9.0,193.0,8.0,1,0.14883813,1,0-10
9.0,194.0,7.0,1,0.15517923,1,0-10
9.0,195.0,6.0,1,0.16084413,1,0-10
9.0,196.0,5.0,1,0.16680883,1,0-10
9.0,197.0,4.0,1,0.17204228,1,0-10
9.0,198.0,3.0,1,0.17761561,1,0-10
9.0,199.0,2.0,1,0.18484409,1,0-10
9.0,200.0,1.0,1,0.18747456,1,0-10
9.0,201.0,0.0,1,0.19296116,1,0-10
10.0,192.0,30.0,1,0.06041292,1,20-30
10.0,193.0,29.0,1,0.061969295,1,20-30
10.0,194.0,28.0,1,0.063695,1,20-30
10.0,195.0,27.0,1,0.063937865,1,20-30
10.0,196.0,26.0,1,0.06522946,1,20-30
10.0,197.0,25.0,1,0.06640835,1,20-30
10.0,198.0,24.0,1,0.06727022,1,20-30
10.0,199.0,23.0,1,0.06757557,1,20-30
10.0,200.0,22.0,1,0.06875544,1,20-30
10.0,201.0,21.0,1,0.06935961,1,20-30
10.0,202.0,20.0,1,0.070820324,1,10-20
10.0,203.0,19.0,1,0.07139228,1,10-20
10.0,204.0,18.0,1,0.07393597,1,10-20
10.0,205.0,17.0,1,0.07598976,1,10-20
10.0,206.0,16.0,1,0.077285245,1,10-20
10.0,207.0,15.0,1,0.078342505,1,10-20
10.0,208.0,14.0,1,0.07980755,1,10-20
10.0,209.0,13.0,1,0.08213015,1,10-20
10.0,210.0,12.0,1,0.08396029,1,10-20
10.0,211.0,11.0,1,0.086054705,1,10-20
10.0,212.0,10.0,1,0.08783113,1,0-10
10.0,213.0,9.0,1,0.09073746,1,0-10
10.0,214.0,8.0,1,0.09362102,1,0-10
10.0,215.0,7.0,1,0.095500946,1,0-10
10.0,216.0,6.0,1,0.09841864,1,0-10
10.0,217.0,5.0,1,0.100866094,1,0-10
10.0,218.0,4.0,1,0.10357168,1,0-10
10.0,219.0,3.0,1,0.10578572,1,0-10
10.0,220.0,2.0,1,0.10762194,1,0-10
10.0,221.0,1.0,1,0.11082086,1,0-10
10.0,222.0,0.0,1,0.1142471,1,0-10
11.0,210.0,30.0,1,0.07153097,1,20-30
11.0,211.0,29.0,1,0.07444601,1,20-30
11.0,212.0,28.0,1,0.075664945,1,20-30
11.0,213.0,27.0,1,0.07738399,1,20-30
11.0,214.0,26.0,1,0.07909467,1,20-30
11.0,215.0,25.0,1,0.08043076,1,20-30
11.0,216.0,24.0,1,0.08228803,1,20-30
11.0,217.0,23.0,1,0.08348587,1,20-30
11.0,218.0,22.0,1,0.084899314,1,20-30
11.0,219.0,21.0,1,0.08679486,1,20-30
11.0,220.0,20.0,1,0.089605734,1,10-20
11.0,221.0,19.0,1,0.09147646,1,10-20
11.0,222.0,18.0,1,0.093804695,1,10-20
11.0,223.0,17.0,1,0.0964552,1,10-20
11.0,224.0,16.0,1,0.099006526,1,10-20
11.0,225.0,15.0,1,0.10148446,1,10-20
11.0,226.0,14.0,1,0.10436229,1,10-20
11.0,227.0,13.0,1,0.10653461,1,10-20
11.0,228.0,12.0,1,0.10982993,1,10-20
11.0,229.0,11.0,1,0.11359398,1,10-20
11.0,230.0,10.0,1,0.11584593,1,0-10
11.0,231.0,9.0,1,0.11965351,1,0-10
11.0,232.0,8.0,1,0.122783884,1,0-10
11.0,233.0,7.0,1,0.12589398,1,0-10
11.0,234.0,6.0,1,0.1287526,1,0-10
11.0,235.0,5.0,1,0.13149817,1,0-10
11.0,236.0,4.0,1,0.13506567,1,0-10
11.0,237.0,3.0,1,0.13815327,1,0-10
11.0,238.0,2.0,1,0.14263774,1,0-10
11.0,239.0,1.0,1,0.14621495,1,0-10
11.0,240.0,0.0,1,0.15007575,1,0-10
12.0,140.0,30.0,1,0.055333424,0,20-30
12.0,141.0,29.0,1,0.056134127,0,20-30
12.0,142.0,28.0,1,0.05713064,0,20-30
12.0,143.0,27.0,1,0.059109125,1,20-30
12.0,144.0,26.0,1,0.059252184,1,20-30
12.0,145.0,25.0,1,0.06157033,1,20-30
12.0,146.0,24.0,1,0.06200858,1,20-30
12.0,147.0,23.0,1,0.06264939,1,20-30
12.0,148.0,22.0,1,0.06314271,1,20-30
12.0,149.0,21.0,1,0.064846955,1,20-30
12.0,150.0,20.0,1,0.065183744,1,10-20
12.0,151.0,19.0,1,0.06675745,1,10-20
12.0,152.0,18.0,1,0.06809428,1,10-20
12.0,153.0,17.0,1,0.06948517,1,10-20
12.0,154.0,16.0,1,0.06915706,1,10-20
12.0,155.0,15.0,1,0.070323914,1,10-20
12.0,156.0,14.0,1,0.07260186,1,10-20
12.0,157.0,13.0,1,0.07361397,1,10-20
12.0,158.0,12.0,1,0.074739695,1,10-20
12.0,159.0,11.0,1,0.07554138,1,10-20
12.0,160.0,10.0,1,0.07760767,1,0-10
12.0,161.0,9.0,1,0.07920514,1,0-10
12.0,162.0,8.0,1,0.08146648,1,0-10
12.0,163.0,7.0,1,0.0843307,1,0-10
12.0,164.0,6.0,1,0.08754253,1,0-10
12.0,165.0,5.0,1,0.087896995,1,0-10
12.0,166.0,4.0,1,0.090684526,1,0-10
12.0,167.0,3.0,1,0.09349294,1,0-10
12.0,168.0,2.0,1,0.09594721,1,0-10
12.0,169.0,1.0,1,0.09800053,1,0-10
12.0,170.0,0.0,1,0.100699015,1,0-10
13.0,133.0,30.0,1,0.060630437,1,20-30
13.0,134.0,29.0,1,0.061338145,1,20-30
13.0,135.0,28.0,1,0.06316967,1,20-30
13.0,136.0,27.0,1,0.064513326,1,20-30
13.0,137.0,26.0,1,0.065915965,1,20-30
13.0,138.0,25.0,1,0.067166604,1,20-30
13.0,139.0,24.0,1,0.068273805,1,20-30
13.0,140.0,23.0,1,0.07011788,1,20-30
13.0,141.0,22.0,1,0.07242664,1,20-30
13.0,142.0,21.0,1,0.07397009,1,20-30
13.0,143.0,20.0,1,0.07688914,1,10-20
13.0,144.0,19.0,1,0.07847151,1,10-20
13.0,145.0,18.0,1,0.081240594,1,10-20
13.0,146.0,17.0,1,0.08387121,1,10-20
13.0,147.0,16.0,1,0.08568698,1,10-20
13.0,148.0,15.0,1,0.088189654,1,10-20
13.0,149.0,14.0,1,0.091520526,1,10-20
13.0,150.0,13.0,1,0.09366291,1,10-20
13.0,151.0,12.0,1,0.09645656,1,10-20
13.0,152.0,11.0,1,0.10014331,1,10-20
13.0,153.0,10.0,1,0.10254001,1,0-10
13.0,154.0,9.0,1,0.10572166,1,0-10
13.0,155.0,8.0,1,0.10971329,1,0-10
13.0,156.0,7.0,1,0.11279184,1,0-10
13.0,157.0,6.0,1,0.116711974,1,0-10
13.0,158.0,5.0,1,0.12038579,1,0-10
13.0,159.0,4.0,1,0.12521645,1,0-10
13.0,160.0,3.0,1,0.12788282,1,0-10
13.0,161.0,2.0,1,0.13160369,1,0-10
13.0,162.0,1.0,1,0.13558209,1,0-10
13.0,163.0,0.0,1,0.14073126,1,0-10
14.0,150.0,30.0,1,0.06529455,1,20-30
14.0,151.0,29.0,1,0.06648169,1,20-30
14.0,152.0,28.0,1,0.06847668,1,20-30
14.0,153.0,27.0,1,0.069315255,1,20-30
14.0,154.0,26.0,1,0.07150228,1,20-30
14.0,155.0,25.0,1,0.07345242,1,20-30
14.0,156.0,24.0,1,0.0750251,1,20-30
14.0,157.0,23.0,1,0.077542186,1,20-30
14.0,158.0,22.0,1,0.07830875,1,20-30
14.0,159.0,21.0,1,0.079889834,1,20-30
14.0,160.0,20.0,1,0.08185209,1,10-20
14.0,161.0,19.0,1,0.084632,1,10-20
14.0,162.0,18.0,1,0.086025424,1,10-20
14.0,163.0,17.0,1,0.08791681,1,10-20
14.0,164.0,16.0,1,0.08923749,1,10-20
14.0,165.0,15.0,1,0.09112211,1,10-20
14.0,166.0,14.0,1,0.09321297,1,10-20
14.0,167.0,13.0,1,0.09581538,1,10-20
14.0,168.0,12.0,1,0.09916389,1,10-20
14.0,169.0,11.0,1,0.10192755,1,10-20
14.0,170.0,10.0,1,0.10421494,1,0-10
14.0,171.0,9.0,1,0.10852765,1,0-10
14.0,172.0,8.0,1,0.11003553,1,0-10
14.0,173.0,7.0,1,0.11264677,1,0-10
14.0,174.0,6.0,1,0.1176193,1,0-10
14.0,175.0,5.0,1,0.120699905,1,0-10
14.0,176.0,4.0,1,0.12427132,1,0-10
14.0,177.0,3.0,1,0.1273106,1,0-10
14.0,178.0,2.0,1,0.13100325,1,0-10
14.0,179.0,1.0,1,0.1354081,1,0-10
14.0,180.0,0.0,1,0.13954715,1,0-10
15.0,177.0,30.0,1,0.052161824,0,20-30
15.0,178.0,29.0,1,0.052568108,0,20-30
15.0,179.0,28.0,1,0.052280426,0,20-30
15.0,180.0,27.0,1,0.052463762,0,20-30
15.0,181.0,26.0,1,0.052408054,0,20-30
15.0,182.0,25.0,1,0.052215308,0,20-30
15.0,183.0,24.0,1,0.053001728,0,20-30
15.0,184.0,23.0,1,0.053126205,0,20-30
15.0,185.0,22.0,1,0.05386972,0,20-30
15.0,186.0,21.0,1,0.053488098,0,20-30
15.0,187.0,20.0,1,0.05390216,0,10-20
15.0,188.0,19.0,1,0.054447602,0,10-20
15.0,189.0,18.0,1,0.055694263,0,10-20
15.0,190.0,17.0,1,0.055914104,0,10-20
15.0,191.0,16.0,1,0.05701049,0,10-20
15.0,192.0,15.0,1,0.057508774,0,10-20
15.0,193.0,14.0,1,0.059158225,1,10-20
15.0,194.0,13.0,1,0.06041682,1,10-20
15.0,195.0,12.0,1,0.061895728,1,10-20
15.0,196.0,11.0,1,0.06419986,1,10-20
15.0,197.0,10.0,1,0.06544156,1,0-10
15.0,198.0,9.0,1,0.06649077,1,0-10
15.0,199.0,8.0,1,0.06869082,1,0-10
15.0,200.0,7.0,1,0.06960917,1,0-10
15.0,201.0,6.0,1,0.07065946,1,0-10
15.0,202.0,5.0,1,0.07351757,1,0-10
15.0,203.0,4.0,1,0.0755292,1,0-10
15.0,204.0,3.0,1,0.07827891,1,0-10
15.0,205.0,2.0,1,0.08076926,1,0-10
15.0,206.0,1.0,1,0.0840073,1,0-10
15.0,207.0,0.0,1,0.08717556,1,0-10
16.0,179.0,30.0,1,0.06525085,1,20-30
16.0,180.0,29.0,1,0.06636327,1,20-30
16.0,181.0,28.0,1,0.067166716,1,20-30
16.0,182.0,27.0,1,0.06767338,1,20-30
16.0,183.0,26.0,1,0.06888058,1,20-30
16.0,184.0,25.0,1,0.0695878,1,20-30
16.0,185.0,24.0,1,0.07119991,1,20-30
16.0,186.0,23.0,1,0.07278802,1,20-30
16.0,187.0,22.0,1,0.07369435,1,20-30
16.0,188.0,21.0,1,0.07494083,1,20-30
16.0,189.0,20.0,1,0.075813964,1,10-20
16.0,190.0,19.0,1,0.077028066,1,10-20
16.0,191.0,18.0,1,0.07793009,1,10-20
16.0,192.0,17.0,1,0.080042645,1,10-20
16.0,193.0,16.0,1,0.081392534,1,10-20
16.0,194.0,15.0,1,0.083716236,1,10-20
16.0,195.0,14.0,1,0.085534334,1,10-20
16.0,196.0,13.0,1,0.08727613,1,10-20
16.0,197.0,12.0,1,0.08946559,1,10-20
16.0,198.0,11.0,1,0.09190043,1,10-20
16.0,199.0,10.0,1,0.09323527,1,0-10
16.0,200.0,9.0,1,0.095112056,1,0-10
16.0,201.0,8.0,1,0.09712783,1,0-10
16.0,202.0,7.0,1,0.099380225,1,0-10
16.0,203.0,6.0,1,0.101341434,1,0-10
16.0,204.0,5.0,1,0.103724085,1,0-10
16.0,205.0,4.0,1,0.10635465,1,0-10
16.0,206.0,3.0,1,0.10888968,1,0-10
16.0,207.0,2.0,1,0.11155878,1,0-10
16.0,208.0,1.0,1,0.11498044,1,0-10
16.0,209.0,0.0,1,0.11790764,1,0-10
17.0,246.0,30.0,1,0.095461205,1,20-30
17.0,247.0,29.0,1,0.09753995,1,20-30
17.0,248.0,28.0,1,0.09895672,1,20-30
17.0,249.0,27.0,1,0.101122506,1,20-30
17.0,250.0,26.0,1,0.1028014,1,20-30
17.0,251.0,25.0,1,0.10571882,1,20-30
17.0,252.0,24.0,1,0.10860035,1,20-30
17.0,253.0,23.0,1,0.11039544,1,20-30
17.0,254.0,22.0,1,0.112796806,1,20-30
17.0,255.0,21.0,1,0.114717305,1,20-30
17.0,256.0,20.0,1,0.1164342,1,10-20
17.0,257.0,19.0,1,0.12004293,1,10-20
17.0,258.0,18.0,1,0.12273091,1,10-20
17.0,259.0,17.0,1,0.12587413,1,10-20
17.0,260.0,16.0,1,0.12827572,1,10-20
17.0,261.0,15.0,1,0.13181259,1,10-20
17.0,262.0,14.0,1,0.13558993,1,10-20
17.0,263.0,13.0,1,0.13757707,1,10-20
17.0,264.0,12.0,1,0.14070831,1,10-20
17.0,265.0,11.0,1,0.14460568,1,10-20
17.0,266.0,10.0,1,0.14690778,1,0-10
17.0,267.0,9.0,1,0.15077433,1,0-10
17.0,268.0,8.0,1,0.15446858,1,0-10
17.0,269.0,7.0,1,0.15689854,1,0-10
17.0,270.0,6.0,1,0.16212112,1,0-10
17.0,271.0,5.0,1,0.16557293,1,0-10
17.0,272.0,4.0,1,0.17006524,1,0-10
17.0,273.0,3.0,1,0.17355318,1,0-10
17.0,274.0,2.0,1,0.17717558,1,0-10
17.0,275.0,1.0,1,0.18087606,1,0-10
17.0,276.0,0.0,1,0.18663244,1,0-10
18.0,165.0,30.0,1,0.06977073,1,20-30
18.0,166.0,29.0,1,0.072541796,1,20-30
18.0,167.0,28.0,1,0.07488066,1,20-30
18.0,168.0,27.0,1,0.07591541,1,20-30
18.0,169.0,26.0,1,0.07837532,1,20-30
18.0,170.0,25.0,1,0.08114381,1,20-30
18.0,171.0,24.0,1,0.08350062,1,20-30
18.0,172.0,23.0,1,0.086205885,1,20-30
18.0,173.0,22.0,1,0.08780503,1,20-30
18.0,174.0,21.0,1,0.09108706,1,20-30
18.0,175.0,20.0,1,0.09420431,1,10-20
18.0,176.0,19.0,1,0.09671153,1,10-20
18.0,177.0,18.0,1,0.10026898,1,10-20
18.0,178.0,17.0,1,0.10420166,1,10-20
18.0,179.0,16.0,1,0.10865886,1,10-20
18.0,180.0,15.0,1,0.11224955,1,10-20
18.0,181.0,14.0,1,0.116302535,1,10-20
18.0,182.0,13.0,1,0.12126227,1,10-20
18.0,183.0,12.0,1,0.12545085,1,10-20
18.0,184.0,11.0,1,0.12987188,1,10-20
18.0,185.0,10.0,1,0.13454615,1,0-10
18.0,186.0,9.0,1,0.13946399,1,0-10
18.0,187.0,8.0,1,0.14496715,1,0-10
18.0,188.0,7.0,1,0.15104347,1,0-10
18.0,189.0,6.0,1,0.15672645,1,0-10
18.0,190.0,5.0,1,0.16242573,1,0-10
18.0,191.0,4.0,1,0.16755107,1,0-10
18.0,192.0,3.0,1,0.17437112,1,0-10
18.0,193.0,2.0,1,0.18010347,1,0-10
18.0,194.0,1.0,1,0.18761426,1,0-10
18.0,195.0,0.0,1,0.192006,1,0-10
19.0,128.0,30.0,1,0.057900205,1,20-30
19.0,129.0,29.0,1,0.058959115,1,20-30
19.0,130.0,28.0,1,0.059521955,1,20-30
19.0,131.0,27.0,1,0.05987757,1,20-30
19.0,132.0,26.0,1,0.060469087,1,20-30
19.0,133.0,25.0,1,0.060652427,1,20-30
19.0,134.0,24.0,1,0.062211048,1,20-30
19.0,135.0,23.0,1,0.06365662,1,20-30
19.0,136.0,22.0,1,0.06485064,1,20-30
19.0,137.0,21.0,1,0.06625909,1,20-30
19.0,138.0,20.0,1,0.06708462,1,10-20
19.0,139.0,19.0,1,0.069390155,1,10-20
19.0,140.0,18.0,1,0.07103804,1,10-20
19.0,141.0,17.0,1,0.072412655,1,10-20
19.0,142.0,16.0,1,0.073114134,1,10-20
19.0,143.0,15.0,1,0.073843166,1,10-20
19.0,144.0,14.0,1,0.07542779,1,10-20
19.0,145.0,13.0,1,0.07757438,1,10-20
19.0,146.0,12.0,1,0.07912345,1,10-20
19.0,147.0,11.0,1,0.08149482,1,10-20
19.0,148.0,10.0,1,0.083590455,1,0-10
19.0,149.0,9.0,1,0.08623712,1,0-10
19.0,150.0,8.0,1,0.08860376,1,0-10
19.0,151.0,7.0,1,0.09048159,1,0-10
19.0,152.0,6.0,1,0.09206296,1,0-10
19.0,153.0,5.0,1,0.094244875,1,0-10
19.0,154.0,4.0,1,0.096219435,1,0-10
19.0,155.0,3.0,1,0.10000896,1,0-10
19.0,156.0,2.0,1,0.10316279,1,0-10
19.0,157.0,1.0,1,0.10665712,1,0-10
19.0,158.0,0.0,1,0.10924586,1,0-10
20.0,204.0,30.0,1,0.06478497,1,20-30
20.0,205.0,29.0,1,0.06627502,1,20-30
20.0,206.0,28.0,1,0.06748575,1,20-30
20.0,207.0,27.0,1,0.068087146,1,20-30
20.0,208.0,26.0,1,0.06937274,1,20-30
20.0,209.0,25.0,1,0.06982299,1,20-30
20.0,210.0,24.0,1,0.07089956,1,20-30
20.0,211.0,23.0,1,0.07218858,1,20-30
20.0,212.0,22.0,1,0.073074676,1,20-30
20.0,213.0,21.0,1,0.07403062,1,20-30
20.0,214.0,20.0,1,0.07621672,1,10-20
20.0,215.0,19.0,1,0.077989064,1,10-20
20.0,216.0,18.0,1,0.079106435,1,10-20
20.0,217.0,17.0,1,0.08076388,1,10-20
20.0,218.0,16.0,1,0.08232129,1,10-20
20.0,219.0,15.0,1,0.08457332,1,10-20
20.0,220.0,14.0,1,0.08567989,1,10-20
20.0,221.0,13.0,1,0.08793708,1,10-20
20.0,222.0,12.0,1,0.08872293,1,10-20
20.0,223.0,11.0,1,0.09001938,1,10-20
20.0,224.0,10.0,1,0.09117586,1,0-10
20.0,225.0,9.0,1,0.09304917,1,0-10
20.0,226.0,8.0,1,0.09418228,1,0-10
20.0,227.0,7.0,1,0.09598027,1,0-10
20.0,228.0,6.0,1,0.097703926,1,0-10
20.0,229.0,5.0,1,0.09957447,1,0-10
20.0,230.0,4.0,1,0.101161316,1,0-10
20.0,231.0,3.0,1,0.1037598,1,0-10
20.0,232.0,2.0,1,0.10697401,1,0-10
20.0,233.0,1.0,1,0.10940886,1,0-10
20.0,234.0,0.0,1,0.11056724,1,0-10
21.0,165.0,30.0,1,0.06323168,1,20-30
21.0,166.0,29.0,1,0.06580458,1,20-30
21.0,167.0,28.0,1,0.067738704,1,20-30
21.0,168.0,27.0,1,0.06938821,1,20-30
21.0,169.0,26.0,1,0.07187371,1,20-30
21.0,170.0,25.0,1,0.072832845,1,20-30
21.0,171.0,24.0,1,0.07460026,1,20-30
21.0,172.0,23.0,1,0.076767035,1,20-30
21.0,173.0,22.0,1,0.07875332,1,20-30
21.0,174.0,21.0,1,0.0810186,1,20-30
21.0,175.0,20.0,1,0.08253405,1,10-20
21.0,176.0,19.0,1,0.08394111,1,10-20
21.0,177.0,18.0,1,0.08567225,1,10-20
21.0,178.0,17.0,1,0.08845545,1,10-20
21.0,179.0,16.0,1,0.090478435,1,10-20
21.0,180.0,15.0,1,0.09355871,1,10-20
21.0,181.0,14.0,1,0.0965133,1,10-20
21.0,182.0,13.0,1,0.099728175,1,10-20
21.0,183.0,12.0,1,0.10176504,1,10-20
21.0,184.0,11.0,1,0.105214395,1,10-20
21.0,185.0,10.0,1,0.108532205,1,0-10
21.0,186.0,9.0,1,0.11232342,1,0-10
21.0,187.0,8.0,1,0.116204225,1,0-10
21.0,188.0,7.0,1,0.120345116,1,0-10
21.0,189.0,6.0,1,0.12302827,1,0-10
21.0,190.0,5.0,1,0.12735738,1,0-10
21.0,191.0,4.0,1,0.13124305,1,0-10
21.0,192.0,3.0,1,0.13565198,1,0-10
21.0,193.0,2.0,1,0.14076294,1,0-10
21.0,194.0,1.0,1,0.14523597,1,0-10
21.0,195.0,0.0,1,0.15027308,1,0-10
22.0,172.0,30.0,1,0.06433203,1,20-30
22.0,173.0,29.0,1,0.06474885,1,20-30
22.0,174.0,28.0,1,0.06562605,1,20-30
22.0,175.0,27.0,1,0.06659303,1,20-30
22.0,176.0,26.0,1,0.0668311,1,20-30
22.0,177.0,25.0,1,0.06702383,1,20-30
22.0,178.0,24.0,1,0.06807005,1,20-30
22.0,179.0,23.0,1,0.069946796,1,20-30
22.0,180.0,22.0,1,0.071186,1,20-30
22.0,181.0,21.0,1,0.072932005,1,20-30
22.0,182.0,20.0,1,0.07377431,1,10-20
22.0,183.0,19.0,1,0.0757813,1,10-20
22.0,184.0,18.0,1,0.07591706,1,10-20
22.0,185.0,17.0,1,0.07720039,1,10-20
22.0,186.0,16.0,1,0.07788268,1,10-20
22.0,187.0,15.0,1,0.07919115,1,10-20
22.0,188.0,14.0,1,0.08122871,1,10-20
22.0,189.0,13.0,1,0.08272159,1,10-20
22.0,190.0,12.0,1,0.08437939,1,10-20
22.0,191.0,11.0,1,0.08600413,1,10-20
22.0,192.0,10.0,1,0.08746935,1,0-10
22.0,193.0,9.0,1,0.089937486,1,0-10
22.0,194.0,8.0,1,0.09183118,1,0-10
22.0,195.0,7.0,1,0.095424965,1,0-10
22.0,196.0,6.0,1,0.09665512,1,0-10
22.0,197.0,5.0,1,0.099223234,1,0-10
22.0,198.0,4.0,1,0.101425715,1,0-10
22.0,199.0,3.0,1,0.10321511,1,0-10
22.0,200.0,2.0,1,0.10560734,1,0-10
22.0,201.0,1.0,1,0.106867254,1,0-10
22.0,202.0,0.0,1,0.10999215,1,0-10
23.0,138.0,30.0,1,0.051660378,0,20-30
23.0,139.0,29.0,1,0.052190743,0,20-30
23.0,140.0,28.0,1,0.052880175,0,20-30
23.0,141.0,27.0,1,0.053416025,0,20-30
23.0,142.0,26.0,1,0.05406407,0,20-30
23.0,143.0,25.0,1,0.05438732,0,20-30
23.0,144.0,24.0,1,0.054463748,0,20-30
23.0,145.0,23.0,1,0.05449037,0,20-30
23.0,146.0,22.0,1,0.0553964,0,20-30
23.0,147.0,21.0,1,0.055925496,0,20-30
23.0,148.0,20.0,1,0.056408614,0,10-20
23.0,149.0,19.0,1,0.05799058,1,10-20
23.0,150.0,18.0,1,0.059316754,1,10-20
23.0,151.0,17.0,1,0.06063044,1,10-20
23.0,152.0,16.0,1,0.061597995,1,10-20
23.0,153.0,15.0,1,0.063247494,1,10-20
23.0,154.0,14.0,1,0.06484757,1,10-20
23.0,155.0,13.0,1,0.06565631,1,10-20
23.0,156.0,12.0,1,0.06618899,1,10-20
23.0,157.0,11.0,1,0.068669565,1,10-20
23.0,158.0,10.0,1,0.071074605,1,0-10
23.0,159.0,9.0,1,0.0730275,1,0-10
23.0,160.0,8.0,1,0.07471612,1,0-10
23.0,161.0,7.0,1,0.07657635,1,0-10
23.0,162.0,6.0,1,0.07863266,1,0-10
23.0,163.0,5.0,1,0.080577984,1,0-10
23.0,164.0,4.0,1,0.08389121,1,0-10
23.0,165.0,3.0,1,0.08600293,1,0-10
23.0,166.0,2.0,1,0.08799432,1,0-10
23.0,167.0,1.0,1,0.091399,1,0-10
23.0,168.0,0.0,1,0.09466832,1,0-10
24.0,117.0,30.0,1,0.05104713,0,20-30
24.0,118.0,29.0,1,0.050742626,0,20-30
24.0,119.0,28.0,1,0.04917776,0,20-30
24.0,120.0,27.0,1,0.049872648,0,20-30
24.0,121.0,26.0,1,0.050588947,0,20-30
24.0,122.0,25.0,1,0.051218424,0,20-30
24.0,123.0,24.0,1,0.051348533,0,20-30
24.0,124.0,23.0,1,0.051049016,0,20-30
24.0,125.0,22.0,1,0.0513249,0,20-30
24.0,126.0,21.0,1,0.051586255,0,20-30
24.0,127.0,20.0,1,0.05227661,0,10-20
24.0,128.0,19.0,1,0.052814573,0,10-20
24.0,129.0,18.0,1,0.05307455,0,10-20
24.0,130.0,17.0,1,0.053563707,0,10-20
24.0,131.0,16.0,1,0.054325685,0,10-20
24.0,132.0,15.0,1,0.054374065,0,10-20
24.0,133.0,14.0,1,0.056561373,0,10-20
24.0,134.0,13.0,1,0.05845991,1,10-20
24.0,135.0,12.0,1,0.059773028,1,10-20
24.0,136.0,11.0,1,0.062032185,1,10-20
24.0,137.0,10.0,1,0.06315943,1,0-10
24.0,138.0,9.0,1,0.06332514,1,0-10
24.0,139.0,8.0,1,0.065519094,1,0-10
24.0,140.0,7.0,1,0.066908635,1,0-10
24.0,141.0,6.0,1,0.0691164,1,0-10
24.0,142.0,5.0,1,0.0715661,1,0-10
24.0,143.0,4.0,1,0.07412713,1,0-10
24.0,144.0,3.0,1,0.0771282,1,0-10
24.0,145.0,2.0,1,0.07976968,1,0-10
24.0,146.0,1.0,1,0.08289717,1,0-10
24.0,147.0,0.0,1,0.086153805,1,0-10
25.0,200.0,30.0,1,0.07267147,1,20-30
25.0,201.0,29.0,1,0.074881256,1,20-30
25.0,202.0,28.0,1,0.07726132,1,20-30
25.0,203.0,27.0,1,0.07891591,1,20-30
25.0,204.0,26.0,1,0.08206739,1,20-30
25.0,205.0,25.0,1,0.082854785,1,20-30
25.0,206.0,24.0,1,0.08502309,1,20-30
25.0,207.0,23.0,1,0.086721785,1,20-30
25.0,208.0,22.0,1,0.0885307,1,20-30
25.0,209.0,21.0,1,0.09102036,1,20-30
25.0,210.0,20.0,1,0.09289346,1,10-20
25.0,211.0,19.0,1,0.09499926,1,10-20
25.0,212.0,18.0,1,0.098251514,1,10-20
25.0,213.0,17.0,1,0.100865684,1,10-20
25.0,214.0,16.0,1,0.103590906,1,10-20
25.0,215.0,15.0,1,0.10536664,1,10-20
25.0,216.0,14.0,1,0.10805607,1,10-20
25.0,217.0,13.0,1,0.110981874,1,10-20
25.0,218.0,12.0,1,0.11510627,1,10-20
25.0,219.0,11.0,1,0.11913607,1,10-20
25.0,220.0,10.0,1,0.12197235,1,0-10
25.0,221.0,9.0,1,0.12612478,1,0-10
25.0,222.0,8.0,1,0.12846982,1,0-10
25.0,223.0,7.0,1,0.13157167,1,0-10
25.0,224.0,6.0,1,0.13488892,1,0-10
25.0,225.0,5.0,1,0.13857043,1,0-10
25.0,226.0,4.0,1,0.1413111,1,0-10
25.0,227.0,3.0,1,0.14623271,1,0-10
25.0,228.0,2.0,1,0.1506373,1,0-10
25.0,229.0,1.0,1,0.1547834,1,0-10
25.0,230.0,0.0,1,0.15867785,1,0-10
26.0,169.0,30.0,1,0.07103409,1,20-30
26.0,170.0,29.0,1,0.0729026,1,20-30
26.0,171.0,28.0,1,0.074187875,1,20-30
26.0,172.0,27.0,1,0.07606759,1,20-30
26.0,173.0,26.0,1,0.07798096,1,20-30
26.0,174.0,25.0,1,0.07887268,1,20-30
26.0,175.0,24.0,1,0.0806295,1,20-30
26.0,176.0,23.0,1,0.08257423,1,20-30
26.0,177.0,22.0,1,0.084767416,1,20-30
26.0,178.0,21.0,1,0.086666994,1,20-30
26.0,179.0,20.0,1,0.089592256,1,10-20
26.0,180.0,19.0,1,0.09206124,1,10-20
26.0,181.0,18.0,1,0.09418293,1,10-20
26.0,182.0,17.0,1,0.096575454,1,10-20
26.0,183.0,16.0,1,0.09946196,1,10-20
26.0,184.0,15.0,1,0.10227556,1,10-20
26.0,185.0,14.0,1,0.10468418,1,10-20
26.0,186.0,13.0,1,0.10682529,1,10-20
26.0,187.0,12.0,1,0.11058136,1,10-20
26.0,188.0,11.0,1,0.11428149,1,10-20
26.0,189.0,10.0,1,0.11650771,1,0-10
26.0,190.0,9.0,1,0.11994556,1,0-10
26.0,191.0,8.0,1,0.12275454,1,0-10
26.0,192.0,7.0,1,0.1253806,1,0-10
26.0,193.0,6.0,1,0.12813792,1,0-10
26.0,194.0,5.0,1,0.13175757,1,0-10
26.0,195.0,4.0,1,0.13592233,1,0-10
26.0,196.0,3.0,1,0.1395793,1,0-10
26.0,197.0,2.0,1,0.14338754,1,0-10
26.0,198.0,1.0,1,0.14804254,1,0-10
26.0,199.0,0.0,1,0.1529159,1,0-10
27.0,126.0,30.0,1,0.06202134,1,20-30
27.0,127.0,29.0,1,0.06223744,1,20-30
27.0,128.0,28.0,1,0.06273549,1,20-30
27.0,129.0,27.0,1,0.06326,1,20-30
27.0,130.0,26.0,1,0.06456069,1,20-30
27.0,131.0,25.0,1,0.06639239,1,20-30
27.0,132.0,24.0,1,0.067511596,1,20-30
27.0,133.0,23.0,1,0.06869836,1,20-30
27.0,134.0,22.0,1,0.07071246,1,20-30
27.0,135.0,21.0,1,0.07243279,1,20-30
27.0,136.0,20.0,1,0.073850684,1,10-20
27.0,137.0,19.0,1,0.07590617,1,10-20
27.0,138.0,18.0,1,0.079245165,1,10-20
27.0,139.0,17.0,1,0.0808793,1,10-20
27.0,140.0,16.0,1,0.08338172,1,10-20
27.0,141.0,15.0,1,0.084853314,1,10-20
27.0,142.0,14.0,1,0.08582501,1,10-20
27.0,143.0,13.0,1,0.08754558,1,10-20
27.0,144.0,12.0,1,0.09077564,1,10-20
27.0,145.0,11.0,1,0.09388984,1,10-20
27.0,146.0,10.0,1,0.09617193,1,0-10
27.0,147.0,9.0,1,0.10018907,1,0-10
27.0,148.0,8.0,1,0.10333835,1,0-10
27.0,149.0,7.0,1,0.106669806,1,0-10
27.0,150.0,6.0,1,0.10938191,1,0-10
27.0,151.0,5.0,1,0.11302726,1,0-10
27.0,152.0,4.0,1,0.1174443,1,0-10
27.0,153.0,3.0,1,0.12093501,1,0-10
27.0,154.0,2.0,1,0.12468791,1,0-10
27.0,155.0,1.0,1,0.12915626,1,0-10
27.0,156.0,0.0,1,0.13312241,1,0-10
28.0,135.0,30.0,1,0.051172923,0,20-30
28.0,136.0,29.0,1,0.052024174,0,20-30
28.0,137.0,28.0,1,0.052963085,0,20-30
28.0,138.0,27.0,1,0.053398088,0,20-30
28.0,139.0,26.0,1,0.054135013,0,20-30
28.0,140.0,25.0,1,0.054296333,0,20-30
28.0,141.0,24.0,1,0.054159496,0,20-30
28.0,142.0,23.0,1,0.05643475,0,20-30
28.0,143.0,22.0,1,0.057051316,0,20-30
28.0,144.0,21.0,1,0.05685483,0,20-30
28.0,145.0,20.0,1,0.058407474,1,10-20
28.0,146.0,19.0,1,0.059064344,1,10-20
28.0,147.0,18.0,1,0.059807528,1,10-20
28.0,148.0,17.0,1,0.062170733,1,10-20
28.0,149.0,16.0,1,0.06362421,1,10-20
28.0,150.0,15.0,1,0.06481085,1,10-20
28.0,151.0,14.0,1,0.06587915,1,10-20
28.0,152.0,13.0,1,0.06673388,1,10-20
28.0,153.0,12.0,1,0.06813618,1,10-20
28.0,154.0,11.0,1,0.06894747,1,10-20
28.0,155.0,10.0,1,0.070761755,1,0-10
28.0,156.0,9.0,1,0.07104864,1,0-10
28.0,157.0,8.0,1,0.072252,1,0-10
28.0,158.0,7.0,1,0.07392572,1,0-10
28.0,159.0,6.0,1,0.07725609,1,0-10
28.0,160.0,5.0,1,0.07939983,1,0-10
28.0,161.0,4.0,1,0.08147557,1,0-10
28.0,162.0,3.0,1,0.08348446,1,0-10
28.0,163.0,2.0,1,0.086212985,1,0-10
28.0,164.0,1.0,1,0.08822759,1,0-10
28.0,165.0,0.0,1,0.09197449,1,0-10
29.0,133.0,30.0,1,0.052533884,0,20-30
29.0,134.0,29.0,1,0.052255735,0,20-30
29.0,135.0,28.0,1,0.052212667,0,20-30
29.0,136.0,27.0,1,0.05204255,0,20-30
29.0,137.0,26.0,1,0.051776715,0,20-30
29.0,138.0,25.0,1,0.052416053,0,20-30
29.0,139.0,24.0,1,0.053019673,0,20-30
29.0,140.0,23.0,1,0.052582186,0,20-30
29.0,141.0,22.0,1,0.052922618,0,20-30
29.0,142.0,21.0,1,0.053630818,0,20-30
29.0,143.0,20.0,1,0.054151647,0,10-20
29.0,144.0,19.0,1,0.05471689,0,10-20
29.0,145.0,18.0,1,0.05570146,0,10-20
29.0,146.0,17.0,1,0.055934194,0,10-20
29.0,147.0,16.0,1,0.05650568,0,10-20
29.0,148.0,15.0,1,0.057608414,0,10-20
29.0,149.0,14.0,1,0.05956571,1,10-20
29.0,150.0,13.0,1,0.061748188,1,10-20
29.0,151.0,12.0,1,0.063048184,1,10-20
29.0,152.0,11.0,1,0.064553015,1,10-20
29.0,153.0,10.0,1,0.06558065,1,0-10
29.0,154.0,9.0,1,0.06810742,1,0-10
29.0,155.0,8.0,1,0.070128955,1,0-10
29.0,156.0,7.0,1,0.07223032,1,0-10
29.0,157.0,6.0,1,0.074152865,1,0-10
29.0,158.0,5.0,1,0.0769368,1,0-10
29.0,159.0,4.0,1,0.08033813,1,0-10
29.0,160.0,3.0,1,0.08333206,1,0-10
29.0,161.0,2.0,1,0.085858546,1,0-10
29.0,162.0,1.0,1,0.08826495,1,0-10
29.0,163.0,0.0,1,0.0923623,1,0-10
30.0,164.0,30.0,1,0.05235703,0,20-30
30.0,165.0,29.0,1,0.051788036,0,20-30
30.0,166.0,28.0,1,0.051758163,0,20-30
30.0,167.0,27.0,1,0.051282518,0,20-30
30.0,168.0,26.0,1,0.05257995,0,20-30
30.0,169.0,25.0,1,0.05368622,0,20-30
30.0,170.0,24.0,1,0.053203184,0,20-30
30.0,171.0,23.0,1,0.05307626,0,20-30
30.0,172.0,22.0,1,0.053076312,0,20-30
30.0,173.0,21.0,1,0.05373024,0,20-30
30.0,174.0,20.0,1,0.054726947,0,10-20
30.0,175.0,19.0,1,0.055511992,0,10-20
30.0,176.0,18.0,1,0.056361638,0,10-20
30.0,177.0,17.0,1,0.05657093,0,10-20
30.0,178.0,16.0,1,0.056849938,0,10-20
30.0,179.0,15.0,1,0.05612003,0,10-20
30.0,180.0,14.0,1,0.057336222,0,10-20
30.0,181.0,13.0,1,0.057811182,1,10-20
30.0,182.0,12.0,1,0.05958486,1,10-20
30.0,183.0,11.0,1,0.06079873,1,10-20
30.0,184.0,10.0,1,0.062320266,1,0-10
30.0,185.0,9.0,1,0.06341669,1,0-10
30.0,186.0,8.0,1,0.06376152,1,0-10
30.0,187.0,7.0,1,0.06538401,1,0-10
30.0,188.0,6.0,1,0.067817286,1,0-10
30.0,189.0,5.0,1,0.07046024,1,0-10
30.0,190.0,4.0,1,0.07170252,1,0-10
30.0,191.0,3.0,1,0.07432722,1,0-10
30.0,192.0,2.0,1,0.076460324,1,0-10
30.0,193.0,1.0,1,0.078774124,1,0-10
30.0,194.0,0.0,1,0.08267779,1,0-10
31.0,204.0,30.0,1,0.053759392,0,20-30
31.0,205.0,29.0,1,0.054618824,0,20-30
31.0,206.0,28.0,1,0.054612424,0,20-30
31.0,207.0,27.0,1,0.05492751,0,20-30
31.0,208.0,26.0,1,0.054785248,0,20-30
31.0,209.0,25.0,1,0.05463228,0,20-30
31.0,210.0,24.0,1,0.05503908,0,20-30
31.0,211.0,23.0,1,0.05674734,0,20-30
31.0,212.0,22.0,1,0.057420634,0,20-30
31.0,213.0,21.0,1,0.057460718,0,20-30
31.0,214.0,20.0,1,0.05829246,1,10-20
31.0,215.0,19.0,1,0.059952512,1,10-20
31.0,216.0,18.0,1,0.05949958,1,10-20
31.0,217.0,17.0,1,0.059422936,1,10-20
31.0,218.0,16.0,1,0.060267277,1,10-20
31.0,219.0,15.0,1,0.06137029,1,10-20
31.0,220.0,14.0,1,0.061879672,1,10-20
31.0,221.0,13.0,1,0.064203545,1,10-20
31.0,222.0,12.0,1,0.06460101,1,10-20
31.0,223.0,11.0,1,0.06658462,1,10-20
31.0,224.0,10.0,1,0.06845922,1,0-10
31.0,225.0,9.0,1,0.07005777,1,0-10
31.0,226.0,8.0,1,0.07192768,1,0-10
31.0,227.0,7.0,1,0.07478689,1,0-10
31.0,228.0,6.0,1,0.07700344,1,0-10
31.0,229.0,5.0,1,0.07918654,1,0-10
31.0,230.0,4.0,1,0.082050934,1,0-10
31.0,231.0,3.0,1,0.084532976,1,0-10
31.0,232.0,2.0,1,0.08780096,1,0-10
31.0,233.0,1.0,1,0.09062912,1,0-10
31.0,234.0,0.0,1,0.09335363,1,0-10
32.0,161.0,30.0,1,0.06245498,1,20-30
32.0,162.0,29.0,1,0.06349926,1,20-30
32.0,163.0,28.0,1,0.064447,1,20-30
32.0,164.0,27.0,1,0.06529828,1,20-30
32.0,165.0,26.0,1,0.06571948,1,20-30
32.0,166.0,25.0,1,0.06665786,1,20-30
32.0,167.0,24.0,1,0.06918433,1,20-30
32.0,168.0,23.0,1,0.07053459,1,20-30
32.0,169.0,22.0,1,0.07249303,1,20-30
32.0,170.0,21.0,1,0.074408725,1,20-30
32.0,171.0,20.0,1,0.0750583,1,10-20
32.0,172.0,19.0,1,0.076136544,1,10-20
32.0,173.0,18.0,1,0.07766829,1,10-20
32.0,174.0,17.0,1,0.080382906,1,10-20
32.0,175.0,16.0,1,0.08172481,1,10-20
32.0,176.0,15.0,1,0.08270203,1,10-20
32.0,177.0,14.0,1,0.085765995,1,10-20
32.0,178.0,13.0,1,0.08874361,1,10-20
32.0,179.0,12.0,1,0.09116495,1,10-20
32.0,180.0,11.0,1,0.0941446,1,10-20
32.0,181.0,10.0,1,0.09666833,1,0-10
32.0,182.0,9.0,1,0.099235095,1,0-10
32.0,183.0,8.0,1,0.10014423,1,0-10
32.0,184.0,7.0,1,0.10160378,1,0-10
32.0,185.0,6.0,1,0.104169294,1,0-10
32.0,186.0,5.0,1,0.10689455,1,0-10
32.0,187.0,4.0,1,0.109686635,1,0-10
32.0,188.0,3.0,1,0.11156122,1,0-10
32.0,189.0,2.0,1,0.113177866,1,0-10
32.0,190.0,1.0,1,0.11610382,1,0-10
32.0,191.0,0.0,1,0.118016884,1,0-10
33.0,170.0,30.0,1,0.056973252,0,20-30
33.0,171.0,29.0,1,0.056381278,0,20-30
33.0,172.0,28.0,1,0.055910014,0,20-30
33.0,173.0,27.0,1,0.055760488,0,20-30
33.0,174.0,26.0,1,0.05404856,0,20-30
33.0,175.0,25.0,1,0.05524675,0,20-30
33.0,176.0,24.0,1,0.056104474,0,20-30
33.0,177.0,23.0,1,0.056586202,0,20-30
33.0,178.0,22.0,1,0.05653301,0,20-30
33.0,179.0,21.0,1,0.056540594,0,20-30
33.0,180.0,20.0,1,0.056380253,0,10-20
33.0,181.0,19.0,1,0.05703466,0,10-20
33.0,182.0,18.0,1,0.056923643,0,10-20
33.0,183.0,17.0,1,0.05748655,0,10-20
33.0,184.0,16.0,1,0.057480473,0,10-20
33.0,185.0,15.0,1,0.057965275,1,10-20
33.0,186.0,14.0,1,0.058130335,1,10-20
33.0,187.0,13.0,1,0.058945604,1,10-20
33.0,188.0,12.0,1,0.059253275,1,10-20
33.0,189.0,11.0,1,0.059782658,1,10-20
33.0,190.0,10.0,1,0.06169684,1,0-10
33.0,191.0,9.0,1,0.06236207,1,0-10
33.0,192.0,8.0,1,0.0635638,1,0-10
33.0,193.0,7.0,1,0.06451663,1,0-10
33.0,194.0,6.0,1,0.06736744,1,0-10
33.0,195.0,5.0,1,0.0698132,1,0-10
33.0,196.0,4.0,1,0.07248336,1,0-10
33.0,197.0,3.0,1,0.07511574,1,0-10
33.0,198.0,2.0,1,0.07789816,1,0-10
33.0,199.0,1.0,1,0.08150775,1,0-10
33.0,200.0,0.0,1,0.084593676,1,0-10
34.0,165.0,30.0,1,0.07468443,1,20-30
34.0,166.0,29.0,1,0.07638955,1,20-30
34.0,167.0,28.0,1,0.07862402,1,20-30
34.0,168.0,27.0,1,0.08082819,1,20-30
34.0,169.0,26.0,1,0.08211278,1,20-30
34.0,170.0,25.0,1,0.082465574,1,20-30
34.0,171.0,24.0,1,0.08496428,1,20-30
34.0,172.0,23.0,1,0.08569814,1,20-30
34.0,173.0,22.0,1,0.08841156,1,20-30
34.0,174.0,21.0,1,0.089963414,1,20-30
34.0,175.0,20.0,1,0.09199429,1,10-20
34.0,176.0,19.0,1,0.09396619,1,10-20
34.0,177.0,18.0,1,0.09647651,1,10-20
34.0,178.0,17.0,1,0.099035256,1,10-20
34.0,179.0,16.0,1,0.10239312,1,10-20
34.0,180.0,15.0,1,0.104662485,1,10-20
34.0,181.0,14.0,1,0.10617847,1,10-20
34.0,182.0,13.0,1,0.10940969,1,10-20
34.0,183.0,12.0,1,0.11198566,1,10-20
34.0,184.0,11.0,1,0.11514941,1,10-20
34.0,185.0,10.0,1,0.11740383,1,0-10
34.0,186.0,9.0,1,0.12063609,1,0-10
34.0,187.0,8.0,1,0.12409883,1,0-10
34.0,188.0,7.0,1,0.12717637,1,0-10
34.0,189.0,6.0,1,0.13117863,1,0-10
34.0,190.0,5.0,1,0.13454261,1,0-10
34.0,191.0,4.0,1,0.13977563,1,0-10
34.0,192.0,3.0,1,0.14414877,1,0-10
34.0,193.0,2.0,1,0.14848958,1,0-10
34.0,194.0,1.0,1,0.15307924,1,0-10
34.0,195.0,0.0,1,0.15645376,1,0-10
35.0,151.0,30.0,1,0.054424185,0,20-30
35.0,152.0,29.0,1,0.05498303,0,20-30
35.0,153.0,28.0,1,0.055366024,0,20-30
35.0,154.0,27.0,1,0.056097694,0,20-30
35.0,155.0,26.0,1,0.057604145,0,20-30
35.0,156.0,25.0,1,0.0585832,1,20-30
35.0,157.0,24.0,1,0.059489127,1,20-30
35.0,158.0,23.0,1,0.061377175,1,20-30
35.0,159.0,22.0,1,0.06335296,1,20-30
35.0,160.0,21.0,1,0.06409073,1,20-30
35.0,161.0,20.0,1,0.06539499,1,10-20
35.0,162.0,19.0,1,0.06602285,1,10-20
35.0,163.0,18.0,1,0.06668548,1,10-20
35.0,164.0,17.0,1,0.06836386,1,10-20
35.0,165.0,16.0,1,0.07034644,1,10-20
35.0,166.0,15.0,1,0.07126439,1,10-20
35.0,167.0,14.0,1,0.07319983,1,10-20
35.0,168.0,13.0,1,0.07496987,1,10-20
35.0,169.0,12.0,1,0.07686193,1,10-20
35.0,170.0,11.0,1,0.07867946,1,10-20
35.0,171.0,10.0,1,0.08156841,1,0-10
35.0,172.0,9.0,1,0.08355603,1,0-10
35.0,173.0,8.0,1,0.086124934,1,0-10
35.0,174.0,7.0,1,0.0892298,1,0-10
35.0,175.0,6.0,1,0.09159868,1,0-10
35.0,176.0,5.0,1,0.09505375,1,0-10
35.0,177.0,4.0,1,0.09848561,1,0-10
35.0,178.0,3.0,1,0.10157785,1,0-10
35.0,179.0,2.0,1,0.104732394,1,0-10
35.0,180.0,1.0,1,0.10755447,1,0-10
35.0,181.0,0.0,1,0.11095001,1,0-10
36.0,128.0,30.0,1,0.0524902,0,20-30
36.0,129.0,29.0,1,0.053035524,0,20-30
36.0,130.0,28.0,1,0.052943368,0,20-30
36.0,131.0,27.0,1,0.05405449,0,20-30
36.0,132.0,26.0,1,0.0545458,0,20-30
36.0,133.0,25.0,1,0.05511259,0,20-30
36.0,134.0,24.0,1,0.0566572,0,20-30
36.0,135.0,23.0,1,0.057731904,0,20-30
36.0,136.0,22.0,1,0.058792345,1,20-30
36.0,137.0,21.0,1,0.059499692,1,20-30
36.0,138.0,20.0,1,0.06005058,1,10-20
36.0,139.0,19.0,1,0.061342973,1,10-20
36.0,140.0,18.0,1,0.06283951,1,10-20
36.0,141.0,17.0,1,0.06454948,1,10-20
36.0,142.0,16.0,1,0.06409475,1,10-20
36.0,143.0,15.0,1,0.06414645,1,10-20
36.0,144.0,14.0,1,0.06561706,1,10-20
36.0,145.0,13.0,1,0.06726459,1,10-20
36.0,146.0,12.0,1,0.06922523,1,10-20
36.0,147.0,11.0,1,0.071267895,1,10-20
36.0,148.0,10.0,1,0.07271825,1,0-10
36.0,149.0,9.0,1,0.0748367,1,0-10
36.0,150.0,8.0,1,0.07606809,1,0-10
36.0,151.0,7.0,1,0.07681125,1,0-10
36.0,152.0,6.0,1,0.07913596,1,0-10
36.0,153.0,5.0,1,0.080182046,1,0-10
36.0,154.0,4.0,1,0.082723,1,0-10
36.0,155.0,3.0,1,0.085247636,1,0-10
36.0,156.0,2.0,1,0.08789851,1,0-10
36.0,157.0,1.0,1,0.091427684,1,0-10
36.0,158.0,0.0,1,0.09376984,1,0-10
37.0,140.0,30.0,1,0.0546509,0,20-30
37.0,141.0,29.0,1,0.05468914,0,20-30
37.0,142.0,28.0,1,0.055517375,0,20-30
37.0,143.0,27.0,1,0.0567398,0,20-30
37.0,144.0,26.0,1,0.056965318,0,20-30
37.0,145.0,25.0,1,0.05752744,0,20-30
37.0,146.0,24.0,1,0.058407094,1,20-30
37.0,147.0,23.0,1,0.0589081,1,20-30
37.0,148.0,22.0,1,0.0593425,1,20-30
37.0,149.0,21.0,1,0.06032171,1,20-30
37.0,150.0,20.0,1,0.060758896,1,10-20
37.0,151.0,19.0,1,0.06161025,1,10-20
37.0,152.0,18.0,1,0.063198306,1,10-20
37.0,153.0,17.0,1,0.06437478,1,10-20
37.0,154.0,16.0,1,0.0650694,1,10-20
37.0,155.0,15.0,1,0.066443026,1,10-20
37.0,156.0,14.0,1,0.06737044,1,10-20
37.0,157.0,13.0,1,0.06872202,1,10-20
37.0,158.0,12.0,1,0.07018977,1,10-20
37.0,159.0,11.0,1,0.07058771,1,10-20
37.0,160.0,10.0,1,0.072207354,1,0-10
37.0,161.0,9.0,1,0.07386309,1,0-10
37.0,162.0,8.0,1,0.076694675,1,0-10
37.0,163.0,7.0,1,0.07923877,1,0-10
37.0,164.0,6.0,1,0.08284714,1,0-10
37.0,165.0,5.0,1,0.085312024,1,0-10
37.0,166.0,4.0,1,0.088060595,1,0-10
37.0,167.0,3.0,1,0.090306185,1,0-10
37.0,168.0,2.0,1,0.092892475,1,0-10
37.0,169.0,1.0,1,0.09658711,1,0-10
37.0,170.0,0.0,1,0.10006129,1,0-10
38.0,164.0,30.0,1,0.072676346,1,20-30
38.0,165.0,29.0,1,0.07355379,1,20-30
38.0,166.0,28.0,1,0.07532247,1,20-30
38.0,167.0,27.0,1,0.07771527,1,20-30
38.0,168.0,26.0,1,0.07871923,1,20-30
38.0,169.0,25.0,1,0.08205043,1,20-30
38.0,170.0,24.0,1,0.0843237,1,20-30
38.0,171.0,23.0,1,0.08562536,1,20-30
38.0,172.0,22.0,1,0.08738154,1,20-30
38.0,173.0,21.0,1,0.08789727,1,20-30
38.0,174.0,20.0,1,0.09034139,1,10-20
38.0,175.0,19.0,1,0.092253186,1,10-20
38.0,176.0,18.0,1,0.094283484,1,10-20
38.0,177.0,17.0,1,0.0965124,1,10-20
38.0,178.0,16.0,1,0.09923569,1,10-20
38.0,179.0,15.0,1,0.10147546,1,10-20
38.0,180.0,14.0,1,0.10433211,1,10-20
38.0,181.0,13.0,1,0.10741114,1,10-20
38.0,182.0,12.0,1,0.1097535,1,10-20
38.0,183.0,11.0,1,0.11281778,1,10-20
38.0,184.0,10.0,1,0.11573142,1,0-10
38.0,185.0,9.0,1,0.11786781,1,0-10
38.0,186.0,8.0,1,0.12039841,1,0-10
38.0,187.0,7.0,1,0.123836346,1,0-10
38.0,188.0,6.0,1,0.12756962,1,0-10
38.0,189.0,5.0,1,0.13100366,1,0-10
38.0,190.0,4.0,1,0.1346812,1,0-10
38.0,191.0,3.0,1,0.140413,1,0-10
38.0,192.0,2.0,1,0.14513753,1,0-10
38.0,193.0,1.0,1,0.15020137,1,0-10
38.0,194.0,0.0,1,0.15534899,1,0-10
39.0,98.0,30.0,1,0.05059189,0,20-30
39.0,99.0,29.0,1,0.049603026,0,20-30
39.0,100.0,28.0,1,0.050541926,0,20-30
39.0,101.0,27.0,1,0.050683554,0,20-30
39.0,102.0,26.0,1,0.050715983,0,20-30
39.0,103.0,25.0,1,0.051389284,0,20-30
39.0,104.0,24.0,1,0.05116929,0,20-30
39.0,105.0,23.0,1,0.05198137,0,20-30
39.0,106.0,22.0,1,0.05374625,0,20-30
39.0,107.0,21.0,1,0.05416731,0,20-30
39.0,108.0,20.0,1,0.0534262,0,10-20
39.0,109.0,19.0,1,0.055176597,0,10-20
39.0,110.0,18.0,1,0.056648795,0,10-20
39.0,111.0,17.0,1,0.05745715,0,10-20
39.0,112.0,16.0,1,0.05856254,1,10-20
39.0,113.0,15.0,1,0.060735762,1,10-20
39.0,114.0,14.0,1,0.062149107,1,10-20
39.0,115.0,13.0,1,0.06522892,1,10-20
39.0,116.0,12.0,1,0.067850545,1,10-20
39.0,117.0,11.0,1,0.06983557,1,10-20
39.0,118.0,10.0,1,0.07234334,1,0-10
39.0,119.0,9.0,1,0.07561015,1,0-10
39.0,120.0,8.0,1,0.07872587,1,0-10
39.0,121.0,7.0,1,0.08182425,1,0-10
39.0,122.0,6.0,1,0.08365562,1,0-10
39.0,123.0,5.0,1,0.08638902,1,0-10
39.0,124.0,4.0,1,0.088625625,1,0-10
39.0,125.0,3.0,1,0.093222775,1,0-10
39.0,126.0,2.0,1,0.096117385,1,0-10
39.0,127.0,1.0,1,0.10041413,1,0-10
39.0,128.0,0.0,1,0.1048136,1,0-10
40.0,158.0,30.0,1,0.07707549,1,20-30
40.0,159.0,29.0,1,0.0787315,1,20-30
40.0,160.0,28.0,1,0.079939865,1,20-30
40.0,161.0,27.0,1,0.08188806,1,20-30
40.0,162.0,26.0,1,0.08333803,1,20-30
40.0,163.0,25.0,1,0.08479223,1,20-30
40.0,164.0,24.0,1,0.085371315,1,20-30
40.0,165.0,23.0,1,0.08632659,1,20-30
40.0,166.0,22.0,1,0.08844767,1,20-30
40.0,167.0,21.0,1,0.09067854,1,20-30
40.0,168.0,20.0,1,0.093291305,1,10-20
40.0,169.0,19.0,1,0.09709736,1,10-20
40.0,170.0,18.0,1,0.09862993,1,10-20
40.0,171.0,17.0,1,0.1003468,1,10-20
40.0,172.0,16.0,1,0.10257776,1,10-20
40.0,173.0,15.0,1,0.10443392,1,10-20
40.0,174.0,14.0,1,0.10787089,1,10-20
40.0,175.0,13.0,1,0.10920102,1,10-20
40.0,176.0,12.0,1,0.11180503,1,10-20
40.0,177.0,11.0,1,0.1149343,1,10-20
40.0,178.0,10.0,1,0.11700852,1,0-10
40.0,179.0,9.0,1,0.1200331,1,0-10
40.0,180.0,8.0,1,0.12351985,1,0-10
40.0,181.0,7.0,1,0.12697326,1,0-10
40.0,182.0,6.0,1,0.1302933,1,0-10
40.0,183.0,5.0,1,0.13434444,1,0-10
40.0,184.0,4.0,1,0.13720903,1,0-10
40.0,185.0,3.0,1,0.1397859,1,0-10
40.0,186.0,2.0,1,0.14235023,1,0-10
40.0,187.0,1.0,1,0.14618412,1,0-10
40.0,188.0,0.0,1,0.14993897,1,0-10
41.0,186.0,30.0,1,0.07345487,1,20-30
41.0,187.0,29.0,1,0.07448662,1,20-30
41.0,188.0,28.0,1,0.07706732,1,20-30
41.0,189.0,27.0,1,0.0796072,1,20-30
41.0,190.0,26.0,1,0.081579246,1,20-30
41.0,191.0,25.0,1,0.083158955,1,20-30
41.0,192.0,24.0,1,0.0852806,1,20-30
41.0,193.0,23.0,1,0.08694453,1,20-30
41.0,194.0,22.0,1,0.08905384,1,20-30
41.0,195.0,21.0,1,0.09246982,1,20-30
41.0,196.0,20.0,1,0.094358034,1,10-20
41.0,197.0,19.0,1,0.09710679,1,10-20
41.0,198.0,18.0,1,0.09914733,1,10-20
41.0,199.0,17.0,1,0.1012217,1,10-20
41.0,200.0,16.0,1,0.103150465,1,10-20
41.0,201.0,15.0,1,0.10578502,1,10-20
41.0,202.0,14.0,1,0.108486734,1,10-20
41.0,203.0,13.0,1,0.110979006,1,10-20
41.0,204.0,12.0,1,0.11261616,1,10-20
41.0,205.0,11.0,1,0.11494395,1,10-20
41.0,206.0,10.0,1,0.118024886,1,0-10
41.0,207.0,9.0,1,0.12093098,1,0-10
41.0,208.0,8.0,1,0.124447115,1,0-10
41.0,209.0,7.0,1,0.1284337,1,0-10
41.0,210.0,6.0,1,0.1320986,1,0-10
41.0,211.0,5.0,1,0.13545243,1,0-10
41.0,212.0,4.0,1,0.14006917,1,0-10
41.0,213.0,3.0,1,0.14460345,1,0-10
41.0,214.0,2.0,1,0.14953291,1,0-10
41.0,215.0,1.0,1,0.1546349,1,0-10
41.0,216.0,0.0,1,0.15942737,1,0-10
42.0,166.0,30.0,1,0.05297887,0,20-30
42.0,167.0,29.0,1,0.053348787,0,20-30
42.0,168.0,28.0,1,0.054245334,0,20-30
42.0,169.0,27.0,1,0.05466719,0,20-30
42.0,170.0,26.0,1,0.055540077,0,20-30
42.0,171.0,25.0,1,0.056868996,0,20-30
42.0,172.0,24.0,1,0.056579176,0,20-30
42.0,173.0,23.0,1,0.057842053,1,20-30
42.0,174.0,22.0,1,0.05847114,1,20-30
42.0,175.0,21.0,1,0.059136298,1,20-30
42.0,176.0,20.0,1,0.059345443,1,10-20
42.0,177.0,19.0,1,0.060188193,1,10-20
42.0,178.0,18.0,1,0.061190985,1,10-20
42.0,179.0,17.0,1,0.06304541,1,10-20
42.0,180.0,16.0,1,0.06308664,1,10-20
42.0,181.0,15.0,1,0.066079296,1,10-20
42.0,182.0,14.0,1,0.067020535,1,10-20
42.0,183.0,13.0,1,0.06805172,1,10-20
42.0,184.0,12.0,1,0.06864207,1,10-20
42.0,185.0,11.0,1,0.06954951,1,10-20
42.0,186.0,10.0,1,0.07125802,1,0-10
42.0,187.0,9.0,1,0.0720675,1,0-10
42.0,188.0,8.0,1,0.07359775,1,0-10
42.0,189.0,7.0,1,0.07598155,1,0-10
42.0,190.0,6.0,1,0.077773765,1,0-10
42.0,191.0,5.0,1,0.08002107,1,0-10
42.0,192.0,4.0,1,0.08196099,1,0-10
42.0,193.0,3.0,1,0.084392756,1,0-10
42.0,194.0,2.0,1,0.08703619,1,0-10
42.0,195.0,1.0,1,0.088730164,1,0-10
42.0,196.0,0.0,1,0.09067195,1,0-10
43.0,177.0,30.0,1,0.054036442,0,20-30
43.0,178.0,29.0,1,0.05334107,0,20-30
43.0,179.0,28.0,1,0.05249991,0,20-30
43.0,180.0,27.0,1,0.052183375,0,20-30
43.0,181.0,26.0,1,0.052875657,0,20-30
43.0,182.0,25.0,1,0.053378843,0,20-30
43.0,183.0,24.0,1,0.0535121,0,20-30
43.0,184.0,23.0,1,0.054220054,0,20-30
43.0,185.0,22.0,1,0.0557139,0,20-30
43.0,186.0,21.0,1,0.056615222,0,20-30
43.0,187.0,20.0,1,0.05647233,0,10-20
43.0,188.0,19.0,1,0.057492245,0,10-20
43.0,189.0,18.0,1,0.058557324,1,10-20
43.0,190.0,17.0,1,0.05950239,1,10-20
43.0,191.0,16.0,1,0.06111075,1,10-20
43.0,192.0,15.0,1,0.061764125,1,10-20
43.0,193.0,14.0,1,0.06318049,1,10-20
43.0,194.0,13.0,1,0.064875565,1,10-20
43.0,195.0,12.0,1,0.06588374,1,10-20
43.0,196.0,11.0,1,0.06695385,1,10-20
43.0,197.0,10.0,1,0.06876121,1,0-10
43.0,198.0,9.0,1,0.07095422,1,0-10
43.0,199.0,8.0,1,0.07301978,1,0-10
43.0,200.0,7.0,1,0.074749276,1,0-10
43.0,201.0,6.0,1,0.07753784,1,0-10
43.0,202.0,5.0,1,0.079935595,1,0-10
43.0,203.0,4.0,1,0.08311102,1,0-10
43.0,204.0,3.0,1,0.085855156,1,0-10
43.0,205.0,2.0,1,0.0892555,1,0-10
43.0,206.0,1.0,1,0.092264354,1,0-10
43.0,207.0,0.0,1,0.09552172,1,0-10
44.0,162.0,30.0,1,0.052884057,0,20-30
44.0,163.0,29.0,1,0.05388171,0,20-30
44.0,164.0,28.0,1,0.05474246,0,20-30
44.0,165.0,27.0,1,0.05619125,0,20-30
44.0,166.0,26.0,1,0.056822944,0,20-30
44.0,167.0,25.0,1,0.057425264,0,20-30
44.0,168.0,24.0,1,0.05826984,1,20-30
44.0,169.0,23.0,1,0.059887145,1,20-30
44.0,170.0,22.0,1,0.061042137,1,20-30
44.0,171.0,21.0,1,0.061628547,1,20-30
44.0,172.0,20.0,1,0.063006826,1,10-20
44.0,173.0,19.0,1,0.064052664,1,10-20
44.0,174.0,18.0,1,0.06484422,1,10-20
44.0,175.0,17.0,1,0.06601166,1,10-20
44.0,176.0,16.0,1,0.06755756,1,10-20
44.0,177.0,15.0,1,0.06864912,1,10-20
44.0,178.0,14.0,1,0.069213904,1,10-20
44.0,179.0,13.0,1,0.07134914,1,10-20
44.0,180.0,12.0,1,0.073455796,1,10-20
44.0,181.0,11.0,1,0.07533704,1,10-20
44.0,182.0,10.0,1,0.077149495,1,0-10
44.0,183.0,9.0,1,0.077643216,1,0-10
44.0,184.0,8.0,1,0.07987188,1,0-10
44.0,185.0,7.0,1,0.08186796,1,0-10
44.0,186.0,6.0,1,0.08418366,1,0-10
44.0,187.0,5.0,1,0.08671581,1,0-10
44.0,188.0,4.0,1,0.08933314,1,0-10
44.0,189.0,3.0,1,0.09105939,1,0-10
44.0,190.0,2.0,1,0.09434009,1,0-10
44.0,191.0,1.0,1,0.09749361,1,0-10
44.0,192.0,0.0,1,0.10071667,1,0-10
45.0,128.0,30.0,1,0.05470966,0,20-30
45.0,129.0,29.0,1,0.056378596,0,20-30
45.0,130.0,28.0,1,0.056493632,0,20-30
45.0,131.0,27.0,1,0.057026334,0,20-30
45.0,132.0,26.0,1,0.058101427,1,20-30
45.0,133.0,25.0,1,0.058508195,1,20-30
45.0,134.0,24.0,1,0.058835,1,20-30
45.0,135.0,23.0,1,0.060210805,1,20-30
45.0,136.0,22.0,1,0.0607069,1,20-30
45.0,137.0,21.0,1,0.06212908,1,20-30
45.0,138.0,20.0,1,0.06267299,1,10-20
45.0,139.0,19.0,1,0.06464573,1,10-20
45.0,140.0,18.0,1,0.06659906,1,10-20
45.0,141.0,17.0,1,0.06838026,1,10-20
45.0,142.0,16.0,1,0.07022343,1,10-20
45.0,143.0,15.0,1,0.07078033,1,10-20
45.0,144.0,14.0,1,0.07199616,1,10-20
45.0,145.0,13.0,1,0.07381473,1,10-20
45.0,146.0,12.0,1,0.07505761,1,10-20
45.0,147.0,11.0,1,0.077286035,1,10-20
45.0,148.0,10.0,1,0.079417385,1,0-10
45.0,149.0,9.0,1,0.08168625,1,0-10
45.0,150.0,8.0,1,0.08460209,1,0-10
45.0,151.0,7.0,1,0.08609006,1,0-10
45.0,152.0,6.0,1,0.08769128,1,0-10
45.0,153.0,5.0,1,0.08971752,1,0-10
45.0,154.0,4.0,1,0.09167305,1,0-10
45.0,155.0,3.0,1,0.095153645,1,0-10
45.0,156.0,2.0,1,0.09796938,1,0-10
45.0,157.0,1.0,1,0.10139108,1,0-10
45.0,158.0,0.0,1,0.10509782,1,0-10
46.0,226.0,30.0,1,0.05101416,0,20-30
46.0,227.0,29.0,1,0.051557407,0,20-30
46.0,228.0,28.0,1,0.0522846,0,20-30
46.0,229.0,27.0,1,0.05218024,0,20-30
46.0,230.0,26.0,1,0.05290882,0,20-30
46.0,231.0,25.0,1,0.053872995,0,20-30
46.0,232.0,24.0,1,0.054380864,0,20-30
46.0,233.0,23.0,1,0.05490019,0,20-30
46.0,234.0,22.0,1,0.05590008,0,20-30
46.0,235.0,21.0,1,0.05678515,0,20-30
46.0,236.0,20.0,1,0.057903893,1,10-20
46.0,237.0,19.0,1,0.058315746,1,10-20
46.0,238.0,18.0,1,0.0585052,1,10-20
46.0,239.0,17.0,1,0.05952264,1,10-20
46.0,240.0,16.0,1,0.060705185,1,10-20
46.0,241.0,15.0,1,0.060961127,1,10-20
46.0,242.0,14.0,1,0.06237905,1,10-20
46.0,243.0,13.0,1,0.06407663,1,10-20
46.0,244.0,12.0,1,0.065110214,1,10-20
46.0,245.0,11.0,1,0.066902384,1,10-20
46.0,246.0,10.0,1,0.06896534,1,0-10
46.0,247.0,9.0,1,0.070859425,1,0-10
46.0,248.0,8.0,1,0.07282086,1,0-10
46.0,249.0,7.0,1,0.075293645,1,0-10
46.0,250.0,6.0,1,0.07724112,1,0-10
46.0,251.0,5.0,1,0.07972132,1,0-10
46.0,252.0,4.0,1,0.08305033,1,0-10
46.0,253.0,3.0,1,0.08692658,1,0-10
46.0,254.0,2.0,1,0.089789644,1,0-10
46.0,255.0,1.0,1,0.09239048,1,0-10
46.0,256.0,0.0,1,0.09637901,1,0-10
47.0,184.0,30.0,1,0.05949751,1,20-30
47.0,185.0,29.0,1,0.06039974,1,20-30
47.0,186.0,28.0,1,0.06170773,1,20-30
47.0,187.0,27.0,1,0.06259143,1,20-30
47.0,188.0,26.0,1,0.06282992,1,20-30
47.0,189.0,25.0,1,0.064312726,1,20-30
47.0,190.0,24.0,1,0.06494284,1,20-30
47.0,191.0,23.0,1,0.0659465,1,20-30
47.0,192.0,22.0,1,0.06673442,1,20-30
47.0,193.0,21.0,1,0.06894308,1,20-30
47.0,194.0,20.0,1,0.07055521,1,10-20
47.0,195.0,19.0,1,0.07298407,1,10-20
47.0,196.0,18.0,1,0.074529536,1,10-20
47.0,197.0,17.0,1,0.07682421,1,10-20
47.0,198.0,16.0,1,0.07800988,1,10-20
47.0,199.0,15.0,1,0.07967875,1,10-20
47.0,200.0,14.0,1,0.08288553,1,10-20
47.0,201.0,13.0,1,0.08477949,1,10-20
47.0,202.0,12.0,1,0.08683203,1,10-20
47.0,203.0,11.0,1,0.08963615,1,10-20
47.0,204.0,10.0,1,0.09192945,1,0-10
47.0,205.0,9.0,1,0.09472207,1,0-10
47.0,206.0,8.0,1,0.09660944,1,0-10
47.0,207.0,7.0,1,0.09902276,1,0-10
47.0,208.0,6.0,1,0.10249756,1,0-10
47.0,209.0,5.0,1,0.1055767,1,0-10
47.0,210.0,4.0,1,0.10792338,1,0-10
47.0,211.0,3.0,1,0.110776864,1,0-10
47.0,212.0,2.0,1,0.11287064,1,0-10
47.0,213.0,1.0,1,0.11572558,1,0-10
47.0,214.0,0.0,1,0.119273975,1,0-10
48.0,201.0,30.0,1,0.091594495,1,20-30
48.0,202.0,29.0,1,0.094206974,1,20-30
48.0,203.0,28.0,1,0.09561653,1,20-30
48.0,204.0,27.0,1,0.0983774,1,20-30
48.0,205.0,26.0,1,0.101366565,1,20-30
48.0,206.0,25.0,1,0.10397505,1,20-30
48.0,207.0,24.0,1,0.10666974,1,20-30
48.0,208.0,23.0,1,0.10917996,1,20-30
48.0,209.0,22.0,1,0.113891505,1,20-30
48.0,210.0,21.0,1,0.1173718,1,20-30
48.0,211.0,20.0,1,0.12017367,1,10-20
48.0,212.0,19.0,1,0.12530634,1,10-20
48.0,213.0,18.0,1,0.12806524,1,10-20
48.0,214.0,17.0,1,0.1288534,1,10-20
48.0,215.0,16.0,1,0.13297108,1,10-20
48.0,216.0,15.0,1,0.13794531,1,10-20
48.0,217.0,14.0,1,0.14206891,1,10-20
48.0,218.0,13.0,1,0.14687313,1,10-20
48.0,219.0,12.0,1,0.15101919,1,10-20
48.0,220.0,11.0,1,0.15608968,1,10-20
48.0,221.0,10.0,1,0.15909673,1,0-10
48.0,222.0,9.0,1,0.16396233,1,0-10
48.0,223.0,8.0,1,0.16889131,1,0-10
48.0,224.0,7.0,1,0.17405108,1,0-10
48.0,225.0,6.0,1,0.17898594,1,0-10
48.0,226.0,5.0,1,0.18568635,1,0-10
48.0,227.0,4.0,1,0.1896118,1,0-10
48.0,228.0,3.0,1,0.19562145,1,0-10
48.0,229.0,2.0,1,0.19947037,1,0-10
48.0,230.0,1.0,1,0.20424357,1,0-10
48.0,231.0,0.0,1,0.2066196,1,0-10
49.0,185.0,30.0,1,0.05895208,1,20-30
49.0,186.0,29.0,1,0.05965065,1,20-30
49.0,187.0,28.0,1,0.06052459,1,20-30
49.0,188.0,27.0,1,0.062390495,1,20-30
49.0,189.0,26.0,1,0.062077653,1,20-30
49.0,190.0,25.0,1,0.062659055,1,20-30
49.0,191.0,24.0,1,0.062449265,1,20-30
49.0,192.0,23.0,1,0.06342912,1,20-30
49.0,193.0,22.0,1,0.06299736,1,20-30
49.0,194.0,21.0,1,0.06410301,1,20-30
49.0,195.0,20.0,1,0.066466056,1,10-20
49.0,196.0,19.0,1,0.06860573,1,10-20
49.0,197.0,18.0,1,0.070537396,1,10-20
49.0,198.0,17.0,1,0.07093308,1,10-20
49.0,199.0,16.0,1,0.072222725,1,10-20
49.0,200.0,15.0,1,0.07433572,1,10-20
49.0,201.0,14.0,1,0.075699866,1,10-20
49.0,202.0,13.0,1,0.07688692,1,10-20
49.0,203.0,12.0,1,0.079169974,1,10-20
49.0,204.0,11.0,1,0.08179076,1,10-20
49.0,205.0,10.0,1,0.08362733,1,0-10
49.0,206.0,9.0,1,0.08564258,1,0-10
49.0,207.0,8.0,1,0.088287726,1,0-10
49.0,208.0,7.0,1,0.09043976,1,0-10
49.0,209.0,6.0,1,0.091585785,1,0-10
49.0,210.0,5.0,1,0.09436702,1,0-10
49.0,211.0,4.0,1,0.09765539,1,0-10
49.0,212.0,3.0,1,0.09915924,1,0-10
49.0,213.0,2.0,1,0.101298854,1,0-10
49.0,214.0,1.0,1,0.10371932,1,0-10
49.0,215.0,0.0,1,0.106821716,1,0-10
50.0,168.0,30.0,1,0.07268952,1,20-30
50.0,169.0,29.0,1,0.073996894,1,20-30
50.0,170.0,28.0,1,0.075260006,1,20-30
50.0,171.0,27.0,1,0.07679755,1,20-30
50.0,172.0,26.0,1,0.07743619,1,20-30
50.0,173.0,25.0,1,0.07854134,1,20-30
50.0,174.0,24.0,1,0.08043879,1,20-30
50.0,175.0,23.0,1,0.08145277,1,20-30
50.0,176.0,22.0,1,0.08412242,1,20-30
50.0,177.0,21.0,1,0.085671805,1,20-30
50.0,178.0,20.0,1,0.08541963,1,10-20
50.0,179.0,19.0,1,0.08688375,1,10-20
50.0,180.0,18.0,1,0.08913666,1,10-20
50.0,181.0,17.0,1,0.09142495,1,10-20
50.0,182.0,16.0,1,0.09446813,1,10-20
50.0,183.0,15.0,1,0.09747175,1,10-20
50.0,184.0,14.0,1,0.09934413,1,10-20
50.0,185.0,13.0,1,0.10218563,1,10-20
50.0,186.0,12.0,1,0.10488198,1,10-20
50.0,187.0,11.0,1,0.10748283,1,10-20
50.0,188.0,10.0,1,0.10964372,1,0-10
50.0,189.0,9.0,1,0.11266854,1,0-10
50.0,190.0,8.0,1,0.11590458,1,0-10
50.0,191.0,7.0,1,0.11949558,1,0-10
50.0,192.0,6.0,1,0.12186617,1,0-10
50.0,193.0,5.0,1,0.12505619,1,0-10
50.0,194.0,4.0,1,0.12828021,1,0-10
50.0,195.0,3.0,1,0.13188195,1,0-10
50.0,196.0,2.0,1,0.13577218,1,0-10
50.0,197.0,1.0,1,0.13885914,1,0-10
50.0,198.0,0.0,1,0.14117141,1,0-10
51.0,183.0,30.0,1,0.08056604,1,20-30
51.0,184.0,29.0,1,0.08328529,1,20-30
51.0,185.0,28.0,1,0.08483718,1,20-30
51.0,186.0,27.0,1,0.08726389,1,20-30
51.0,187.0,26.0,1,0.08993793,1,20-30
51.0,188.0,25.0,1,0.09179429,1,20-30
51.0,189.0,24.0,1,0.09465817,1,20-30
51.0,190.0,23.0,1,0.097864926,1,20-30
51.0,191.0,22.0,1,0.10189241,1,20-30
51.0,192.0,21.0,1,0.1040819,1,20-30
51.0,193.0,20.0,1,0.108080156,1,10-20
51.0,194.0,19.0,1,0.111540444,1,10-20
51.0,195.0,18.0,1,0.116096705,1,10-20
51.0,196.0,17.0,1,0.11957774,1,10-20
51.0,197.0,16.0,1,0.12332315,1,10-20
51.0,198.0,15.0,1,0.1281897,1,10-20
51.0,199.0,14.0,1,0.13228475,1,10-20
51.0,200.0,13.0,1,0.13661215,1,10-20
51.0,201.0,12.0,1,0.13980766,1,10-20
51.0,202.0,11.0,1,0.14385962,1,10-20
51.0,203.0,10.0,1,0.14809754,1,0-10
51.0,204.0,9.0,1,0.15353175,1,0-10
51.0,205.0,8.0,1,0.15835898,1,0-10
51.0,206.0,7.0,1,0.16313258,1,0-10
51.0,207.0,6.0,1,0.16859883,1,0-10
51.0,208.0,5.0,1,0.17381172,1,0-10
51.0,209.0,4.0,1,0.18076114,1,0-10
51.0,210.0,3.0,1,0.18672301,1,0-10
51.0,211.0,2.0,1,0.1910885,1,0-10
51.0,212.0,1.0,1,0.19607948,1,0-10
51.0,213.0,0.0,1,0.20252387,1,0-10
52.0,183.0,30.0,1,0.06592153,1,20-30
52.0,184.0,29.0,1,0.066815756,1,20-30
52.0,185.0,28.0,1,0.06747982,1,20-30
52.0,186.0,27.0,1,0.06877808,1,20-30
52.0,187.0,26.0,1,0.070628345,1,20-30
52.0,188.0,25.0,1,0.0727763,1,20-30
52.0,189.0,24.0,1,0.07437817,1,20-30
52.0,190.0,23.0,1,0.0766169,1,20-30
52.0,191.0,22.0,1,0.07676771,1,20-30
52.0,192.0,21.0,1,0.078245126,1,20-30
52.0,193.0,20.0,1,0.08072601,1,10-20
52.0,194.0,19.0,1,0.08349539,1,10-20
52.0,195.0,18.0,1,0.08515118,1,10-20
52.0,196.0,17.0,1,0.08698694,1,10-20
52.0,197.0,16.0,1,0.08898151,1,10-20
52.0,198.0,15.0,1,0.09114595,1,10-20
52.0,199.0,14.0,1,0.09219641,1,10-20
52.0,200.0,13.0,1,0.094946824,1,10-20
52.0,201.0,12.0,1,0.09690111,1,10-20
52.0,202.0,11.0,1,0.10007705,1,10-20
52.0,203.0,10.0,1,0.102186725,1,0-10
52.0,204.0,9.0,1,0.10467706,1,0-10
52.0,205.0,8.0,1,0.10715088,1,0-10
52.0,206.0,7.0,1,0.10990531,1,0-10
52.0,207.0,6.0,1,0.11250693,1,0-10
52.0,208.0,5.0,1,0.116070576,1,0-10
52.0,209.0,4.0,1,0.119647235,1,0-10
52.0,210.0,3.0,1,0.123059966,1,0-10
52.0,211.0,2.0,1,0.12753129,1,0-10
52.0,212.0,1.0,1,0.13087286,1,0-10
52.0,213.0,0.0,1,0.1341571,1,0-10
53.0,165.0,30.0,1,0.0734787,1,20-30
53.0,166.0,29.0,1,0.07464351,1,20-30
53.0,167.0,28.0,1,0.07602729,1,20-30
53.0,168.0,27.0,1,0.07807693,1,20-30
53.0,169.0,26.0,1,0.07957031,1,20-30
53.0,170.0,25.0,1,0.082656555,1,20-30
53.0,171.0,24.0,1,0.084493056,1,20-30
53.0,172.0,23.0,1,0.086021766,1,20-30
53.0,173.0,22.0,1,0.088095315,1,20-30
53.0,174.0,21.0,1,0.09046872,1,20-30
53.0,175.0,20.0,1,0.0931525,1,10-20
53.0,176.0,19.0,1,0.09560493,1,10-20
53.0,177.0,18.0,1,0.09678274,1,10-20
53.0,178.0,17.0,1,0.099490725,1,10-20
53.0,179.0,16.0,1,0.10150738,1,10-20
53.0,180.0,15.0,1,0.104112245,1,10-20
53.0,181.0,14.0,1,0.10705065,1,10-20
53.0,182.0,13.0,1,0.10988521,1,10-20
53.0,183.0,12.0,1,0.11353924,1,10-20
53.0,184.0,11.0,1,0.11664856,1,10-20
53.0,185.0,10.0,1,0.119973235,1,0-10
53.0,186.0,9.0,1,0.12356676,1,0-10
53.0,187.0,8.0,1,0.12713815,1,0-10
53.0,188.0,7.0,1,0.13084854,1,0-10
53.0,189.0,6.0,1,0.13502151,1,0-10
53.0,190.0,5.0,1,0.14019611,1,0-10
53.0,191.0,4.0,1,0.14509101,1,0-10
53.0,192.0,3.0,1,0.14929128,1,0-10
53.0,193.0,2.0,1,0.15417227,1,0-10
53.0,194.0,1.0,1,0.15862738,1,0-10
53.0,195.0,0.0,1,0.16326328,1,0-10
54.0,227.0,30.0,1,0.08387682,1,20-30
54.0,228.0,29.0,1,0.08544238,1,20-30
54.0,229.0,28.0,1,0.086493194,1,20-30
54.0,230.0,27.0,1,0.087745026,1,20-30
54.0,231.0,26.0,1,0.089359894,1,20-30
54.0,232.0,25.0,1,0.09107128,1,20-30
54.0,233.0,24.0,1,0.093548775,1,20-30
54.0,234.0,23.0,1,0.09469742,1,20-30
54.0,235.0,22.0,1,0.095238134,1,20-30
54.0,236.0,21.0,1,0.096202776,1,20-30
54.0,237.0,20.0,1,0.09872828,1,10-20
54.0,238.0,19.0,1,0.10174563,1,10-20
54.0,239.0,18.0,1,0.10415087,1,10-20
54.0,240.0,17.0,1,0.10712263,1,10-20
54.0,241.0,16.0,1,0.109325044,1,10-20
54.0,242.0,15.0,1,0.11175279,1,10-20
54.0,243.0,14.0,1,0.11565274,1,10-20
54.0,244.0,13.0,1,0.11831214,1,10-20
54.0,245.0,12.0,1,0.12108158,1,10-20
54.0,246.0,11.0,1,0.124405466,1,10-20
54.0,247.0,10.0,1,0.12634963,1,0-10
54.0,248.0,9.0,1,0.128683,1,0-10
54.0,249.0,8.0,1,0.1313625,1,0-10
54.0,250.0,7.0,1,0.13476734,1,0-10
54.0,251.0,6.0,1,0.13805887,1,0-10
54.0,252.0,5.0,1,0.14179152,1,0-10
54.0,253.0,4.0,1,0.14466512,1,0-10
54.0,254.0,3.0,1,0.14805007,1,0-10
54.0,255.0,2.0,1,0.15193325,1,0-10
54.0,256.0,1.0,1,0.15550941,1,0-10
54.0,257.0,0.0,1,0.15881139,1,0-10
55.0,163.0,30.0,1,0.07237068,1,20-30
55.0,164.0,29.0,1,0.07403397,1,20-30
55.0,165.0,28.0,1,0.07482561,1,20-30
55.0,166.0,27.0,1,0.0771619,1,20-30
55.0,167.0,26.0,1,0.07923464,1,20-30
55.0,168.0,25.0,1,0.081739046,1,20-30
55.0,169.0,24.0,1,0.084193476,1,20-30
55.0,170.0,23.0,1,0.08640261,1,20-30
55.0,171.0,22.0,1,0.09046678,1,20-30
55.0,172.0,21.0,1,0.09210963,1,20-30
55.0,173.0,20.0,1,0.09515665,1,10-20
55.0,174.0,19.0,1,0.09891317,1,10-20
55.0,175.0,18.0,1,0.1022425,1,10-20
55.0,176.0,17.0,1,0.10489371,1,10-20
55.0,177.0,16.0,1,0.10819298,1,10-20
55.0,178.0,15.0,1,0.110380374,1,10-20
55.0,179.0,14.0,1,0.11358407,1,10-20
55.0,180.0,13.0,1,0.11814706,1,10-20
55.0,181.0,12.0,1,0.12253332,1,10-20
55.0,182.0,11.0,1,0.12662128,1,10-20
55.0,183.0,10.0,1,0.1308222,1,0-10
55.0,184.0,9.0,1,0.13517539,1,0-10
55.0,185.0,8.0,1,0.14025116,1,0-10
55.0,186.0,7.0,1,0.14478669,1,0-10
55.0,187.0,6.0,1,0.14936228,1,0-10
55.0,188.0,5.0,1,0.15224274,1,0-10
55.0,189.0,4.0,1,0.15775569,1,0-10
55.0,190.0,3.0,1,0.16360244,1,0-10
55.0,191.0,2.0,1,0.17063335,1,0-10
55.0,192.0,1.0,1,0.1765055,1,0-10
55.0,193.0,0.0,1,0.18219446,1,0-10
56.0,245.0,30.0,1,0.10457099,1,20-30
56.0,246.0,29.0,1,0.10586456,1,20-30
56.0,247.0,28.0,1,0.10683686,1,20-30
56.0,248.0,27.0,1,0.108180106,1,20-30
56.0,249.0,26.0,1,0.10905171,1,20-30
56.0,250.0,25.0,1,0.11173983,1,20-30
56.0,251.0,24.0,1,0.11475169,1,20-30
56.0,252.0,23.0,1,0.116847955,1,20-30
56.0,253.0,22.0,1,0.11803722,1,20-30
56.0,254.0,21.0,1,0.120327696,1,20-30
56.0,255.0,20.0,1,0.1226924,1,10-20
56.0,256.0,19.0,1,0.124774866,1,10-20
56.0,257.0,18.0,1,0.12768254,1,10-20
56.0,258.0,17.0,1,0.12942058,1,10-20
56.0,259.0,16.0,1,0.13295779,1,10-20
56.0,260.0,15.0,1,0.13424899,1,10-20
56.0,261.0,14.0,1,0.1362654,1,10-20
56.0,262.0,13.0,1,0.1388608,1,10-20
56.0,263.0,12.0,1,0.14143208,1,10-20
56.0,264.0,11.0,1,0.14315966,1,10-20
56.0,265.0,10.0,1,0.14552636,1,0-10
56.0,266.0,9.0,1,0.1479658,1,0-10
56.0,267.0,8.0,1,0.15074533,1,0-10
56.0,268.0,7.0,1,0.1527552,1,0-10
56.0,269.0,6.0,1,0.15520804,1,0-10
56.0,270.0,5.0,1,0.15794948,1,0-10
56.0,271.0,4.0,1,0.1608545,1,0-10
56.0,272.0,3.0,1,0.1637371,1,0-10
56.0,273.0,2.0,1,0.16628547,1,0-10
56.0,274.0,1.0,1,0.16976683,1,0-10
56.0,275.0,0.0,1,0.17299764,1,0-10
57.0,107.0,30.0,1,0.05150387,0,20-30
57.0,108.0,29.0,1,0.052368164,0,20-30
57.0,109.0,28.0,1,0.053614307,0,20-30
57.0,110.0,27.0,1,0.053828266,0,20-30
57.0,111.0,26.0,1,0.054344475,0,20-30
57.0,112.0,25.0,1,0.054255236,0,20-30
57.0,113.0,24.0,1,0.053690635,0,20-30
57.0,114.0,23.0,1,0.052988663,0,20-30
57.0,115.0,22.0,1,0.053712778,0,20-30
57.0,116.0,21.0,1,0.054209553,0,20-30
57.0,117.0,20.0,1,0.054091528,0,10-20
57.0,118.0,19.0,1,0.05478279,0,10-20
57.0,119.0,18.0,1,0.055174693,0,10-20
57.0,120.0,17.0,1,0.056358423,0,10-20
57.0,121.0,16.0,1,0.058081504,1,10-20
57.0,122.0,15.0,1,0.059737876,1,10-20
57.0,123.0,14.0,1,0.06122534,1,10-20
57.0,124.0,13.0,1,0.06247289,1,10-20
57.0,125.0,12.0,1,0.06262138,1,10-20
57.0,126.0,11.0,1,0.064167954,1,10-20
57.0,127.0,10.0,1,0.065724194,1,0-10
57.0,128.0,9.0,1,0.06750753,1,0-10
57.0,129.0,8.0,1,0.06807715,1,0-10
57.0,130.0,7.0,1,0.0700242,1,0-10
57.0,131.0,6.0,1,0.071676575,1,0-10
57.0,132.0,5.0,1,0.07498541,1,0-10
57.0,133.0,4.0,1,0.07785687,1,0-10
57.0,134.0,3.0,1,0.08110292,1,0-10
57.0,135.0,2.0,1,0.08424647,1,0-10
57.0,136.0,1.0,1,0.08866961,1,0-10
57.0,137.0,0.0,1,0.09343522,1,0-10
58.0,117.0,30.0,1,0.050988074,0,20-30
58.0,118.0,29.0,1,0.05132037,0,20-30
58.0,119.0,28.0,1,0.05130253,0,20-30
58.0,120.0,27.0,1,0.051986873,0,20-30
58.0,121.0,26.0,1,0.052712515,0,20-30
58.0,122.0,25.0,1,0.052631862,0,20-30
58.0,123.0,24.0,1,0.052365668,0,20-30
58.0,124.0,23.0,1,0.053182654,0,20-30
58.0,125.0,22.0,1,0.05325165,0,20-30
58.0,126.0,21.0,1,0.053243328,0,20-30
58.0,127.0,20.0,1,0.05315427,0,10-20
58.0,128.0,19.0,1,0.053451225,0,10-20
58.0,129.0,18.0,1,0.05380852,0,10-20
58.0,130.0,17.0,1,0.054124698,0,10-20
58.0,131.0,16.0,1,0.05451334,0,10-20
58.0,132.0,15.0,1,0.055148058,0,10-20
58.0,133.0,14.0,1,0.056100465,0,10-20
58.0,134.0,13.0,1,0.05614571,0,10-20
58.0,135.0,12.0,1,0.056826174,0,10-20
58.0,136.0,11.0,1,0.05833569,1,10-20
58.0,137.0,10.0,1,0.059570763,1,0-10
58.0,138.0,9.0,1,0.060308967,1,0-10
58.0,139.0,8.0,1,0.061983425,1,0-10
58.0,140.0,7.0,1,0.06434843,1,0-10
58.0,141.0,6.0,1,0.0661287,1,0-10
58.0,142.0,5.0,1,0.068472125,1,0-10
58.0,143.0,4.0,1,0.070557125,1,0-10
58.0,144.0,3.0,1,0.073991194,1,0-10
58.0,145.0,2.0,1,0.07809462,1,0-10
58.0,146.0,1.0,1,0.08072745,1,0-10
58.0,147.0,0.0,1,0.083857805,1,0-10
59.0,201.0,30.0,1,0.053693783,0,20-30
59.0,202.0,29.0,1,0.054866076,0,20-30
59.0,203.0,28.0,1,0.05522415,0,20-30
59.0,204.0,27.0,1,0.05579434,0,20-30
59.0,205.0,26.0,1,0.055948157,0,20-30
59.0,206.0,25.0,1,0.05554496,0,20-30
59.0,207.0,24.0,1,0.056354422,0,20-30
59.0,208.0,23.0,1,0.057589125,0,20-30
59.0,209.0,22.0,1,0.057141773,0,20-30
59.0,210.0,21.0,1,0.057804894,1,20-30
59.0,211.0,20.0,1,0.058180887,1,10-20
59.0,212.0,19.0,1,0.058986355,1,10-20
59.0,213.0,18.0,1,0.05919059,1,10-20
59.0,214.0,17.0,1,0.06009925,1,10-20
59.0,215.0,16.0,1,0.060919777,1,10-20
59.0,216.0,15.0,1,0.06198073,1,10-20
59.0,217.0,14.0,1,0.06323935,1,10-20
59.0,218.0,13.0,1,0.06475145,1,10-20
59.0,219.0,12.0,1,0.06578489,1,10-20
59.0,220.0,11.0,1,0.06789446,1,10-20
59.0,221.0,10.0,1,0.06907648,1,0-10
59.0,222.0,9.0,1,0.07053234,1,0-10
59.0,223.0,8.0,1,0.07188397,1,0-10
59.0,224.0,7.0,1,0.07325747,1,0-10
59.0,225.0,6.0,1,0.0747821,1,0-10
59.0,226.0,5.0,1,0.076958925,1,0-10
59.0,227.0,4.0,1,0.07886073,1,0-10
59.0,228.0,3.0,1,0.08101221,1,0-10
59.0,229.0,2.0,1,0.08414348,1,0-10
59.0,230.0,1.0,1,0.08774512,1,0-10
59.0,231.0,0.0,1,0.091132864,1,0-10
60.0,142.0,30.0,1,0.05560604,0,20-30
60.0,143.0,29.0,1,0.056691904,0,20-30
60.0,144.0,28.0,1,0.058308303,1,20-30
60.0,145.0,27.0,1,0.059615362,1,20-30
60.0,146.0,26.0,1,0.061547644,1,20-30
60.0,147.0,25.0,1,0.06286497,1,20-30
60.0,148.0,24.0,1,0.064538315,1,20-30
60.0,149.0,23.0,1,0.06581552,1,20-30
60.0,150.0,22.0,1,0.067425065,1,20-30
60.0,151.0,21.0,1,0.06875584,1,20-30
60.0,152.0,20.0,1,0.070603944,1,10-20
60.0,153.0,19.0,1,0.07234628,1,10-20
60.0,154.0,18.0,1,0.07352119,1,10-20
60.0,155.0,17.0,1,0.07536731,1,10-20
60.0,156.0,16.0,1,0.07779592,1,10-20
60.0,157.0,15.0,1,0.080488436,1,10-20
60.0,158.0,14.0,1,0.08330754,1,10-20
60.0,159.0,13.0,1,0.08715756,1,10-20
60.0,160.0,12.0,1,0.0892363,1,10-20
60.0,161.0,11.0,1,0.093614504,1,10-20
60.0,162.0,10.0,1,0.09684276,1,0-10
60.0,163.0,9.0,1,0.10012204,1,0-10
60.0,164.0,8.0,1,0.10342945,1,0-10
60.0,165.0,7.0,1,0.10704006,1,0-10
60.0,166.0,6.0,1,0.10982444,1,0-10
60.0,167.0,5.0,1,0.114013724,1,0-10
60.0,168.0,4.0,1,0.117916025,1,0-10
60.0,169.0,3.0,1,0.121242955,1,0-10
60.0,170.0,2.0,1,0.12473516,1,0-10
60.0,171.0,1.0,1,0.12992014,1,0-10
60.0,172.0,0.0,1,0.13465117,1,0-10
61.0,155.0,30.0,1,0.054479945,0,20-30
61.0,156.0,29.0,1,0.056449484,0,20-30
61.0,157.0,28.0,1,0.05802599,1,20-30
61.0,158.0,27.0,1,0.057002675,0,20-30
61.0,159.0,26.0,1,0.05815883,1,20-30
61.0,160.0,25.0,1,0.05804242,1,20-30
61.0,161.0,24.0,1,0.058550674,1,20-30
61.0,162.0,23.0,1,0.057636872,0,20-30
61.0,163.0,22.0,1,0.056633852,0,20-30
61.0,164.0,21.0,1,0.056830667,0,20-30
61.0,165.0,20.0,1,0.057866324,1,10-20
61.0,166.0,19.0,1,0.05877577,1,10-20
61.0,167.0,18.0,1,0.059397016,1,10-20
61.0,168.0,17.0,1,0.06089165,1,10-20
61.0,169.0,16.0,1,0.062133748,1,10-20
61.0,170.0,15.0,1,0.062884316,1,10-20
61.0,171.0,14.0,1,0.0638837,1,10-20
61.0,172.0,13.0,1,0.064573824,1,10-20
61.0,173.0,12.0,1,0.06507765,1,10-20
61.0,174.0,11.0,1,0.06617021,1,10-20
61.0,175.0,10.0,1,0.06740156,1,0-10
61.0,176.0,9.0,1,0.06886414,1,0-10
61.0,177.0,8.0,1,0.06924543,1,0-10
61.0,178.0,7.0,1,0.07044334,1,0-10
61.0,179.0,6.0,1,0.072284065,1,0-10
61.0,180.0,5.0,1,0.074725665,1,0-10
61.0,181.0,4.0,1,0.0764169,1,0-10
61.0,182.0,3.0,1,0.0799458,1,0-10
61.0,183.0,2.0,1,0.0817729,1,0-10
61.0,184.0,1.0,1,0.08450611,1,0-10
61.0,185.0,0.0,1,0.08806214,1,0-10
62.0,150.0,30.0,1,0.059890028,1,20-30
62.0,151.0,29.0,1,0.060872465,1,20-30
62.0,152.0,28.0,1,0.061933137,1,20-30
62.0,153.0,27.0,1,0.0630098,1,20-30
62.0,154.0,26.0,1,0.06408513,1,20-30
62.0,155.0,25.0,1,0.06491863,1,20-30
62.0,156.0,24.0,1,0.065438434,1,20-30
62.0,157.0,23.0,1,0.066305175,1,20-30
62.0,158.0,22.0,1,0.06604942,1,20-30
62.0,159.0,21.0,1,0.06705717,1,20-30
62.0,160.0,20.0,1,0.06803962,1,10-20
62.0,161.0,19.0,1,0.068585895,1,10-20
62.0,162.0,18.0,1,0.06995273,1,10-20
62.0,163.0,17.0,1,0.07131285,1,10-20
62.0,164.0,16.0,1,0.07290665,1,10-20
62.0,165.0,15.0,1,0.074107125,1,10-20
62.0,166.0,14.0,1,0.074838616,1,10-20
62.0,167.0,13.0,1,0.07663604,1,10-20
62.0,168.0,12.0,1,0.07802216,1,10-20
62.0,169.0,11.0,1,0.07950285,1,10-20
62.0,170.0,10.0,1,0.08156471,1,0-10
62.0,171.0,9.0,1,0.08420903,1,0-10
62.0,172.0,8.0,1,0.085563764,1,0-10
62.0,173.0,7.0,1,0.086052716,1,0-10
62.0,174.0,6.0,1,0.08865796,1,0-10
62.0,175.0,5.0,1,0.092527024,1,0-10
62.0,176.0,4.0,1,0.093901396,1,0-10
62.0,177.0,3.0,1,0.095348075,1,0-10
62.0,178.0,2.0,1,0.09703297,1,0-10
62.0,179.0,1.0,1,0.09936715,1,0-10
62.0,180.0,0.0,1,0.10281487,1,0-10
63.0,144.0,30.0,1,0.06906089,1,20-30
63.0,145.0,29.0,1,0.07060958,1,20-30
63.0,146.0,28.0,1,0.07246093,1,20-30
63.0,147.0,27.0,1,0.07406318,1,20-30
63.0,148.0,26.0,1,0.07552999,1,20-30
63.0,149.0,25.0,1,0.07789523,1,20-30
63.0,150.0,24.0,1,0.08051962,1,20-30
63.0,151.0,23.0,1,0.08220974,1,20-30
63.0,152.0,22.0,1,0.083900854,1,20-30
63.0,153.0,21.0,1,0.08665249,1,20-30
63.0,154.0,20.0,1,0.0884256,1,10-20
63.0,155.0,19.0,1,0.091490395,1,10-20
63.0,156.0,18.0,1,0.09306104,1,10-20
63.0,157.0,17.0,1,0.096567184,1,10-20
63.0,158.0,16.0,1,0.10042668,1,10-20
63.0,159.0,15.0,1,0.10215247,1,10-20
63.0,160.0,14.0,1,0.10434939,1,10-20
63.0,161.0,13.0,1,0.10660746,1,10-20
63.0,162.0,12.0,1,0.1093786,1,10-20
63.0,163.0,11.0,1,0.11274743,1,10-20
63.0,164.0,10.0,1,0.116317414,1,0-10
63.0,165.0,9.0,1,0.1195918,1,0-10
63.0,166.0,8.0,1,0.124056645,1,0-10
63.0,167.0,7.0,1,0.1282759,1,0-10
63.0,168.0,6.0,1,0.13237603,1,0-10
63.0,169.0,5.0,1,0.13724548,1,0-10
63.0,170.0,4.0,1,0.14151382,1,0-10
63.0,171.0,3.0,1,0.14651005,1,0-10
63.0,172.0,2.0,1,0.15136746,1,0-10
63.0,173.0,1.0,1,0.15661567,1,0-10
63.0,174.0,0.0,1,0.16164148,1,0-10
64.0,253.0,30.0,1,0.083340585,1,20-30
64.0,254.0,29.0,1,0.08524889,1,20-30
64.0,255.0,28.0,1,0.08643,1,20-30
64.0,256.0,27.0,1,0.08747122,1,20-30
64.0,257.0,26.0,1,0.08902476,1,20-30
64.0,258.0,25.0,1,0.09013502,1,20-30
64.0,259.0,24.0,1,0.09157021,1,20-30
64.0,260.0,23.0,1,0.09333505,1,20-30
64.0,261.0,22.0,1,0.09454969,1,20-30
64.0,262.0,21.0,1,0.09656959,1,20-30
64.0,263.0,20.0,1,0.09732587,1,10-20
64.0,264.0,19.0,1,0.09890838,1,10-20
64.0,265.0,18.0,1,0.10103348,1,10-20
64.0,266.0,17.0,1,0.10269666,1,10-20
64.0,267.0,16.0,1,0.10425398,1,10-20
64.0,268.0,15.0,1,0.1059356,1,10-20
64.0,269.0,14.0,1,0.10857904,1,10-20
64.0,270.0,13.0,1,0.10960335,1,10-20
64.0,271.0,12.0,1,0.11139429,1,10-20
64.0,272.0,11.0,1,0.113025144,1,10-20
64.0,273.0,10.0,1,0.116314195,1,0-10
64.0,274.0,9.0,1,0.11963786,1,0-10
64.0,275.0,8.0,1,0.12139241,1,0-10
64.0,276.0,7.0,1,0.1233722,1,0-10
64.0,277.0,6.0,1,0.12565224,1,0-10
64.0,278.0,5.0,1,0.12856025,1,0-10
64.0,279.0,4.0,1,0.13151003,1,0-10
64.0,280.0,3.0,1,0.13459657,1,0-10
64.0,281.0,2.0,1,0.13770941,1,0-10
64.0,282.0,1.0,1,0.14043929,1,0-10
64.0,283.0,0.0,1,0.1436702,1,0-10
65.0,123.0,30.0,1,0.05503754,0,20-30
65.0,124.0,29.0,1,0.05479753,0,20-30
65.0,125.0,28.0,1,0.055473533,0,20-30
65.0,126.0,27.0,1,0.055565294,0,20-30
65.0,127.0,26.0,1,0.05708141,0,20-30
65.0,128.0,25.0,1,0.056963515,0,20-30
65.0,129.0,24.0,1,0.05687798,0,20-30
65.0,130.0,23.0,1,0.057828788,1,20-30
65.0,131.0,22.0,1,0.057916194,1,20-30
65.0,132.0,21.0,1,0.058306757,1,20-30
65.0,133.0,20.0,1,0.057851285,1,10-20
65.0,134.0,19.0,1,0.05938767,1,10-20
65.0,135.0,18.0,1,0.060144346,1,10-20
65.0,136.0,17.0,1,0.060637318,1,10-20
65.0,137.0,16.0,1,0.061552215,1,10-20
65.0,138.0,15.0,1,0.06261852,1,10-20
65.0,139.0,14.0,1,0.06460802,1,10-20
65.0,140.0,13.0,1,0.0654951,1,10-20
65.0,141.0,12.0,1,0.06561266,1,10-20
65.0,142.0,11.0,1,0.06625041,1,10-20
65.0,143.0,10.0,1,0.0680907,1,0-10
65.0,144.0,9.0,1,0.06923854,1,0-10
65.0,145.0,8.0,1,0.07079923,1,0-10
65.0,146.0,7.0,1,0.07254105,1,0-10
65.0,147.0,6.0,1,0.07409989,1,0-10
65.0,148.0,5.0,1,0.076237425,1,0-10
65.0,149.0,4.0,1,0.078211345,1,0-10
65.0,150.0,3.0,1,0.07966563,1,0-10
65.0,151.0,2.0,1,0.08266759,1,0-10
65.0,152.0,1.0,1,0.08464853,1,0-10
65.0,153.0,0.0,1,0.08777585,1,0-10
66.0,172.0,30.0,1,0.069630705,1,20-30
66.0,173.0,29.0,1,0.07058237,1,20-30
66.0,174.0,28.0,1,0.070481874,1,20-30
66.0,175.0,27.0,1,0.07182599,1,20-30
66.0,176.0,26.0,1,0.07188289,1,20-30
66.0,177.0,25.0,1,0.07260101,1,20-30
66.0,178.0,24.0,1,0.07370052,1,20-30
66.0,179.0,23.0,1,0.07479077,1,20-30
66.0,180.0,22.0,1,0.07624449,1,20-30
66.0,181.0,21.0,1,0.07812392,1,20-30
66.0,182.0,20.0,1,0.07985958,1,10-20
66.0,183.0,19.0,1,0.08121308,1,10-20
66.0,184.0,18.0,1,0.083197854,1,10-20
66.0,185.0,17.0,1,0.08526352,1,10-20
66.0,186.0,16.0,1,0.08666598,1,10-20
66.0,187.0,15.0,1,0.08834425,1,10-20
66.0,188.0,14.0,1,0.08924737,1,10-20
66.0,189.0,13.0,1,0.09043008,1,10-20
66.0,190.0,12.0,1,0.0918928,1,10-20
66.0,191.0,11.0,1,0.09390064,1,10-20
66.0,192.0,10.0,1,0.09629122,1,0-10
66.0,193.0,9.0,1,0.09840407,1,0-10
66.0,194.0,8.0,1,0.10075635,1,0-10
66.0,195.0,7.0,1,0.10203518,1,0-10
66.0,196.0,6.0,1,0.104788706,1,0-10
66.0,197.0,5.0,1,0.1060494,1,0-10
66.0,198.0,4.0,1,0.10833429,1,0-10
66.0,199.0,3.0,1,0.110546514,1,0-10
66.0,200.0,2.0,1,0.11256409,1,0-10
66.0,201.0,1.0,1,0.11478381,1,0-10
66.0,202.0,0.0,1,0.11652965,1,0-10
67.0,283.0,30.0,1,0.07245141,1,20-30
67.0,284.0,29.0,1,0.0738597,1,20-30
67.0,285.0,28.0,1,0.075120375,1,20-30
67.0,286.0,27.0,1,0.07645839,1,20-30
67.0,287.0,26.0,1,0.0776205,1,20-30
67.0,288.0,25.0,1,0.07926295,1,20-30
67.0,289.0,24.0,1,0.08021556,1,20-30
67.0,290.0,23.0,1,0.081153415,1,20-30
67.0,291.0,22.0,1,0.08194988,1,20-30
67.0,292.0,21.0,1,0.08253196,1,20-30
67.0,293.0,20.0,1,0.08383107,1,10-20
67.0,294.0,19.0,1,0.085123904,1,10-20
67.0,295.0,18.0,1,0.08668986,1,10-20
67.0,296.0,17.0,1,0.08828651,1,10-20
67.0,297.0,16.0,1,0.09003755,1,10-20
67.0,298.0,15.0,1,0.09114381,1,10-20
67.0,299.0,14.0,1,0.094107546,1,10-20
67.0,300.0,13.0,1,0.096316636,1,10-20
67.0,301.0,12.0,1,0.09734162,1,10-20
67.0,302.0,11.0,1,0.100221254,1,10-20
67.0,303.0,10.0,1,0.10148418,1,0-10
67.0,304.0,9.0,1,0.10312712,1,0-10
67.0,305.0,8.0,1,0.1049711,1,0-10
67.0,306.0,7.0,1,0.1069771,1,0-10
67.0,307.0,6.0,1,0.107842006,1,0-10
67.0,308.0,5.0,1,0.10992244,1,0-10
67.0,309.0,4.0,1,0.11234679,1,0-10
67.0,310.0,3.0,1,0.113226466,1,0-10
67.0,311.0,2.0,1,0.115928195,1,0-10
67.0,312.0,1.0,1,0.11726197,1,0-10
67.0,313.0,0.0,1,0.1188098,1,0-10
68.0,169.0,30.0,1,0.08128452,1,20-30
68.0,170.0,29.0,1,0.082303986,1,20-30
68.0,171.0,28.0,1,0.084580064,1,20-30
68.0,172.0,27.0,1,0.08664747,1,20-30
68.0,173.0,26.0,1,0.08783112,1,20-30
68.0,174.0,25.0,1,0.08980977,1,20-30
68.0,175.0,24.0,1,0.09278563,1,20-30
68.0,176.0,23.0,1,0.09370804,1,20-30
68.0,177.0,22.0,1,0.09576062,1,20-30
68.0,178.0,21.0,1,0.09894411,1,20-30
68.0,179.0,20.0,1,0.10132292,1,10-20
68.0,180.0,19.0,1,0.10310682,1,10-20
68.0,181.0,18.0,1,0.10526264,1,10-20
68.0,182.0,17.0,1,0.10754338,1,10-20
68.0,183.0,16.0,1,0.10957535,1,10-20
68.0,184.0,15.0,1,0.11302326,1,10-20
68.0,185.0,14.0,1,0.11617675,1,10-20
68.0,186.0,13.0,1,0.119110264,1,10-20
68.0,187.0,12.0,1,0.12120957,1,10-20
68.0,188.0,11.0,1,0.123536594,1,10-20
68.0,189.0,10.0,1,0.12853478,1,0-10
68.0,190.0,9.0,1,0.12997796,1,0-10
68.0,191.0,8.0,1,0.13426158,1,0-10
68.0,192.0,7.0,1,0.13655427,1,0-10
68.0,193.0,6.0,1,0.13972393,1,0-10
68.0,194.0,5.0,1,0.141484,1,0-10
68.0,195.0,4.0,1,0.14680752,1,0-10
68.0,196.0,3.0,1,0.15039001,1,0-10
68.0,197.0,2.0,1,0.15433122,1,0-10
68.0,198.0,1.0,1,0.15794149,1,0-10
68.0,199.0,0.0,1,0.16300914,1,0-10
69.0,332.0,30.0,1,0.068389654,1,20-30
69.0,333.0,29.0,1,0.06987958,1,20-30
69.0,334.0,28.0,1,0.07100927,1,20-30
69.0,335.0,27.0,1,0.0725085,1,20-30
69.0,336.0,26.0,1,0.07261796,1,20-30
69.0,337.0,25.0,1,0.074322306,1,20-30
69.0,338.0,24.0,1,0.075985916,1,20-30
69.0,339.0,23.0,1,0.07738385,1,20-30
69.0,340.0,22.0,1,0.079081394,1,20-30
69.0,341.0,21.0,1,0.08158324,1,20-30
69.0,342.0,20.0,1,0.082532786,1,10-20
69.0,343.0,19.0,1,0.08285391,1,10-20
69.0,344.0,18.0,1,0.08483204,1,10-20
69.0,345.0,17.0,1,0.08601767,1,10-20
69.0,346.0,16.0,1,0.08813665,1,10-20
69.0,347.0,15.0,1,0.08969633,1,10-20
69.0,348.0,14.0,1,0.09198639,1,10-20
69.0,349.0,13.0,1,0.093805596,1,10-20
69.0,350.0,12.0,1,0.095297664,1,10-20
69.0,351.0,11.0,1,0.097253926,1,10-20
69.0,352.0,10.0,1,0.09915116,1,0-10
69.0,353.0,9.0,1,0.10054501,1,0-10
69.0,354.0,8.0,1,0.10262979,1,0-10
69.0,355.0,7.0,1,0.10465105,1,0-10
69.0,356.0,6.0,1,0.10553017,1,0-10
69.0,357.0,5.0,1,0.10809411,1,0-10
69.0,358.0,4.0,1,0.11050556,1,0-10
69.0,359.0,3.0,1,0.11273525,1,0-10
69.0,360.0,2.0,1,0.11446674,1,0-10
69.0,361.0,1.0,1,0.116305776,1,0-10
69.0,362.0,0.0,1,0.11814642,1,0-10
70.0,107.0,30.0,1,0.055074632,0,20-30
70.0,108.0,29.0,1,0.055558667,0,20-30
70.0,109.0,28.0,1,0.056015976,0,20-30
70.0,110.0,27.0,1,0.05640564,0,20-30
70.0,111.0,26.0,1,0.056708295,0,20-30
70.0,112.0,25.0,1,0.057662696,0,20-30
70.0,113.0,24.0,1,0.058288842,1,20-30
70.0,114.0,23.0,1,0.059278674,1,20-30
70.0,115.0,22.0,1,0.06028523,1,20-30
70.0,116.0,21.0,1,0.060544662,1,20-30
70.0,117.0,20.0,1,0.061289378,1,10-20
70.0,118.0,19.0,1,0.06155006,1,10-20
70.0,119.0,18.0,1,0.0619752,1,10-20
70.0,120.0,17.0,1,0.063261576,1,10-20
70.0,121.0,16.0,1,0.0649025,1,10-20
70.0,122.0,15.0,1,0.066201955,1,10-20
70.0,123.0,14.0,1,0.06743647,1,10-20
70.0,124.0,13.0,1,0.06876203,1,10-20
70.0,125.0,12.0,1,0.07116143,1,10-20
70.0,126.0,11.0,1,0.07302678,1,10-20
70.0,127.0,10.0,1,0.07548368,1,0-10
70.0,128.0,9.0,1,0.07682388,1,0-10
70.0,129.0,8.0,1,0.07922423,1,0-10
70.0,130.0,7.0,1,0.081748225,1,0-10
70.0,131.0,6.0,1,0.08561171,1,0-10
70.0,132.0,5.0,1,0.08852136,1,0-10
70.0,133.0,4.0,1,0.09189338,1,0-10
70.0,134.0,3.0,1,0.09549031,1,0-10
70.0,135.0,2.0,1,0.09890442,1,0-10
70.0,136.0,1.0,1,0.10278768,1,0-10
70.0,137.0,0.0,1,0.10670536,1,0-10
71.0,178.0,30.0,1,0.0699724,1,20-30
71.0,179.0,29.0,1,0.07254398,1,20-30
71.0,180.0,28.0,1,0.0751382,1,20-30
71.0,181.0,27.0,1,0.07606326,1,20-30
71.0,182.0,26.0,1,0.07758457,1,20-30
71.0,183.0,25.0,1,0.079897955,1,20-30
71.0,184.0,24.0,1,0.08203416,1,20-30
71.0,185.0,23.0,1,0.08358701,1,20-30
71.0,186.0,22.0,1,0.084846854,1,20-30
71.0,187.0,21.0,1,0.08850963,1,20-30
71.0,188.0,20.0,1,0.0900771,1,10-20
71.0,189.0,19.0,1,0.09222784,1,10-20
71.0,190.0,18.0,1,0.09349319,1,10-20
71.0,191.0,17.0,1,0.09638323,1,10-20
71.0,192.0,16.0,1,0.0997855,1,10-20
71.0,193.0,15.0,1,0.1021627,1,10-20
71.0,194.0,14.0,1,0.10506002,1,10-20
71.0,195.0,13.0,1,0.1070619,1,10-20
71.0,196.0,12.0,1,0.10969103,1,10-20
71.0,197.0,11.0,1,0.11309887,1,10-20
71.0,198.0,10.0,1,0.11695021,1,0-10
71.0,199.0,9.0,1,0.119810015,1,0-10
71.0,200.0,8.0,1,0.1247618,1,0-10
71.0,201.0,7.0,1,0.12770292,1,0-10
71.0,202.0,6.0,1,0.13139257,1,0-10
71.0,203.0,5.0,1,0.13484475,1,0-10
71.0,204.0,4.0,1,0.13971104,1,0-10
71.0,205.0,3.0,1,0.14215177,1,0-10
71.0,206.0,2.0,1,0.1465241,1,0-10
71.0,207.0,1.0,1,0.15097219,1,0-10
71.0,208.0,0.0,1,0.15578201,1,0-10
72.0,183.0,30.0,1,0.056448966,0,20-30
72.0,184.0,29.0,1,0.056998193,0,20-30
72.0,185.0,28.0,1,0.057450972,0,20-30
72.0,186.0,27.0,1,0.05776696,0,20-30
72.0,187.0,26.0,1,0.05868188,1,20-30
72.0,188.0,25.0,1,0.05966057,1,20-30
72.0,189.0,24.0,1,0.061518297,1,20-30
72.0,190.0,23.0,1,0.06267123,1,20-30
72.0,191.0,22.0,1,0.0640006,1,20-30
72.0,192.0,21.0,1,0.06514932,1,20-30
72.0,193.0,20.0,1,0.06604164,1,10-20
72.0,194.0,19.0,1,0.066720515,1,10-20
72.0,195.0,18.0,1,0.06812456,1,10-20
72.0,196.0,17.0,1,0.07064779,1,10-20
72.0,197.0,16.0,1,0.07169143,1,10-20
72.0,198.0,15.0,1,0.07270116,1,10-20
72.0,199.0,14.0,1,0.074575804,1,10-20
72.0,200.0,13.0,1,0.07641492,1,10-20
72.0,201.0,12.0,1,0.07895332,1,10-20
72.0,202.0,11.0,1,0.08093028,1,10-20
72.0,203.0,10.0,1,0.08283689,1,0-10
72.0,204.0,9.0,1,0.08536741,1,0-10
72.0,205.0,8.0,1,0.0874913,1,0-10
72.0,206.0,7.0,1,0.091175206,1,0-10
72.0,207.0,6.0,1,0.09337383,1,0-10
72.0,208.0,5.0,1,0.095524184,1,0-10
72.0,209.0,4.0,1,0.09795687,1,0-10
72.0,210.0,3.0,1,0.10146257,1,0-10
72.0,211.0,2.0,1,0.10428597,1,0-10
72.0,212.0,1.0,1,0.108015515,1,0-10
72.0,213.0,0.0,1,0.11128132,1,0-10
73.0,183.0,30.0,1,0.07124245,1,20-30
73.0,184.0,29.0,1,0.072516866,1,20-30
73.0,185.0,28.0,1,0.073148,1,20-30
73.0,186.0,27.0,1,0.07406081,1,20-30
73.0,187.0,26.0,1,0.076232165,1,20-30
73.0,188.0,25.0,1,0.07690633,1,20-30
73.0,189.0,24.0,1,0.07839074,1,20-30
73.0,190.0,23.0,1,0.078919984,1,20-30
73.0,191.0,22.0,1,0.080335625,1,20-30
73.0,192.0,21.0,1,0.08128405,1,20-30
73.0,193.0,20.0,1,0.082384676,1,10-20
73.0,194.0,19.0,1,0.08459958,1,10-20
73.0,195.0,18.0,1,0.086220026,1,10-20
73.0,196.0,17.0,1,0.08712482,1,10-20
73.0,197.0,16.0,1,0.08889069,1,10-20
73.0,198.0,15.0,1,0.09016006,1,10-20
73.0,199.0,14.0,1,0.089869075,1,10-20
73.0,200.0,13.0,1,0.092231415,1,10-20
73.0,201.0,12.0,1,0.09429801,1,10-20
73.0,202.0,11.0,1,0.09529129,1,10-20
73.0,203.0,10.0,1,0.09769913,1,0-10
73.0,204.0,9.0,1,0.09892863,1,0-10
73.0,205.0,8.0,1,0.100158416,1,0-10
73.0,206.0,7.0,1,0.102427565,1,0-10
73.0,207.0,6.0,1,0.10469579,1,0-10
73.0,208.0,5.0,1,0.10756227,1,0-10
73.0,209.0,4.0,1,0.10968367,1,0-10
73.0,210.0,3.0,1,0.11129557,1,0-10
73.0,211.0,2.0,1,0.11378206,1,0-10
73.0,212.0,1.0,1,0.11644763,1,0-10
73.0,213.0,0.0,1,0.1183568,1,0-10
74.0,136.0,30.0,1,0.050703324,0,20-30
74.0,137.0,29.0,1,0.05101879,0,20-30
74.0,138.0,28.0,1,0.050192017,0,20-30
74.0,139.0,27.0,1,0.050792303,0,20-30
74.0,140.0,26.0,1,0.0520092,0,20-30
74.0,141.0,25.0,1,0.05404417,0,20-30
74.0,142.0,24.0,1,0.054440577,0,20-30
74.0,143.0,23.0,1,0.055397734,0,20-30
74.0,144.0,22.0,1,0.055384587,0,20-30
74.0,145.0,21.0,1,0.055887718,0,20-30
74.0,146.0,20.0,1,0.05687417,0,10-20
74.0,147.0,19.0,1,0.05698692,0,10-20
74.0,148.0,18.0,1,0.05764173,0,10-20
74.0,149.0,17.0,1,0.058672607,1,10-20
74.0,150.0,16.0,1,0.060396284,1,10-20
74.0,151.0,15.0,1,0.061238836,1,10-20
74.0,152.0,14.0,1,0.061430912,1,10-20
74.0,153.0,13.0,1,0.06302516,1,10-20
74.0,154.0,12.0,1,0.06330179,1,10-20
74.0,155.0,11.0,1,0.06351222,1,10-20
74.0,156.0,10.0,1,0.06569855,1,0-10
74.0,157.0,9.0,1,0.06742313,1,0-10
74.0,158.0,8.0,1,0.06779668,1,0-10
74.0,159.0,7.0,1,0.068616495,1,0-10
74.0,160.0,6.0,1,0.07056845,1,0-10
74.0,161.0,5.0,1,0.07198057,1,0-10
74.0,162.0,4.0,1,0.07368761,1,0-10
74.0,163.0,3.0,1,0.07635354,1,0-10
74.0,164.0,2.0,1,0.079981305,1,0-10
74.0,165.0,1.0,1,0.082986124,1,0-10
74.0,166.0,0.0,1,0.08618786,1,0-10
75.0,199.0,30.0,1,0.06906178,1,20-30
75.0,200.0,29.0,1,0.07001912,1,20-30
75.0,201.0,28.0,1,0.07043414,1,20-30
75.0,202.0,27.0,1,0.07133192,1,20-30
75.0,203.0,26.0,1,0.07251509,1,20-30
75.0,204.0,25.0,1,0.07464825,1,20-30
75.0,205.0,24.0,1,0.076173216,1,20-30
75.0,206.0,23.0,1,0.07859918,1,20-30
75.0,207.0,22.0,1,0.07923194,1,20-30
75.0,208.0,21.0,1,0.08135734,1,20-30
75.0,209.0,20.0,1,0.08412356,1,10-20
75.0,210.0,19.0,1,0.085952364,1,10-20
75.0,211.0,18.0,1,0.08834373,1,10-20
75.0,212.0,17.0,1,0.08874958,1,10-20
75.0,213.0,16.0,1,0.090859815,1,10-20
75.0,214.0,15.0,1,0.093048446,1,10-20
75.0,215.0,14.0,1,0.09447808,1,10-20
75.0,216.0,13.0,1,0.09553577,1,10-20
75.0,217.0,12.0,1,0.097118504,1,10-20
75.0,218.0,11.0,1,0.09968588,1,10-20
75.0,219.0,10.0,1,0.10155666,1,0-10
75.0,220.0,9.0,1,0.103534736,1,0-10
75.0,221.0,8.0,1,0.10639099,1,0-10
75.0,222.0,7.0,1,0.10774766,1,0-10
75.0,223.0,6.0,1,0.10960344,1,0-10
75.0,224.0,5.0,1,0.113084204,1,0-10
75.0,225.0,4.0,1,0.11570345,1,0-10
75.0,226.0,3.0,1,0.1179856,1,0-10
75.0,227.0,2.0,1,0.120925635,1,0-10
75.0,228.0,1.0,1,0.12358868,1,0-10
75.0,229.0,0.0,1,0.12641354,1,0-10
76.0,180.0,30.0,1,0.060698014,1,20-30
76.0,181.0,29.0,1,0.06194833,1,20-30
76.0,182.0,28.0,1,0.061936215,1,20-30
76.0,183.0,27.0,1,0.06294211,1,20-30
76.0,184.0,26.0,1,0.06292989,1,20-30
76.0,185.0,25.0,1,0.064115025,1,20-30
76.0,186.0,24.0,1,0.065653406,1,20-30
76.0,187.0,23.0,1,0.067191,1,20-30
76.0,188.0,22.0,1,0.068895675,1,20-30
76.0,189.0,21.0,1,0.07031756,1,20-30
76.0,190.0,20.0,1,0.07151633,1,10-20
76.0,191.0,19.0,1,0.07354291,1,10-20
76.0,192.0,18.0,1,0.07434312,1,10-20
76.0,193.0,17.0,1,0.07574119,1,10-20
76.0,194.0,16.0,1,0.076708294,1,10-20
76.0,195.0,15.0,1,0.07855837,1,10-20
76.0,196.0,14.0,1,0.0798079,1,10-20
76.0,197.0,13.0,1,0.0807215,1,10-20
76.0,198.0,12.0,1,0.081500925,1,10-20
76.0,199.0,11.0,1,0.084120974,1,10-20
76.0,200.0,10.0,1,0.08596078,1,0-10
76.0,201.0,9.0,1,0.08811721,1,0-10
76.0,202.0,8.0,1,0.089665055,1,0-10
76.0,203.0,7.0,1,0.09160872,1,0-10
76.0,204.0,6.0,1,0.094319664,1,0-10
76.0,205.0,5.0,1,0.09620082,1,0-10
76.0,206.0,4.0,1,0.0981709,1,0-10
76.0,207.0,3.0,1,0.100642115,1,0-10
76.0,208.0,2.0,1,0.10298276,1,0-10
76.0,209.0,1.0,1,0.10481871,1,0-10
76.0,210.0,0.0,1,0.107436314,1,0-10
77.0,124.0,30.0,1,0.050424404,0,20-30
77.0,125.0,29.0,1,0.050708763,0,20-30
77.0,126.0,28.0,1,0.0504724,0,20-30
77.0,127.0,27.0,1,0.05144725,0,20-30
77.0,128.0,26.0,1,0.05219401,0,20-30
77.0,129.0,25.0,1,0.052836142,0,20-30
77.0,130.0,24.0,1,0.053476818,0,20-30
77.0,131.0,23.0,1,0.053667087,0,20-30
77.0,132.0,22.0,1,0.054509,0,20-30
77.0,133.0,21.0,1,0.055735722,0,20-30
77.0,134.0,20.0,1,0.05578876,0,10-20
77.0,135.0,19.0,1,0.056422476,0,10-20
77.0,136.0,18.0,1,0.058089633,1,10-20
77.0,137.0,17.0,1,0.05911734,1,10-20
77.0,138.0,16.0,1,0.06010179,1,10-20
77.0,139.0,15.0,1,0.06132511,1,10-20
77.0,140.0,14.0,1,0.06326187,1,10-20
77.0,141.0,13.0,1,0.06497165,1,10-20
77.0,142.0,12.0,1,0.0660388,1,10-20
77.0,143.0,11.0,1,0.06690133,1,10-20
77.0,144.0,10.0,1,0.067822725,1,0-10
77.0,145.0,9.0,1,0.06951812,1,0-10
77.0,146.0,8.0,1,0.07159742,1,0-10
77.0,147.0,7.0,1,0.073993966,1,0-10
77.0,148.0,6.0,1,0.07502288,1,0-10
77.0,149.0,5.0,1,0.07829177,1,0-10
77.0,150.0,4.0,1,0.08163283,1,0-10
77.0,151.0,3.0,1,0.083877906,1,0-10
77.0,152.0,2.0,1,0.08648672,1,0-10
77.0,153.0,1.0,1,0.0903357,1,0-10
77.0,154.0,0.0,1,0.09457635,1,0-10
78.0,201.0,30.0,1,0.054798815,0,20-30
78.0,202.0,29.0,1,0.05409976,0,20-30
78.0,203.0,28.0,1,0.054250974,0,20-30
78.0,204.0,27.0,1,0.054752555,0,20-30
78.0,205.0,26.0,1,0.05604448,0,20-30
78.0,206.0,25.0,1,0.055897575,0,20-30
78.0,207.0,24.0,1,0.05704212,0,20-30
78.0,208.0,23.0,1,0.057822436,1,20-30
78.0,209.0,22.0,1,0.058613524,1,20-30
78.0,210.0,21.0,1,0.060868368,1,20-30
78.0,211.0,20.0,1,0.062240936,1,10-20
78.0,212.0,19.0,1,0.06414851,1,10-20
78.0,213.0,18.0,1,0.0655154,1,10-20
78.0,214.0,17.0,1,0.067120686,1,10-20
78.0,215.0,16.0,1,0.06781999,1,10-20
78.0,216.0,15.0,1,0.06986198,1,10-20
78.0,217.0,14.0,1,0.07107899,1,10-20
78.0,218.0,13.0,1,0.073425055,1,10-20
78.0,219.0,12.0,1,0.07558286,1,10-20
78.0,220.0,11.0,1,0.07733381,1,10-20
78.0,221.0,10.0,1,0.07858766,1,0-10
78.0,222.0,9.0,1,0.08138033,1,0-10
78.0,223.0,8.0,1,0.083993666,1,0-10
78.0,224.0,7.0,1,0.08611325,1,0-10
78.0,225.0,6.0,1,0.08886208,1,0-10
78.0,226.0,5.0,1,0.09233988,1,0-10
78.0,227.0,4.0,1,0.09587441,1,0-10
78.0,228.0,3.0,1,0.09881143,1,0-10
78.0,229.0,2.0,1,0.10106034,1,0-10
78.0,230.0,1.0,1,0.10394789,1,0-10
78.0,231.0,0.0,1,0.10721064,1,0-10
79.0,169.0,30.0,1,0.053933922,0,20-30
79.0,170.0,29.0,1,0.054673158,0,20-30
79.0,171.0,28.0,1,0.055539865,0,20-30
79.0,172.0,27.0,1,0.05568325,0,20-30
79.0,173.0,26.0,1,0.056435965,0,20-30
79.0,174.0,25.0,1,0.05645269,0,20-30
79.0,175.0,24.0,1,0.05715858,0,20-30
79.0,176.0,23.0,1,0.05688123,0,20-30
79.0,177.0,22.0,1,0.05853242,1,20-30
79.0,178.0,21.0,1,0.0593049,1,20-30
79.0,179.0,20.0,1,0.05963897,1,10-20
79.0,180.0,19.0,1,0.06077503,1,10-20
79.0,181.0,18.0,1,0.062250495,1,10-20
79.0,182.0,17.0,1,0.06439763,1,10-20
79.0,183.0,16.0,1,0.06628832,1,10-20
79.0,184.0,15.0,1,0.06793788,1,10-20
79.0,185.0,14.0,1,0.070339024,1,10-20
79.0,186.0,13.0,1,0.07302609,1,10-20
79.0,187.0,12.0,1,0.0744454,1,10-20
79.0,188.0,11.0,1,0.07613084,1,10-20
79.0,189.0,10.0,1,0.07842713,1,0-10
79.0,190.0,9.0,1,0.08073194,1,0-10
79.0,191.0,8.0,1,0.082198575,1,0-10
79.0,192.0,7.0,1,0.08521435,1,0-10
79.0,193.0,6.0,1,0.087613575,1,0-10
79.0,194.0,5.0,1,0.090239085,1,0-10
79.0,195.0,4.0,1,0.09313986,1,0-10
79.0,196.0,3.0,1,0.09646344,1,0-10
79.0,197.0,2.0,1,0.10064407,1,0-10
79.0,198.0,1.0,1,0.10366052,1,0-10
79.0,199.0,0.0,1,0.106393196,1,0-10
80.0,155.0,30.0,1,0.0708808,1,20-30
80.0,156.0,29.0,1,0.07243767,1,20-30
80.0,157.0,28.0,1,0.07407691,1,20-30
80.0,158.0,27.0,1,0.07532517,1,20-30
80.0,159.0,26.0,1,0.076766625,1,20-30
80.0,160.0,25.0,1,0.07988604,1,20-30
80.0,161.0,24.0,1,0.08171259,1,20-30
80.0,162.0,23.0,1,0.08495989,1,20-30
80.0,163.0,22.0,1,0.0862732,1,20-30
80.0,164.0,21.0,1,0.08874863,1,20-30
80.0,165.0,20.0,1,0.09078442,1,10-20
80.0,166.0,19.0,1,0.092991486,1,10-20
80.0,167.0,18.0,1,0.09639833,1,10-20
80.0,168.0,17.0,1,0.09934462,1,10-20
80.0,169.0,16.0,1,0.100996725,1,10-20
80.0,170.0,15.0,1,0.10394172,1,10-20
80.0,171.0,14.0,1,0.10716497,1,10-20
80.0,172.0,13.0,1,0.11001065,1,10-20
80.0,173.0,12.0,1,0.11262672,1,10-20
80.0,174.0,11.0,1,0.115092486,1,10-20
80.0,175.0,10.0,1,0.117566854,1,0-10
80.0,176.0,9.0,1,0.11951643,1,0-10
80.0,177.0,8.0,1,0.12380076,1,0-10
80.0,178.0,7.0,1,0.12777969,1,0-10
80.0,179.0,6.0,1,0.13051021,1,0-10
80.0,180.0,5.0,1,0.13517104,1,0-10
80.0,181.0,4.0,1,0.13898851,1,0-10
80.0,182.0,3.0,1,0.1447783,1,0-10
80.0,183.0,2.0,1,0.14879228,1,0-10
80.0,184.0,1.0,1,0.15361926,1,0-10
80.0,185.0,0.0,1,0.15987438,1,0-10
81.0,210.0,30.0,1,0.059393205,1,20-30
81.0,211.0,29.0,1,0.060214266,1,20-30
81.0,212.0,28.0,1,0.06055894,1,20-30
81.0,213.0,27.0,1,0.061670534,1,20-30
81.0,214.0,26.0,1,0.06365067,1,20-30
81.0,215.0,25.0,1,0.063706905,1,20-30
81.0,216.0,24.0,1,0.06507665,1,20-30
81.0,217.0,23.0,1,0.06695895,1,20-30
81.0,218.0,22.0,1,0.069378816,1,20-30
81.0,219.0,21.0,1,0.07103498,1,20-30
81.0,220.0,20.0,1,0.07222063,1,10-20
81.0,221.0,19.0,1,0.07233359,1,10-20
81.0,222.0,18.0,1,0.07346345,1,10-20
81.0,223.0,17.0,1,0.074357234,1,10-20
81.0,224.0,16.0,1,0.07568629,1,10-20
81.0,225.0,15.0,1,0.07733292,1,10-20
81.0,226.0,14.0,1,0.078953154,1,10-20
81.0,227.0,13.0,1,0.07981301,1,10-20
81.0,228.0,12.0,1,0.081761,1,10-20
81.0,229.0,11.0,1,0.08270326,1,10-20
81.0,230.0,10.0,1,0.08509751,1,0-10
81.0,231.0,9.0,1,0.085935995,1,0-10
81.0,232.0,8.0,1,0.08832152,1,0-10
81.0,233.0,7.0,1,0.08977485,1,0-10
81.0,234.0,6.0,1,0.093091644,1,0-10
81.0,235.0,5.0,1,0.094641455,1,0-10
81.0,236.0,4.0,1,0.09696592,1,0-10
81.0,237.0,3.0,1,0.099096134,1,0-10
81.0,238.0,2.0,1,0.10190416,1,0-10
81.0,239.0,1.0,1,0.10476022,1,0-10
81.0,240.0,0.0,1,0.10755692,1,0-10
82.0,184.0,30.0,1,0.0770794,1,20-30
82.0,185.0,29.0,1,0.07916593,1,20-30
82.0,186.0,28.0,1,0.08091855,1,20-30
82.0,187.0,27.0,1,0.082599185,1,20-30
82.0,188.0,26.0,1,0.08497357,1,20-30
82.0,189.0,25.0,1,0.087132566,1,20-30
82.0,190.0,24.0,1,0.08992259,1,20-30
82.0,191.0,23.0,1,0.092443466,1,20-30
82.0,192.0,22.0,1,0.09552857,1,20-30
82.0,193.0,21.0,1,0.09812466,1,20-30
82.0,194.0,20.0,1,0.100143716,1,10-20
82.0,195.0,19.0,1,0.104373746,1,10-20
82.0,196.0,18.0,1,0.10777451,1,10-20
82.0,197.0,17.0,1,0.10966171,1,10-20
82.0,198.0,16.0,1,0.114265494,1,10-20
82.0,199.0,15.0,1,0.117662355,1,10-20
82.0,200.0,14.0,1,0.12154158,1,10-20
82.0,201.0,13.0,1,0.12617923,1,10-20
82.0,202.0,12.0,1,0.13095942,1,10-20
82.0,203.0,11.0,1,0.13547638,1,10-20
82.0,204.0,10.0,1,0.13906235,1,0-10
82.0,205.0,9.0,1,0.14348786,1,0-10
82.0,206.0,8.0,1,0.14803118,1,0-10
82.0,207.0,7.0,1,0.15362506,1,0-10
82.0,208.0,6.0,1,0.1577923,1,0-10
82.0,209.0,5.0,1,0.16329983,1,0-10
82.0,210.0,4.0,1,0.16946024,1,0-10
82.0,211.0,3.0,1,0.17474535,1,0-10
82.0,212.0,2.0,1,0.17861347,1,0-10
82.0,213.0,1.0,1,0.18628354,1,0-10
82.0,214.0,0.0,1,0.19153896,1,0-10
83.0,263.0,30.0,1,0.055622898,0,20-30
83.0,264.0,29.0,1,0.055802394,0,20-30
83.0,265.0,28.0,1,0.05664094,0,20-30
83.0,266.0,27.0,1,0.05666766,0,20-30
83.0,267.0,26.0,1,0.05734693,0,20-30
83.0,268.0,25.0,1,0.058148474,1,20-30
83.0,269.0,24.0,1,0.059770554,1,20-30
83.0,270.0,23.0,1,0.060562894,1,20-30
83.0,271.0,22.0,1,0.061428633,1,20-30
83.0,272.0,21.0,1,0.062154815,1,20-30
83.0,273.0,20.0,1,0.063066125,1,10-20
83.0,274.0,19.0,1,0.06422837,1,10-20
83.0,275.0,18.0,1,0.06474791,1,10-20
83.0,276.0,17.0,1,0.06505212,1,10-20
83.0,277.0,16.0,1,0.06588475,1,10-20
83.0,278.0,15.0,1,0.06780658,1,10-20
83.0,279.0,14.0,1,0.069544956,1,10-20
83.0,280.0,13.0,1,0.07051924,1,10-20
83.0,281.0,12.0,1,0.07204395,1,10-20
83.0,282.0,11.0,1,0.073588006,1,10-20
83.0,283.0,10.0,1,0.07537368,1,0-10
83.0,284.0,9.0,1,0.07752275,1,0-10
83.0,285.0,8.0,1,0.078724936,1,0-10
83.0,286.0,7.0,1,0.08092398,1,0-10
83.0,287.0,6.0,1,0.082883455,1,0-10
83.0,288.0,5.0,1,0.084725715,1,0-10
83.0,289.0,4.0,1,0.08605402,1,0-10
83.0,290.0,3.0,1,0.08929786,1,0-10
83.0,291.0,2.0,1,0.09294737,1,0-10
83.0,292.0,1.0,1,0.09471158,1,0-10
83.0,293.0,0.0,1,0.09757238,1,0-10
84.0,237.0,30.0,1,0.06783223,1,20-30
84.0,238.0,29.0,1,0.068715654,1,20-30
84.0,239.0,28.0,1,0.07017958,1,20-30
84.0,240.0,27.0,1,0.070278235,1,20-30
84.0,241.0,26.0,1,0.07162432,1,20-30
84.0,242.0,25.0,1,0.07325689,1,20-30
84.0,243.0,24.0,1,0.07469041,1,20-30
84.0,244.0,23.0,1,0.07614181,1,20-30
84.0,245.0,22.0,1,0.07724565,1,20-30
84.0,246.0,21.0,1,0.07836372,1,20-30
84.0,247.0,20.0,1,0.07955572,1,10-20
84.0,248.0,19.0,1,0.08121877,1,10-20
84.0,249.0,18.0,1,0.08317041,1,10-20
84.0,250.0,17.0,1,0.08505605,1,10-20
84.0,251.0,16.0,1,0.086323924,1,10-20
84.0,252.0,15.0,1,0.08708447,1,10-20
84.0,253.0,14.0,1,0.08931027,1,10-20
84.0,254.0,13.0,1,0.09107732,1,10-20
84.0,255.0,12.0,1,0.09204932,1,10-20
84.0,256.0,11.0,1,0.09274851,1,10-20
84.0,257.0,10.0,1,0.09374751,1,0-10
84.0,258.0,9.0,1,0.09572428,1,0-10
84.0,259.0,8.0,1,0.09812443,1,0-10
84.0,260.0,7.0,1,0.10020298,1,0-10
84.0,261.0,6.0,1,0.10263867,1,0-10
84.0,262.0,5.0,1,0.10445034,1,0-10
84.0,263.0,4.0,1,0.10760834,1,0-10
84.0,264.0,3.0,1,0.109214015,1,0-10
84.0,265.0,2.0,1,0.111768275,1,0-10
84.0,266.0,1.0,1,0.1143539,1,0-10
84.0,267.0,0.0,1,0.11587623,1,0-10
85.0,158.0,30.0,1,0.048107132,0,20-30
85.0,159.0,29.0,1,0.048329387,0,20-30
85.0,160.0,28.0,1,0.049761344,0,20-30
85.0,161.0,27.0,1,0.050750993,0,20-30
85.0,162.0,26.0,1,0.05118396,0,20-30
85.0,163.0,25.0,1,0.052062895,0,20-30
85.0,164.0,24.0,1,0.051969476,0,20-30
85.0,165.0,23.0,1,0.052586485,0,20-30
85.0,166.0,22.0,1,0.0534225,0,20-30
85.0,167.0,21.0,1,0.05411076,0,20-30
85.0,168.0,20.0,1,0.05511409,0,10-20
85.0,169.0,19.0,1,0.055572025,0,10-20
85.0,170.0,18.0,1,0.057409592,0,10-20
85.0,171.0,17.0,1,0.05796091,1,10-20
85.0,172.0,16.0,1,0.059178874,1,10-20
85.0,173.0,15.0,1,0.06001933,1,10-20
85.0,174.0,14.0,1,0.061243393,1,10-20
85.0,175.0,13.0,1,0.063179046,1,10-20
85.0,176.0,12.0,1,0.0650647,1,10-20
85.0,177.0,11.0,1,0.066496864,1,10-20
85.0,178.0,10.0,1,0.06814051,1,0-10
85.0,179.0,9.0,1,0.07043904,1,0-10
85.0,180.0,8.0,1,0.072083324,1,0-10
85.0,181.0,7.0,1,0.07375302,1,0-10
85.0,182.0,6.0,1,0.07572399,1,0-10
85.0,183.0,5.0,1,0.077022284,1,0-10
85.0,184.0,4.0,1,0.0791973,1,0-10
85.0,185.0,3.0,1,0.080233455,1,0-10
85.0,186.0,2.0,1,0.082872264,1,0-10
85.0,187.0,1.0,1,0.08723761,1,0-10
85.0,188.0,0.0,1,0.090021804,1,0-10
86.0,248.0,30.0,1,0.07189321,1,20-30
86.0,249.0,29.0,1,0.07388594,1,20-30
86.0,250.0,28.0,1,0.07392315,1,20-30
86.0,251.0,27.0,1,0.075878985,1,20-30
86.0,252.0,26.0,1,0.0772087,1,20-30
86.0,253.0,25.0,1,0.07710407,1,20-30
86.0,254.0,24.0,1,0.0781309,1,20-30
86.0,255.0,23.0,1,0.07960805,1,20-30
86.0,256.0,22.0,1,0.08158909,1,20-30
86.0,257.0,21.0,1,0.08329116,1,20-30
86.0,258.0,20.0,1,0.08501296,1,10-20
86.0,259.0,19.0,1,0.08602483,1,10-20
86.0,260.0,18.0,1,0.08772764,1,10-20
86.0,261.0,17.0,1,0.089037195,1,10-20
86.0,262.0,16.0,1,0.09079702,1,10-20
86.0,263.0,15.0,1,0.092034996,1,10-20
86.0,264.0,14.0,1,0.0949446,1,10-20
86.0,265.0,13.0,1,0.09762774,1,10-20
86.0,266.0,12.0,1,0.099941835,1,10-20
86.0,267.0,11.0,1,0.10171546,1,10-20
86.0,268.0,10.0,1,0.102748685,1,0-10
86.0,269.0,9.0,1,0.104987346,1,0-10
86.0,270.0,8.0,1,0.10603202,1,0-10
86.0,271.0,7.0,1,0.108730845,1,0-10
86.0,272.0,6.0,1,0.11003962,1,0-10
86.0,273.0,5.0,1,0.11244772,1,0-10
86.0,274.0,4.0,1,0.113903,1,0-10
86.0,275.0,3.0,1,0.11566052,1,0-10
86.0,276.0,2.0,1,0.116966054,1,0-10
86.0,277.0,1.0,1,0.118846156,1,0-10
86.0,278.0,0.0,1,0.121412836,1,0-10
87.0,148.0,30.0,1,0.05006503,0,20-30
87.0,149.0,29.0,1,0.051351815,0,20-30
87.0,150.0,28.0,1,0.0519697,0,20-30
87.0,151.0,27.0,1,0.052187808,0,20-30
87.0,152.0,26.0,1,0.052159354,0,20-30
87.0,153.0,25.0,1,0.051899202,0,20-30
87.0,154.0,24.0,1,0.05302085,0,20-30
87.0,155.0,23.0,1,0.05370939,0,20-30
87.0,156.0,22.0,1,0.054104168,0,20-30
87.0,157.0,21.0,1,0.05575916,0,20-30
87.0,158.0,20.0,1,0.05665668,0,10-20
87.0,159.0,19.0,1,0.05846111,1,10-20
87.0,160.0,18.0,1,0.060009073,1,10-20
87.0,161.0,17.0,1,0.060757525,1,10-20
87.0,162.0,16.0,1,0.061634112,1,10-20
87.0,163.0,15.0,1,0.062263675,1,10-20
87.0,164.0,14.0,1,0.063796975,1,10-20
87.0,165.0,13.0,1,0.06523619,1,10-20
87.0,166.0,12.0,1,0.067215286,1,10-20
87.0,167.0,11.0,1,0.069304295,1,10-20
87.0,168.0,10.0,1,0.07084433,1,0-10
87.0,169.0,9.0,1,0.07248335,1,0-10
87.0,170.0,8.0,1,0.07429964,1,0-10
87.0,171.0,7.0,1,0.07635093,1,0-10
87.0,172.0,6.0,1,0.07858214,1,0-10
87.0,173.0,5.0,1,0.08050327,1,0-10
87.0,174.0,4.0,1,0.0829166,1,0-10
87.0,175.0,3.0,1,0.0859667,1,0-10
87.0,176.0,2.0,1,0.08917013,1,0-10
87.0,177.0,1.0,1,0.09216227,1,0-10
87.0,178.0,0.0,1,0.094738334,1,0-10
88.0,183.0,30.0,1,0.075016834,1,20-30
88.0,184.0,29.0,1,0.076714434,1,20-30
88.0,185.0,28.0,1,0.07776746,1,20-30
88.0,186.0,27.0,1,0.078835726,1,20-30
88.0,187.0,26.0,1,0.08180259,1,20-30
88.0,188.0,25.0,1,0.082807705,1,20-30
88.0,189.0,24.0,1,0.084134966,1,20-30
88.0,190.0,23.0,1,0.08658479,1,20-30
88.0,191.0,22.0,1,0.08903864,1,20-30
88.0,192.0,21.0,1,0.09225074,1,20-30
88.0,193.0,20.0,1,0.093451016,1,10-20
88.0,194.0,19.0,1,0.096006475,1,10-20
88.0,195.0,18.0,1,0.09787835,1,10-20
88.0,196.0,17.0,1,0.102411926,1,10-20
88.0,197.0,16.0,1,0.10504188,1,10-20
88.0,198.0,15.0,1,0.10727638,1,10-20
88.0,199.0,14.0,1,0.11013145,1,10-20
88.0,200.0,13.0,1,0.1126847,1,10-20
88.0,201.0,12.0,1,0.115258485,1,10-20
88.0,202.0,11.0,1,0.11878661,1,10-20
88.0,203.0,10.0,1,0.121107675,1,0-10
88.0,204.0,9.0,1,0.12469952,1,0-10
88.0,205.0,8.0,1,0.12778254,1,0-10
88.0,206.0,7.0,1,0.13033755,1,0-10
88.0,207.0,6.0,1,0.13509116,1,0-10
88.0,208.0,5.0,1,0.13661894,1,0-10
88.0,209.0,4.0,1,0.1413774,1,0-10
88.0,210.0,3.0,1,0.14500046,1,0-10
88.0,211.0,2.0,1,0.14779504,1,0-10
88.0,212.0,1.0,1,0.15193419,1,0-10
88.0,213.0,0.0,1,0.15583713,1,0-10
89.0,187.0,30.0,1,0.04968851,0,20-30
89.0,188.0,29.0,1,0.049940765,0,20-30
89.0,189.0,28.0,1,0.05006027,0,20-30
89.0,190.0,27.0,1,0.050448168,0,20-30
89.0,191.0,26.0,1,0.05138343,0,20-30
89.0,192.0,25.0,1,0.051388405,0,20-30
89.0,193.0,24.0,1,0.05053376,0,20-30
89.0,194.0,23.0,1,0.051151335,0,20-30
89.0,195.0,22.0,1,0.051789857,0,20-30
89.0,196.0,21.0,1,0.05287001,0,20-30
89.0,197.0,20.0,1,0.054226797,0,10-20
89.0,198.0,19.0,1,0.055830494,0,10-20
89.0,199.0,18.0,1,0.057400115,0,10-20
89.0,200.0,17.0,1,0.059150994,1,10-20
89.0,201.0,16.0,1,0.060199153,1,10-20
89.0,202.0,15.0,1,0.06269767,1,10-20
89.0,203.0,14.0,1,0.06543671,1,10-20
89.0,204.0,13.0,1,0.067936875,1,10-20
89.0,205.0,12.0,1,0.06963898,1,10-20
89.0,206.0,11.0,1,0.07197295,1,10-20
89.0,207.0,10.0,1,0.07431202,1,0-10
89.0,208.0,9.0,1,0.077041134,1,0-10
89.0,209.0,8.0,1,0.07904453,1,0-10
89.0,210.0,7.0,1,0.081861034,1,0-10
89.0,211.0,6.0,1,0.083880045,1,0-10
89.0,212.0,5.0,1,0.08664243,1,0-10
89.0,213.0,4.0,1,0.09090712,1,0-10
89.0,214.0,3.0,1,0.09343842,1,0-10
89.0,215.0,2.0,1,0.09687412,1,0-10
89.0,216.0,1.0,1,0.0998978,1,0-10
89.0,217.0,0.0,1,0.10328795,1,0-10
90.0,124.0,30.0,1,0.049908724,0,20-30
90.0,125.0,29.0,1,0.04993979,0,20-30
90.0,126.0,28.0,1,0.050531305,0,20-30
90.0,127.0,27.0,1,0.049721528,0,20-30
90.0,128.0,26.0,1,0.049866647,0,20-30
90.0,129.0,25.0,1,0.049862627,0,20-30
90.0,130.0,24.0,1,0.050296098,0,20-30
90.0,131.0,23.0,1,0.051028337,0,20-30
90.0,132.0,22.0,1,0.052245416,0,20-30
90.0,133.0,21.0,1,0.05281023,0,20-30
90.0,134.0,20.0,1,0.05435312,0,10-20
90.0,135.0,19.0,1,0.054597255,0,10-20
90.0,136.0,18.0,1,0.055267837,0,10-20
90.0,137.0,17.0,1,0.055773098,0,10-20
90.0,138.0,16.0,1,0.056096286,0,10-20
90.0,139.0,15.0,1,0.05747175,0,10-20
90.0,140.0,14.0,1,0.057884123,1,10-20
90.0,141.0,13.0,1,0.058166053,1,10-20
90.0,142.0,12.0,1,0.060103305,1,10-20
90.0,143.0,11.0,1,0.061047863,1,10-20
90.0,144.0,10.0,1,0.06185897,1,0-10
90.0,145.0,9.0,1,0.06335659,1,0-10
90.0,146.0,8.0,1,0.064799994,1,0-10
90.0,147.0,7.0,1,0.0657388,1,0-10
90.0,148.0,6.0,1,0.06654652,1,0-10
90.0,149.0,5.0,1,0.06838876,1,0-10
90.0,150.0,4.0,1,0.06989328,1,0-10
90.0,151.0,3.0,1,0.07163913,1,0-10
90.0,152.0,2.0,1,0.07406266,1,0-10
90.0,153.0,1.0,1,0.0777239,1,0-10
90.0,154.0,0.0,1,0.081252344,1,0-10
91.0,105.0,30.0,1,0.053471144,0,20-30
91.0,106.0,29.0,1,0.053716738,0,20-30
91.0,107.0,28.0,1,0.0535551,0,20-30
91.0,108.0,27.0,1,0.054586362,0,20-30
91.0,109.0,26.0,1,0.055310555,0,20-30
91.0,110.0,25.0,1,0.05593345,0,20-30
91.0,111.0,24.0,1,0.056775123,0,20-30
91.0,112.0,23.0,1,0.057775766,0,20-30
91.0,113.0,22.0,1,0.05871417,1,20-30
91.0,114.0,21.0,1,0.060066983,1,20-30
91.0,115.0,20.0,1,0.06082273,1,10-20
91.0,116.0,19.0,1,0.061512165,1,10-20
91.0,117.0,18.0,1,0.06259106,1,10-20
91.0,118.0,17.0,1,0.06310267,1,10-20
91.0,119.0,16.0,1,0.064525075,1,10-20
91.0,120.0,15.0,1,0.065911315,1,10-20
91.0,121.0,14.0,1,0.066526115,1,10-20
91.0,122.0,13.0,1,0.06762752,1,10-20
91.0,123.0,12.0,1,0.0691188,1,10-20
91.0,124.0,11.0,1,0.07102446,1,10-20
91.0,125.0,10.0,1,0.07195181,1,0-10
91.0,126.0,9.0,1,0.07516593,1,0-10
91.0,127.0,8.0,1,0.07872952,1,0-10
91.0,128.0,7.0,1,0.081133224,1,0-10
91.0,129.0,6.0,1,0.083460346,1,0-10
91.0,130.0,5.0,1,0.08566463,1,0-10
91.0,131.0,4.0,1,0.087706484,1,0-10
91.0,132.0,3.0,1,0.09002864,1,0-10
91.0,133.0,2.0,1,0.09444487,1,0-10
91.0,134.0,1.0,1,0.09788573,1,0-10
91.0,135.0,0.0,1,0.1011212,1,0-10
92.0,311.0,30.0,1,0.09756603,1,20-30
92.0,312.0,29.0,1,0.09969669,1,20-30
92.0,313.0,28.0,1,0.10097675,1,20-30
92.0,314.0,27.0,1,0.10247823,1,20-30
92.0,315.0,26.0,1,0.10375877,1,20-30
92.0,316.0,25.0,1,0.104768254,1,20-30
92.0,317.0,24.0,1,0.10557512,1,20-30
92.0,318.0,23.0,1,0.10683401,1,20-30
92.0,319.0,22.0,1,0.108836055,1,20-30
92.0,320.0,21.0,1,0.11108059,1,20-30
92.0,321.0,20.0,1,0.11372703,1,10-20
92.0,322.0,19.0,1,0.116110034,1,10-20
92.0,323.0,18.0,1,0.11732273,1,10-20
92.0,324.0,17.0,1,0.120165765,1,10-20
92.0,325.0,16.0,1,0.12276087,1,10-20
92.0,326.0,15.0,1,0.1246047,1,10-20
92.0,327.0,14.0,1,0.12710634,1,10-20
92.0,328.0,13.0,1,0.12865037,1,10-20
92.0,329.0,12.0,1,0.13080855,1,10-20
92.0,330.0,11.0,1,0.13291776,1,10-20
92.0,331.0,10.0,1,0.13547653,1,0-10
92.0,332.0,9.0,1,0.13691549,1,0-10
92.0,333.0,8.0,1,0.13883495,1,0-10
92.0,334.0,7.0,1,0.14256804,1,0-10
92.0,335.0,6.0,1,0.14523013,1,0-10
92.0,336.0,5.0,1,0.14794207,1,0-10
92.0,337.0,4.0,1,0.14925945,1,0-10
92.0,338.0,3.0,1,0.15182391,1,0-10
92.0,339.0,2.0,1,0.15418442,1,0-10
92.0,340.0,1.0,1,0.15681323,1,0-10
92.0,341.0,0.0,1,0.15949906,1,0-10
93.0,125.0,30.0,1,0.05350845,0,20-30
93.0,126.0,29.0,1,0.05370904,0,20-30
93.0,127.0,28.0,1,0.052952252,0,20-30
93.0,128.0,27.0,1,0.053136706,0,20-30
93.0,129.0,26.0,1,0.053156722,0,20-30
93.0,130.0,25.0,1,0.05340711,0,20-30
93.0,131.0,24.0,1,0.054394048,0,20-30
93.0,132.0,23.0,1,0.05545403,0,20-30
93.0,133.0,22.0,1,0.0566224,0,20-30
93.0,134.0,21.0,1,0.056398373,0,20-30
93.0,135.0,20.0,1,0.056943893,0,10-20
93.0,136.0,19.0,1,0.056984127,0,10-20
93.0,137.0,18.0,1,0.058566578,1,10-20
93.0,138.0,17.0,1,0.05941811,1,10-20
93.0,139.0,16.0,1,0.060217697,1,10-20
93.0,140.0,15.0,1,0.061377168,1,10-20
93.0,141.0,14.0,1,0.06228342,1,10-20
93.0,142.0,13.0,1,0.0618277,1,10-20
93.0,143.0,12.0,1,0.062902205,1,10-20
93.0,144.0,11.0,1,0.06361946,1,10-20
93.0,145.0,10.0,1,0.06612568,1,0-10
93.0,146.0,9.0,1,0.06726094,1,0-10
93.0,147.0,8.0,1,0.06886625,1,0-10
93.0,148.0,7.0,1,0.071576074,1,0-10
93.0,149.0,6.0,1,0.07342219,1,0-10
93.0,150.0,5.0,1,0.07606526,1,0-10
93.0,151.0,4.0,1,0.07858332,1,0-10
93.0,152.0,3.0,1,0.08070436,1,0-10
93.0,153.0,2.0,1,0.082908124,1,0-10
93.0,154.0,1.0,1,0.08594632,1,0-10
93.0,155.0,0.0,1,0.088487364,1,0-10
94.0,228.0,30.0,1,0.088183746,1,20-30
94.0,229.0,29.0,1,0.09076062,1,20-30
94.0,230.0,28.0,1,0.09151861,1,20-30
94.0,231.0,27.0,1,0.09324618,1,20-30
94.0,232.0,26.0,1,0.095241755,1,20-30
94.0,233.0,25.0,1,0.09595465,1,20-30
94.0,234.0,24.0,1,0.09909838,1,20-30
94.0,235.0,23.0,1,0.10033863,1,20-30
94.0,236.0,22.0,1,0.10283018,1,20-30
94.0,237.0,21.0,1,0.104516245,1,20-30
94.0,238.0,20.0,1,0.1061366,1,10-20
94.0,239.0,19.0,1,0.10905496,1,10-20
94.0,240.0,18.0,1,0.11155878,1,10-20
94.0,241.0,17.0,1,0.11436804,1,10-20
94.0,242.0,16.0,1,0.11616803,1,10-20
94.0,243.0,15.0,1,0.11821986,1,10-20
94.0,244.0,14.0,1,0.11968905,1,10-20
94.0,245.0,13.0,1,0.123041116,1,10-20
94.0,246.0,12.0,1,0.12519449,1,10-20
94.0,247.0,11.0,1,0.12790051,1,10-20
94.0,248.0,10.0,1,0.13188459,1,0-10
94.0,249.0,9.0,1,0.13412653,1,0-10
94.0,250.0,8.0,1,0.13692,1,0-10
94.0,251.0,7.0,1,0.14052401,1,0-10
94.0,252.0,6.0,1,0.14394854,1,0-10
94.0,253.0,5.0,1,0.14739667,1,0-10
94.0,254.0,4.0,1,0.15094107,1,0-10
94.0,255.0,3.0,1,0.1543678,1,0-10
94.0,256.0,2.0,1,0.15869015,1,0-10
94.0,257.0,1.0,1,0.16170749,1,0-10
94.0,258.0,0.0,1,0.16558014,1,0-10
95.0,253.0,30.0,1,0.07763825,1,20-30
95.0,254.0,29.0,1,0.07877399,1,20-30
95.0,255.0,28.0,1,0.07900068,1,20-30
95.0,256.0,27.0,1,0.08038322,1,20-30
95.0,257.0,26.0,1,0.08177648,1,20-30
95.0,258.0,25.0,1,0.083660625,1,20-30
95.0,259.0,24.0,1,0.08581453,1,20-30
95.0,260.0,23.0,1,0.08596051,1,20-30
95.0,261.0,22.0,1,0.08644639,1,20-30
95.0,262.0,21.0,1,0.08754027,1,20-30
95.0,263.0,20.0,1,0.08797181,1,10-20
95.0,264.0,19.0,1,0.089201406,1,10-20
95.0,265.0,18.0,1,0.091800116,1,10-20
95.0,266.0,17.0,1,0.09220491,1,10-20
95.0,267.0,16.0,1,0.094086476,1,10-20
95.0,268.0,15.0,1,0.09621008,1,10-20
95.0,269.0,14.0,1,0.09751993,1,10-20
95.0,270.0,13.0,1,0.099963486,1,10-20
95.0,271.0,12.0,1,0.103056505,1,10-20
95.0,272.0,11.0,1,0.104654156,1,10-20
95.0,273.0,10.0,1,0.10750116,1,0-10
95.0,274.0,9.0,1,0.10989558,1,0-10
95.0,275.0,8.0,1,0.112192035,1,0-10
95.0,276.0,7.0,1,0.11515622,1,0-10
95.0,277.0,6.0,1,0.11725321,1,0-10
95.0,278.0,5.0,1,0.11858737,1,0-10
95.0,279.0,4.0,1,0.12063355,1,0-10
95.0,280.0,3.0,1,0.12286165,1,0-10
95.0,281.0,2.0,1,0.12554887,1,0-10
95.0,282.0,1.0,1,0.1298847,1,0-10
95.0,283.0,0.0,1,0.13259768,1,0-10
96.0,306.0,30.0,1,0.06990725,1,20-30
96.0,307.0,29.0,1,0.07057889,1,20-30
96.0,308.0,28.0,1,0.07102858,1,20-30
96.0,309.0,27.0,1,0.07220412,1,20-30
96.0,310.0,26.0,1,0.073943295,1,20-30
96.0,311.0,25.0,1,0.07483462,1,20-30
96.0,312.0,24.0,1,0.07589675,1,20-30
96.0,313.0,23.0,1,0.076491855,1,20-30
96.0,314.0,22.0,1,0.07757676,1,20-30
96.0,315.0,21.0,1,0.07964815,1,20-30
96.0,316.0,20.0,1,0.08046794,1,10-20
96.0,317.0,19.0,1,0.08163543,1,10-20
96.0,318.0,18.0,1,0.08267516,1,10-20
96.0,319.0,17.0,1,0.083169356,1,10-20
96.0,320.0,16.0,1,0.08373248,1,10-20
96.0,321.0,15.0,1,0.08471224,1,10-20
96.0,322.0,14.0,1,0.08622123,1,10-20
96.0,323.0,13.0,1,0.08727014,1,10-20
96.0,324.0,12.0,1,0.08795121,1,10-20
96.0,325.0,11.0,1,0.09014472,1,10-20
96.0,326.0,10.0,1,0.09219291,1,0-10
96.0,327.0,9.0,1,0.09374213,1,0-10
96.0,328.0,8.0,1,0.095752046,1,0-10
96.0,329.0,7.0,1,0.0989558,1,0-10
96.0,330.0,6.0,1,0.100969054,1,0-10
96.0,331.0,5.0,1,0.10227849,1,0-10
96.0,332.0,4.0,1,0.1049543,1,0-10
96.0,333.0,3.0,1,0.107423045,1,0-10
96.0,334.0,2.0,1,0.10892021,1,0-10
96.0,335.0,1.0,1,0.111498535,1,0-10
96.0,336.0,0.0,1,0.115565315,1,0-10
97.0,172.0,30.0,1,0.06364416,1,20-30
97.0,173.0,29.0,1,0.066007115,1,20-30
97.0,174.0,28.0,1,0.06759826,1,20-30
97.0,175.0,27.0,1,0.06961629,1,20-30
97.0,176.0,26.0,1,0.07267946,1,20-30
97.0,177.0,25.0,1,0.0742185,1,20-30
97.0,178.0,24.0,1,0.076726906,1,20-30
97.0,179.0,23.0,1,0.07947676,1,20-30
97.0,180.0,22.0,1,0.08317501,1,20-30
97.0,181.0,21.0,1,0.085981004,1,20-30
97.0,182.0,20.0,1,0.08815897,1,10-20
97.0,183.0,19.0,1,0.09132753,1,10-20
97.0,184.0,18.0,1,0.09498594,1,10-20
97.0,185.0,17.0,1,0.09871684,1,10-20
97.0,186.0,16.0,1,0.102227874,1,10-20
97.0,187.0,15.0,1,0.10565151,1,10-20
97.0,188.0,14.0,1,0.10971441,1,10-20
97.0,189.0,13.0,1,0.112909354,1,10-20
97.0,190.0,12.0,1,0.11633079,1,10-20
97.0,191.0,11.0,1,0.12156456,1,10-20
97.0,192.0,10.0,1,0.12587473,1,0-10
97.0,193.0,9.0,1,0.1301749,1,0-10
97.0,194.0,8.0,1,0.13474673,1,0-10
97.0,195.0,7.0,1,0.14003411,1,0-10
97.0,196.0,6.0,1,0.14646919,1,0-10
97.0,197.0,5.0,1,0.15224192,1,0-10
97.0,198.0,4.0,1,0.1595123,1,0-10
97.0,199.0,3.0,1,0.16576655,1,0-10
97.0,200.0,2.0,1,0.17259297,1,0-10
97.0,201.0,1.0,1,0.17914224,1,0-10
97.0,202.0,0.0,1,0.18573615,1,0-10
98.0,126.0,30.0,1,0.051307004,0,20-30
98.0,127.0,29.0,1,0.051066764,0,20-30
98.0,128.0,28.0,1,0.05051634,0,20-30
98.0,129.0,27.0,1,0.051076163,0,20-30
98.0,130.0,26.0,1,0.05154392,0,20-30
98.0,131.0,25.0,1,0.05234843,0,20-30
98.0,132.0,24.0,1,0.05222843,0,20-30
98.0,133.0,23.0,1,0.052389156,0,20-30
98.0,134.0,22.0,1,0.052344345,0,20-30
98.0,135.0,21.0,1,0.0527241,0,20-30
98.0,136.0,20.0,1,0.053498935,0,10-20
98.0,137.0,19.0,1,0.05345315,0,10-20
98.0,138.0,18.0,1,0.054008197,0,10-20
98.0,139.0,17.0,1,0.05548563,0,10-20
98.0,140.0,16.0,1,0.055635076,0,10-20
98.0,141.0,15.0,1,0.05727572,0,10-20
98.0,142.0,14.0,1,0.057562705,0,10-20
98.0,143.0,13.0,1,0.0585865,1,10-20
98.0,144.0,12.0,1,0.06012515,1,10-20
98.0,145.0,11.0,1,0.061244298,1,10-20
98.0,146.0,10.0,1,0.06142662,1,0-10
98.0,147.0,9.0,1,0.064077735,1,0-10
98.0,148.0,8.0,1,0.065833285,1,0-10
98.0,149.0,7.0,1,0.06670506,1,0-10
98.0,150.0,6.0,1,0.06827206,1,0-10
98.0,151.0,5.0,1,0.07051834,1,0-10
98.0,152.0,4.0,1,0.072913274,1,0-10
98.0,153.0,3.0,1,0.07457026,1,0-10
98.0,154.0,2.0,1,0.076603234,1,0-10
98.0,155.0,1.0,1,0.07906525,1,0-10
98.0,156.0,0.0,1,0.08274631,1,0-10
99.0,155.0,30.0,1,0.04938507,0,20-30
99.0,156.0,29.0,1,0.050285656,0,20-30
99.0,157.0,28.0,1,0.050325993,0,20-30
99.0,158.0,27.0,1,0.051139247,0,20-30
99.0,159.0,26.0,1,0.05165358,0,20-30
99.0,160.0,25.0,1,0.05177976,0,20-30
99.0,161.0,24.0,1,0.052914824,0,20-30
99.0,162.0,23.0,1,0.053356934,0,20-30
99.0,163.0,22.0,1,0.054539096,0,20-30
99.0,164.0,21.0,1,0.054838262,0,20-30
99.0,165.0,20.0,1,0.05551964,0,10-20
99.0,166.0,19.0,1,0.056568123,0,10-20
99.0,167.0,18.0,1,0.05758659,0,10-20
99.0,168.0,17.0,1,0.058873538,1,10-20
99.0,169.0,16.0,1,0.060044557,1,10-20
99.0,170.0,15.0,1,0.061000954,1,10-20
99.0,171.0,14.0,1,0.062665835,1,10-20
99.0,172.0,13.0,1,0.06390175,1,10-20
99.0,173.0,12.0,1,0.06519325,1,10-20
99.0,174.0,11.0,1,0.066964485,1,10-20
99.0,175.0,10.0,1,0.06760186,1,0-10
99.0,176.0,9.0,1,0.068486206,1,0-10
99.0,177.0,8.0,1,0.069570705,1,0-10
99.0,178.0,7.0,1,0.07149457,1,0-10
99.0,179.0,6.0,1,0.07368825,1,0-10
99.0,180.0,5.0,1,0.07688978,1,0-10
99.0,181.0,4.0,1,0.07979581,1,0-10
99.0,182.0,3.0,1,0.083005,1,0-10
99.0,183.0,2.0,1,0.085564174,1,0-10
99.0,184.0,1.0,1,0.08819224,1,0-10
99.0,185.0,0.0,1,0.09194538,1,0-10
100.0,170.0,30.0,1,0.058335952,1,20-30
100.0,171.0,29.0,1,0.059456263,1,20-30
100.0,172.0,28.0,1,0.05994992,1,20-30
100.0,173.0,27.0,1,0.06115696,1,20-30
100.0,174.0,26.0,1,0.062013466,1,20-30
100.0,175.0,25.0,1,0.06273033,1,20-30
100.0,176.0,24.0,1,0.06348142,1,20-30
100.0,177.0,23.0,1,0.06461823,1,20-30
100.0,178.0,22.0,1,0.06567856,1,20-30
100.0,179.0,21.0,1,0.066292614,1,20-30
100.0,180.0,20.0,1,0.06641915,1,10-20
100.0,181.0,19.0,1,0.06786893,1,10-20
100.0,182.0,18.0,1,0.06883788,1,10-20
100.0,183.0,17.0,1,0.07092885,1,10-20
100.0,184.0,16.0,1,0.07304094,1,10-20
100.0,185.0,15.0,1,0.073726036,1,10-20
100.0,186.0,14.0,1,0.07434806,1,10-20
100.0,187.0,13.0,1,0.07557786,1,10-20
100.0,188.0,12.0,1,0.07700775,1,10-20
100.0,189.0,11.0,1,0.07883824,1,10-20
100.0,190.0,10.0,1,0.08063063,1,0-10
100.0,191.0,9.0,1,0.08323661,1,0-10
100.0,192.0,8.0,1,0.085982464,1,0-10
100.0,193.0,7.0,1,0.08743108,1,0-10
100.0,194.0,6.0,1,0.08914178,1,0-10
100.0,195.0,5.0,1,0.09076498,1,0-10
100.0,196.0,4.0,1,0.092857026,1,0-10
100.0,197.0,3.0,1,0.095252596,1,0-10
100.0,198.0,2.0,1,0.098540775,1,0-10
100.0,199.0,1.0,1,0.10162036,1,0-10
100.0,200.0,0.0,1,0.10361406,1,0-10
